"Time (s)","Linear Acceleration x (m/s^2)","Linear Acceleration y (m/s^2)","Linear Acceleration z (m/s^2)","Absolute acceleration (m/s^2)"
1.458000042E-3,-1.631212369E-1,2.502432883E-2,-2.936881006E-2,1.676224387E-1
1.141200005E-2,-1.608598262E-1,2.164873123E-2,-4.603688300E-2,1.687126132E-1
2.136500005E-2,-1.679261863E-1,4.653272688E-2,-3.213805139E-2,1.771929826E-1
3.131900006E-2,-1.795710625E-1,7.326502740E-2,-3.344022632E-2,1.968039112E-1
4.127300007E-2,-1.726089290E-1,8.438760102E-2,-3.586272776E-2,1.954513873E-1
5.122600007E-2,-1.634700233E-1,5.753133953E-2,-4.224379420E-2,1.783727605E-1
6.118000008E-2,-1.503728449E-1,6.810369015E-2,-6.078414559E-2,1.759113909E-1
7.113400009E-2,-1.456924412E-1,5.485273004E-2,-6.040641546E-2,1.669851623E-1
8.108700009E-2,-1.652263807E-1,4.310275018E-2,-6.393959552E-2,1.823345163E-1
9.104100009E-2,-1.661305064E-1,5.405341566E-2,-4.418331563E-2,1.802034469E-1
1.009950001E-1,-1.832007216E-1,5.689925551E-2,-3.505932033E-2,1.950107320E-1
1.109480001E-1,-2.062938613E-1,7.445318162E-2,-2.054828525E-2,2.202786088E-1
1.209020000E-1,-1.981745638E-1,6.229214251E-2,-2.549415261E-2,2.092926673E-1
1.308560000E-1,-1.880986418E-1,4.296241701E-2,-2.011091352E-2,1.939879304E-1
1.408087501E-1,-1.849965477E-1,3.469445407E-2,-3.387935221E-2,1.912465380E-1
1.507627501E-1,-1.796334815E-1,3.077974319E-2,-3.168138385E-2,1.849845679E-1
1.607167501E-1,-1.893075536E-1,3.600539982E-2,-2.921064287E-2,1.949025406E-1
1.706697501E-1,-1.740325798E-1,4.395936728E-2,-2.028691471E-2,1.806414230E-1
1.806237501E-1,-1.548537125E-1,3.093995690E-2,-2.386950374E-2,1.597081914E-1
1.905777501E-1,-1.530697270E-1,3.712046385E-2,-3.640184104E-2,1.616581708E-1
2.005317501E-1,-1.617620516E-1,3.976457477E-2,-3.578554451E-2,1.703783670E-1
2.104847501E-1,-1.551507510E-1,4.129946887E-2,-2.558712333E-2,1.625795269E-1
2.204387500E-1,-1.704635856E-1,3.843082488E-2,-3.102883458E-2,1.774754937E-1
2.303927500E-1,-1.763176717E-1,4.673737943E-2,-3.342326939E-2,1.854438430E-1
2.403457500E-1,-1.687611687E-1,6.057013750E-2,-4.090858251E-2,1.839091780E-1
2.502997500E-1,-1.755544639E-1,7.840356052E-2,-1.829359889E-2,1.931350404E-1
2.602537500E-1,-1.644174184E-1,5.698345542E-2,3.981953859E-3,1.740576273E-1
2.702067500E-1,-1.366630246E-1,3.997565925E-2,1.077524900E-2,1.427968543E-1
2.801607500E-1,-1.119510832E-1,5.229164958E-3,-9.238016009E-3,1.124532354E-1
2.901147500E-1,-1.347385597E-1,-3.120074272E-2,-1.380381435E-2,1.389910469E-1
3.000677500E-1,-1.165819319E-1,-1.253116786E-2,1.200784206E-2,1.178667268E-1
3.100217500E-1,-1.089383054E-1,2.076931000E-3,6.406911135E-2,1.263990469E-1
3.199757501E-1,-1.054212052E-1,1.671017289E-2,7.763552874E-2,1.319853617E-1
3.299287501E-1,-9.598818451E-2,1.734810412E-2,7.485137701E-2,1.229529053E-1
3.398827501E-1,-1.419945158E-1,1.034313977E-2,8.043780684E-2,1.635226707E-1
3.498367501E-1,-2.151016684E-1,-2.935302258E-3,1.032130042E-1,2.386006454E-1
3.597897501E-1,-2.043883999E-1,-5.374760628E-3,1.153822294E-1,2.347691737E-1
3.697437501E-1,-2.024569184E-1,-5.417503774E-2,8.737611294E-2,2.270645803E-1
3.796977501E-1,-2.174159963E-1,-7.538932085E-2,5.393530190E-2,2.363520297E-1
3.896507501E-1,-1.530356669E-1,-7.132492125E-2,1.483994097E-2,1.694915443E-1
3.996047501E-1,-9.993447036E-2,-3.865126491E-2,1.524105996E-2,1.082271156E-1
4.095587500E-1,-4.395585895E-2,5.608181477E-2,2.698606968E-2,7.619406433E-2
4.195117500E-1,-2.713341951E-2,1.051083791E-1,4.570534587E-2,1.177835831E-1
4.294657500E-1,-8.815510824E-2,1.030770564E-1,4.305129468E-2,1.423011477E-1
4.394197500E-1,-1.232660303E-1,2.099852085E-2,1.402045369E-2,1.258253759E-1
4.493727500E-1,-1.594379295E-1,-3.205326676E-2,-1.283814669E-2,1.631339428E-1
4.593267500E-1,-2.369816570E-1,-7.383630037E-2,7.478588820E-4,2.482189846E-1
4.692807500E-1,-2.940668540E-1,-4.421489060E-2,2.821106136E-2,2.987074407E-1
4.792337500E-1,-3.210065845E-1,-2.668084502E-3,9.163288593E-2,3.338396797E-1
4.891877500E-1,-2.996364731E-1,2.755091071E-2,1.184350607E-1,3.233696527E-1
4.991417500E-1,-2.531739128E-1,5.365171194E-2,4.770509362E-2,2.631564407E-1
5.090947500E-1,-2.571295542E-1,4.256539106E-2,1.725220978E-2,2.611992704E-1
5.190487501E-1,-2.945330232E-1,4.662218928E-2,2.648964107E-2,2.993744000E-1
5.290027501E-1,-2.864755601E-1,5.726061344E-2,8.130582601E-2,3.032452171E-1
5.389557501E-1,-3.023229763E-1,3.201350570E-2,1.202552989E-1,3.269333012E-1
5.489097501E-1,-3.426591164E-1,-1.870465815E-2,1.076951873E-1,3.596712216E-1
5.588637501E-1,-3.587642486E-1,-7.266451836E-2,6.040553838E-2,3.709996596E-1
5.688177501E-1,-3.945797601E-1,-7.595767021E-2,3.325954735E-2,4.031984031E-1
5.787707501E-1,-4.143332626E-1,-7.822989821E-3,5.065384448E-2,4.174913935E-1
5.887247501E-1,-4.184818621E-1,2.333389878E-2,8.301555187E-2,4.272740591E-1
5.986787501E-1,-4.214797296E-1,2.386541069E-2,6.313092560E-2,4.268491935E-1
6.086317501E-1,-4.362057960E-1,3.386999667E-2,1.074747473E-2,4.376507527E-1
6.185857500E-1,-4.487834492E-1,3.664800882E-2,2.713458896E-2,4.510941662E-1
6.285397500E-1,-4.963490868E-1,4.449789584E-2,4.984049678E-2,5.008258717E-1
6.384927500E-1,-5.661933468E-1,5.313540280E-2,6.099289119E-2,5.719426630E-1
6.484467500E-1,-6.464798570E-1,2.650133550E-2,4.254726470E-2,6.484202310E-1
6.584007500E-1,-7.305693962E-1,-4.628831327E-2,2.184256643E-2,7.323601220E-1
6.683537500E-1,-7.412731630E-1,-9.057980239E-2,-2.461502373E-2,7.471924131E-1
6.783077500E-1,-6.911489300E-1,-4.349568307E-2,-4.684730709E-2,6.940989757E-1
6.882617500E-1,-6.709209260E-1,2.806078792E-2,-3.578583688E-2,6.724603505E-1
6.982147500E-1,-6.839457451E-1,5.761320055E-2,-4.989399880E-2,6.881791004E-1
7.081687500E-1,-7.535914922E-1,4.665201008E-2,-6.993971586E-2,7.582665171E-1
7.181227501E-1,-6.103483035E-1,7.422104716E-2,-1.213075054E-1,6.266971567E-1
7.280757501E-1,-7.722981969E-1,-1.289544940E-2,-1.042163864E-1,7.794048067E-1
7.380297501E-1,-8.308855435E-1,3.228130817E-2,-2.189568838E-1,8.598575384E-1
7.479837501E-1,-7.228190580E-1,-1.057118118E-2,-1.733436316E-1,7.433889662E-1
7.579367501E-1,-7.530449237E-1,9.003893495E-2,-1.812300637E-1,7.797615039E-1
7.678907501E-1,-8.819326133E-1,1.082617825E-1,-4.298229754E-1,9.870529561E-1
7.778447501E-1,-4.759731482E-1,1.750100881E-1,-3.456508443E-1,6.137210074E-1
7.877977501E-1,-5.066052492E-1,2.978583348E-1,-2.404392618E-1,6.349641759E-1
7.977517501E-1,-5.295994247E-1,2.727305102E-1,-3.255843696E-1,6.788686645E-1
8.077057500E-1,-3.153667988E-1,1.927920556E-1,-5.751216066E-1,6.836591672E-1
8.176587500E-1,-2.877388510E-1,1.900947350E-1,-6.238213116E-1,7.127991887E-1
8.276127500E-1,-1.966943412E-1,1.556341696E-1,-5.117512375E-1,5.699122631E-1
8.375667500E-1,7.572085798E-2,2.935618007E-1,-7.061737892E-1,7.685008782E-1
8.475197500E-1,9.967003003E-2,3.134376562E-1,-7.983221072E-1,8.634207931E-1
8.574737500E-1,5.815055966E-3,4.243002802E-1,-7.861829951E-1,8.933914285E-1
8.674277500E-1,-2.294185759E-1,2.598917788E-1,-1.109292823E0,1.162199289E0
8.773807500E-1,-8.812748015E-2,3.117624289E-1,-1.288056239E0,1.328175869E0
8.873347500E-1,6.041857767E-1,1.155843676E0,-7.594188273E-1,1.509215694E0
8.972887500E-1,1.556905075E0,1.127789905E0,-3.259664851E-1,1.949901954E0
9.072417500E-1,1.758433456E0,6.694430423E-1,-1.094032175E0,2.176499162E0
9.171957501E-1,1.183307171E0,3.786656857E-2,-1.371217094E0,1.811597653E0
9.271497501E-1,9.858326653E-1,3.204683483E-2,-9.805219316E-1,1.390797002E0
9.371027501E-1,1.293801713E0,4.674626720E-1,-8.442408764E-1,1.614059131E0
9.470567501E-1,1.389075514E0,5.583225560E-1,-7.841157120E-1,1.689997725E0
9.570107501E-1,1.071081854E0,6.075362313E-1,-8.468580902E-1,1.494484939E0
9.669637501E-1,1.109054257E0,5.776487732E-1,-8.640144056E-1,1.519934322E0
9.769177501E-1,1.022129549E0,5.888783509E-1,-7.503726000E-1,1.398064936E0
9.868717501E-1,8.649237938E-1,6.464517903E-1,-5.879541984E-1,1.229505277E0
9.968247501E-1,9.163177496E-1,5.801858801E-1,-3.619660378E-1,1.143360523E0
1.006778750E0,7.343249166E-1,1.680916625E-1,-4.396369421E-1,8.722204601E-1
1.016732750E0,3.303941430E-1,2.428874910E-2,-1.000974907E0,1.054372324E0
1.026685750E0,2.816128694E-1,1.235657001E-1,-1.109112144E0,1.150957879E0
1.036639750E0,-1.674671799E-1,2.054992247E-1,-5.716366661E-1,6.301140101E-1
1.046593750E0,-2.900132717E-1,7.385495299E-1,-2.391590139E-1,8.287099250E-1
1.056546750E0,-3.819883659E-1,6.850714803E-1,-3.448863208E-2,7.851289770E-1
1.066500750E0,-6.408994205E-1,4.749547094E-1,-2.197070816E-1,8.274087532E-1
1.076454750E0,-3.205446544E-1,1.939117974E-1,-4.766033319E-1,6.062189345E-1
1.086407750E0,-6.482093172E-1,-1.443449503E-1,-6.737559485E-1,9.460221254E-1
1.096361750E0,-4.021918117E-1,5.580933452E-2,-6.615832150E-1,7.762507878E-1
1.106315750E0,-3.120767167E-1,1.503693366E-1,-4.966706836E-1,6.055448641E-1
1.116268750E0,-4.371296561E-1,1.659714621E-1,-5.245607328E-1,7.027039383E-1
1.126222750E0,-3.086669129E-1,2.899727798E-1,-6.540730512E-1,7.792118020E-1
1.136176917E0,-4.006708047E-1,2.808008373E-1,-5.053871280E-1,7.034218884E-1
1.146129917E0,-4.517740077E-1,3.571777529E-1,-3.832282680E-1,6.917655720E-1
1.156083917E0,-4.616056623E-1,3.694972515E-1,-2.518799239E-1,6.426908295E-1
1.166037917E0,-4.294603018E-1,2.082912701E-1,-2.873204827E-1,5.571126133E-1
1.175990917E0,-3.960089658E-1,9.100606441E-3,-3.420053977E-1,5.233293553E-1
1.185944917E0,-5.069904345E-1,-1.321950209E-1,-3.225914723E-1,6.152886170E-1
1.195898917E0,-5.882529911E-1,-7.349774659E-2,-2.001613015E-1,6.257060388E-1
1.205851917E0,-7.435698031E-1,-6.959940791E-3,-7.900173068E-2,7.477872467E-1
1.215805917E0,-4.098848471E-1,-4.902948797E-2,-7.759898365E-2,4.200369994E-1
1.225759917E0,-4.625793698E-1,-2.310650057E-1,-1.468838114E-1,5.375365702E-1
1.235712917E0,-5.160818316E-1,-4.135525131E-1,-2.992540652E-1,7.258919572E-1
1.245666917E0,-3.880609918E-1,-5.682330018E-1,-2.461800581E-1,7.308109870E-1
1.255620917E0,-1.134118639E-1,-4.530960631E-1,3.609264028E-1,5.902763434E-1
1.265573917E0,4.147142087E-1,2.459678042E-1,4.682198864E-1,6.720996188E-1
1.275527917E0,4.595537281E-1,6.970506710E-1,3.290538150E-1,8.974105416E-1
1.285481917E0,4.644455087E-1,6.755440271E-1,9.899920821E-3,8.198581411E-1
1.295434917E0,-2.616386345E-1,1.873377728E-1,-9.560080647E-2,3.356929109E-1
1.305388917E0,-4.215686072E-1,1.163414651E-1,1.007454792E-1,4.487817718E-1
1.315342917E0,-6.489795417E-2,4.239997333E-1,5.708572322E-1,7.140486663E-1
1.325295917E0,-2.275454204E-1,2.637591273E-1,7.483477092E-1,8.254514458E-1
1.335249917E0,-3.259369567E-2,2.167036593E-2,3.459434974E-1,3.481506242E-1
1.345203917E0,-7.757237881E-2,-1.530321586E-1,-2.182268590E-1,2.775955286E-1
1.355156917E0,-1.402223709E-1,-1.464107716E-1,-3.651673883E-1,4.176669114E-1
1.365110917E0,2.163715374E-1,1.379866880E-1,-9.489533991E-2,2.736093818E-1
1.375064917E0,2.359768130E-1,3.965605044E-1,1.498699844E-2,4.617032598E-1
1.385017917E0,-3.884305358E-2,3.131692690E-1,-1.371856195E-1,3.440983406E-1
1.394971917E0,-3.016182406E-1,-7.860996723E-3,-3.064935029E-1,4.300856027E-1
1.404925917E0,-6.646625049E-1,-1.041786718E-1,-3.302788067E-1,7.494755041E-1
1.414878917E0,-1.022282746E0,-3.264442027E-2,-2.216574204E-1,1.046546551E0
1.424832917E0,-1.055002741E0,1.537753397E-1,-9.069206893E-2,1.070001257E0
1.434786917E0,-1.117967898E0,1.359436709E-1,7.157167375E-2,1.128474815E0
1.444739917E0,-1.172298764E0,1.511095941E-1,-6.833816350E-2,1.183971540E0
1.454693917E0,-9.731868920E-1,1.065292525E-1,-2.085099560E-1,1.000958346E0
1.464647917E0,-9.508512591E-1,-2.597567081E-2,-1.421803111E-1,9.617734105E-1
1.474600917E0,-5.826516509E-1,-1.965822208E-1,1.364208037E-1,6.298715357E-1
1.484554917E0,5.453800365E-2,-1.383515543E-1,3.182007980E-1,3.512368066E-1
1.494508917E0,4.222055152E-2,7.614127278E-2,3.833908206E-1,3.931521203E-1
1.504461917E0,-9.101454288E-2,1.444051766E-1,4.412291390E-1,4.730958202E-1
1.514415917E0,-1.619640729E-1,1.752486545E-1,5.574855271E-1,6.064112175E-1
1.524369917E0,-4.155787195E-1,1.537922966E-1,7.006043163E-1,8.289777745E-1
1.534322917E0,-5.761635804E-1,-8.395432234E-3,7.322438926E-1,9.317811293E-1
1.544276917E0,-7.335289644E-1,-4.410174698E-1,6.317820033E-1,1.063818429E0
1.554230917E0,-6.395256172E-1,-6.382499009E-1,3.299238807E-1,9.618761449E-1
1.564183917E0,-5.167492913E-1,-6.868724227E-1,2.081021127E-1,8.843811647E-1
1.574137917E0,-2.465994497E-1,-4.699722970E-1,2.903534335E-1,6.049713752E-1
1.584091917E0,3.203033106E-1,-3.171705186E-2,4.288570154E-1,5.362075361E-1
1.594044917E0,9.722150847E-1,2.670049167E-1,6.237064138E-1,1.185539323E0
1.603998917E0,1.553325556E0,2.784742302E-1,8.704901969E-1,1.802254522E0
1.613952917E0,2.263193031E0,1.038535666E-1,9.650034213E-1,2.462531190E0
1.623905917E0,2.446305314E0,-1.673414648E-1,7.326198685E-1,2.559129681E0
1.633859917E0,2.253496447E0,-5.812144053E-1,7.167879474E-1,2.435126564E0
1.643813917E0,2.442884254E0,-7.163108146E-1,7.664565361E-1,2.658616235E0
1.653766917E0,2.231422039E0,-9.273333192E-1,3.317102051E-1,2.439102921E0
1.663720917E0,1.501474202E0,-7.666120720E-1,3.387122458E-1,1.719547857E0
1.673674917E0,6.810407022E-1,-4.905620974E-1,6.396178570E-1,1.055262343E0
1.683627917E0,1.867476426E-1,-3.181470037E-1,9.183677834E-1,9.896926713E-1
1.693581917E0,-4.053418529E-1,-2.738356340E-1,9.267111754E-1,1.047893876E0
1.703535917E0,-5.761222114E-1,-3.142784858E-1,7.913276678E-1,1.028050216E0
1.713488917E0,-7.558947104E-1,-4.111797130E-1,7.159681678E-1,1.119399833E0
1.723442917E0,-1.097425899E0,-4.905691141E-1,6.064381242E-1,1.346391049E0
1.733395917E0,-1.423661064E0,-4.208434063E-1,4.563740122E-1,1.553124990E0
1.743349917E0,-1.513301218E0,-3.874370939E-1,5.477788568E-1,1.655369975E0
1.753303917E0,-1.589859690E0,-3.244865549E-1,5.428619331E-1,1.711036071E0
1.763256917E0,-1.453725839E0,-2.224748611E-1,4.160612610E-1,1.528371961E0
1.773210917E0,-1.181316925E0,-2.114902818E-1,4.824982023E-1,1.293461376E0
1.783164917E0,-9.476763672E-1,-6.623784363E-2,6.635016865E-1,1.158754692E0
1.793117917E0,-9.235172801E-1,5.859494805E-3,7.542481345E-1,1.192396221E0
1.803071917E0,-7.460421520E-1,4.303784609E-2,4.972989669E-1,8.976287715E-1
1.813025917E0,-6.879975732E-1,-1.235159987E-1,4.249656934E-1,8.180419935E-1
1.822978917E0,-5.851796946E-1,-2.184806281E-1,3.998899090E-1,7.416744563E-1
1.832932917E0,-3.427433163E-1,-1.422604179E-1,3.376422054E-1,5.017103409E-1
1.842886917E0,-2.299714302E-1,-2.684105873E-2,3.665891388E-1,4.335837841E-1
1.852839917E0,-1.340332393E-1,-8.622362673E-2,4.629819506E-1,4.896444727E-1
1.862793917E0,5.792719603E-2,-1.136470681E-1,3.781189710E-1,3.990553500E-1
1.872747917E0,2.271741222E-1,-9.722867131E-2,1.946210647E-1,3.145454739E-1
1.882700917E0,2.812806013E-1,-2.853558183E-2,1.547872004E-1,3.223230267E-1
1.892654917E0,2.952574933E-1,3.632758141E-2,2.604876101E-1,3.954117797E-1
1.902608917E0,1.106417455E-1,3.735727608E-2,1.945514828E-1,2.269084427E-1
1.912561917E0,-9.899263009E-2,8.417651653E-3,6.960964054E-2,1.213091082E-1
1.922515917E0,-2.706964101E-1,-2.651946187E-2,7.404066056E-2,2.818897794E-1
1.932469917E0,-4.377143776E-1,-5.041352391E-2,1.118446639E-1,4.545818173E-1
1.942422917E0,-4.765121153E-1,1.651487589E-2,1.077238387E-1,4.888158780E-1
1.952376917E0,-5.630412591E-1,3.458218753E-2,1.128641260E-1,5.752822768E-1
1.962330917E0,-5.955564559E-1,7.599977016E-2,1.251029330E-1,6.132815023E-1
1.972283917E0,-5.722320588E-1,1.167957938E-1,9.624692380E-2,5.919073043E-1
1.982237917E0,-5.556854618E-1,1.093335772E-1,3.486694694E-2,5.674115504E-1
1.992191917E0,-5.038291374E-1,3.957863331E-2,4.852194965E-2,5.077052762E-1
2.002144917E0,-4.420098884E-1,4.307059050E-3,6.716053426E-2,4.471038242E-1
2.012098917E0,-5.039969525E-1,3.153520346E-2,-4.426342249E-3,5.050019700E-1
2.022052917E0,-4.298215136E-1,1.861110270E-2,4.382838964E-2,4.324509619E-1
2.032005917E0,-2.856651360E-1,1.255572617E-2,7.800361097E-2,2.963895739E-1
2.041959917E0,-2.177392012E-1,2.041496873E-2,1.183821434E-1,2.486794373E-1
2.051913917E0,-3.973756063E-1,8.276382923E-2,1.061532766E-1,4.195542182E-1
2.061866917E0,-4.131899858E-1,-1.742528737E-2,1.358211717E-1,4.352895538E-1
2.071820917E0,-3.778109689E-1,-9.592006445E-2,1.313094601E-1,4.113197799E-1
2.081774917E0,-4.359431098E-1,-1.365009105E-1,1.412839329E-1,4.781631973E-1
2.091727917E0,-2.332220435E-1,-7.187631369E-2,1.258335426E-1,2.745775055E-1
2.101681917E0,-9.707708225E-2,-1.924552560E-2,1.737356874E-1,1.999460908E-1
2.111635917E0,-9.401343361E-2,-9.165510535E-3,-1.165057719E-2,9.517493489E-2
2.121588917E0,6.631210327E-2,-2.985237479E-2,-2.582352626E-1,2.682795374E-1
2.131542917E0,-8.499191076E-2,-5.331198871E-2,-1.035173517E-1,1.441583683E-1
2.141495625E0,2.774940906E-1,1.079588968E-1,-2.047806019E-1,3.613767959E-1
2.151449625E0,3.941404881E-1,1.824547631E-1,-2.543477413E-1,5.033182278E-1
2.161403625E0,3.556672709E-1,4.173894560E-1,-3.544476879E-1,6.529520113E-1
2.171357625E0,4.412352785E-1,4.182250232E-1,-3.845193332E-1,7.193440475E-1
2.181310625E0,1.594735976E-1,3.192837024E-1,-5.957646167E-1,6.944849815E-1
2.191264625E0,1.402896139E-1,2.791466600E-1,-7.969503504E-1,8.559987702E-1
2.201217625E0,1.632051444E-1,2.652039742E-1,-8.059977472E-1,8.640610138E-1
2.211171625E0,1.019980989E-1,3.088470072E-1,-7.387506741E-1,8.071819154E-1
2.221125625E0,8.880502626E-2,4.503262371E-1,-7.872854877E-1,9.113168996E-1
2.231078625E0,2.165779442E-1,4.651021510E-1,-8.713409668E-1,1.011168184E0
2.241032625E0,2.222409725E-1,4.393311328E-1,-8.888779360E-1,1.016123457E0
2.250986625E0,2.637680443E-1,4.825280231E-1,-9.421443164E-1,1.090890823E0
2.260939625E0,3.650264704E-1,4.257889813E-1,-9.578470141E-1,1.109960127E0
2.270893625E0,2.835184769E-1,3.709385902E-1,-9.563583130E-1,1.064236528E0
2.280847625E0,3.180861926E-1,3.073431033E-1,-9.266164505E-1,1.026770011E0
2.290800625E0,3.369380544E-1,3.068379039E-1,-1.047985059E0,1.142781447E0
2.300754625E0,3.029477513E-1,3.636582220E-1,-1.030274720E0,1.133794797E0
2.310708625E0,4.301504195E-1,4.748453665E-1,-9.010547626E-1,1.105625249E0
2.320661625E0,3.997381738E-1,6.140301490E-1,-8.524962679E-1,1.124087861E0
2.330615625E0,4.828813411E-1,6.517867899E-1,-9.194085878E-1,1.226096473E0
2.340569625E0,5.519296490E-1,6.152446157E-1,-1.044996255E0,1.332354850E0
2.350522625E0,5.164756416E-1,5.263201600E-1,-1.091995590E0,1.317654874E0
2.360476625E0,5.122979522E-1,4.458706588E-1,-1.123654169E0,1.312954123E0
2.370430625E0,5.498093024E-1,4.530387604E-1,-1.123147801E0,1.330035853E0
2.380383625E0,6.053074189E-1,4.857404834E-1,-1.016930789E0,1.279253344E0
2.390337625E0,6.735581665E-1,5.472514379E-1,-9.589147156E-1,1.293322145E0
2.400291625E0,6.106503122E-1,6.048570371E-1,-1.066118445E0,1.369435788E0
2.410244625E0,5.940977217E-1,6.495128077E-1,-1.083874977E0,1.396282190E0
2.420198625E0,4.529568994E-1,6.807767004E-1,-1.058828721E0,1.337813563E0
2.430152625E0,2.791785273E-1,7.167481863E-1,-1.024760503E0,1.281328491E0
2.440105625E0,1.319810128E-1,6.634262574E-1,-1.072062432E0,1.267624252E0
2.450059625E0,3.631310955E-2,5.357476258E-1,-1.124516049E0,1.246146261E0
2.460013625E0,-6.406881899E-2,4.114644724E-1,-1.144610298E0,1.218006798E0
2.469966625E0,-1.008875665E-1,4.067726666E-1,-1.181165044E0,1.253312875E0
2.479920625E0,-1.592397089E-1,4.813708591E-1,-1.108602852E0,1.219046952E0
2.489873625E0,-3.363100635E-1,5.764740676E-1,-1.027273637E0,1.225037932E0
2.499827625E0,-3.998722212E-1,6.160924619E-1,-9.748875546E-1,1.220603727E0
2.509781625E0,-4.620968284E-1,6.249276048E-1,-1.046482325E0,1.303531068E0
2.519734625E0,-5.397475599E-1,4.596928918E-1,-1.074767938E0,1.287544603E0
2.529688625E0,-6.504860768E-1,3.993332541E-1,-1.120550467E0,1.355814343E0
2.539642625E0,-6.187475364E-1,3.330030245E-1,-1.095174429E0,1.301209651E0
2.549595625E0,-5.836336908E-1,3.034488577E-1,-9.848430240E-1,1.184324819E0
2.559549625E0,-5.852010369E-1,4.664224523E-1,-8.789785999E-1,1.154388815E0
2.569503625E0,-4.049093051E-1,5.589715970E-1,-8.881683764E-1,1.124830590E0
2.579456625E0,-2.860878897E-1,6.148931980E-1,-9.913258320E-1,1.201110666E0
2.589410625E0,-3.365069684E-1,4.902597964E-1,-9.089031878E-1,1.086138395E0
2.599364625E0,-1.250864147E-1,5.350681794E-1,-8.133412653E-1,9.815643543E-1
2.609317625E0,3.666555047E-2,5.053461975E-1,-7.993664199E-1,9.464173578E-1
2.619271625E0,-2.982737795E-2,4.667393714E-1,-1.099709821E0,1.195030127E0
2.629225625E0,6.653517455E-2,2.048659712E-1,-1.176374420E0,1.195932177E0
2.639178625E0,6.961914226E-2,2.250710249E-1,-1.060495177E0,1.086348845E0
2.649132625E0,3.159700853E-1,3.606895906E-1,-9.518109334E-1,1.065775834E0
2.659086625E0,2.555516830E-1,6.017521656E-1,-1.055877923E0,1.241889899E0
2.669039625E0,2.710761867E-1,7.567887497E-1,-1.165823996E0,1.416106317E0
2.678993625E0,3.703740415E-1,1.001785331E0,-1.148206628E0,1.568161102E0
2.688947625E0,4.048251052E-1,1.115929998E0,-1.288136053E0,1.751707058E0
2.698900625E0,3.483662912E-1,6.626193416E-1,-1.595240006E0,1.762161780E0
2.708854625E0,3.891187531E-1,3.030161637E-1,-1.551238831E0,1.627751243E0
2.718807625E0,3.243699029E-1,2.601274216E-1,-1.427034030E0,1.486374190E0
2.728761625E0,1.955343997E-1,4.418501133E-1,-1.397993249E0,1.479138380E0
2.738715625E0,1.726612616E-1,5.504329079E-1,-1.333013434E0,1.452485150E0
2.748668625E0,3.663200207E-1,7.353359002E-1,-1.301403093E0,1.539012428E0
2.758622625E0,3.020415790E-1,9.173714179E-1,-1.207814898E0,1.546485132E0
2.768576625E0,2.647550543E-1,8.019356865E-1,-1.201299931E0,1.468440536E0
2.778529625E0,2.184491993E-1,6.839938384E-1,-1.493175687E0,1.656846781E0
2.788483625E0,8.347002670E-2,5.201747364E-1,-1.483924807E0,1.574668802E0
2.798437625E0,-3.328337476E-2,5.396921575E-1,-1.044893636E0,1.176510994E0
2.808390625E0,-3.640953013E-1,4.542660910E-1,-7.850995061E-1,9.773966975E-1
2.818344625E0,-4.243181142E-1,3.105000150E-1,-9.073639083E-1,1.048696993E0
2.828298625E0,-5.737881491E-1,2.241752315E-1,-1.010533351E0,1.183496949E0
2.838251625E0,-4.877560186E-1,-6.697751641E-2,-1.254987895E0,1.348104795E0
2.848205625E0,-6.139269456E-2,1.901877058E-1,-1.209574910E0,1.225973854E0
2.858159625E0,-2.880123545E-1,1.108067831E0,-1.170519018E-1,1.150854718E0
2.868112625E0,-2.782572985E-2,1.754723690E0,-4.489784539E-2,1.755518532E0
2.878066625E0,-1.823372340E-1,1.252203451E0,-1.058951805E0,1.650042204E0
2.888020625E0,-4.416887301E-1,9.672464132E-3,-2.032788615E0,2.080243265E0
2.897973625E0,-5.202337933E-1,-7.344786984E-1,-1.712873413E0,1.934951546E0
2.907927625E0,-7.290001497E-1,-7.536686754E-1,-1.556328247E0,1.876596734E0
2.917881625E0,-2.245696262E-1,-3.253940427E-1,-2.239648486E0,2.274277499E0
2.927834625E0,6.303006113E-3,-4.164889848E-1,-2.264023190E0,2.302021678E0
2.937788625E0,9.222915575E-1,5.318060178E-1,-1.541190391E0,1.873154339E0
2.947741625E0,1.762765950E0,2.108346335E0,-7.406793782E-1,2.846238571E0
2.957695625E0,1.805336604E0,3.044422996E0,-5.563263166E-1,3.582910912E0
2.967649625E0,2.801249284E0,2.953683565E0,-1.256767203E0,4.260364768E0
2.977602625E0,2.793913659E0,1.407296754E0,-2.442054534E0,3.968635538E0
2.987556625E0,1.592155745E0,-4.498204529E-1,-2.992804653E0,3.419675138E0
2.997510625E0,8.976002276E-1,-1.441578394E0,-2.327228082E0,2.880941683E0
3.007463625E0,3.942776053E-1,-8.341871738E-1,-1.569123709E0,1.820294560E0
3.017417625E0,-3.975244179E-1,4.385978919E-1,-3.902876115E-1,7.090262289E-1
3.027371625E0,-5.510913044E-2,1.654808223E0,4.494310284E-1,1.715638516E0
3.037324625E0,3.035600279E-1,2.186293813E0,-1.606078112E-1,2.213102844E0
3.047278625E0,5.507488769E-1,1.493326253E0,-6.179088995E-1,1.707383680E0
3.057232625E0,-2.043424992E-1,7.168914431E-1,-7.405036694E-1,1.050730642E0
3.067185625E0,-4.057443606E-1,-3.032196468E-1,-8.917240682E-1,1.025544955E0
3.077139625E0,-5.785203738E-1,-8.837464195E-1,-1.316554399E0,1.687900779E0
3.087093625E0,-1.086251504E0,-8.613451517E-1,-1.618622729E0,2.131149300E0
3.097046625E0,-1.112553377E0,4.503467023E-2,-9.766241777E-1,1.481079985E0
3.107000625E0,-1.537542459E0,7.080410975E-1,-2.497427666E-1,1.711061208E0
3.116954625E0,-1.455905827E0,1.301211305E0,3.593172491E-1,1.985427289E0
3.126907625E0,-1.759350007E0,1.194240003E0,1.163221693E-1,2.129566265E0
3.136861875E0,-1.553169874E0,3.274744821E-1,-3.369548652E-1,1.622687516E0
3.146814875E0,-1.668298626E0,-4.186875379E-1,-1.211053671E0,2.103608936E0
3.156768875E0,-1.840714305E0,-9.197874874E-1,-1.898035437E0,2.799424350E0
3.166722875E0,-1.338627053E0,1.542448711E-1,-1.403483199E0,1.945630735E0
3.176675875E0,-1.390144823E0,1.086523181E0,-4.987300730E-1,1.833512186E0
3.186629875E0,-1.874269429E0,1.041730000E0,-2.506821218E-1,2.158918436E0
3.196583875E0,-9.508499435E-1,1.112742680E0,-3.762408453E-1,1.511247518E0
3.206536875E0,-5.624629694E-1,4.065107113E-1,-8.027174592E-1,1.061117745E0
3.216490875E0,-2.917881209E-1,4.056067318E-1,-1.547415044E0,1.626084391E0
3.226444875E0,2.859800085E-2,3.197970879E-1,-1.974526666E0,2.000460841E0
3.236397875E0,-1.315836214E-1,2.208493352E-1,-1.950891927E0,1.967757097E0
3.246351875E0,-8.402072478E-1,4.651676399E-1,-2.164963170E0,2.368416070E0
3.256305875E0,-1.517307731E0,7.384103662E-1,-1.628704790E0,2.345240267E0
3.266258875E0,-1.713652408E0,1.466123836E0,-1.230976889E0,2.569324382E0
3.276212875E0,-1.326582812E0,1.371638094E0,-1.019047481E0,2.163254674E0
3.286166875E0,-2.407841379E-1,1.147701429E0,-1.209158004E0,1.684416412E0
3.296119875E0,3.195031922E-1,6.923992109E-1,-1.573132560E0,1.748211946E0
3.306073875E0,6.370208893E-2,5.882866126E-1,-2.252108318E0,2.328546966E0
3.316026875E0,-4.156189922E-2,2.963123310E-1,-2.544810286E0,2.562340294E0
3.325980875E0,-8.393312618E-4,1.081602749E0,-1.913790467E0,2.198285505E0
3.335934875E0,3.737788386E-1,1.580321127E0,-8.670210439E-1,1.840883205E0
3.345887875E0,-7.955820289E-2,2.177686712E0,1.211259493E-1,2.182503246E0
3.355841875E0,-7.238312110E-1,2.372152240E0,5.369387037E-1,2.537585672E0
3.365795875E0,-8.794324169E-1,9.035977167E-1,-8.733848611E-1,1.533848534E0
3.375748875E0,-6.499406046E-1,-1.190728750E0,-2.377562669E0,2.737345793E0
3.385702875E0,-3.968175992E-1,-1.515704132E0,-2.940979612E0,3.332294149E0
3.395656875E0,1.488844362E-1,-1.324545788E0,-2.840961234E0,3.138096374E0
3.405609875E0,-3.027043244E-2,-6.413693905E-2,-2.446352237E0,2.447380051E0
3.415563875E0,-5.225983707E-1,1.028388408E0,-9.500070673E-1,1.494391249E0
3.425517875E0,-1.277108643E-1,2.578985800E0,3.131757009E-1,2.601068403E0
3.435470875E0,-5.818919514E-1,1.818772336E0,-2.065891457E-1,1.920731665E0
3.445424875E0,-7.367356505E-1,5.627641010E-1,-1.080985575E0,1.424083096E0
3.455378875E0,-1.316775277E0,-8.252508742E-1,-8.934843725E-1,1.792554172E0
3.465331875E0,-1.437396904E0,-7.266112697E-1,6.962718219E-2,1.612117161E0
3.475285875E0,-1.143590690E0,1.696370816E-1,-8.905239272E-1,1.459318084E0
3.485238875E0,-1.658675133E0,2.852476448E-1,-1.557809347E0,2.293324961E0
3.495192875E0,-8.788732038E-1,2.433061516E-1,-1.472646113E0,1.732138148E0
3.505146875E0,1.116185777E-1,5.165126252E-1,-6.420698869E-1,8.315634303E-1
3.515099875E0,-2.960478906E-1,1.602998384E0,-8.015325209E-1,1.816508341E0
3.525053875E0,-2.362653548E-1,2.332126295E0,-1.666024936E0,2.875808315E0
3.535007875E0,9.022256675E-1,1.656827851E0,-2.066023604E0,2.797774690E0
3.544960875E0,1.790343612E0,4.560915917E-1,-2.541064852E0,3.141712967E0
3.554914875E0,1.538167526E0,5.387998724E-1,-2.237735277E0,2.768343153E0
3.564868875E0,1.692951949E0,1.158926913E0,-1.518276322E0,2.552324604E0
3.574821875E0,1.311427706E0,5.299811018E-1,-1.189071064E0,1.847867038E0
3.584775875E0,6.678567658E-1,-9.672136688E-1,-4.163898745E-1,1.246962497E0
3.594729875E0,-8.331769212E-1,-9.655682623E-1,-9.707863176E-1,1.602788796E0
3.604682875E0,-2.578578541E0,2.098939919E-1,-2.167324276E0,3.374969229E0
3.614636875E0,-3.005812954E0,2.318293537E0,-3.184272607E0,4.954693580E0
3.624590875E0,-3.053329767E0,3.206240011E0,-2.206264978E0,4.946756799E0
3.634543875E0,-1.292032199E0,1.908021896E0,-6.683963907E-1,2.399301669E0
3.644497875E0,-2.186702972E-1,-4.211930698E-1,-2.866579932E-1,5.544304339E-1
3.654450875E0,7.684004429E-1,-1.761402379E0,-1.933344726E0,2.725949268E0
3.664404875E0,9.717648491E-1,-2.041755905E0,-3.611160865E0,4.260701455E0
3.674358875E0,2.289892880E0,6.129957765E-1,-4.593585480E0,5.169177961E0
3.684311875E0,1.423789118E0,3.710770522E0,-4.052327731E0,5.676121331E0
3.694265875E0,1.753937239E0,4.897020305E0,-3.488135448E0,6.262922050E0
3.704219875E0,3.225234692E0,2.007989988E0,-2.851191230E0,4.750100424E0
3.714172875E0,1.710565078E0,9.150021261E-1,-3.110501795E0,3.665853679E0
3.724126875E0,1.899504404E0,1.496870250E0,-4.833114915E0,5.404418314E0
3.734080875E0,3.037133565E0,1.822679445E0,-5.010977275E0,6.136467543E0
3.744033875E0,2.907583532E0,3.529533734E0,-3.793251054E0,5.941414304E0
3.753987875E0,4.342387634E0,4.610612572E0,-1.654992410E0,6.546226282E0
3.763941875E0,4.960021715E0,1.972888568E0,-2.509290497E0,5.898359391E0
3.773894875E0,3.889029323E0,-2.407719684E-1,-4.541733249E0,5.984134117E0
3.783848875E0,4.188484825E0,-1.264635801E-1,-3.489881426E0,5.453317388E0
3.793801875E0,4.735749419E0,-4.031731206E-1,-1.186761999E0,4.898803443E0
3.803755875E0,2.112308409E0,1.141486423E0,7.158591172E-1,2.505452523E0
3.813709875E0,1.475777735E0,9.145524752E-1,3.130939568E0,3.580098984E0
3.823662875E0,-2.543462503E0,-5.100954230E0,1.154461979E0,5.815644248E0
3.833616875E0,-3.988686051E0,-1.159378903E0,3.764441822E0,5.605782558E0
3.843570875E0,-5.361389215E0,-1.785901628E0,2.481106918E0,6.171695916E0
3.853523875E0,-5.856064244E0,-2.365052551E0,4.247020132E0,7.610791154E0
3.863477875E0,-5.598555205E0,-3.372417296E0,4.297119368E0,7.821908569E0
3.873431875E0,-4.358877659E0,-2.424526920E0,3.606850297E0,6.155283446E0
3.883384875E0,-2.891510413E0,-2.172100282E0,4.544080614E0,5.807539989E0
3.893338875E0,-1.448938211E-1,-1.501495982E0,5.033188509E0,5.254376363E0
3.903292875E0,2.304554627E0,-1.167387249E0,4.344203779E0,5.054292383E0
3.913245875E0,5.506030619E0,-1.109702128E-1,2.594739660E0,6.087804323E0
3.923199875E0,7.055358580E0,1.473205984E-2,2.015816486E0,7.337698401E0
3.933152875E0,6.235814003E0,-1.148013085E-1,3.423212643E0,7.114558343E0
3.943106875E0,6.540458032E0,-2.538948745E-1,2.898929653E0,7.158620468E0
3.953060875E0,4.966954173E0,-1.732927608E-1,1.588702234E0,5.217723539E0
3.963013875E0,2.518371808E0,-6.323377812E-1,7.921749294E-1,2.714698648E0
3.972967875E0,-5.593151574E-1,-1.256118162E0,2.430769115E0,2.792723541E0
3.982921875E0,-2.649383060E0,-1.114341894E0,3.127276872E0,4.247452071E0
3.992874875E0,-3.405100892E0,-7.951499927E-1,2.397745796E0,4.239830244E0
4.002828875E0,-3.870961427E0,-8.476123810E-1,1.342259928E0,4.183832075E0
4.012782875E0,-3.528480651E0,-1.376222895E0,1.481862494E0,4.066949915E0
4.022735875E0,-2.959939208E0,-4.334348005E-1,-7.409533203E-1,3.081901631E0
4.032689875E0,-3.248961816E0,-1.041176269E0,-3.137197258E0,4.634847089E0
4.042643875E0,-1.407178640E0,-5.008865261E-1,-3.266135673E0,3.591473412E0
4.052596875E0,-1.570485672E0,7.259452718E-1,-1.752884156E0,2.462930094E0
4.062550875E0,-1.428927358E0,1.485689789E-1,-1.098615223E0,1.808552334E0
4.072503875E0,-5.943005470E-1,4.119971538E-1,-1.148940454E0,1.357570978E0
4.082457875E0,-1.023778317E0,1.004638188E0,-3.923662966E-1,1.487068002E0
4.092411875E0,-1.110601064E0,3.975054145E-1,5.125599074E-1,1.286142658E0
4.102364875E0,-6.944735838E-1,1.316024056E0,-1.455488920E-2,1.488094325E0
4.112318875E0,-9.153937434E-1,1.015816895E0,-9.166080639E-1,1.646207767E0
4.122272875E0,-1.653364399E0,4.251779473E-1,-4.971554178E-1,1.778075823E0
4.132225875E0,-2.084784103E0,2.816627169E-1,3.140100986E-2,2.103959283E0
4.142179625E0,-1.620504216E0,8.580449831E-1,-7.688480473E-1,1.988316481E0
4.152133625E0,-1.833430282E0,2.978635973E-1,-2.180888647E-1,1.870227814E0
4.162086625E0,-2.034531670E0,-9.541907501E-1,1.194035935E0,2.544704485E0
4.172040625E0,-2.148427829E0,-1.207920148E0,1.539443243E0,2.905976380E0
4.181994625E0,-1.997856471E0,-5.276895779E-1,3.805338711E-1,2.101117036E0
4.191947625E0,-2.853039827E0,4.076327920E-1,-4.387920195E-1,2.915225409E0
4.201901625E0,-1.730297969E0,3.444220519E-1,6.032209861E-1,1.864519555E0
4.211855625E0,-9.741780681E-1,-3.919283402E-1,1.623225657E0,1.933259492E0
4.221808625E0,-1.341761763E-1,-1.246784252E-1,2.304761910E-1,2.943929867E-1
4.231762625E0,-2.219395120E-1,-3.169816536E-1,-5.675567713E-1,6.869171743E-1
4.241715625E0,5.912173833E-1,-5.202548432E-1,-4.087186199E-1,8.872733550E-1
4.251669625E0,-5.128262116E-2,-1.016064232E0,-4.012970415E-1,1.093643336E0
4.261623625E0,8.167941741E-2,-4.121064967E-1,-6.212909290E-1,7.500038069E-1
4.271576625E0,3.699655769E-2,3.214845943E-1,-8.892369550E-1,9.462893067E-1
4.281530625E0,-2.179092638E-1,9.616208071E-1,-3.932182360E-1,1.061517595E0
4.291484625E0,-3.552557731E-1,8.339222950E-1,4.906901515E-1,1.030732692E0
4.301437625E0,-3.309635887E-1,3.894204694E-1,-1.578058255E-1,5.348718329E-1
4.311391625E0,-7.576897325E-1,7.291185558E-2,-1.178195828E0,1.402695718E0
4.321345625E0,-8.806327041E-1,-5.080862027E-1,-6.278845417E-1,1.194949600E0
4.331298625E0,-1.095544192E0,-1.477778506E-1,-1.883075336E-1,1.121389806E0
4.341252625E0,-9.832600366E-1,1.480175865E-1,7.751916915E-2,9.973558678E-1
4.351205625E0,-8.893645705E-1,-1.459605360E-1,-2.173334044E-1,9.270963413E-1
4.361159625E0,-8.467445080E-1,8.832955992E-1,-3.037944281E-1,1.260745189E0
4.371113625E0,-1.046387088E0,8.839194971E-1,5.745298684E-2,1.370963334E0
4.381066625E0,-1.396594595E0,6.610686600E-1,3.374150410E-1,1.581561616E0
4.391020625E0,-1.140033682E0,7.010232693E-1,-3.011856928E-1,1.371795627E0
4.400974625E0,-1.255060693E0,-3.982947886E-2,-1.174343974E0,1.719257834E0
4.410927625E0,-9.722634704E-1,-1.272597370E0,-2.330780266E0,2.827956324E0
4.420881625E0,-5.466975969E-1,-1.878521524E0,-2.086115221E0,2.859999667E0
4.430835625E0,-7.406328928E-1,-1.472263997E0,-8.485403341E-1,1.853677172E0
4.440788625E0,-8.562493032E-1,-1.274160916E-1,-6.547712088E-2,8.681503228E-1
4.450742625E0,-6.784798410E-1,1.831244447E0,1.039599275E0,2.212364746E0
4.460696625E0,-7.989467360E-1,2.431288640E0,1.178018657E0,2.817305148E0
4.470649625E0,-4.939223461E-1,1.143612471E0,-3.650942981E-2,1.246251060E0
4.480603625E0,-5.294910685E-1,6.646582657E-1,-4.786510268E-1,9.753144146E-1
4.490556625E0,-1.258677196E0,2.739326978E-1,-3.170670229E-1,1.326589199E0
4.500510625E0,-1.035330954E0,3.546669585E-1,-8.821267408E-1,1.405648043E0
4.510464625E0,-6.186377549E-1,-8.587279379E-2,-1.293371358E0,1.436278621E0
4.520417625E0,-1.200380749E0,-5.334175104E-1,-1.947063171E0,2.348723733E0
4.530371625E0,-9.049273735E-1,-1.243854797E-1,-1.881619379E0,2.091615831E0
4.540325625E0,-9.936511966E-1,4.117580026E-1,-7.674721974E-1,1.321325443E0
4.550278625E0,-1.399608103E0,1.688180621E0,-8.356846458E-1,2.346747852E0
4.560232625E0,-7.302745503E-1,2.004769342E0,-8.447039759E-1,2.294760519E0
4.570186625E0,-3.343254819E-1,1.379102649E0,-1.091585700E0,1.790323151E0
4.580139625E0,-1.327993855E-1,4.528001940E-1,-1.289373617E0,1.373006925E0
4.590093625E0,-1.821502510E-1,-1.642015100E-2,-2.212576463E0,2.220122280E0
4.600046625E0,-3.215016975E-1,4.489258289E-2,-1.991043296E0,2.017332915E0
4.610000625E0,-2.557028335E-1,4.399380738E-1,-1.388227814E0,1.478548583E0
4.619954625E0,-3.720380494E-1,1.117053248E0,-7.865735891E-1,1.415951369E0
4.629907625E0,-3.304513361E-1,1.118251342E0,-2.631805453E-1,1.195386192E0
4.639861625E0,-4.046851375E-1,9.104746270E-1,-3.920634109E-1,1.070723038E0
4.649815625E0,-1.998242095E-1,-1.027659845E-1,-4.653705382E-1,5.167787729E-1
4.659768625E0,-4.850888478E-1,-2.659927636E-1,-4.708125418E-1,7.264487526E-1
4.669722625E0,1.650448612E-1,-1.180770941E0,-9.515349448E-1,1.525410952E0
4.679676625E0,-3.144243373E-1,-5.442143941E-1,-8.142546004E-1,1.028611941E0
4.689629625E0,-6.521528256E-1,1.442876476E-1,-1.286484215E0,1.449539192E0
4.699583625E0,-3.864868482E-1,3.923084092E-1,-6.331862122E-2,5.543349345E-1
4.709536625E0,-7.730185738E-1,1.362249804E0,-2.723317301E-1,1.589794583E0
4.719490625E0,-3.081899994E-1,4.744992113E-1,-1.449852204E-1,5.840815794E-1
4.729444625E0,-8.078126498E-1,7.774405307E-1,9.216015860E-1,1.451318207E0
4.739397625E0,-7.161963554E-1,1.649016556E0,1.781374714E0,2.530906693E0
4.749351625E0,-1.158562412E0,-2.835636467E-1,-2.526074930E0,2.793515662E0
4.759305625E0,-1.561083641E0,-1.653031254E0,-3.787907576E0,4.417888440E0
4.769258625E0,-1.628504962E0,-1.905332762E-1,-1.629255306E0,2.311450668E0
4.779212625E0,-1.711671518E0,-2.757359791E-1,-6.880152610E-1,1.865265320E0
4.789166625E0,-9.843759777E-1,-2.361982763E-1,-8.455623472E-1,1.319000142E0
4.799119625E0,-1.034007290E0,1.326098224E0,1.776565379E-1,1.690937439E0
4.809073625E0,-1.074771593E0,1.464655600E0,-4.162626976E-1,1.863766251E0
4.819027625E0,-1.412513786E0,1.397808477E0,-1.437665730E0,2.452742645E0
4.828980625E0,-1.351047855E0,4.535100460E-1,9.364900589E-3,1.425162927E0
4.838934625E0,-4.271127909E-1,-8.925774693E-3,7.013904744E-1,8.212512425E-1
4.848887625E0,-4.639052991E-1,-4.541818911E-1,-1.164016914E-1,6.595746133E-1
4.858841625E0,-4.823259287E-1,-5.606123257E-1,-8.342222571E-1,1.114832389E0
4.868795625E0,-6.509927380E-1,-7.208733970E-1,-8.652414438E-1,1.300804657E0
4.878748625E0,-9.035643876E-1,-7.708249909E-1,8.618035734E-2,1.190809314E0
4.888702625E0,-5.984496947E-1,-2.767060322E-1,1.311624611E0,1.468014777E0
4.898656625E0,-2.047695287E-1,8.178734422E-2,2.121977949E0,2.133403419E0
4.908609625E0,-2.482580855E-1,2.154003149E-1,1.097166575E0,1.145340066E0
4.918563625E0,1.168895868E-1,-3.299174488E-2,-3.199567169E-2,1.255999750E-1
4.928517625E0,1.362015879E-1,-4.625679678E-1,3.069086552E-2,4.831789799E-1
4.938470625E0,9.574947193E-1,-3.962535256E-1,1.010638601E-1,1.041166124E0
4.948424625E0,7.091754574E-1,-9.292745948E-2,5.382806396E-1,8.951599796E-1
4.958377625E0,1.524310466E-1,-6.064720380E-1,3.407500005E-1,7.121475407E-1
4.968331625E0,9.861957774E-1,-7.594691133E-1,1.481204390E0,1.934771793E0
4.978285625E0,1.257754506E0,-4.056418151E-1,1.359624404E0,1.896067034E0
4.988238625E0,1.285035860E0,9.698133409E-2,2.320265803E-1,1.309411652E0
4.998192625E0,1.551018391E0,6.985493124E-1,-9.998738766E-4,1.701067368E0
5.008146625E0,1.781865149E0,2.823257911E-1,5.998535746E-1,1.901203717E0
5.018099625E0,1.548260698E0,-1.660024524E-2,2.981951344E-1,1.576802808E0
5.028053625E0,1.492462327E0,-7.025020301E-2,-5.331906384E-1,1.586401949E0
5.038007625E0,1.206991903E0,2.345119393E-1,-5.431332439E-1,1.344179684E0
5.047960625E0,1.141609653E0,4.245546341E-1,2.231437826E-1,1.238269916E0
5.057914625E0,8.736642849E-1,-1.213718247E-1,4.108019829E-2,8.830107503E-1
5.067867625E0,5.420552001E-1,1.332019114E-1,-6.100715840E-1,8.268941448E-1
5.077821625E0,6.001009849E-1,2.494509906E-1,-4.021150669E-1,7.642273980E-1
5.087775625E0,3.701561596E-1,9.142647922E-2,-6.035484302E-1,7.138943138E-1
5.097728625E0,2.045054721E-1,-3.373258710E-2,-4.234816700E-2,2.115508043E-1
5.107682625E0,3.714254440E-1,-2.473454082E-1,3.578466743E-1,5.720059910E-1
5.117636625E0,2.595425539E-1,-1.777518475E-1,1.701881817E-1,3.576619546E-1
5.127589625E0,2.937636576E-1,2.087578779E-1,-5.152285767E-1,6.287586376E-1
5.137543292E0,3.356409958E-1,6.928453535E-1,-2.966350973E-1,8.250345101E-1
5.147497292E0,3.729019025E-1,7.332981455E-1,1.936305463E-1,8.451477904E-1
5.157450292E0,2.989723390E-1,2.998855644E-1,-6.834167182E-1,8.039740183E-1
5.167404292E0,2.576987441E-1,2.734941566E-1,-1.096270781E0,1.158886242E0
5.177357292E0,3.293383551E-1,-5.476700985E-1,8.454225987E-2,6.446345342E-1
5.187311292E0,2.964236108E-1,-6.443187261E-1,5.964382160E-1,9.266887953E-1
5.197265292E0,-1.343704775E-2,-2.285641515E-1,-1.981393343E-1,3.027892360E-1
5.207218292E0,-1.277163826E-1,4.247926158E-1,-7.604587546E-1,8.803736470E-1
5.217172292E0,1.736357731E-1,1.840171391E-1,-6.340825903E-1,6.826949689E-1
5.227126292E0,9.841090523E-2,1.138645846E-1,-6.942048311E-1,7.103310478E-1
5.237079292E0,-7.132799104E-2,1.099239120E0,-6.974137831E-1,1.303763902E0
5.247033292E0,-1.009913546E-1,7.195291221E-1,2.516700089E-2,7.270177365E-1
5.256987292E0,9.677346557E-2,-1.018956850E0,5.251825842E-1,1.150415104E0
5.266940292E0,1.100684625E-1,-1.460487120E0,-3.649440247E-1,1.509411089E0
5.276894292E0,-1.330876349E-1,-6.781086159E-1,-1.070227868E0,1.273943210E0
5.286847292E0,1.326846521E-2,1.783635832E0,-1.302337478E0,2.208532486E0
5.296801292E0,4.561874130E-1,2.096284699E0,-6.400613683E-1,2.238793213E0
5.306755292E0,8.124514653E-1,5.280450886E-1,3.119507092E-1,1.017950020E0
5.316708292E0,3.559226115E-1,-7.349762964E-1,-4.337946966E-1,9.246885424E-1
5.326662292E0,1.564201815E-1,-6.855339950E-1,-1.325669038E0,1.500607387E0
5.336616292E0,3.766964531E-1,3.282755506E-1,-1.236491106E0,1.333632374E0
5.346569292E0,4.026828681E-1,1.013489118E0,-6.403057820E-1,1.264636382E0
5.356523292E0,1.789456297E-2,3.706140697E-1,-2.199506181E-1,4.313389369E-1
5.366477292E0,-8.911569614E-2,-3.046644938E-1,-2.567699504E-1,4.082803798E-1
5.376430292E0,-1.287582468E-1,-4.929962933E-2,-1.242204128E0,1.249832083E0
5.386384292E0,3.190464151E-1,8.613498294E-1,-6.493140024E-1,1.124865689E0
5.396337292E0,7.289036706E-1,1.436563237E0,7.886034501E-1,1.793574614E0
5.406291292E0,8.683547938E-1,1.046371520E0,8.210373706E-1,1.588406677E0
5.416245292E0,5.798717019E-1,6.415506542E-1,-3.229025441E-1,9.230950577E-1
5.426198292E0,3.731603494E-1,2.660027039E-1,-1.256402337E0,1.337367906E0
5.436152292E0,3.891290953E-1,-3.586331248E-2,-7.485903686E-1,8.444496255E-1
5.446106292E0,6.551764939E-2,-1.956840885E-1,-7.449457991E-1,7.730000443E-1
5.456059292E0,-2.043237150E-1,3.445998073E-2,-1.111094350E0,1.130250559E0
5.466013292E0,-3.332797805E-1,5.419912827E-1,-1.006411648E0,1.190669714E0
5.475967292E0,-3.227357158E-1,5.354353845E-1,-6.764257872E-1,9.210869877E-1
5.485920292E0,-4.707727077E-1,9.706307817E-1,-7.740199095E-1,1.327726582E0
5.495874292E0,-5.239951975E-1,7.810330600E-1,-1.444087434E0,1.723360707E0
5.505827292E0,-8.385448113E-2,4.507682866E-1,-2.036254259E0,2.087236218E0
5.515781292E0,2.568253893E-1,-2.118446231E-2,-2.157923415E0,2.173255974E0
5.525735292E0,3.495548840E-1,-1.441718727E-1,-1.857577967E0,1.895671398E0
5.535688292E0,4.861477420E-1,4.027322406E-1,-9.689725113E-1,1.156477675E0
5.545642292E0,6.435686014E-1,1.128324925E0,-4.276384556E-1,1.367542442E0
5.555596292E0,8.896940611E-1,1.278864416E0,-6.251606163E-1,1.678652886E0
5.565549292E0,5.618417758E-1,8.514715433E-1,-6.833635086E-1,1.227866302E0
5.575503292E0,4.594566278E-1,5.531115174E-2,-1.058451868E0,1.155196984E0
5.585456292E0,8.053299952E-1,-2.038175654E-1,-7.280303890E-1,1.104593250E0
5.595410292E0,8.318225598E-1,3.245204687E-4,-7.653192526E-1,1.130328463E0
5.605364292E0,7.147357209E-1,3.605422407E-1,-6.179898834E-1,1.011310711E0
5.615317292E0,6.831163175E-1,5.317077845E-1,-1.110058808E-1,8.727447376E-1
5.625271292E0,9.754446481E-1,5.393816704E-1,-6.928248882E-2,1.116792242E0
5.635225292E0,9.945024781E-1,7.514490724E-1,-2.808213025E-1,1.277721210E0
5.645178292E0,7.706171224E-1,3.544552892E-1,-2.775620645E-1,8.924852946E-1
5.655132292E0,8.940071136E-1,-2.070604312E-1,1.410050207E-1,9.284423284E-1
5.665086292E0,7.270703492E-1,-4.549584013E-1,-3.130099323E-1,9.130135034E-1
5.675039292E0,7.591216426E-1,-3.835200441E-1,-8.659340465E-1,1.213752473E0
5.684993292E0,7.557204634E-1,-2.252148664E-1,-9.709237272E-1,1.250810952E0
5.694946292E0,7.406171054E-1,-3.631840128E-1,-5.551440096E-1,9.942842628E-1
5.704900292E0,7.102789731E-1,-3.665561020E-2,-2.723638898E-1,7.615917160E-1
5.714854292E0,7.599746051E-1,4.749143636E-1,2.482137197E-1,9.299005882E-1
5.724807292E0,9.182560285E-1,7.114529479E-1,2.742051780E-2,1.161942906E0
5.734761292E0,8.617643239E-1,8.852164096E-1,3.332863221E-1,1.279580249E0
5.744715292E0,8.004849923E-1,1.598484918E0,2.057702431E0,2.725815392E0
5.754668292E0,1.068384387E0,3.676647341E-1,-7.075019842E-1,1.333109753E0
5.764622292E0,1.135613187E0,-1.570987802E0,-2.909699054E0,3.496279247E0
5.774575292E0,8.841772132E-1,-1.521754830E0,-1.124685326E0,2.088641710E0
5.784529292E0,7.770799036E-1,-1.716643113E0,-1.363177757E0,2.325719319E0
5.794483292E0,7.137365779E-1,-9.790028250E-1,8.504605597E-1,1.480253221E0
5.804436292E0,8.015441423E-1,1.047066754E0,2.933014827E0,3.215804374E0
5.814390292E0,7.680367461E-1,1.455776019E0,2.559239752E0,3.042839524E0
5.824344292E0,1.003722514E0,1.408018885E0,1.309448570E0,2.169016280E0
5.834297292E0,9.256061979E-1,1.221220225E-1,1.229590222E0,1.543875881E0
5.844251292E0,2.914418196E-1,-1.118471782E0,9.768302920E-1,1.513312552E0
5.854204292E0,7.850360638E-1,-1.363166648E0,3.589023891E-1,1.613479425E0
5.864158292E0,4.884501197E-1,-6.977301174E-1,-4.128110862E-1,9.464797035E-1
5.874112292E0,2.400049233E-1,-4.969361472E-1,7.230082154E-1,9.095541640E-1
5.884065292E0,3.321409987E-1,-1.697154343E-1,1.242691201E0,1.297459977E0
5.894019292E0,1.180171675E-1,2.450299108E-1,1.032209564E0,1.067438192E0
5.903973292E0,-7.125161178E-2,3.540500772E-1,9.926437944E-1,1.056300124E0
5.913926292E0,-4.181447336E-1,4.317244899E-1,8.910297114E-1,1.074786025E0
5.923880292E0,-6.041589892E-1,-6.461003727E-1,2.716177851E-1,9.253269676E-1
5.933834292E0,-6.885758628E-1,-9.395171624E-1,-6.937092796E-1,1.355751372E0
5.943787292E0,-9.372032730E-1,-1.558060192E0,-1.129814211E0,2.140649829E0
5.953741292E0,-5.349313911E-1,-7.983396488E-1,-1.184529532E0,1.525322261E0
5.963694292E0,-5.942165298E-1,-3.677489340E-2,-7.505632192E-2,6.000659369E-1
5.973648292E0,-4.009968966E-1,3.138107085E-1,1.104892501E0,1.216578444E0
5.983602292E0,-4.186484712E-1,6.115526837E-1,1.281424035E0,1.480307665E0
5.993555292E0,4.690735068E-2,1.128907893E0,-1.896865994E-1,1.145693823E0
6.003509292E0,-7.197992635E-1,4.797529346E-1,-1.184792656E0,1.466972221E0
6.013463292E0,-9.048722635E-1,-1.084443911E0,-1.811069798E-1,1.423942466E0
6.023416292E0,-4.227263194E-1,-5.395383757E-1,5.715501273E-1,8.924509779E-1
6.033370292E0,-7.137989970E-1,-7.799688667E-1,2.284746891E-1,1.081693637E0
6.043324292E0,-3.918860575E-1,-1.548898190E0,2.395756280E-1,1.615567011E0
6.053277292E0,-2.430294687E-1,-4.599419832E-1,2.676358312E-1,5.850118706E-1
6.063231292E0,-3.460176840E-1,3.266494399E-1,1.457897973E0,1.533588796E0
6.073184292E0,9.314676661E-2,1.773879753E0,3.220544640E0,3.677938753E0
6.083138292E0,2.893070742E-1,7.462491435E-1,-1.037218581E0,1.310117839E0
6.093092292E0,1.793439530E-1,-1.096875676E0,-1.703024363E0,2.033615618E0
6.103045292E0,1.820467370E-1,-1.149495354E0,1.542202251E0,1.932063241E0
6.112999292E0,-2.829357288E-1,-5.334865075E-1,-7.112553120E-1,9.330297954E-1
6.122953292E0,1.973885884E-1,1.249567527E-1,-1.732322422E0,1.748003838E0
6.132906292E0,-2.930668156E-1,7.518981385E-1,2.291769397E-1,8.389046661E-1
6.142860542E0,-4.522532601E-1,3.143673635E-1,1.298020479E0,1.410041494E0
6.152813542E0,1.199233598E-1,6.308163357E-1,-1.330932409E0,1.477732026E0
6.162767542E0,-1.635768811E-1,5.062706423E-1,-2.405514114E0,2.463648821E0
6.172721542E0,1.297215391E-1,-5.675892234E-2,-5.298565561E-1,5.484498363E-1
6.182674542E0,8.601679975E-2,-1.915401667E-1,2.313181901E-1,3.124013931E-1
6.192628542E0,2.859250082E-1,4.389113027E-1,-6.111246675E-1,8.049034732E-1
6.202582542E0,4.976838234E-1,1.306573786E0,-1.880512209E0,2.343320382E0
6.212535542E0,-1.601183444E-1,7.961568832E-1,-9.828906387E-1,1.274981441E0
6.222489542E0,-6.506151541E-1,2.937196755E-1,-3.270944130E-1,7.852146723E-1
6.232442542E0,-1.000093440E0,1.639857477E-1,-7.512941211E-1,1.261555020E0
6.242396542E0,-8.815520326E-1,1.779407126E-1,-1.679331153E0,1.904980316E0
6.252350542E0,-1.136905714E0,-3.843374848E-3,-1.441398885E0,1.835810480E0
6.262303542E0,-1.315563442E0,-3.246034992E-1,-7.938168275E-1,1.570420248E0
6.272257542E0,-1.123287476E0,-1.513978618E-1,-1.069814762E0,1.558589006E0
6.282211542E0,-9.396490172E-1,3.953232336E-1,-6.928912541E-1,1.232606598E0
6.292164542E0,-1.199714093E0,9.691607916E-1,-3.982947886E-1,1.592867001E0
6.302118542E0,-9.405489767E-1,8.105047810E-1,-2.563647383E-1,1.267782811E0
6.312072542E0,-9.788627842E-1,3.643335754E-1,-1.403919402E-1,1.053860143E0
6.322025542E0,-1.254731203E0,2.374238527E-1,-3.576981550E-1,1.326147973E0
6.331979542E0,-1.313132608E0,3.285579711E-1,-8.808505860E-1,1.614981530E0
6.341932542E0,-1.220265521E0,1.529865503E-1,-8.186654475E-1,1.477384832E0
6.351886542E0,-1.307345765E0,-3.859811372E-1,-5.694299269E-1,1.477289690E0
6.361840542E0,-1.209600273E0,-3.602036870E-1,-1.681407791E-1,1.273244218E0
6.371793542E0,-1.256591348E0,1.844434011E-1,-8.268626592E-1,1.515500921E0
6.381747542E0,-1.385190039E0,5.314861751E-1,-6.859175724E-1,1.634537217E0
6.391701542E0,-1.322709909E0,4.814006799E-1,1.477012521E-1,1.415317553E0
6.401654542E0,-1.021500242E0,3.002124238E-1,3.605498421E-1,1.124093605E0
6.411608542E0,-1.111456001E0,7.297675967E-1,-4.982552791E-1,1.419913205E0
6.421561542E0,-1.452159077E0,5.237468004E-1,-4.871859151E-1,1.618773243E0
6.431515542E0,-1.105539642E0,6.521341145E-2,8.434871703E-2,1.110668895E0
6.441469542E0,-9.957853572E-1,-7.472683132E-2,-1.920588148E-1,1.016886997E0
6.451422542E0,-1.307848333E0,-9.393844306E-2,-1.273407210E0,1.827801306E0
6.461376542E0,-1.494763937E0,-1.800538963E-1,-1.579589348E0,2.182164325E0
6.471330542E0,-1.486511908E0,9.231876433E-2,-7.825504124E-1,1.682446300E0
6.481283542E0,-1.041486464E0,-1.583075166E-2,1.246070892E-2,1.041681303E0
6.491237542E0,-1.043716519E0,1.392666435E-1,1.508128479E-1,1.063712313E0
6.501190542E0,-1.079808019E0,5.241151750E-2,-2.976267850E-1,1.121300151E0
6.511144542E0,-1.320616167E0,-5.676769316E-2,-7.025938314E-1,1.496959493E0
6.521098542E0,-1.264300463E0,1.007241368E-1,-4.865172860E-1,1.358418228E0
6.531051542E0,-6.564898516E-1,4.171783715E-1,1.222415981E-1,7.873752138E-1
6.541005542E0,-8.019031613E-1,4.941850322E-1,2.604648060E-1,9.772970078E-1
6.550959542E0,-7.128836153E-1,-2.875619727E-1,-1.065213588E-1,7.760423552E-1
6.560912542E0,-7.503764006E-1,-8.059369361E-1,-7.762190473E-1,1.347262074E0
6.570866542E0,-8.014248591E-1,-7.821112865E-1,-9.153775173E-1,1.446338781E0
6.580819542E0,-8.778199741E-1,1.374101526E-1,4.533831614E-1,9.974997484E-1
6.590773542E0,-1.015908842E0,8.512528574E-1,1.364306562E0,1.902113193E0
6.600727542E0,-1.120158192E0,6.934616500E-1,9.129503381E-1,1.602848014E0
6.610680542E0,-1.000287494E0,-7.272883773E-2,5.280465505E-1,1.133445064E0
6.620634542E0,-7.967820968E-1,-4.953386879E-1,1.671420747E-1,9.529735561E-1
6.630588542E0,-7.375946065E-1,-4.220461786E-1,1.919769537E-1,8.712197950E-1
6.640541542E0,-5.510013669E-1,-2.281320423E-1,6.010604399E-1,8.467115138E-1
6.650495542E0,-3.511111935E-1,-4.356234133E-1,3.135724345E-1,6.413848300E-1
6.660448542E0,-6.869016588E-3,-9.519582832E-1,3.340327191E-1,1.008885332E0
6.670402542E0,-1.808604649E-1,-7.927286607E-1,6.080206731E-1,1.015292261E0
6.680356542E0,-2.428296401E-1,-3.775371730E-2,1.254667468E0,1.278507737E0
6.690309542E0,-1.038756033E-1,4.774239886E-1,1.898078122E0,1.959955194E0
6.700263542E0,-2.820508806E-1,4.483837920E-1,1.592819258E0,1.678592837E0
6.710217542E0,-5.989510204E-1,-1.454068047E-1,4.743553698E-2,6.181711687E-1
6.720170542E0,-7.022128853E-1,-3.991765487E-1,-1.850769469E-1,8.286726312E-1
6.730124542E0,-6.028501265E-1,-9.493492556E-1,7.141198629E-1,1.332163452E0
6.740078542E0,-8.890755719E-1,-4.530837840E-1,7.936861423E-1,1.275020776E0
6.750031542E0,-8.246840597E-1,1.156257659E-1,9.604197890E-2,8.382703489E-1
6.759985542E0,-5.236547068E-1,-3.742159545E-1,2.285328689E-1,6.829927560E-1
6.769938542E0,-1.565193832E-1,5.268253595E-1,1.127926730E0,1.254695973E0
6.779892542E0,2.726201075E-1,5.484109408E-1,-2.498141026E-1,6.614252557E-1
6.789846542E0,4.809651355E-1,-6.469774550E-1,-1.158222324E-1,8.144458720E-1
6.799799542E0,7.038934482E-1,-4.315829873E-2,4.489904407E-1,8.360149765E-1
6.809753542E0,4.804818631E-1,-3.311623210E-1,-6.448695338E-1,8.697057084E-1
6.819707542E0,3.853256277E-1,-4.244838828E-1,-1.471109757E-1,5.918648877E-1
6.829660542E0,1.162295183E-1,2.132631576E-1,1.951929224E-1,3.115938900E-1
6.839614542E0,-5.203822029E-1,7.779445606E-1,1.880727679E-2,9.361351880E-1
6.849567542E0,-3.452702636E-1,6.130519098E-1,2.866664717E-1,7.597511863E-1
6.859521542E0,-1.725323670E-1,1.041477985E0,2.876192755E-1,1.094152028E0
6.869475542E0,-5.212242750E-1,2.935302258E-3,-1.104579383E0,1.221384040E0
6.879428542E0,-6.246560016E-1,-1.551307243E-1,-1.999468841E0,2.100508583E0
6.889382542E0,-1.772294719E-1,-5.915937978E-1,-1.437346764E0,1.564403793E0
6.899336542E0,-2.415461032E-2,6.305754304E-2,-4.183577549E-1,4.237722384E-1
6.909289542E0,-3.497900517E-1,1.307045072E0,4.609710932E-1,1.429410455E0
6.919243542E0,-2.490956808E-1,1.458337099E0,-8.124232525E-1,1.687846940E0
6.929196542E0,-3.294374654E-1,-2.712078953E-1,-1.220894243E0,1.293315707E0
6.939150542E0,-5.451737029E-1,-1.114012111E0,-1.015923314E0,1.603227223E0
6.949104542E0,-1.589923352E-1,-5.639563483E-1,-3.445422122E-1,6.797313156E-1
6.959057542E0,-3.780053157E-1,-6.257877302E-1,-3.388970178E-1,8.058222451E-1
6.969011542E0,-4.414651472E-1,2.713447201E-1,-1.037390197E0,1.159611079E0
6.978965542E0,-2.059193471E-1,-6.021345735E-2,-6.587838605E-1,6.928380856E-1
6.988918542E0,2.041028730E-1,-1.261928540E-1,-2.293272132E-1,3.319240725E-1
6.998872542E0,3.329590607E-1,6.567545843E-1,6.970793223E-1,1.013956558E0
7.008825542E0,-2.217169158E-2,1.131571299E0,2.851824483E-1,1.167165035E0
7.018779542E0,2.817091657E-1,7.458070940E-1,-4.341388053E-1,9.077801373E-1
7.028733542E0,2.280746665E-2,2.282308602E-1,-8.189189243E-1,8.504338368E-1
7.038686542E0,-2.977672096E-1,-2.722937232E-1,-9.579066557E-1,1.039420196E0
7.048640542E0,-3.855390877E-2,3.304817051E-1,-9.045929128E-1,9.638427772E-1
7.058594542E0,-3.710631359E-1,1.034948984E0,-5.873183137E-1,1.246495107E0
7.068547542E0,-5.096750374E-1,1.009631710E0,-9.926379472E-2,1.135331729E0
7.078501542E0,-3.629458849E-1,2.773287606E-1,-3.957956886E-1,6.043965453E-1
7.088454542E0,-1.366387586E-1,-1.370072794E-1,-1.357581972E0,1.371302284E0
7.098408542E0,-4.115810878E-1,5.933877236E-1,-1.735140195E0,1.879419985E0
7.108362542E0,-1.335166744E-1,2.490440243E-1,-1.014309190E0,1.052935307E0
7.118315542E0,1.466748465E-2,4.236588407E-1,-7.886092973E-1,8.953248417E-1
7.128269542E0,-4.689380707E-1,1.148596637E0,-2.083427256E-1,1.258007886E0
7.138223750E0,-2.276967354E-1,1.352415372E0,-4.963473326E-1,1.458503965E0
7.148176750E0,4.768768719E-1,-7.692304552E-2,-2.311941414E0,2.361864054E0
7.158130750E0,5.417094469E-2,-1.137106274E0,-2.492735860E0,2.740379032E0
7.168083750E0,-4.229938295E-1,-1.515284886E0,-1.525805197E0,2.191596123E0
7.178037750E0,-4.726613949E-1,-4.635660875E-1,8.891393065E-2,6.679880229E-1
7.187991750E0,-1.650433628E-1,7.112962425E-1,4.093091887E-1,8.370876108E-1
7.197944750E0,-5.895156974E-1,1.106179765E0,4.453239441E-3,1.253468094E0
7.207898750E0,-1.609710512E-1,1.411552357E0,7.362857804E-1,1.600158894E0
7.217852750E0,1.029566220E-1,1.198796153E0,1.544136803E0,1.957567559E0
7.227805750E0,1.591914329E-1,4.746003681E-1,7.829895383E-1,9.293331151E-1
7.237759750E0,3.233247862E-1,-4.084209967E-1,-1.373569429E0,1.469026754E0
7.247712750E0,4.343720726E-1,-1.505812397E0,-1.698956747E0,2.311407386E0
7.257666750E0,6.263538138E-1,-2.132159121E0,-9.093367589E-1,2.401107028E0
7.267620750E0,3.887161357E-1,-8.659293687E-1,-6.449771225E-1,1.147575442E0
7.277573750E0,5.378019720E-1,9.386383259E-1,8.896339810E-1,1.400614682E0
7.287527750E0,3.287914943E-1,1.511619852E0,2.444264781E0,2.892668101E0
7.297481750E0,-1.290464780E-1,1.476887975E0,1.616095854E0,2.193083878E0
7.307434750E0,4.273896201E-2,6.018340266E-1,4.782563397E-1,7.699090472E-1
7.317388750E0,-2.838222398E-1,-6.014913797E-1,-2.900309595E-1,7.255790110E-1
7.327341750E0,-3.847315872E-1,-5.871323723E-1,-6.308286148E-1,9.437624479E-1
7.337295750E0,-1.836191081E-1,-7.886397028E-1,-5.766231716E-2,8.117841465E-1
7.347249750E0,-1.608113126E-1,-8.552067447E-1,5.274475032E-1,1.017565587E0
7.357202750E0,-2.430090400E-1,-4.933301693E-1,6.689697102E-1,8.659956828E-1
7.367156750E0,-5.407773276E-1,1.605721432E-1,1.306022101E0,1.422644460E0
7.377110750E0,-6.315159550E-1,3.767589086E-1,1.791106820E0,1.936187831E0
7.387063750E0,-8.467497705E-1,-3.056795704E-1,1.515715241E0,1.762900413E0
7.397017750E0,-1.165848555E0,-1.085691122E0,-1.153927544E-1,1.597261266E0
7.406970750E0,-1.242212168E0,-1.616668589E0,-9.296064243E-1,2.240731242E0
7.416924750E0,-1.514841083E0,-1.203430656E0,5.333458820E-1,2.006849940E0
7.426878750E0,-1.461057370E0,-3.799690300E-1,1.889266368E0,2.418344994E0
7.436831750E0,-1.515216328E0,6.566200984E-1,1.635154561E0,2.323953724E0
7.446785750E0,-1.756910694E0,4.866228282E-1,5.783627182E-1,1.912600428E0
7.456738750E0,-1.537672706E0,6.005032003E-2,1.607241708E-1,1.547215450E0
7.466692750E0,-1.363686173E0,-5.067477751E-1,-8.300105077E-1,1.674918126E0
7.476646750E0,-9.029894601E-1,-1.801851078E0,1.781251922E-1,2.023310618E0
7.486599750E0,-9.919377431E-1,-7.759436435E-1,-1.972914881E-1,1.274736426E0
7.496553750E0,-6.270083365E-1,2.609548026E-1,-7.927023482E-1,1.043845715E0
7.506507750E0,-3.942693461E-1,4.898797274E-2,-4.870935291E-2,4.002758296E-1
7.516460750E0,-9.626428273E-1,8.177576673E-1,3.279866982E-1,1.304984325E0
7.526414750E0,-7.591804071E-1,1.718918849E0,1.162596626E0,2.209675952E0
7.536368750E0,-9.771047457E-1,6.045605832E-1,4.242318678E-1,1.224826461E0
7.546321750E0,-1.181388992E0,-6.960969901E-1,-1.316829802E0,1.901123799E0
7.556275750E0,-1.402762823E0,-1.091462908E0,-1.887593479E0,2.592690487E0
7.566228750E0,-1.227963088E0,-7.082001418E-1,2.382459712E-1,1.437428930E0
7.576182750E0,-1.245219537E0,1.881189609E-1,2.456619948E0,2.760605370E0
7.586136750E0,-1.203896095E0,1.494974583E0,1.886286626E0,2.691169271E0
7.596089750E0,-1.234852570E0,1.422595409E0,3.779955947E-1,1.921332672E0
7.606043750E0,-1.306151325E0,2.113727528E-1,-2.477462348E-1,1.346138151E0
7.615996750E0,-1.043600671E0,-6.905193311E-1,-4.051401240E-1,1.315316626E0
7.625950750E0,-9.172090115E-1,-4.736484414E-1,-9.539428282E-1,1.405568261E0
7.635904750E0,-1.308403965E0,-4.317578191E-1,-3.965084642E-1,1.433720583E0
7.645857750E0,-1.287839307E0,-5.973708469E-1,-9.122755694E-1,1.687491844E0
7.655811750E0,-7.144164629E-1,-1.822927952E-1,-4.674205720E-2,7.387870908E-1
7.665765750E0,-8.169126716E-1,3.204057831E-1,3.787732744E-1,9.557590555E-1
7.675718750E0,-7.439144965E-1,8.483391899E-1,1.051275580E0,1.542163579E0
7.685672750E0,-8.605963426E-1,1.289350812E0,7.212674993E-1,1.709759746E0
7.695625750E0,-7.289988340E-1,9.664324808E-1,1.417683747E-1,1.218822921E0
7.705579750E0,-6.900086499E-1,-7.437658310E-3,-1.119695020E0,1.315250620E0
7.715533750E0,-7.774696206E-1,-6.457816994E-1,-1.327011267E0,1.668068319E0
7.725486750E0,-7.744017327E-1,-4.073000854E-1,-1.239959089E0,1.517593472E0
7.735440750E0,-7.389126420E-1,-1.232768476E-1,-8.285811558E-1,1.117020951E0
7.745394750E0,-7.627596340E-1,-2.010249352E-1,5.029482543E-2,7.904067644E-1
7.755347750E0,-7.059100798E-1,8.093248129E-1,-1.017816058E-1,1.078737776E0
7.765301750E0,-8.162775908E-1,7.217832237E-1,-7.165218991E-1,1.304102664E0
7.775254750E0,-9.905420858E-1,1.042156262E0,-6.552717304E-1,1.580077321E0
7.785208750E0,-5.708035840E-1,2.998352784E-1,-2.811215571E-1,7.033827234E-1
7.795162750E0,-7.409970282E-1,-2.527868271E-2,-4.435756266E-2,7.427537957E-1
7.805115750E0,-5.422299953E-1,9.415654421E-2,-7.931391352E-1,9.653748031E-1
7.815069750E0,-6.454932124E-1,-2.097162366E-1,-1.556783745E0,1.698298565E0
7.825023750E0,-6.049766126E-1,-5.935251331E-1,-7.318632388E-1,1.119773453E0
7.834976750E0,-3.639955332E-1,4.694109643E-1,-3.073764324E-2,5.947976162E-1
7.844930750E0,-4.868500657E-1,7.944945198E-1,1.413780731E-1,9.424607621E-1
7.854883750E0,-6.827811990E-1,5.524472737E-1,-2.794723499E-1,9.216794184E-1
7.864837750E0,-1.046950833E0,3.272195435E-1,-8.773443031E-1,1.404603753E0
7.874791750E0,-4.941534938E-1,-2.586930996E-1,-5.191181445E-1,7.619668255E-1
7.884744750E0,-5.136263299E-1,-5.480267787E-1,-4.254735240E-1,8.632340799E-1
7.894698750E0,-6.043760305E-1,-2.059459519E-1,-6.299217117E-1,8.969311480E-1
7.904652750E0,-4.681998232E-1,-2.748267370E-1,-8.245147097E-1,9.872007477E-1
7.914605750E0,-3.782119052E-1,1.050428903E-1,-2.035637963E-1,4.421724473E-1
7.924559750E0,-3.027176816E-1,7.703683233E-1,1.171622388E0,1.434504921E0
7.934512750E0,-4.364370168E-1,1.028695972E0,1.279646773E0,1.698878612E0
7.944466750E0,-5.083365367E-1,6.474300295E-1,3.059005952E-1,8.781496750E-1
7.954420750E0,-2.569074696E-1,-3.503283244E-1,2.573131567E-1,5.049172640E-1
7.964373750E0,-3.576932215E-1,-6.103949350E-1,3.682576418E-1,7.975839192E-1
7.974327750E0,-3.656718203E-1,-1.741072780E-1,2.363830483E-1,4.689415421E-1
7.984280750E0,-7.188148847E-1,2.118990022E-1,-4.805607274E-1,8.902441454E-1
7.994234750E0,-6.269933530E-1,9.195389807E-2,-3.452269211E-1,7.216355113E-1
8.004188750E0,-3.686697243E-1,-2.339272177E-1,5.206966004E-1,6.795323822E-1
8.014141750E0,-2.500282569E-1,-2.345300657E-1,1.302134580E0,1.346503972E0
8.024095750E0,-2.294941329E-1,9.249710441E-3,9.780316025E-1,1.004638706E0
8.034049750E0,-2.690878045E-1,-3.070975202E-1,3.370642081E-1,5.294614375E-1
8.044002750E0,-1.696619871E-2,-9.333044958E-1,9.740671903E-2,9.385271454E-1
8.053956750E0,4.123108203E-1,-1.062712734E0,1.939805022E-1,1.156281541E0
8.063909750E0,4.166104242E-1,-4.802131104E-1,3.047893319E-1,7.050286617E-1
8.073863750E0,5.527558605E-1,4.157194912E-1,7.753846496E-1,1.039029880E0
8.083817750E0,6.990488108E-1,5.937204301E-2,9.344868028E-1,1.168528932E0
8.093770750E0,8.435260543E-1,-4.709645694E-1,5.104768369E-1,1.092671236E0
8.103724750E0,1.135550914E0,-1.023663858E0,-2.897166717E-1,1.556052481E0
8.113678750E0,1.056416306E0,-9.544673234E-1,-1.531698605E-1,1.431951217E0
8.123631750E0,1.043725874E0,-1.213772627E0,2.239860740E-1,1.616408813E0
8.133585750E0,1.005130304E0,-1.159819198E0,3.465749967E-1,1.573398147E0
8.143539250E0,7.014422223E-1,-1.163909326E0,1.932072079E-1,1.372601594E0
8.153493250E0,6.567825048E-1,-2.204306746E-1,3.510267743E-1,7.766419620E-1
8.163447250E0,6.048901469E-1,1.316409388E0,2.015327367E0,2.482009299E0
8.173400250E0,4.305082325E-1,1.572850140E0,2.069172914E0,2.634515411E0
8.183354250E0,2.376509074E-1,1.878312778E-1,-3.434128225E-2,3.048571245E-1
8.193308250E0,3.459619892E-1,-1.145042700E0,-2.063145604E0,2.384823320E0
8.203261250E0,7.628185447E-1,-1.637639043E0,-1.469224615E0,2.328599308E0
8.213215250E0,5.188531560E-1,-9.768873024E-1,-3.161630434E-1,1.150424473E0
8.223168250E0,8.061521137E-1,4.186255574E-1,3.867433217E-1,9.872684461E-1
8.233122250E0,5.310840328E-1,1.100404471E0,7.862815207E-1,1.452989635E0
8.243076250E0,1.681332143E-1,1.631890061E0,5.901156217E-1,1.743436376E0
8.253029250E0,4.342261481E-1,9.946423727E-1,3.072168034E-1,1.127939698E0
8.262983250E0,4.444739051E-1,-6.184541523E-2,3.049729344E-1,5.425775506E-1
8.272936250E0,2.922244694E-1,-5.397938991E-1,-5.542341828E-1,8.270115618E-1
8.282890250E0,2.968658065E-1,-8.494723803E-1,-1.167661484E0,1.474166196E0
8.292844250E0,4.026516221E-1,-9.352217978E-1,-8.965006587E-1,1.356643494E0
8.302797250E0,5.969725053E-1,2.817071557E-2,9.755085289E-2,6.055459770E-1
8.312751250E0,4.641697760E-1,1.071899879E0,6.676999873E-1,1.345453903E0
8.322705250E0,6.677748317E-1,1.414599926E0,1.219599669E0,1.983542167E0
8.332658250E0,6.579803069E-1,1.412827635E0,1.015626276E0,1.860246420E0
8.342612250E0,4.006361965E-1,5.902676493E-1,-6.899392873E-2,7.167185095E-1
8.352565250E0,3.111570959E-1,-3.992876458E-1,-1.033906426E0,1.151178466E0
8.362519250E0,4.770760427E-1,-4.362362015E-1,-1.529930407E0,1.660900547E0
8.372473250E0,1.260954979E-1,-4.233945465E-1,-1.539116968E0,1.601263269E0
8.382426250E0,1.804251580E-1,-8.298450315E-1,-8.487338769E-1,1.200643664E0
8.392380250E0,3.166498606E-1,-7.845852435E-2,2.356340200E-2,3.270750804E-1
8.402334250E0,1.608021946E-1,1.131106446E0,7.571743736E-1,1.370610145E0
8.412287250E0,2.148390919E-1,1.567526835E0,1.285008962E0,2.038269915E0
8.422241250E0,1.065136843E-1,1.978793086E0,1.085835840E0,2.259647476E0
8.432194250E0,2.602753196E-1,8.985591710E-1,-3.017022943E-1,9.829425721E-1
8.442148250E0,1.828218586E-1,-6.324173033E-1,-2.483675892E0,2.569439903E0
8.452102250E0,2.990517880E-1,-2.120336051E0,-3.114586368E0,3.779669984E0
8.462055250E0,4.261713892E-1,-2.561721311E0,-2.071814686E0,3.322115925E0
8.472009250E0,-8.545797039E-2,-1.518402622E0,-1.213715909E0,1.945753297E0
8.481962250E0,1.309303778E-1,2.941435987E-1,-6.993503809E-1,7.699053031E-1
8.491916250E0,-9.261499889E-2,1.788180288E0,-2.600911689E-1,1.809368314E0
8.501870250E0,-2.324697992E-1,1.989004664E0,5.045927837E-1,2.065138164E0
8.511823250E0,-4.245922025E-1,1.196727408E0,9.949458432E-1,1.613180789E0
8.521777250E0,-8.765930090E-2,-3.906384444E-1,4.790039062E-1,6.242814185E-1
8.531731250E0,1.220033788E-1,-8.814180583E-1,-6.731893533E-1,1.115780679E0
8.541684250E0,8.365700969E-2,-9.603975695E-1,-1.088493692E0,1.454022182E0
8.551638250E0,5.444304122E-2,-1.171817100E-1,-8.426410782E-1,8.524902255E-1
8.561591250E0,2.461066390E-1,9.117142367E-1,2.674276704E-1,9.814830035E-1
8.571545250E0,3.672804259E-1,1.448757021E0,7.657390827E-1,1.679329676E0
8.581499250E0,2.518085331E-1,1.275246159E0,4.256387079E-1,1.367782370E0
8.591452250E0,1.107135566E-1,2.786841452E-1,-1.137581652E-1,3.207230340E-1
8.601406250E0,4.316678450E-1,-3.053568041E-1,-2.324010944E-1,5.775726577E-1
8.611359250E0,3.380401815E-1,-3.156461495E-1,-1.990550083E-1,5.035142027E-1
8.621313250E0,1.652534789E-1,-2.663026661E-1,-3.863810867E-1,4.975099661E-1
8.631267250E0,3.722260009E-1,-8.863794208E-2,4.655737290E-1,6.026340329E-1
8.641220250E0,2.822966647E-1,2.972478855E-1,1.345712416E0,1.406765659E0
8.651174250E0,3.224731392E-1,4.184127188E-1,1.179149508E0,1.292072634E0
8.661128250E0,5.391046585E-1,3.788732618E-1,5.686651111E-1,8.703785325E-1
8.671081250E0,6.102844957E-1,-7.736801863E-2,4.437370098E-1,7.585087408E-1
8.681035250E0,6.631348468E-1,-8.190159881E-1,5.932079217E-1,1.209309990E0
8.690988250E0,5.946165159E-1,-1.191494150E0,3.319978881E-1,1.372388323E0
8.700942250E0,9.217397996E-1,-8.485005730E-1,2.834355927E-1,1.284481692E0
8.710896250E0,8.736900857E-1,7.453094959E-2,-4.101237059E-3,8.768728804E-1
8.720849250E0,6.064155393E-1,-1.502494687E-1,-4.879326046E-2,6.266542040E-1
8.730803250E0,8.513298945E-1,-5.065226573E-1,7.798039752E-1,1.260722821E0
8.740756250E0,5.236833581E-1,1.546413124E-2,1.587857019E0,1.672056611E0
8.750710250E0,2.859320796E-1,1.864852488E-1,2.308051554E0,2.333160063E0
8.760664250E0,4.698957715E-2,-1.235452348E-1,1.716651299E0,1.721732595E0
8.770617250E0,-1.130958402E-1,-8.086903900E-1,5.492815912E-1,9.841143645E-1
8.780571250E0,-1.252904642E-1,-1.142724279E0,3.715291589E-1,1.208118534E0
8.790525250E0,-3.452688749E-1,-9.295587695E-1,2.420884690E-1,1.020733525E0
8.800478250E0,-4.918784153E-1,-6.334043133E-1,-5.951345792E-1,9.986643916E-1
8.810432250E0,-3.404371744E-1,-4.577387524E-1,-6.057952228E-1,8.321118237E-1
8.820385250E0,-2.745678516E-1,9.248891830E-2,5.346436715E-1,6.080999594E-1
8.830339250E0,-3.130212613E-1,1.366724094E0,1.385432845E0,1.971126892E0
8.840293250E0,-2.385235495E-1,1.794111704E0,6.133252671E-1,1.910994027E0
8.850246250E0,-2.488099165E-1,1.284947859E0,-2.457263142E-1,1.331682694E0
8.860200250E0,-3.157457715E-1,1.136470681E-1,-8.465654370E-1,9.106503651E-1
8.870154250E0,-1.925868001E-1,-1.286579817E0,-9.300622147E-1,1.599185113E0
8.880107250E0,-2.703064374E-1,-8.424656618E-1,-2.764358908E-1,9.269470120E-1
8.890061250E0,-2.894149188E-1,6.839453065E-1,7.496203557E-1,1.055212232E0
8.900014250E0,-1.956099202E-1,1.540796873E0,1.284428626E0,2.015459040E0
8.909968250E0,-5.143556605E-1,1.151889204E0,6.368857455E-1,1.413164512E0
8.919922250E0,-8.230156298E-1,4.819491488E-1,-4.488112235E-1,1.054068889E0
8.929875250E0,-4.660891245E-1,-4.387364709E-1,-5.048225793E-1,8.152144500E-1
8.939829250E0,-5.993547706E-1,-1.390504135E0,-1.027025422E0,1.829619936E0
8.949782250E0,-7.011847255E-1,-1.866476845E0,-1.992641340E0,2.818867741E0
8.959736250E0,-5.324222412E-1,-1.995099801E0,-1.658917646E0,2.648755258E0
8.969690250E0,-4.007755429E-1,-1.172282538E0,1.289714509E-1,1.245592638E0
8.979643250E0,-5.558675660E-1,5.275656170E-1,6.504039234E-1,1.005156453E0
8.989597250E0,-6.105876373E-1,5.340501791E-1,1.878400194E0,2.046072860E0
8.999551250E0,-5.024197391E-1,1.260629874E0,2.572625198E0,2.908610267E0
9.009504250E0,-1.068997321E0,1.288335736E0,1.544529443E0,2.277747888E0
9.019458250E0,-8.794915469E-1,1.777465850E-1,-6.349848157E-1,1.099229251E0
9.029411250E0,-8.202961629E-1,-1.026988585E0,-8.614351988E-1,1.571515813E0
9.039365250E0,-9.143761086E-1,-1.265333374E0,-5.975100106E-1,1.671577228E0
9.049319250E0,-1.002871305E0,-1.339439816E0,-1.073282161E0,1.987909573E0
9.059272250E0,-1.176274433E0,-4.791021395E-1,-9.489890671E-1,1.585478051E0
9.069226250E0,-8.112840687E-1,5.976246160E-1,3.712628183E-1,1.073858977E0
9.079179250E0,-1.000507203E0,1.225555351E0,1.329003705E0,2.066216695E0
9.089133250E0,-8.392575869E-1,1.655796402E0,5.101678115E-1,1.925171737E0
9.099087250E0,-9.149124444E-1,1.031724830E0,-7.981209630E-1,1.593272725E0
9.109040250E0,-1.301953170E0,-2.285647362E-1,-1.245856299E0,1.816447581E0
9.118994250E0,-1.298905163E0,-1.062568892E0,-1.473921975E0,2.233529329E0
9.128948250E0,-9.401480039E-1,-6.307338899E-1,-1.239705028E0,1.678860347E0
9.138901250E0,-1.154401972E0,2.050560057E-2,-4.514120650E-1,1.239692400E0
9.148854917E0,-1.126485757E0,7.640761346E-1,5.807594919E-1,1.479886512E0
9.158807917E0,-9.891169001E-1,1.264824082E0,1.319251719E0,2.078113880E0
9.168761917E0,-9.950065812E-1,1.035234913E0,7.857605338E-2,1.438027683E0
9.178715917E0,-9.917375491E-1,8.565586209E-3,-1.051862640E0,1.445694210E0
9.188668917E0,-4.753677787E-1,-6.230705291E-1,-1.175183927E0,1.412532715E0
9.198622917E0,-6.950085309E-1,-8.853006095E-1,-8.974984860E-1,1.439547693E0
9.208575917E0,-9.767306701E-1,-3.269166577E-1,-4.956190619E-1,1.143029115E0
9.218529917E0,-5.897395726E-1,6.563271528E-1,8.190197888E-1,1.203890157E0
9.228483917E0,-5.904854581E-1,9.644771719E-1,2.021830055E0,2.316610900E0
9.238436917E0,-5.554180613E-1,9.322327012E-1,2.052491977E0,2.321695576E0
9.248390917E0,-2.329635600E-1,1.227956218E-1,2.104947934E0,2.121357251E0
9.258344917E0,-2.553539009E-1,-5.544633937E-1,6.328722167E-1,8.792966009E-1
9.268297917E0,9.711832339E-2,-1.860396325E0,-1.580305632E0,2.442922910E0
9.278251917E0,-2.522970680E-1,-2.618895385E0,-2.279587016E0,3.481204362E0
9.288204917E0,6.085647291E-3,-2.191527656E0,-9.560872945E-1,2.391010961E0
9.298158917E0,-6.068080063E-2,-7.507661176E-1,5.912581676E-1,9.575584283E-1
9.308112917E0,-5.620426643E-1,1.260501820E0,1.303525925E0,1.898403706E0
9.318065917E0,-4.404639577E-1,2.402678214E0,1.797829363E0,3.032995470E0
9.328019917E0,-5.428724216E-1,1.274262657E0,1.390130205E0,1.962375543E0
9.337972917E0,-5.235471180E-1,-1.549681717E-1,3.615099549E-1,6.548329302E-1
9.347926917E0,-5.094245939E-1,-9.857967049E-1,-3.983824968E-1,1.178989896E0
9.357880917E0,-6.404140285E-1,-1.905451460E0,-5.536342585E-1,2.085038678E0
9.367833917E0,-9.405348703E-1,-1.327144291E0,-8.153164548E-1,1.819521567E0
9.377787917E0,-6.448759657E-1,-9.453216934E-1,8.400285423E-2,1.147412129E0
9.387741917E0,-6.083084292E-1,5.899057066E-1,1.125691924E0,1.408974874E0
9.397694917E0,-7.735119326E-1,1.689392164E0,1.846572338E0,2.619579354E0
9.407648917E0,-6.616886111E-1,1.067926696E0,1.068687126E0,1.649360913E0
9.417601917E0,-4.974778552E-1,-4.017288584E-1,3.642961532E-2,6.404665557E-1
9.427555917E0,-4.146353078E-1,-1.190168586E0,-2.944146171E-1,1.294257961E0
9.437509917E0,-5.889118993E-1,-9.248564386E-1,-5.188415712E-1,1.213001745E0
9.447462917E0,-2.887106583E-1,1.487748009E-1,-5.498318142E-1,6.385944014E-1
9.457416917E0,-4.769246364E-1,5.939771229E-1,-1.194662172E-1,7.710629730E-1
9.467369917E0,-6.773883851E-1,7.525080031E-1,7.200854847E-1,1.242435682E0
9.477323917E0,-2.114845077E-1,4.786138970E-1,1.960903530E0,2.029517089E0
9.487277917E0,-1.716996869E-1,7.895957226E-1,1.233469557E0,1.474581071E0
9.497230917E0,-1.417794570E-1,2.913345963E-1,4.525014013E-1,5.565382104E-1
9.507184917E0,-3.171273041E-2,-6.404385138E-1,-4.792132366E-1,8.005076597E-1
9.517138917E0,1.041636061E-1,-9.693151581E-1,-1.119136611E-1,9.812984256E-1
9.527091917E0,-7.092304395E-2,-7.513052309E-1,-1.224558985E-1,7.645162360E-1
9.537045917E0,-3.837468430E-1,3.138703501E-1,7.009311756E-1,8.585340699E-1
9.546998917E0,-1.547544560E-1,6.638343930E-1,1.224831173E0,1.401726238E0
9.556952917E0,-4.190797399E-1,8.969272131E-1,8.929481828E-1,1.333215178E0
9.566906917E0,-5.055066670E-1,-5.632330477E-1,6.226202935E-2,7.593714616E-1
9.576859917E0,-3.754378033E-1,-1.009776136E0,-6.696880406E-1,1.268496536E0
9.586813917E0,-6.050477294E-1,-1.611526548E0,-5.692355070E-1,1.813044299E0
9.596767917E0,-2.927838287E-1,-1.538543356E0,2.184671795E-1,1.581317785E0
9.606720917E0,-5.831947841E-1,-1.318909657E-1,9.389476436E-1,1.113163986E0
9.616674917E0,-6.934061746E-1,1.143331804E0,9.724504352E-2,1.340699943E0
9.626627917E0,-6.346239694E-1,1.238070146E0,4.886284232E-2,1.392103749E0
9.636581917E0,-4.604470365E-1,6.059440345E-1,1.129932910E0,1.362324494E0
9.646535917E0,-1.677371020E-1,1.460611081E-1,9.221070778E-1,9.485520785E-1
9.656488917E0,-3.484953320E-1,-6.626889235E-1,-3.948966792E-1,8.464921695E-1
9.666442917E0,-2.710607830E-1,-4.792418879E-1,-9.345283180E-2,5.584623237E-1
9.676395917E0,-8.331291019E-2,-5.675950706E-2,5.878346229E-1,5.964161521E-1
9.686349917E0,-2.145874971E-1,-1.699575090E-1,9.822424749E-1,1.019673295E0
9.696303917E0,-4.291914030E-1,4.472301364E-2,9.268655419E-2,4.413572314E-1
9.706256917E0,-2.873446390E-1,3.885673606E-1,6.625047362E-1,8.200390605E-1
9.716210917E0,-1.395313945E-1,9.562536478E-2,3.664184001E-1,4.035785727E-1
9.726163917E0,-9.602345053E-2,-8.919997644E-1,-5.063256061E-1,1.030169744E0
9.736117917E0,-2.791496384E-2,-1.401761194E0,-5.309116861E-1,1.499193420E0
9.746071917E0,4.752890057E-2,-7.029136741E-1,8.078057063E-1,1.071865984E0
9.756024917E0,1.735045762E-1,2.156628549E-2,1.648043579E0,1.657291942E0
9.765978917E0,2.634742399E-1,4.052693474E-1,1.231225981E0,1.322716649E0
9.775932917E0,2.030760654E-1,4.406894410E-1,3.344540110E-1,5.893272073E-1
9.785885917E0,2.834934070E-1,3.128663832E-1,-1.443806183E-1,4.462058365E-1
9.795839917E0,4.423045881E-1,-4.425272208E-1,8.714807153E-2,6.317107536E-1
9.805792917E0,1.382011164E-1,-6.996842569E-1,-7.014992326E-1,1.000379319E0
9.815746917E0,2.095735645E-1,-7.902880329E-1,-9.204660568E-1,1.231151500E0
9.825700917E0,6.351636674E-2,-6.892317742E-1,-3.760414553E-1,7.877067624E-1
9.835653917E0,-1.123529697E-2,-2.493317074E-1,4.647887403E-1,5.275614706E-1
9.845607917E0,1.554102395E-1,7.677873623E-1,1.999289331E0,2.147279117E0
9.855560917E0,-1.527064322E-2,7.193981445E-1,1.597164617E0,1.751771017E0
9.865514917E0,1.429436834E-1,6.804194355E-1,3.895651880E-1,7.969721077E-1
9.875468917E0,1.480510252E-1,-4.669527948E-1,-3.938009110E-1,6.285246027E-1
9.885421917E0,5.221422514E-1,-5.513824958E-1,3.561439651E-1,8.387453196E-1
9.895375917E0,3.454802518E-1,-6.691430801E-1,1.048001724E0,1.290510240E0
9.905328917E0,-1.584317151E-1,3.396179795E-2,-3.383345157E-1,3.751323188E-1
9.915282917E0,-6.707995232E-2,4.276659375E-1,-3.420533448E-1,5.517230871E-1
9.925236917E0,6.124006396E-2,-2.134666407E-1,5.535097128E-1,5.963986538E-1
9.935189917E0,-2.656999460E-1,-7.598345643E-1,2.665523422E-1,8.479358334E-1
9.945143917E0,-2.866084198E-1,-7.127902061E-1,-1.114976317E-1,7.763027670E-1
9.955097917E0,-4.225909564E-1,-5.615794551E-1,1.434263527E-1,7.173044817E-1
9.965050917E0,-2.724267474E-1,-6.971296084E-1,1.331595191E-1,7.602219946E-1
9.975004917E0,-4.065932301E-1,-2.412906164E-1,1.135809946E-1,4.862508187E-1
9.984957917E0,-8.853398954E-2,1.049037266E-1,1.176714728E0,1.184694311E0
9.994911917E0,3.633634127E-1,1.033564364E0,1.991913654E0,2.273325376E0
1.000486592E1,3.463491480E-1,7.672669601E-1,1.622018791E0,1.827457600E0
1.001481892E1,4.668362159E-1,-2.647092998E-1,-1.083912984E-1,5.474995338E-1
1.002477292E1,7.935522410E-1,-1.759099746E0,-1.117847884E0,2.230188550E0
1.003472592E1,7.272341444E-1,-1.995115004E0,-2.473296207E-1,2.137878697E0
1.004467992E1,3.557989429E-1,-4.629983228E-1,4.666113174E-1,7.474533137E-1
1.005463392E1,3.528955445E-1,3.230574954E-1,7.310750341E-1,8.737116894E-1
1.006458692E1,-6.998559823E-2,1.246994752E0,5.172274473E-1,1.351820301E0
1.007454092E1,-2.842778658E-1,1.741429460E0,1.548050344E-2,1.764548133E0
1.008449492E1,-2.458695162E-1,1.019198340E0,1.027004957E-1,1.053453590E0
1.009444792E1,1.416451447E-3,-1.909542757E-1,-1.596377581E-1,2.488970783E-1
1.010440192E1,2.836540958E-2,-8.594331121E-1,-9.397294164E-1,1.273782260E0
1.011435492E1,-2.638901414E-2,-1.061385416E0,-1.437791737E0,1.787310958E0
1.012430892E1,2.116129637E-1,-1.014348659E0,-8.408544615E-1,1.334436013E0
1.013426292E1,1.627054085E-1,-5.851425648E-2,-2.317994159E-1,2.891849536E-1
1.014421550E1,7.565611834E-2,7.691626275E-1,9.016491321E-1,1.187563115E0
1.015416950E1,3.095126761E-2,1.288514076E0,8.654624686E-1,1.552498563E0
1.016412250E1,1.291095366E-1,8.635963297E-1,4.759563375E-1,9.944859618E-1
1.017407650E1,-3.822905208E-1,3.407956088E-1,-7.905277687E-1,9.419245418E-1
1.018403050E1,-1.581502447E-1,-2.037397975E-1,-1.423202934E0,1.446384457E0
1.019398350E1,4.112856572E-2,-3.499038166E-1,-1.063461762E0,1.120301370E0
1.020393750E1,-1.457777557E-1,-9.314731479E-2,-2.615269527E-1,3.135664575E-1
1.021389150E1,2.227482185E-2,-1.377732646E-1,-5.440424860E-2,1.497913963E-1
1.022384450E1,3.304721668E-1,8.771992922E-3,3.628173923E-1,4.908413808E-1
1.023379850E1,2.357927171E-1,2.694472986E-1,1.126781845E-1,3.753617261E-1
1.024375150E1,8.659483356E-2,4.147044146E-1,5.527060130E-1,6.963923847E-1
1.025370550E1,1.920812352E-1,9.246085167E-2,3.749585509E-2,2.164489528E-1
1.026365950E1,2.705448028E-1,-3.823850995E-1,-1.132553339E0,1.225597781E0
1.027361250E1,7.240928739E-2,-1.152099704E0,-1.967598300E0,2.281232102E0
1.028356650E1,3.201682399E-1,-8.542062861E-1,-1.046843098E0,1.388544761E0
1.029351950E1,4.753074061E-1,1.505734044E-1,4.585886452E-1,6.774164346E-1
1.030347350E1,3.569964161E-1,9.082059073E-1,6.288347143E-1,1.160912361E0
1.031342750E1,2.046133349E-1,1.133054738E0,-1.428825617E-2,1.151470282E0
1.032338050E1,2.233048917E-1,6.082747346E-1,5.624553680E-2,6.504050952E-1
1.033333450E1,7.109196452E-2,5.446447492E-2,4.474874139E-3,8.966867316E-2
1.034328750E1,-4.447960502E-2,-1.048336769E0,-5.643902117E-1,1.191438093E0
1.035324150E1,1.986287280E-1,-1.291066970E0,-1.280984616E-1,1.312522956E0
1.036319550E1,3.728382774E-1,-7.704186094E-1,5.107113102E-1,9.966841311E-1
1.037314850E1,3.770891301E-2,1.391502839E-1,1.174982783E0,1.183794451E0
1.038310250E1,1.569711720E-1,1.219040383E0,1.177286001E0,1.701969956E0
1.039305650E1,2.821283928E-1,1.490486260E0,9.577631065E-1,1.794005543E0
1.040300950E1,3.844594358E-1,5.189596850E-1,6.678590316E-1,9.290661432E-1
1.041296350E1,3.483853312E-1,-5.551124346E-1,3.114671445E-1,7.256265818E-1
1.042291650E1,5.304824274E-1,-1.231407244E0,-7.516420305E-1,1.537121059E0
1.043287050E1,8.046759110E-1,-8.295398068E-1,-6.130209196E-1,1.308217971E0
1.044282350E1,6.153147823E-1,-2.498445082E-1,-4.976916075E-2,6.659666124E-1
1.045277750E1,6.623049807E-1,3.691914421E-1,9.337912765E-1,1.202878363E0
1.046273150E1,5.754128345E-1,9.790946263E-1,1.889321331E0,2.204373224E0
1.047268450E1,2.539676723E-1,7.420870954E-1,1.560096193E0,1.746165218E0
1.048263850E1,2.876805616E-1,-1.819513178E-1,2.115680498E-1,4.007835167E-1
1.049259250E1,6.276355600E-2,-9.180315685E-1,-5.147461814E-1,1.054364669E0
1.050254550E1,-1.559274074E-1,-1.912517821E0,-4.309260526E-1,1.966655799E0
1.051249950E1,-3.700455742E-1,-1.713444101E0,5.173616409E-3,1.752954986E0
1.052245250E1,-5.626221599E-1,-5.232375079E-1,4.109364688E-1,8.713150784E-1
1.053240650E1,-6.193159588E-1,5.290268362E-1,1.192188215E0,1.443860931E0
1.054236050E1,-8.602886329E-1,1.071759546E-1,8.814654207E-1,1.236351287E0
1.055231350E1,-8.459002431E-1,-2.321888405E-1,1.349958372E-1,8.875149323E-1
1.056226750E1,-8.273322637E-1,-6.600126529E-1,2.055375239E-1,1.078119219E0
1.057222050E1,-6.401635484E-1,-4.074854422E-1,8.166373408E-1,1.114787110E0
1.058217450E1,-5.007549272E-1,9.398931384E-2,8.767625052E-1,1.014052256E0
1.059212850E1,-3.434760455E-1,3.113309044E-1,4.033432746E-1,6.144823212E-1
1.060208150E1,-2.512441854E-1,4.593163311E-1,1.008720714E-1,5.331700550E-1
1.061203550E1,-4.743838750E-2,4.813398689E-1,1.750802547E-1,5.143846475E-1
1.062198950E1,1.331175014E-1,1.321038043E-1,-2.041034943E-1,2.771821074E-1
1.063194250E1,1.903228313E-1,-6.083419776E-1,-8.306478542E-1,1.047033237E0
1.064189650E1,2.449861663E-1,-1.166241780E0,-7.738962409E-1,1.420934025E0
1.065184950E1,2.901597171E-2,-3.354296190E-1,3.970961094E-2,3.390159422E-1
1.066180350E1,-1.967006086E-1,4.303574109E-1,2.387049776E-1,5.299799024E-1
1.067175750E1,-2.578531836E-1,3.808180457E-1,-5.101900309E-2,4.627240938E-1
1.068171050E1,-6.495229673E-1,4.813819689E-1,-3.809648108E-1,8.937241588E-1
1.069166450E1,-5.553247616E-1,9.965000331E-2,7.756343257E-1,9.591268536E-1
1.070161750E1,-6.188700356E-1,-2.430652463E-1,3.789381659E-1,7.652940405E-1
1.071157150E1,-4.892142777E-1,-5.038884866E-1,-4.127377036E-1,8.146082669E-1
1.072152550E1,-3.302254874E-1,-8.037196720E-1,-4.918987709E-1,9.984881494E-1
1.073147850E1,-3.031034517E-1,-6.528685248E-1,5.844847530E-2,7.221670425E-1
1.074143250E1,-1.781672374E-1,8.529391944E-2,6.938884968E-1,7.214567645E-1
1.075138550E1,-2.498151442E-1,8.742464483E-1,1.070553558E0,1.404563768E0
1.076133950E1,-4.421997402E-1,7.448580909E-1,8.333185700E-1,1.201987531E0
1.077129350E1,-5.400603859E-1,1.809754175E-1,4.268502510E-1,7.117713530E-1
1.078124650E1,-7.133041032E-1,-2.833519775E-1,-2.801722616E-1,8.170603301E-1
1.079120050E1,-1.019886776E0,-6.750815123E-1,-1.033680723E0,1.601374385E0
1.080115450E1,-1.025942226E0,-7.928175384E-1,-7.907885545E-1,1.518704592E0
1.081110750E1,-9.160315284E-1,-6.655540591E-1,3.166080165E-1,1.175719611E0
1.082106150E1,-9.089485768E-1,-1.870886815E-1,7.603043881E-1,1.199688481E0
1.083101450E1,-9.118599786E-1,7.328549266E-2,4.583559260E-1,1.023205521E0
1.084096850E1,-8.811855584E-1,5.104601723E-1,-1.811107805E-1,1.034339737E0
1.085092250E1,-8.049512418E-1,7.503866333E-1,5.777224481E-2,1.101981957E0
1.086087550E1,-9.446223664E-1,1.879435444E-1,2.732713777E-1,1.001155051E0
1.087082950E1,-9.735428412E-1,-3.580472338E-1,-6.355256832E-1,1.216501697E0
1.088078250E1,-1.009900682E0,-7.652309597E-1,-1.306743355E0,1.820180212E0
1.089073650E1,-9.783938375E-1,-3.362260097E-1,-5.814430314E-1,1.186751208E0
1.090069050E1,-9.757106964E-1,3.229539996E-1,3.168720183E-1,1.075508496E0
1.091064350E1,-9.519172065E-1,6.825150776E-1,7.672836247E-1,1.400249035E0
1.092059750E1,-1.109400266E0,6.043132460E-1,-2.314468288E-1,1.284340719E0
1.093055050E1,-1.165597344E0,-3.539155912E-1,-5.946945763E-1,1.355557100E0
1.094050450E1,-1.169621251E0,-8.604674846E-1,-6.974874580E-1,1.610871478E0
1.095045850E1,-8.411237258E-1,-8.455518222E-1,-2.471085960E-1,1.217994115E0
1.096041150E1,-9.193873917E-1,-1.475153106E-1,5.822540402E-1,1.098204767E0
1.097036550E1,-9.165757580E-1,1.464326987E0,2.541004626E0,3.072632284E0
1.098031950E1,-1.740050979E0,1.660680581E0,1.532648193E0,2.852130412E0
1.099027250E1,-1.772668502E0,-7.961691624E-1,-2.017888155E0,2.801448118E0
1.100022650E1,-6.667746654E-1,-1.584262151E0,-2.344829663E0,2.907352948E0
1.101017950E1,-3.454819694E-1,-8.892088884E-1,6.946386945E-1,1.180073368E0
1.102013350E1,-1.139440775E0,7.148800009E-1,2.291391082E0,2.657038161E0
1.103008750E1,-1.366736373E0,1.337549411E0,8.070739272E-1,2.075662560E0
1.104004050E1,-7.612923483E-1,4.235582685E-1,-2.272570065E-1,9.003407096E-1
1.104999450E1,-1.748596977E0,1.408132321E-1,-1.071200552E0,2.055453813E0
1.105994750E1,-1.115831545E0,-1.343406567E0,6.762348756E-1,1.872729251E0
1.106990150E1,-8.740119749E-1,6.513564348E-2,8.450682575E-1,1.217489197E0
1.107985550E1,-1.624500496E0,-9.226438522E-2,7.897132516E-1,1.808635286E0
1.108980850E1,-1.271781684E0,-4.052137989E-1,-2.161774099E-2,1.334951010E0
1.109976250E1,-8.801624418E-1,-1.403156340E0,-3.179984844E-1,1.686611003E0
1.110971550E1,-9.037956449E-1,-8.874810362E-1,1.612077355E-1,1.276893532E0
1.111966950E1,-9.271124406E-1,4.887693411E-1,2.146025208E0,2.388274930E0
1.112962350E1,-9.805439318E-1,1.825100192E0,3.198092501E0,3.810544943E0
1.113957650E1,-7.578855412E-1,1.693644260E0,1.700233779E0,2.516667693E0
1.114953038E1,-8.809675303E-1,-7.415994376E-1,-1.117240943E0,1.604462789E0
1.115948338E1,-1.094323001E0,-2.604710625E0,-2.661849616E0,3.881688247E0
1.116943738E1,-6.735545120E-1,-3.164905459E0,-2.207023362E0,3.916791336E0
1.117939138E1,-5.711079316E-1,-2.451142277E0,1.157731158E-1,2.519457510E0
1.118934438E1,-6.230971339E-1,-7.137316078E-1,2.270711527E0,2.460445831E0
1.119929838E1,-4.680892012E-1,1.370975019E0,2.751538595E0,3.109605223E0
1.120925238E1,-7.456868606E-1,2.162633055E0,1.916514392E0,2.984301935E0
1.121920538E1,-6.236632906E-1,9.510601509E-1,1.165706175E0,1.628601301E0
1.122915938E1,-3.364167751E-1,-5.788380969E-1,-1.671362275E-1,6.900465981E-1
1.123911238E1,-3.106823020E-1,-2.096801593E0,-7.104282233E-1,2.235577928E0
1.124906638E1,-6.000137883E-1,-2.090643890E0,-9.906352758E-1,2.390013948E0
1.125902038E1,-7.034508140E-1,-5.250144768E-1,-4.555945784E-1,9.889639368E-1
1.126897338E1,-7.960822581E-1,8.639120793E-1,1.075004166E0,1.592395993E0
1.127892738E1,-8.743786684E-1,9.368169183E-1,1.702228557E0,2.130667983E0
1.128888038E1,-1.394447789E0,2.123258489E0,-4.287649217E-1,2.576150347E0
1.129883437E1,-9.218575479E-1,-3.004825652E-2,7.285396814E-1,1.175369858E0
1.130878837E1,-7.890417720E-1,4.130590081E-2,-7.086021379E-1,1.061324684E0
1.131874137E1,-1.020572362E0,-1.567116360E0,-1.317453993E0,2.287598447E0
1.132869538E1,-9.982770751E-1,-7.773697793E-1,-1.856215566E0,2.246418732E0
1.133864838E1,-3.268139660E-1,-3.510633194E-1,1.034013138E0,1.139840336E0
1.134860238E1,-7.027629621E-1,9.424419397E-1,2.620132656E0,2.871788245E0
1.135855638E1,-8.955738750E-1,2.331605308E0,1.746395208E0,3.047676509E0
1.136850938E1,-1.309259412E0,1.473162130E0,1.447521797E0,2.445339694E0
1.137846338E1,-1.170196617E0,8.578917861E-1,6.918422636E-1,1.607477576E0
1.138841638E1,-1.073012385E0,-6.063679576E-1,-3.991408807E-1,1.295511915E0
1.139837038E1,-1.489472353E0,-9.905814815E-1,-1.181040498E0,2.143510256E0
1.140832438E1,-1.625256102E0,-9.320911986E-1,-1.682049231E0,2.517844518E0
1.141827738E1,-1.498363190E0,-6.650535375E-1,8.653352916E-2,1.641607904E0
1.142823138E1,-1.247015217E0,-1.637103438E-1,6.454472387E-1,1.413665507E0
1.143818438E1,-1.486430047E0,6.709931391E-1,8.071847320E-2,1.632856867E0
1.144813838E1,-1.055028177E0,-7.798022211E-2,1.093193977E0,1.521262120E0
1.145809238E1,-1.289046172E0,5.097105592E-1,1.373962654E0,1.951721872E0
1.146804538E1,-1.324201241E0,-8.486157632E-1,4.497064322E-1,1.635815856E0
1.147799938E1,-1.274780428E0,-2.236570512E0,-1.052916893E0,2.781357003E0
1.148795238E1,-1.525114641E0,-2.489436861E0,-1.389444619E0,3.233237836E0
1.149790638E1,-1.499308978E0,-1.268920641E0,-2.671241999E-2,1.964382996E0
1.150786038E1,-1.452449245E0,7.147940469E-1,1.336061295E0,2.098951910E0
1.151781338E1,-8.394831432E-1,7.772540045E-1,2.310500660E0,2.578229826E0
1.152776737E1,-1.349549652E0,-8.797761601E-1,1.863273740E0,2.463144207E0
1.153772138E1,-2.780605397E0,-8.244919056E-1,1.853467374E0,3.441931810E0
1.154767438E1,-3.407307339E0,7.651666403E-2,4.495970893E0,5.641750825E0
1.155762838E1,-2.529417198E0,2.341318703E-1,6.507161062E0,6.985407231E0
1.156758138E1,-3.192335917E0,-8.411868757E-1,4.397847305E0,5.499060364E0
1.157753538E1,-2.858638828E0,-7.428682834E-1,2.795695891E0,4.066888829E0
1.158748938E1,-2.725486326E0,-1.133266407E-1,3.426410485E0,4.379658372E0
1.159744238E1,-3.254384231E0,9.617178708E-1,3.257443494E0,4.703919228E0
1.160739638E1,-2.635891487E0,1.411820744E0,1.263503780E0,3.246167517E0
1.161734938E1,-3.115709910E0,-1.054311454E-2,-3.933059442E-1,3.140453625E0
1.162730338E1,-2.802820723E0,-1.807830441E0,-1.081402189E0,3.506206726E0
1.163725738E1,-2.598495619E0,-2.422992026E0,-1.319619509E0,3.790048218E0
1.164721038E1,-2.812033011E0,-1.129816550E0,-7.123984426E-1,3.113121686E0
1.165716438E1,-2.390099684E0,5.689329135E-1,1.557965175E0,2.909212376E0
1.166711738E1,-2.361867426E0,1.845581235E0,2.443016986E0,3.866900545E0
1.167707138E1,-2.141694614E0,1.153805337E0,1.671667500E0,2.951710488E0
1.168702538E1,-1.983130405E0,2.255241841E-1,5.283935827E-1,2.064671194E0
1.169697838E1,-1.440436871E0,-1.489560646E0,2.256890756E-1,2.084366776E0
1.170693238E1,-4.115684067E-1,-2.412119129E0,6.593270668E-1,2.534249282E0
1.171688538E1,-3.836042440E-1,-2.037190399E0,2.376954558E0,3.153919769E0
1.172683938E1,-6.512405138E-1,-1.008052377E0,3.159466087E0,3.379720367E0
1.173679337E1,-1.331164982E0,5.891888380E-2,2.928696950E0,3.217567011E0
1.174674637E1,-2.183716945E0,2.905621791E-1,2.696269836E0,3.481797970E0
1.175670038E1,-1.977687963E0,-5.723605514E-1,2.950389828E0,3.597727952E0
1.176665338E1,-1.258051252E0,-1.125740456E0,2.984801277E0,3.429143215E0
1.177660738E1,-2.118994700E0,-1.238782922E0,2.901952663E0,3.800796091E0
1.178656138E1,-2.267350840E0,-1.318555316E0,2.521365582E0,3.638234785E0
1.179651438E1,-2.187850488E0,-1.826906397E0,1.123415018E0,3.063713114E0
1.180646838E1,-2.034679312E0,-1.772492793E0,1.243042619E0,2.970994035E0
1.181642138E1,-1.875902702E0,-4.676567996E-1,2.545720990E0,3.196624656E0
1.182637538E1,-1.600841200E0,3.880358487E-1,2.549162661E0,3.035044421E0
1.183632938E1,-1.228608474E0,-3.681459600E-1,1.528384988E0,1.995237055E0
1.184628238E1,-8.792309073E-1,-1.667625319E0,1.071832051E0,2.168604422E0
1.185623638E1,-1.361113398E-1,-1.965122296E0,1.705064456E0,2.605278629E0
1.186619038E1,-3.567238627E-1,-1.063651212E0,2.953828283E0,3.159700515E0
1.187614338E1,-5.804514167E-1,3.074992239E-1,3.387739924E0,3.450834887E0
1.188609738E1,-3.996324123E-1,9.079030216E-2,3.651510161E0,3.674435385E0
1.189605038E1,-2.726232869E-1,-5.348337060E-1,3.468501959E0,3.520067668E0
1.190600438E1,-3.509212321E-1,-1.132848916E0,3.020923036E0,3.245376460E0
1.191595838E1,-7.955785936E-1,-1.127918544E0,2.655308921E0,2.992626105E0
1.192591138E1,-1.097381826E0,-9.938225931E-1,2.889732275E0,3.246918976E0
1.193586538E1,-1.569956060E0,-7.624207878E-1,2.807298813E0,3.305597392E0
1.194581838E1,-1.454648383E0,-1.110073426E0,2.668274829E0,3.235421996E0
1.195577237E1,-1.320239021E0,-1.649353940E0,2.856316899E0,3.552737778E0
1.196572637E1,-1.226024444E0,-8.986673445E-1,3.078257909E0,3.433134237E0
1.197567937E1,-1.167717983E0,-1.723070957E0,3.518875137E0,4.088400793E0
1.198563338E1,-7.683242098E-1,-1.969666752E0,2.861397545E0,3.557738764E0
1.199558638E1,-5.764288247E-1,-1.928787698E0,2.934671635E0,3.558762395E0
1.200554038E1,-7.151411522E-1,-2.220047450E0,2.942964449E0,3.755140117E0
1.201549438E1,-3.233297563E-1,-1.486421860E0,2.313243589E0,2.768589529E0
1.202544738E1,-2.928727794E-1,-1.058832521E0,2.227337466E0,2.483532356E0
1.203540138E1,-1.388412586E-1,-1.348187835E0,2.404856887E0,2.760475318E0
1.204535438E1,3.902149598E-1,-2.044091867E0,2.710588498E0,3.417289756E0
1.205530838E1,5.237245079E-1,-1.261694067E0,2.128731483E0,2.529359011E0
1.206526238E1,4.501592991E-1,-4.991639364E-1,2.213768125E0,2.313563775E0
1.207521538E1,4.920934101E-1,-1.640738652E0,2.307431457E0,2.873746540E0
1.208516938E1,7.253873013E-1,-7.659659547E-1,1.983698316E0,2.246764248E0
1.209512238E1,7.241362164E-1,-4.032894802E-1,2.073412730E0,2.232947831E0
1.210507638E1,9.458526206E-1,-1.218619968E0,2.650890765E0,3.067065968E0
1.211503038E1,8.991344639E-1,-2.513542593E-1,1.617682789E0,1.867757841E0
1.212498338E1,7.000220067E-1,-8.896556157E-1,2.063524211E0,2.353646128E0
1.213493738E1,7.231202627E-1,-1.536291593E0,1.641662512E0,2.361810869E0
1.214489025E1,6.584453798E-1,-1.355932472E0,7.588039926E-1,1.687568276E0
1.215484425E1,7.931400123E-1,-1.349467791E0,7.039977479E-1,1.716317927E0
1.216479825E1,7.333474083E-1,-1.902782791E0,9.909814310E-1,2.267250531E0
1.217475125E1,4.168239206E-1,-6.461202532E-1,7.394432768E-1,1.066766105E0
1.218470525E1,5.264522340E-1,-1.323300916E-1,1.488882369E0,1.584750427E0
1.219465825E1,7.238890985E-1,-7.189239353E-1,2.218967469E0,2.442270190E0
1.220461225E1,4.112036135E-1,-4.770760792E-1,1.687112043E0,1.800843425E0
1.221456625E1,3.133462934E-1,-1.309067624E0,1.685852845E0,2.157300108E0
1.222451925E1,6.037085708E-2,-2.035007048E0,1.306166820E0,2.418877857E0
1.223447325E1,-3.414205299E-1,-1.558374773E0,1.025743420E0,1.896641631E0
1.224442725E1,-7.394890313E-1,-1.252692279E0,1.515560290E0,2.100715346E0
1.225438025E1,-1.030006772E0,-1.181534588E0,1.738649694E0,2.340905955E0
1.226433425E1,-1.482395468E0,-6.584847754E-1,1.567584137E0,2.255752325E0
1.227428725E1,-1.368755709E0,-3.216658580E-1,1.955710618E0,2.408685354E0
1.228424125E1,-8.267230569E-1,-6.723865306E-1,2.572690102E0,2.784655997E0
1.229419525E1,-7.450639860E-1,-4.649746817E-1,2.641279112E0,2.783464953E0
1.230414825E1,-7.948259108E-1,-8.507798177E-1,2.475257948E0,2.735411566E0
1.231410225E1,-4.549887703E-1,-1.984125747E0,2.621642115E0,3.319153076E0
1.232405525E1,-2.060719594E-1,-2.279749861E0,2.929942992E0,3.718103148E0
1.233400925E1,-1.992648137E-1,-1.852883822E0,3.333161136E0,3.818749545E0
1.234396325E1,-4.835534786E-1,-6.524907947E-1,3.132614503E0,3.236177039E0
1.235391625E1,-7.434531511E-1,-4.436615807E-1,3.631448072E0,3.733225587E0
1.236387025E1,-8.909890001E-1,-8.052066189E-1,3.799913079E0,3.985167312E0
1.237382325E1,-1.351262667E-1,-1.600833160E0,3.662569585E0,3.999417692E0
1.238377725E1,2.075209726E-2,-1.560148818E0,3.470206130E0,3.804842384E0
1.239373125E1,-1.724603366E-1,-1.803732712E0,3.398516343E0,3.851377364E0
1.240368425E1,1.685031603E-1,-1.920533769E0,3.060813911E0,3.617378204E0
1.241363825E1,9.927885130E-2,-1.023819394E0,2.601982899E0,2.797923774E0
1.242359125E1,1.363169060E-1,-8.746118993E-1,2.707828027E0,2.848835007E0
1.243354525E1,4.921311612E-1,-1.183470601E-1,2.345934202E0,2.399917996E0
1.244349925E1,3.700052649E-1,-4.968373293E-1,1.684074122E0,1.794395964E0
1.245345225E1,-1.241218068E-1,-1.205104714E0,4.683532029E-1,1.298860392E0
1.246340625E1,-7.284432024E-1,-1.961572452E0,-1.760351050E-1,2.099853409E0
1.247335925E1,-9.793760967E-1,-1.574455785E0,-8.780319357E-1,2.051591733E0
1.248331325E1,-8.729689778E-1,-3.163788056E-1,4.816661435E-1,1.046027083E0
1.249326725E1,-1.382571071E0,-2.422813101E0,2.041903547E0,3.457006825E0
1.250322025E1,-1.867452745E0,-2.370348374E0,-8.159590638E-1,3.125975106E0
1.251317425E1,-8.798148979E-1,2.766165698E0,-1.151448324E-1,2.904996601E0
1.252312725E1,-2.167562842E-2,4.389697748E0,4.513861911E0,6.296416878E0
1.253308125E1,-8.461593479E-1,2.603327758E0,4.429199783E0,5.206833181E0
1.254303525E1,-9.117110208E-1,-2.044389490E0,1.636512870E-1,2.244443610E0
1.255298825E1,-8.046046481E-2,-4.591326116E0,-4.886971572E0,6.705910866E0
1.256294225E1,2.854262407E-1,-1.398379165E0,-3.413059245E0,3.699446693E0
1.257289525E1,9.179330429E-1,3.652246910E-1,2.633152651E0,2.812380314E0
1.258284925E1,8.302664696E-1,3.835106885E-1,1.865057725E0,2.077224874E0
1.259280325E1,7.955716500E-1,-8.792107344E-2,-1.389308379E0,1.603384588E0
1.260275625E1,2.311532109E0,-2.461590081E-1,-1.062214551E0,2.555792382E0
1.261271025E1,1.969659809E-1,1.985859447E0,1.324684660E0,2.395250047E0
1.262266325E1,2.559947850E0,7.037463176E-1,3.455938047E0,4.357992618E0
1.263261725E1,-5.784508650E-1,-3.785154122E-1,4.137279296E-1,8.056364690E-1
1.264257125E1,1.454417272E0,4.140033334E-1,-8.332919651E-1,1.726587345E0
1.265252425E1,2.735444427E0,-1.805321985E-1,3.926297137E-1,2.769369274E0
1.266247825E1,1.442057866E0,-3.605200213E-1,1.290479617E0,1.968462145E0
1.267243125E1,2.243467449E0,-1.947004699E0,7.422169036E-1,3.061839222E0
1.268238525E1,1.076891793E0,-1.831459039E0,-1.138772730E0,2.410547962E0
1.269233925E1,9.711557154E-1,-9.165381896E-1,9.107801440E-1,1.616386757E0
1.270229225E1,2.243343488E-1,-1.014603598E0,2.537897415E0,2.742383936E0
1.271224625E1,9.290434836E-1,-1.770571983E-1,3.104758368E0,3.245611740E0
1.272219925E1,4.113453354E-1,2.559478319E-1,3.184911415E0,3.221548541E0
1.273215325E1,1.093566079E0,-3.722577220E-1,2.908198951E0,3.129230532E0
1.274210725E1,1.570393724E0,-2.117402503E0,2.232638260E0,3.454591641E0
1.275206025E1,-3.793890593E-1,-3.736616385E0,2.342288171E0,4.426347472E0
1.276201425E1,-7.412696546E-1,-2.307268027E0,2.791373337E0,3.696583768E0
1.277196725E1,-8.429927883E-1,-2.383523905E-1,4.686453298E0,4.767629728E0
1.278192125E1,-1.594452678E0,-5.900185579E-1,5.559201105E0,5.813356876E0
1.279187525E1,-1.318472578E0,-2.303400679E0,4.514246365E0,5.236644429E0
1.280182825E1,-4.084610501E0,-2.775307235E0,2.731927619E0,5.643562856E0
1.281178225E1,1.007816077E0,-1.235479830E0,3.312875391E0,3.676580886E0
1.282173525E1,-1.330736820E0,-1.484292305E0,4.767906767E0,5.167873747E0
1.283168925E1,-2.078029253E0,-2.282335500E0,3.830151370E0,4.919077193E0
1.284164325E1,-6.990931034E-1,-3.511451805E0,2.333281705E0,4.273549866E0
1.285159625E1,-1.242846298E0,-2.741031441E0,1.691992129E0,3.452645022E0
1.286155025E1,-3.426997545E-1,-1.356909542E0,3.247549421E0,3.536272595E0
1.287150325E1,-1.004232245E0,-9.886378670E-1,4.155147218E0,4.387611609E0
1.288145725E1,-1.143276621E0,-1.243691075E-1,2.940878162E0,3.157738665E0
1.289141125E1,-1.057209261E0,-1.799948394E-2,2.396583369E0,2.619470796E0
1.290136425E1,-1.002337309E0,-5.486705571E-1,2.158731793E0,2.442507403E0
1.291131825E1,-1.020012711E0,-1.951888878E0,1.438626720E0,2.630578446E0
1.292127125E1,-1.235276054E0,-1.817146225E0,3.126012120E-1,2.219379835E0
1.293122525E1,-2.807192686E-1,-1.075835055E0,8.891936857E-1,1.423688795E0
1.294117925E1,-1.752787676E-1,-5.791427368E-1,1.510570276E0,1.627252751E0
1.295113225E1,-2.335309958E-1,-5.967989892E-1,1.402001223E0,1.541529496E0
1.296108625E1,3.341813115E-1,-6.393111706E-1,1.048867697E0,1.272996216E0
1.297103925E1,5.513131332E-1,4.625200206E-1,1.047695037E0,1.271037305E0
1.298099325E1,4.737462361E-1,1.086170594E0,1.642119765E0,2.025033179E0
1.299094725E1,2.237593482E-1,-6.132226485E-1,1.617538655E0,1.744288268E0
1.300090025E1,5.549628921E-2,-2.374197596E0,2.338933039E-1,2.386336133E0
1.301085425E1,5.033907424E-1,-1.871644614E0,-7.508731216E-1,2.078525017E0
1.302080725E1,8.337306525E-1,-4.483066088E-1,6.619431111E-1,1.155099259E0
1.303076125E1,1.887049980E-1,-5.446985435E-1,2.409382924E0,2.477384135E0
1.304071525E1,-1.773701705E-2,-7.771575254E-1,2.065468995E0,2.206909738E0
1.305066825E1,6.819502366E-1,-1.655516320E-1,1.387203382E0,1.554604995E0
1.306062225E1,8.968104880E-1,6.412226254E-1,2.180460046E0,2.443325913E0
1.307057525E1,4.895715060E-1,-9.750875294E-2,3.637977658E0,3.672066129E0
1.308052925E1,3.972510606E-1,-2.253949022E0,3.153319786E0,3.896347042E0
1.309048325E1,7.394122866E-1,-2.780993652E0,1.625938180E0,3.305197602E0
1.310043625E1,1.150471328E0,-1.589170888E0,2.274578583E0,3.003790292E0
1.311039025E1,1.522008015E0,-9.350153911E-1,4.723276431E0,5.049762611E0
1.312034325E1,1.623629699E0,-1.439302073E0,5.200455129E0,5.634935440E0
1.313029725E1,1.953445407E0,-1.515003635E0,3.026450702E0,3.907760077E0
1.314025125E1,1.911983677E0,-1.151930720E0,2.094495451E0,3.060969970E0
1.315020475E1,1.502331696E0,-6.264291698E-1,2.758841475E0,3.203220304E0
1.316015875E1,8.094283817E-1,-1.236588462E0,2.907340288E0,3.261434175E0
1.317011175E1,1.087674936E-1,-2.173220608E0,1.210027485E0,2.489755951E0
1.318006575E1,-2.434784983E-1,-1.667803659E0,-3.825722104E-1,1.728355381E0
1.319001975E1,-6.218391786E-1,-4.131262511E-1,7.609487513E-1,1.066020762E0
1.319997275E1,-1.133448621E0,3.844836652E-2,2.566277461E0,2.805702062E0
1.320992675E1,-1.076934551E0,-2.360111654E-2,2.050217995E0,2.315974712E0
1.321987975E1,-7.210027666E-1,1.057018715E-1,5.514971012E-1,9.138746784E-1
1.322983375E1,-4.694960412E-1,1.540092283E-1,6.028789240E-1,7.794923811E-1
1.323978775E1,-6.650015704E-1,-6.009148443E-1,1.409080739E0,1.669980320E0
1.324974075E1,-8.607606494E-1,-1.614103416E0,8.721891055E-1,2.026561760E0
1.325969475E1,-6.455760967E-1,-1.509299676E0,-1.661310911E-1,1.649955620E0
1.326964775E1,-3.463951217E-1,-5.765570980E-1,4.629076910E-1,8.165116031E-1
1.327960175E1,-3.469688067E-1,6.354461610E-2,1.849824267E0,1.883155620E0
1.328955575E1,-4.948635285E-1,1.577982241E-1,2.110793980E0,2.173762042E0
1.329950875E1,-3.252220615E-1,-9.146740973E-2,1.316397693E0,1.359057969E0
1.330946275E1,-2.143402878E-1,-2.248634487E-1,9.751758224E-1,1.023461389E0
1.331941575E1,-1.866394691E-2,-3.751702201E-1,1.365630080E0,1.416349728E0
1.332936975E1,1.892780983E-1,-7.850237846E-1,1.748206675E0,1.925698606E0
1.333932375E1,7.079516351E-3,-8.027256453E-1,1.294067177E0,1.522835657E0
1.334927675E1,3.156799172E-1,-4.362116432E-1,4.259480256E-1,6.865610885E-1
1.335923075E1,-1.060033686E-1,-2.863872671E-1,2.869620484E-1,4.190484437E-1
1.336918375E1,-3.797995339E-1,-7.507649481E-2,7.294249499E-1,8.257995662E-1
1.337913775E1,-5.481902815E-1,5.422386199E-1,4.584497738E-1,8.970571335E-1
1.338909175E1,-9.595025801E-1,6.068813431E-1,-3.272829857E-1,1.181551657E0
1.339904475E1,-6.035229948E-1,-1.356173962E-1,-9.072937417E-1,1.098095632E0
1.340899875E1,-6.206812106E-1,-2.662406856E-1,-1.296566861E0,1.461921644E0
1.341895175E1,-2.488268003E-1,-1.778676224E-1,-8.037062234E-1,8.599391613E-1
1.342890575E1,1.401907960E-1,5.747567403E-1,-8.486718965E-1,1.034525378E0
1.343885975E1,-6.003964886E-2,7.306511110E-1,-8.887732708E-1,1.152117065E0
1.344881275E1,-1.507035781E-1,3.068928677E-1,-8.860174781E-1,9.496956208E-1
1.345876675E1,-3.993114001E-1,4.830583656E-1,-1.282617744E0,1.427551489E0
1.346871975E1,-2.396433096E-1,4.385709947E-1,-8.091131437E-1,9.510191967E-1
1.347867375E1,-5.807238239E-1,5.063577658E-1,-3.279454753E-1,8.373688443E-1
1.348862775E1,-7.907023081E-1,1.844545108E-1,-2.266056266E-1,8.429612783E-1
1.349858075E1,-6.076784648E-1,-2.125305015E-1,-1.344959003E-1,6.576712536E-1
1.350853475E1,-5.335027336E-1,-3.253835177E-1,1.089733887E-1,6.343301977E-1
1.351848775E1,-2.867492098E-1,-8.543366790E-3,2.891538772E-1,4.073181350E-1
1.352844175E1,-6.596536338E-2,-7.179854572E-2,6.921963125E-1,6.990294668E-1
1.353839575E1,3.544538274E-2,-5.868382573E-2,7.289516178E-1,7.321684421E-1
1.354834875E1,3.450320627E-1,-7.252593935E-2,7.719944340E-1,8.486946107E-1
1.355830275E1,3.377898476E-1,-1.843404901E-1,7.878433120E-1,8.768012783E-1
1.356825575E1,2.118244502E-1,-3.782914639E-2,6.238218963E-1,6.598896880E-1
1.357820975E1,-2.227036335E-1,-3.017479026E-1,6.752800253E-1,7.724324033E-1
1.358816375E1,-3.823412454E-1,-2.552923590E-1,3.893114188E-1,6.024304087E-1
1.359811675E1,-5.462945411E-1,-5.198642492E-2,1.194352269E-2,5.488924865E-1
1.360807075E1,-6.509595551E-1,-7.756565452E-2,-1.746767968E-1,6.784369952E-1
1.361802375E1,-6.555132204E-1,-1.464142799E-3,-3.850590312E-1,7.602435027E-1
1.362797775E1,-6.198171383E-1,6.457372606E-2,-4.448421335E-1,7.656549972E-1
1.363793175E1,-2.323597254E-1,2.052068639E-1,-4.519932783E-1,5.480865101E-1
1.364788475E1,-3.330598886E-1,2.135929406E-1,-3.501450142E-1,5.283487150E-1
1.365783875E1,-7.778624073E-2,1.883563578E-1,-3.603212160E-1,4.139567555E-1
1.366779175E1,4.817637920E-2,1.767888111E-1,-2.807333019E-1,3.352408598E-1
1.367774575E1,-9.785169214E-2,2.803412461E-1,-4.683906251E-1,5.545772675E-1
1.368769975E1,4.212787315E-2,2.170463061E-1,-3.739148229E-1,4.343917029E-1
1.369765275E1,-8.906040341E-2,1.725484103E-1,-3.869131833E-1,4.329047479E-1
1.370760675E1,-1.980856861E-1,1.150585860E-1,-3.906539395E-1,4.528652313E-1
1.371755975E1,-1.242654656E-1,4.102874279E-2,-2.784081566E-1,3.076302413E-1
1.372751375E1,-8.053896368E-2,6.926553190E-2,-1.950072733E-1,2.220632234E-1
1.373746775E1,-8.707965910E-3,2.778655350E-2,-4.854007602E-2,5.660441860E-2
1.374742075E1,1.358169325E-1,-4.958438873E-3,1.124709007E-1,1.764101153E-1
1.375737475E1,1.542720607E-1,-5.344355106E-4,1.680255890E-1,2.281068892E-1
1.376732775E1,2.516933978E-1,5.069535971E-3,1.938083017E-1,3.177057199E-1
1.377728175E1,2.805748424E-1,-2.967461944E-3,1.506219363E-1,3.184619533E-1
1.378723575E1,1.892641380E-1,4.871373832E-2,1.935334826E-1,2.750439076E-1
1.379718875E1,2.521224372E-1,1.150673568E-2,2.887077346E-1,3.834713605E-1
1.380714275E1,2.375628702E-1,2.986991644E-2,1.891477785E-1,3.051314656E-1
1.381709575E1,1.430414598E-1,-3.538150191E-3,9.910241157E-2,1.740536288E-1
1.382704975E1,1.579702784E-1,-3.328995287E-2,5.987578064E-2,1.721857687E-1
1.383700375E1,1.156058854E-1,-2.364964843E-2,1.279370785E-3,1.180070481E-1
1.384695675E1,9.332258508E-2,2.059506297E-2,-8.791405678E-2,1.298543141E-1
1.385691075E1,1.170614035E-1,8.700656891E-2,-1.878324473E-1,2.378119919E-1
1.386686375E1,4.990335435E-2,1.549447829E-1,-2.052647513E-1,2.619768094E-1
1.387681775E1,1.651239082E-2,1.530859530E-1,-1.822676522E-1,2.385989629E-1
1.388677175E1,-3.206101432E-2,2.063669515E-1,-2.396405321E-1,3.178723202E-1
1.389672475E1,-3.840071172E-2,1.467779768E-1,-2.894725505E-1,3.268221941E-1
1.390667875E1,-2.390780300E-3,6.140395045E-2,-2.301914316E-1,2.382525051E-1
1.391663175E1,-1.420215592E-2,1.754047751E-2,-2.263100499E-1,2.274326456E-1
1.392658575E1,-1.601552367E-2,8.390754461E-3,-1.339719898E-1,1.351865222E-1
1.393653875E1,-1.044049591E-2,4.948264718E-2,-9.251172245E-3,5.141128781E-2
1.394649275E1,6.579725593E-3,6.012224078E-2,1.243676457E-1,1.382942078E-1
1.395644675E1,-3.081131816E-2,5.851016343E-2,1.797217745E-1,1.915011560E-1
1.396639975E1,-1.555968936E-1,1.196691155E-2,2.005989656E-1,2.541526023E-1
1.397635375E1,-9.535610050E-2,-2.219720006E-2,2.609346297E-1,2.786976544E-1
1.398630775E1,-1.302810811E-1,-7.311183035E-2,2.951855725E-1,3.308368511E-1
1.399626075E1,-1.489163035E-1,-8.675864697E-2,2.382468483E-1,2.940487868E-1
1.400621475E1,-9.367034823E-2,-9.883022368E-2,2.245994470E-1,2.626527343E-1
1.401616775E1,-1.112076098E-1,-7.627634346E-2,2.208107436E-1,2.587326758E-1
1.402612175E1,-1.093826938E-1,-1.987468600E-3,1.633410922E-1,1.965930724E-1
1.403607475E1,-9.940602824E-2,4.759692013E-2,9.493890166E-2,1.454662171E-1
1.404602875E1,-1.185585831E-1,3.298005044E-2,3.273037434E-2,1.273385203E-1
1.405598275E1,-1.428892860E-1,4.922829330E-2,-5.854700089E-2,1.620756744E-1
1.406593575E1,-1.782795587E-1,5.026968241E-2,-1.266021591E-1,2.243629843E-1
1.407588975E1,-2.583608316E-1,7.937536776E-2,-1.677852684E-1,3.181236624E-1
1.408584275E1,-3.141011690E-1,8.640547514E-2,-1.628078261E-1,3.641865438E-1
1.409579675E1,-3.350258687E-1,1.204649216E-1,-1.882201177E-1,4.027169512E-1
1.410575075E1,-3.833753255E-1,1.429346019E-1,-2.769796818E-1,4.940897538E-1
1.411570375E1,-3.914117387E-1,1.030215079E-1,-2.221877629E-1,4.617185097E-1
1.412565775E1,-3.515175019E-1,9.710237145E-2,-1.741689661E-1,4.041389037E-1
1.413561075E1,-3.250075418E-1,8.953432024E-2,-1.469338050E-1,3.677442587E-1
1.414556475E1,-2.395304583E-1,5.861950636E-2,-1.069789034E-1,2.688039671E-1
1.415551875E1,-2.081952296E-1,2.314620316E-2,-7.729434371E-3,2.096204773E-1
1.416547175E1,-2.426701207E-1,-4.168713927E-2,6.843756616E-2,2.555588103E-1
1.417542575E1,-2.423936936E-1,-1.057995200E-2,1.249035430E-1,2.728874001E-1
1.418537875E1,-2.864562643E-1,-2.510326624E-2,1.755351681E-1,3.368975520E-1
1.419533275E1,-3.047782221E-1,-5.388326168E-2,2.262439764E-1,3.833790649E-1
1.420528675E1,-3.194442084E-1,-5.913990855E-2,2.280876034E-1,3.969459484E-1
1.421523975E1,-3.663841939E-1,-5.559591115E-2,2.158026034E-1,4.288345211E-1
1.422519375E1,-3.455670829E-1,-3.452722371E-2,2.046665812E-1,4.031093492E-1
1.423514675E1,-2.911718975E-1,-1.193358243E-2,2.056255245E-1,3.566585771E-1
1.424510075E1,-2.447835968E-1,1.876663864E-2,1.133038366E-1,2.703866775E-1
1.425505475E1,-2.101920538E-1,4.712271094E-3,3.463598192E-2,2.130787559E-1
1.426500775E1,-1.947233909E-1,8.018520713E-2,-3.848783523E-2,2.140751734E-1
1.427496175E1,-2.112930845E-1,9.474068105E-2,-7.629680872E-2,2.438068236E-1
1.428491475E1,-2.686691804E-1,9.578148544E-2,-1.544126862E-1,3.243462642E-1
1.429486875E1,-2.998908269E-1,7.703238845E-2,-1.869495177E-1,3.616885665E-1
1.430482275E1,-3.427599809E-1,4.791910172E-2,-2.108447492E-1,4.052605989E-1
1.431477575E1,-3.724562350E-1,6.559348047E-2,-2.203493983E-1,4.376985366E-1
1.432472975E1,-3.884064160E-1,9.105284214E-2,-2.098954538E-1,4.507840565E-1
1.433468275E1,-3.641137201E-1,9.288945258E-2,-1.416259950E-1,4.015783535E-1
1.434463675E1,-3.616010253E-1,1.051101333E-1,-9.660711229E-2,3.887626214E-1
1.435459075E1,-3.108597650E-1,7.885964334E-2,-5.050210923E-2,3.246584357E-1
1.436454375E1,-3.023530895E-1,2.882326484E-2,5.951880813E-3,3.037821525E-1
1.437449775E1,-2.824727024E-1,-1.031331897E-2,8.870226145E-2,2.962520605E-1
1.438445075E1,-2.589721580E-1,-2.749360800E-2,1.152573913E-1,2.847924566E-1
1.439440475E1,-2.575938231E-1,-4.195552647E-2,1.531321460E-1,3.025959319E-1
1.440435875E1,-2.854943973E-1,-2.454661131E-2,1.727977940E-1,3.346171912E-1
1.441431175E1,-2.829200144E-1,-2.226093471E-2,2.242252252E-1,3.616852711E-1
1.442426575E1,-3.219799997E-1,-9.762511253E-3,1.924049699E-1,3.752147376E-1
1.443421875E1,-2.965359870E-1,-1.375732899E-2,1.638325506E-1,3.390633574E-1
1.444417275E1,-3.071662250E-1,-2.236326098E-2,1.379387408E-1,3.374585922E-1
1.445412575E1,-3.100503641E-1,3.795427680E-3,8.018433005E-2,3.202735711E-1
1.446407975E1,-3.158581111E-1,4.488322735E-3,3.466200203E-2,3.177860062E-1
1.447403375E1,-2.864811149E-1,2.534943402E-2,1.291299105E-2,2.878902019E-1
1.448398675E1,-2.518175049E-1,4.946685970E-2,-2.718633682E-2,2.580661212E-1
1.449394075E1,-2.400027671E-1,5.316229999E-2,-1.004066330E-1,2.655354032E-1
1.450389375E1,-2.346585582E-1,7.485254645E-2,-1.170975101E-1,2.727258138E-1