"Time (s)","Linear Acceleration x (m/s^2)","Linear Acceleration y (m/s^2)","Linear Acceleration z (m/s^2)","Absolute acceleration (m/s^2)"
3.772875061E-3,-5.931313232E-2,-4.312438488E-2,-4.051535726E-3,7.344504870E-2
1.372687507E-2,-6.006420717E-2,-2.753453851E-2,5.469193161E-3,6.630061740E-2
2.368187509E-2,-7.548952751E-2,-1.406196892E-2,-2.584469318E-3,7.683155091E-2
3.363587498E-2,-6.371433154E-2,3.330574036E-3,1.247503459E-3,6.381351762E-2
4.359087499E-2,-5.044699922E-2,-1.707971692E-3,2.299300611E-2,5.546616291E-2
5.354487500E-2,-4.665032901E-2,-3.883135915E-3,3.392554522E-3,4.693443690E-2
6.349987502E-2,-4.278151877E-2,-1.456249058E-2,-7.121323943E-3,4.574972934E-2
7.345387503E-2,-3.808006503E-2,-1.551441729E-2,-1.723934591E-2,4.458680908E-2
8.340887504E-2,-3.706513457E-2,-1.735044301E-2,9.267836809E-4,4.093557134E-2
9.336287505E-2,-1.598950356E-2,-1.949929476E-2,4.260866046E-3,2.557423899E-2
1.033178751E-1,-6.425359100E-3,-8.880166411E-3,2.642532170E-2,2.860839426E-2
1.132718751E-1,6.167131439E-3,-6.627234221E-3,2.186507821E-2,2.366506684E-2
1.232268750E-1,2.370395444E-2,-2.571897805E-2,1.649908841E-2,3.867251228E-2
1.331818750E-1,3.922334187E-2,-4.032473803E-2,1.086091071E-2,5.729323194E-2
1.431358750E-1,2.997626267E-2,-4.896750748E-2,9.536808729E-4,5.742214399E-2
1.530908750E-1,-1.072708257E-2,-4.154680610E-2,-1.099744320E-2,4.429617539E-2
1.630448750E-1,-5.548561804E-2,-1.945719481E-2,9.577446878E-3,5.957317960E-2
1.729998750E-1,-7.381335005E-2,4.342727065E-3,1.026800305E-2,7.465053122E-2
1.829538750E-1,-7.339176580E-2,2.038280904E-2,3.054146916E-2,8.206455709E-2
1.929088751E-1,-4.858034872E-2,-7.935841084E-3,3.996571898E-2,6.340572962E-2
2.028628751E-1,4.224905670E-3,-6.946667612E-2,3.568789601E-2,7.821185869E-2
2.128178751E-1,1.863017924E-2,-9.989441693E-2,4.957561791E-2,1.130651140E-1
2.227718750E-1,3.834538244E-2,-8.756614745E-2,7.359627217E-2,1.206424876E-1
2.327268750E-1,7.296323799E-2,-4.740922451E-2,1.020795214E-1,1.341323874E-1
2.426808750E-1,9.664270721E-2,2.204985023E-3,1.086488682E-1,1.454278219E-1
2.526358750E-1,1.314634611E-1,4.851493299E-2,8.933405310E-2,1.661833728E-1
2.625898750E-1,1.436312246E-1,5.948372483E-2,9.801658362E-2,1.837811004E-1
2.725448750E-1,1.534573974E-1,4.620294392E-2,9.961082697E-2,1.886960564E-1
2.824988751E-1,1.883237596E-1,-1.080565453E-2,1.083834046E-1,2.175535865E-1
2.924538751E-1,2.051383053E-1,-8.463259935E-2,9.731462538E-2,2.423108282E-1
3.024082500E-1,1.881931474E-1,-1.088184375E-1,1.114607942E-1,2.442982229E-1
3.123632501E-1,1.692482418E-1,-8.452559531E-2,1.192334980E-1,2.236205953E-1
3.223172501E-1,1.266558804E-1,-1.849474311E-2,1.214107087E-1,1.764208825E-1
3.322722500E-1,8.368812785E-2,4.295598507E-2,1.262068874E-1,1.574074262E-1
3.422262500E-1,3.748525701E-2,5.081873596E-2,1.017976856E-1,1.197933939E-1
3.521812500E-1,3.421059698E-3,1.490045965E-2,7.533874243E-2,7.687427046E-2
3.621352500E-1,-6.810771011E-2,-3.166501164E-2,5.900308371E-2,9.551281079E-2
3.720902500E-1,-1.273699716E-1,-1.130962604E-1,4.372898698E-2,1.758581761E-1
3.820442500E-1,-1.677181716E-1,-1.463540536E-1,3.557329059E-2,2.254203919E-1
3.919992500E-1,-2.339734838E-1,-1.301759773E-1,2.752108991E-2,2.691594074E-1
4.019532501E-1,-3.152212031E-1,-5.050298631E-2,3.326393276E-2,3.209695433E-1
4.119082501E-1,-3.180943787E-1,2.055296302E-2,5.736323208E-2,3.238780611E-1
4.218632501E-1,-3.034271499E-1,3.358582199E-2,6.168432444E-2,3.114498332E-1
4.318172500E-1,-2.800503471E-1,-1.541326046E-2,-1.596289873E-3,2.804787223E-1
4.417722500E-1,-2.877568312E-1,-5.113214672E-2,-3.747597456E-2,2.946573247E-1
4.517262500E-1,-3.007117760E-1,-7.842519522E-2,3.156210065E-2,3.123687719E-1
4.616812500E-1,-3.739914946E-1,-8.430281639E-2,8.347368121E-2,3.923575644E-1
4.716352500E-1,-4.490505939E-1,-1.154281300E-1,8.161222011E-2,4.707766387E-1
4.815902500E-1,-4.674210106E-1,-1.220629656E-1,2.260241210E-2,4.836244801E-1
4.915442500E-1,-4.821052694E-1,-9.101717412E-2,-5.570057631E-3,4.906532812E-1
5.014992501E-1,-4.248489683E-1,-4.190582514E-2,6.210737050E-2,4.314047630E-1
5.114532501E-1,-3.432013725E-1,7.739959359E-3,9.910504282E-2,3.573078485E-1
5.214082500E-1,-2.266378594E-1,-1.297204792E-2,7.791356385E-2,2.400073265E-1
5.313622500E-1,-1.091976294E-1,-6.385159492E-2,6.376037836E-2,1.416563952E-1
5.413172500E-1,-4.604682326E-3,-7.179094434E-2,2.734655052E-2,7.696087716E-2
5.512712500E-1,2.596923888E-2,-5.986964107E-2,5.479104191E-2,8.521052495E-2
5.612262500E-1,4.367351152E-2,-2.525997162E-2,7.654590011E-2,9.167724144E-2
5.711802500E-1,6.259963296E-2,-1.078226566E-3,7.243998528E-2,9.574668708E-2
5.811352500E-1,3.262132376E-2,-1.613246799E-3,6.926319301E-2,7.657769411E-2
5.910892501E-1,7.426899433E-2,-2.383909822E-2,4.444614798E-2,8.977553226E-2
6.010442501E-1,9.959606275E-2,-4.190407097E-2,6.834810376E-2,1.278545665E-1
6.109982501E-1,9.419148132E-2,-3.932194054E-2,7.223065495E-2,1.250420636E-1
6.209532500E-1,1.019667432E-1,-3.705614448E-2,7.959522307E-2,1.345576981E-1
6.309072500E-1,1.375301667E-1,-3.723916233E-2,6.580222607E-2,1.569434131E-1
6.408622500E-1,1.987236904E-1,-4.967502058E-2,5.798391402E-2,2.128869350E-1
6.508162500E-1,1.632912447E-1,-2.997048855E-2,4.915754199E-2,1.731436534E-1
6.607712500E-1,1.182507272E-1,1.541033685E-2,5.508135617E-2,1.313570278E-1
6.707252500E-1,1.177954484E-1,2.603063464E-2,8.754626691E-2,1.490560648E-1
6.806802501E-1,9.996363334E-2,-2.057401299E-2,9.088268816E-2,1.366589953E-1
6.906352501E-1,6.384508990E-2,-6.642261565E-2,6.153785169E-2,1.107928994E-1
7.005892501E-1,6.153975204E-2,-6.929535270E-2,3.197549880E-2,9.803784733E-2
7.105442500E-1,5.474645689E-2,-4.121234536E-2,5.161746562E-2,8.579041152E-2
7.204982500E-1,4.550493255E-2,-3.530548811E-3,5.162565172E-2,6.890842892E-2
7.304532500E-1,2.929111518E-2,-1.028525233E-2,4.498760015E-2,5.465930855E-2
7.404072500E-1,1.143846944E-2,3.641061187E-3,1.524252176E-2,1.940181382E-2
7.503622500E-1,-4.383175179E-2,-2.623645663E-3,2.265796065E-3,4.396862306E-2
7.603162500E-1,-7.003334440E-2,-1.070332825E-2,5.790497661E-3,7.108277166E-2
7.702712500E-1,-9.079008289E-2,-1.265162051E-2,4.227244556E-3,9.176476583E-2
7.802252501E-1,-1.225907499E-1,-4.812609315E-2,-1.317757756E-2,1.323565690E-1
7.901802501E-1,-1.310591993E-1,-6.277102947E-2,-3.227487624E-2,1.488569229E-1
8.001342501E-1,-1.439504825E-1,-5.121576190E-2,-4.876636326E-2,1.603837706E-1
8.100892500E-1,-1.278208651E-1,-3.469094574E-2,-4.866286755E-2,1.411017716E-1
8.200432500E-1,-1.157389095E-1,-3.305431008E-3,-4.575680137E-2,1.244994214E-1
8.299982500E-1,-1.275255076E-1,1.098399460E-2,-3.228247762E-2,1.320059150E-1
8.399522500E-1,-8.686126560E-2,1.334919333E-3,-5.772488236E-2,1.043015988E-1
8.499072500E-1,-7.386042014E-2,9.372501969E-3,-5.897150874E-2,9.497812537E-2
8.598612500E-1,-7.734462976E-2,-5.786404610E-3,-8.417476237E-2,1.144598832E-1
8.698162501E-1,-5.933213577E-2,-1.000867903E-2,-9.919918299E-2,1.160213510E-1
8.797702501E-1,-6.797388196E-3,6.424335837E-3,-1.054095107E-1,1.058236341E-1
8.897252501E-1,1.898642085E-2,3.165916443E-2,-9.933249950E-2,1.059704314E-1
8.996792501E-1,6.519389637E-2,5.374058962E-2,-8.775501251E-2,1.218164082E-1
9.096342500E-1,1.072141077E-1,5.849846900E-2,-9.142881811E-2,1.525652796E-1
9.195882500E-1,-2.042974757E-1,-2.422969222E-2,-3.500283623E-1,4.060103335E-1
9.295432500E-1,4.129335853E-1,-7.701414514E-1,4.348088962E-1,9.760587980E-1
9.394972500E-1,-4.803180680E-1,7.697795087E-1,-6.780545291E-1,1.132706442E0
9.494522500E-1,-1.200850718E-1,3.034050035E-1,8.127892882E-1,8.758432780E-1
9.594062500E-1,1.523585301E0,7.723785961E-1,-4.138209003E-1,1.757591706E0
9.693612501E-1,5.542426613E-1,-4.948796815E-1,-8.008902043E-2,7.473319730E-1
9.793152501E-1,-8.090733826E-2,-4.133443522E-1,-2.096495783E-1,4.704811331E-1
9.892702501E-1,-3.401315843E-1,-3.978620946E-2,8.754626691E-2,3.534639812E-1
9.992252500E-1,1.640249971E-1,1.069929367E-1,5.211456665E-1,5.567265881E-1
1.009179250E0,-4.109958912E-1,9.334144235E-2,5.040796906E-2,4.244657946E-1
1.019134250E0,1.167390027E-1,-1.001768374E-1,-5.410630372E-1,5.625056478E-1
1.029088250E0,1.761713451E-1,-4.002711475E-2,-1.978346944E-1,2.679124466E-1
1.039043250E0,1.527833596E-1,2.790718156E-1,4.491246343E-3,3.181886304E-1
1.048997250E0,1.829618628E-1,2.492901921E-1,4.320721069E-1,5.313256522E-1
1.058952250E0,-3.855909817E-2,1.413184315E-1,1.060196677E-1,1.808255321E-1
1.068906250E0,1.090855090E-1,-3.915927100E-1,5.790760785E-2,4.106066121E-1
1.078861250E0,9.109231085E-4,-1.874623185E-1,-6.415360361E-1,6.683647480E-1
1.088815250E0,-3.115038358E-2,-2.051355278E-1,-3.628665090E-2,2.106363032E-1
1.098770250E0,-2.771945670E-2,3.798854148E-1,-7.547644436E-2,3.883014169E-1
1.108724250E0,-3.474381919E-1,1.718385583E-1,2.916228640E-1,4.850625549E-1
1.118679250E0,-1.331278711E-1,1.006674188E-1,-7.196899205E-2,1.817594429E-1
1.128633250E0,1.122794775E-1,-1.808339149E-1,-8.702060223E-2,2.299568895E-1
1.138588250E0,-2.184424751E-1,-1.757637942E-1,-1.621713567E-1,3.238974763E-1
1.148542250E0,9.351598173E-2,3.730523586E-4,9.802330792E-2,1.354767393E-1
1.158497250E0,1.697838467E-1,1.298578888E-1,1.266881132E-1,2.484743527E-1
1.168451250E0,1.218751238E-1,-1.584829330E-2,2.941324890E-2,1.263718854E-1
1.178406250E0,2.071836613E-1,-7.905552506E-2,-2.871392190E-1,3.627999127E-1
1.188360250E0,1.962745111E-1,-4.633859932E-2,-1.244790351E-1,2.369936279E-1
1.198315250E0,-5.007526249E-2,1.193896186E-1,8.839002013E-2,1.567616299E-1
1.208269250E0,-5.697921619E-2,1.386018151E-1,2.599350482E-1,3.000388700E-1
1.218224250E0,1.416878293E-1,5.453698039E-3,7.410556465E-2,1.599900576E-1
1.228178250E0,4.159080639E-2,-1.553090644E-1,-2.282978109E-1,2.792321455E-1
1.238133250E0,3.512919456E-2,-1.745230150E-1,-2.993660393E-1,3.482992515E-1
1.248087250E0,4.029681757E-2,-1.080682397E-2,-8.428176641E-2,9.404274082E-2
1.258042250E0,-4.156624809E-2,1.592693835E-1,8.398999035E-2,1.847939609E-1
1.267996250E0,3.539012656E-2,2.003478277E-1,3.392671466E-2,2.062589030E-1
1.277951250E0,1.303820917E-1,1.156438923E-1,-7.269024611E-2,1.888302718E-1
1.287905250E0,7.482828051E-2,2.532429099E-3,-1.912174004E-1,2.053528159E-1
1.297859792E0,4.249288559E-2,1.941684902E-2,-1.863551483E-1,1.921220982E-1
1.307813792E0,5.782881662E-2,6.767684340E-2,-1.109848309E-1,1.422742417E-1
1.317768792E0,-1.677215338E-2,9.965994358E-2,-9.498421758E-2,1.386917844E-1
1.327722792E0,-4.271478742E-2,9.110780597E-2,-1.483599409E-1,1.792647691E-1
1.337677792E0,-3.659289882E-2,4.088080823E-2,-1.779445133E-1,1.862109839E-1
1.347632792E0,-6.683996066E-2,6.110866606E-2,-1.452518535E-1,1.711722826E-1
1.357586792E0,-7.319573790E-2,7.808781087E-2,-3.325603902E-2,1.120771448E-1
1.367541792E0,-3.823289663E-2,9.917930245E-2,-7.301915199E-2,1.289576868E-1
1.377495792E0,1.590910435E-2,3.767361045E-2,-1.414938480E-1,1.472851301E-1
1.387450792E0,3.013245642E-2,-5.838444829E-2,-2.196237588E-1,2.292407123E-1
1.397404792E0,3.225090265E-2,-3.400565207E-2,-2.090338665E-1,2.142233938E-1
1.407359792E0,3.297230288E-2,4.118193984E-2,-1.430492073E-1,1.524670477E-1
1.417313792E0,4.390995830E-2,1.421914208E-1,-2.567512393E-3,1.488390967E-1
1.427268792E0,8.117134005E-2,1.350391066E-1,1.402747035E-3,1.575636838E-1
1.437222792E0,8.071160272E-2,3.401208401E-2,-4.582404435E-2,9.884850890E-2
1.447177792E0,9.125574052E-2,-2.519272864E-2,-1.611656356E-1,1.869134716E-1
1.457131792E0,7.901693344E-2,-6.972570777E-2,-1.042073232E-1,1.482043059E-1
1.467086792E0,4.562304631E-2,-5.464223027E-3,-7.206868708E-2,8.547055484E-2
1.477040792E0,5.451476097E-2,2.883554399E-2,9.349113107E-3,6.237590622E-2
1.486995792E0,2.663435966E-2,1.854736805E-2,-2.399112582E-3,3.254458046E-2
1.496949792E0,5.544651479E-2,1.951800585E-3,-4.255018830E-3,5.564378413E-2
1.506904792E0,2.999577776E-2,9.279531240E-4,-1.722326607E-2,3.460128139E-2
1.516858792E0,7.498688623E-2,2.935419202E-2,3.478245467E-2,8.771841796E-2
1.526813792E0,4.997790635E-2,2.661067843E-2,4.852662742E-2,7.457045594E-2
1.536767792E0,5.481165335E-2,-2.267433286E-2,4.336938322E-2,7.348024302E-2
1.546722792E0,6.358130738E-2,-7.912159860E-2,-4.059224814E-2,1.093185283E-1
1.556676792E0,3.747451276E-2,-7.523261547E-2,-1.650347382E-2,8.565424791E-2
1.566631792E0,6.564917520E-2,1.346613765E-3,1.232534587E-2,6.680974273E-2
1.576585792E0,3.778061450E-2,4.285599768E-2,9.290933311E-2,1.090694987E-1
1.586540792E0,-1.862820581E-2,6.263186574E-2,3.548178166E-2,7.435534606E-2
1.596494792E0,-4.090419710E-3,3.905355334E-3,-1.599505842E-2,1.696541268E-2
1.606449792E0,-4.957810298E-2,-3.250993431E-2,-7.991331160E-2,9.950387678E-2
1.616403792E0,-2.768671229E-2,-3.402260900E-2,-7.174241245E-2,8.408962899E-2
1.626358792E0,-2.351852462E-2,1.558282971E-3,-3.325223833E-2,4.075856475E-2
1.636312792E0,-2.588328481E-2,3.218482912E-2,-1.475427926E-2,4.385768364E-2
1.646267792E0,-3.426468372E-2,2.420864224E-2,-6.828729272E-2,8.014537577E-2
1.656221792E0,6.139576435E-5,6.495087147E-3,-4.412718236E-2,4.460266976E-2
1.666176792E0,1.989427418E-2,2.743162751E-2,-7.198653370E-2,7.956341727E-2
1.676130792E0,-2.645353451E-2,3.126973987E-2,-3.524789304E-2,5.403702511E-2
1.686085792E0,2.137464300E-2,6.162789881E-2,-4.302995235E-2,7.814377822E-2
1.696039792E0,-1.915591702E-2,6.644775867E-3,-3.264617443E-2,3.843013021E-2
1.705994792E0,-9.943336397E-3,-7.445259690E-3,-8.565586209E-2,8.655188352E-2
1.715948792E0,2.318713367E-2,4.507618546E-3,-5.302693695E-2,5.805013208E-2
1.725903792E0,-4.536547646E-2,3.768530488E-2,-3.767887294E-2,6.998504215E-2
1.735857792E0,-4.888725445E-2,4.422190726E-2,-8.837481737E-3,6.651046393E-2
1.745812792E0,-2.775600180E-2,3.826184034E-2,-4.149593532E-2,6.289894046E-2
1.755766792E0,-3.487177089E-2,-2.338886261E-3,-6.418020844E-2,7.307947694E-2
1.765721792E0,-4.262649447E-2,-1.343690157E-2,-9.456964999E-2,1.045991733E-1
1.775675792E0,-4.234085798E-2,2.478225410E-2,-7.674967557E-2,9.109018099E-2
1.785630792E0,-9.075463414E-2,4.159124494E-2,-3.819518209E-2,1.068882931E-1
1.795585792E0,-1.087279518E-1,4.960426927E-2,-2.708371818E-2,1.225392950E-1
1.805539792E0,-6.951827779E-2,3.138726890E-2,-5.122190148E-2,9.187836953E-2
1.815494792E0,-1.301420635E-1,9.761341810E-3,-4.066007584E-2,1.366948509E-1
1.825448792E0,-1.366505992E-1,1.184295058E-2,-5.290560722E-2,1.470123975E-1
1.835403792E0,-1.285144910E-1,-2.166042566E-2,-4.886576593E-2,1.391869661E-1
1.845357792E0,-1.015235974E-1,-4.075860143E-2,-8.491969764E-2,1.384906476E-1
1.855312792E0,-3.018873587E-2,-5.190280974E-2,-8.505710721E-2,1.041151906E-1
1.865266792E0,-1.522717282E-2,-8.123536706E-3,-5.285005867E-2,5.559664866E-2
1.875221792E0,-2.958413377E-2,2.440393925E-2,2.670715749E-2,4.673377241E-2
1.885175792E0,-9.743463948E-2,5.136720479E-2,8.079390228E-2,1.366007077E-1
1.895130792E0,-2.183489196E-1,7.716336608E-2,1.242612264E-1,2.628141703E-1
1.905084792E0,-3.099335660E-1,6.270963371E-2,1.342652276E-1,3.435381563E-1
1.915039792E0,-3.831297424E-1,1.560212553E-2,1.483374292E-1,4.111396585E-1
1.924993792E0,-3.644068117E-1,-3.593815684E-2,1.570404249E-1,3.984288778E-1
1.934948792E0,-3.113728581E-1,-8.184172332E-2,2.483470362E-1,4.066046912E-1
1.944902792E0,-2.664118628E-1,-3.386064112E-2,2.816609627E-1,3.891718407E-1
1.954857792E0,-1.493905127E-1,-6.167584598E-2,3.079132068E-1,3.477527544E-1
1.964811792E0,-5.080718771E-2,-1.021812630E-1,2.690970504E-1,2.922936937E-1
1.974766792E0,6.937019706E-2,-1.798357952E-1,3.179177928E-1,3.717860412E-1
1.984720792E0,6.432653502E-2,-1.813946629E-1,2.646063888E-1,3.271979031E-1
1.994675792E0,2.233153984E-2,-2.446580279E-1,3.512825900E-1,4.286673609E-1
2.004629792E0,1.793643634E-1,-2.270163935E-1,3.478157759E-1,4.524199727E-1
2.014584792E0,1.351532735E-1,-2.209195018E-1,3.703755033E-1,4.519400923E-1
2.024538792E0,3.955080056E-1,-2.515460479E-1,3.240673095E-1,5.698435029E-1
2.034493792E0,5.272751565E-1,-1.661755300E-1,3.631758267E-1,6.614605646E-1
2.044447792E0,6.105742984E-1,-1.301636982E-1,4.189483237E-1,7.518385865E-1
2.054402792E0,8.555610859E-1,-1.433158404E-1,2.944871226E-1,9.161041793E-1
2.064356792E0,1.008824794E0,-1.660322732E-1,2.740987587E-1,1.058500973E0
2.074311792E0,9.929067729E-1,-1.766262585E-1,2.146378380E-1,1.031082003E0
2.084265792E0,1.048261633E0,-1.020122784E-1,1.828675765E-1,1.068971237E0
2.094220792E0,8.754002501E-1,-6.014153659E-2,6.120631456E-2,8.795958249E-1
2.104174792E0,8.684218906E-1,-4.833249986E-2,4.962122619E-2,8.711801632E-1
2.114129792E0,8.381992409E-1,6.061106801E-2,-8.871278644E-2,8.450571741E-1
2.124083792E0,6.913299014E-1,7.031861544E-3,-1.823392805E-1,7.150063586E-1
2.134038792E0,4.522509943E-1,4.854416907E-2,-1.512832564E-1,4.793476002E-1
2.143992792E0,2.245870216E-1,1.850205213E-1,-7.378718376E-2,3.001940573E-1
2.153947792E0,5.942773774E-2,1.896357286E-1,-1.665482900E-1,2.592907605E-1
2.163901792E0,1.552700342E-1,1.335720402E-1,-3.693270975E-1,4.223183378E-1
2.173856792E0,1.574558696E-1,8.517346680E-2,-5.225864205E-1,5.523978975E-1
2.183810792E0,-2.140709504E-2,7.695403576E-2,-5.914917639E-1,5.968606991E-1
2.193765792E0,-1.771720961E-2,1.244538921E-1,-5.274705997E-1,5.422433995E-1
2.203719792E0,-9.340064541E-2,2.558443362E-1,-4.685756895E-1,5.419807946E-1
2.213674792E0,1.721431983E-1,2.568933266E-1,-4.761276609E-1,5.677367448E-1
2.223628792E0,2.490068945E-1,2.840659225E-1,-6.559488380E-1,7.569456783E-1
2.233583792E0,4.732006909E-1,2.495188183E-1,-7.048075873E-1,8.848346001E-1
2.243537792E0,1.165483104E-1,2.962918657E-1,-8.319289792E-1,8.907739358E-1
2.253492792E0,2.812246142E-1,3.283533186E-1,-8.803325227E-1,9.807591631E-1
2.263446792E0,5.484179574E-1,3.373609543E-1,-9.786110616E-1,1.171432576E0
2.273401792E0,3.773697965E-1,3.055725664E-1,-9.085704812E-1,1.030185845E0
2.283355792E0,5.822853228E-1,3.654650116E-1,-9.690306911E-1,1.188125142E0
2.293310792E0,8.024800622E-1,3.241643733E-1,-1.143303738E0,1.433945685E0
2.303265250E0,7.149143533E-1,4.965262574E-1,-1.405867986E0,1.653513124E0
2.313220250E0,7.309930269E-1,6.358215523E-1,-1.214057971E0,1.553240679E0
2.323174250E0,6.452113035E-1,9.025083804E-1,-1.229651325E0,1.656158623E0
2.333129250E0,5.441079748E-1,9.085251653E-1,-1.351024320E0,1.716606587E0
2.343083250E0,4.864111590E-1,6.571627200E-1,-1.542771770E0,1.746025026E0
2.353038250E0,5.122197457E-1,5.853589118E-1,-1.716564175E0,1.884570692E0
2.362992250E0,4.264875774E-1,4.990177560E-1,-1.574773874E0,1.706113457E0
2.372947250E0,4.558729059E-1,6.913917357E-1,-1.611276872E0,1.811644500E0
2.382901250E0,5.467175871E-1,6.324120408E-1,-1.455909920E0,1.678844485E0
2.392856250E0,5.582753398E-1,5.780346894E-1,-1.447525597E0,1.655634565E0
2.402810250E0,5.182967569E-1,6.416857249E-1,-1.748333852E0,1.933148560E0
2.412765250E0,2.959388401E-1,7.529225707E-1,-1.933600249E0,2.096015772E0
2.422719250E0,1.456765075E-1,8.994947255E-1,-1.739516836E0,1.963728909E0
2.432674250E0,-1.054668134E-1,9.420577776E-1,-1.630321838E0,1.885880537E0
2.442628250E0,-2.182265666E-1,8.446642148E-1,-1.618318673E0,1.838487367E0
2.452583250E0,-1.624565546E-1,7.374040604E-1,-1.664387716E0,1.827660622E0
2.462538250E0,-2.586754118E-1,6.465985554E-1,-1.672766484E0,1.811946569E0
2.472492250E0,-3.606083143E-1,6.108884400E-1,-1.624303299E0,1.772451480E0
2.482447250E0,-3.004274552E-1,6.741178912E-1,-1.560341776E0,1.726081703E0
2.492401250E0,-1.158997080E-1,6.139956504E-1,-1.266662446E0,1.412394121E0
2.502356250E0,-5.111795260E-1,3.077225876E-1,-1.574897250E0,1.684131541E0
2.512310250E0,-1.603467330E-2,3.993075264E-1,-1.902237831E0,1.943762428E0
2.522265250E0,-6.157688186E-2,9.160715818E-2,-1.239520256E0,1.244425188E0
2.532219250E0,-2.005931184E-2,7.014998174E-1,-1.248001935E0,1.431786715E0
2.542174250E0,-1.551052889E-1,4.401129055E-1,-8.042640477E-1,9.298374475E-1
2.552128250E0,2.362625957E-2,4.490117830E-1,-1.012435158E0,1.107788215E0
2.562083250E0,-1.074132054E-1,4.215807402E-1,-1.273772660E0,1.346018093E0
2.572037250E0,9.503216475E-2,7.721072853E-2,-9.558373260E-1,9.636480700E-1
2.581992250E0,1.020872690E-1,3.091984248E-1,-1.179564076E0,1.223681693E0
2.591946250E0,-9.097755924E-2,3.349033695E-1,-7.304356411E-1,8.086862241E-1
2.601901250E0,9.482458860E-2,1.598944509E-1,-4.180215400E-1,4.574931103E-1
2.611855250E0,3.439788330E-1,2.300540221E-1,-7.546714729E-1,8.606830558E-1
2.621810250E0,5.421402405E-1,1.377545536E-2,-8.133973986E-1,9.776099077E-1
2.631764250E0,9.329837760E-1,2.605630392E-1,-9.014190441E-1,1.323218847E0
2.641719250E0,1.038620597E0,6.284914827E-1,-9.536756104E-1,1.543771829E0
2.651673250E0,9.578033061E-1,6.657668978E-1,-6.631584549E-1,1.341794273E0
2.661628250E0,9.525175694E-1,6.547981060E-1,-1.100920780E0,1.596269665E0
2.671582250E0,8.817504725E-1,2.881034249E-1,-1.170153567E0,1.493233689E0
2.681537250E0,6.655309626E-1,2.972461313E-1,-1.470750153E0,1.641460550E0
2.691491250E0,1.750470717E-1,4.141816735E-1,-1.528941643E0,1.593690837E0
2.701446250E0,-1.337356161E-1,5.172201383E-1,-1.423412557E0,1.520363507E0
2.711400250E0,-3.907368238E-1,6.036665440E-1,-1.788125909E0,1.927299361E0
2.721355250E0,-5.277717313E-1,6.617030829E-1,-2.073464478E0,2.239564447E0
2.731309250E0,-8.100989842E-1,6.312098533E-1,-1.830598037E0,2.098993906E0
2.741264250E0,-1.208307088E0,6.767912382E-1,-1.808789969E0,2.278107449E0
2.751218250E0,-1.487341189E0,2.341201758E-1,-1.538606214E0,2.152743633E0
2.761173250E0,-9.430092658E-1,1.245749295E-2,-1.711467742E0,1.954109387E0
2.771127250E0,2.044293304E-1,2.628031075E-1,-1.211239028E0,1.256167508E0
2.781082250E0,1.084728378E0,6.527498263E-1,-8.691277957E-1,1.535610991E0
2.791036250E0,1.540508313E0,1.008817778E0,-1.240040073E0,2.220040215E0
2.800991250E0,1.734401253E0,8.750773376E-1,-1.025862996E0,2.196884826E0
2.810945250E0,1.378158031E0,9.020751017E-1,-6.369608822E-1,1.766006289E0
2.820900250E0,1.301972174E0,1.043278928E0,-1.869688135E-1,1.678844781E0
2.830854250E0,9.107661107E-1,9.763996446E-1,1.521848971E-1,1.343879242E0
2.840809250E0,1.037954892E0,7.039188105E-1,-1.793633401E-2,1.254262238E0
2.850763250E0,1.284005580E0,5.513234389E-1,-3.464217997E-1,1.439665214E0
2.860718250E0,1.341884391E0,4.141424972E-1,-3.656661558E-1,1.451164864E0
2.870672250E0,9.949874315E-1,5.410393560E-1,-5.388238460E-1,1.254214779E0
2.880627250E0,1.253427420E-1,7.856745797E-1,-4.689601439E-1,9.235361199E-1
2.890581250E0,-1.012970178E-1,5.882328182E-1,-1.803386557E-1,6.235390645E-1
2.900536250E0,-7.940132209E-1,4.423582363E-1,-7.305674958E-1,1.166133213E0
2.910490250E0,-1.152520704E0,-2.353153467E-2,-1.263057053E0,1.710020709E0
2.920445250E0,-1.540975505E0,-1.789657295E-1,-1.391303742E0,2.083833089E0
2.930399250E0,-2.415503497E0,-4.550127804E-2,-1.647772268E0,2.924359923E0
2.940354250E0,-2.985425175E0,3.090709555E-1,-1.489065094E0,3.350463130E0
2.950308250E0,-3.210241261E0,6.165684253E-1,-1.143159896E0,3.463036258E0
2.960263250E0,-2.748004830E0,8.488215852E-1,-9.186893803E-1,3.019274550E0
2.970217250E0,-2.094303955E0,7.874591500E-1,-1.040468756E0,2.467544569E0
2.980172250E0,-1.335592640E0,5.141924500E-1,-1.342529485E0,1.962291261E0
2.990126250E0,-5.132632544E-1,4.947890496E-1,-1.271322969E0,1.457572456E0
3.000081250E0,4.215535507E-2,2.693286002E-1,-8.625783294E-1,9.046305010E-1
3.010035250E0,4.378154614E-1,2.019815397E-1,-5.581237507E-1,7.375507045E-1
3.019990250E0,9.978978831E-1,-1.200024068E-2,-5.815617299E-1,1.155057677E0
3.029944250E0,1.383427250E0,-1.807754427E-1,-3.438285595E-1,1.436930337E0
3.039899250E0,1.807070303E0,2.727024436E-2,-1.996099091E-1,1.818265894E0
3.049853250E0,2.050231590E0,4.246821034E-1,-1.467025477E-1,2.098886871E0
3.059808250E0,1.950084719E0,6.273366576E-1,-8.375405520E-2,2.050218631E0
3.069762250E0,1.627796718E0,4.578714842E-1,-2.100188300E-1,1.703959025E0
3.079717250E0,1.161098496E0,8.919810534E-2,-4.559845877E-1,1.250611036E0
3.089671250E0,9.644364607E-1,4.337523043E-2,-7.121668929E-1,1.199666946E0
3.099626250E0,9.458930395E-1,9.747308493E-2,-5.791997471E-1,1.113412319E0
3.109580250E0,1.225896901E0,1.779243404E-1,-5.896478444E-2,1.240143995E0
3.119535250E0,1.861827139E0,9.431324959E-2,-2.101354820E-1,1.876020310E0
3.129489250E0,1.791970599E0,1.864776474E-1,-9.090166238E-1,2.017980120E0
3.139444250E0,1.283799758E0,5.024126494E-1,-4.789428028E-1,1.459433622E0
3.149398250E0,1.372588266E0,1.643500292E0,-1.874494547E-1,2.149471809E0
3.159353250E0,1.040909782E0,1.317807457E0,1.173144418E-1,1.683410926E0
3.169307250E0,6.423933841E-2,8.669608176E-2,-5.976743174E-1,6.073363918E-1
3.179262250E0,-4.485191551E-1,-9.595467997E-1,-8.943164313E-1,1.386254440E0
3.189216250E0,-6.019755292E-1,-1.222501935E0,-7.981525379E-1,1.579219108E0
3.199171250E0,-9.681731238E-1,-6.844142532E-1,-8.039079523E-1,1.432497841E0
3.209125250E0,-1.382845452E0,-6.084027886E-2,-8.690991443E-1,1.634410109E0
3.219080250E0,-1.716306313E0,1.986737698E-1,-8.802532929E-1,1.939078257E0
3.229034250E0,-2.415678329E0,2.113195431E-1,-8.330305946E-1,2.564000333E0
3.238989250E0,-2.808374993E0,3.323001891E-1,-9.386710703E-1,2.979680670E0
3.248943250E0,-2.479601845E0,2.987114435E-1,-6.407788217E-1,2.578420317E0
3.258898250E0,-1.713918457E0,-1.522842997E-1,-5.744719809E-1,1.814035568E0
3.268852250E0,-9.017244881E-1,-4.947194678E-1,-1.147809017E0,1.541207301E0
3.278807250E0,3.046150848E-2,-6.332762593E-1,-1.389866204E0,1.527643541E0
3.288761250E0,3.851756101E-1,2.046782756E-1,-1.523749023E0,1.584949379E0
3.298715875E0,2.942973074E-1,1.024340381E0,-8.776957208E-1,1.380664296E0
3.308669875E0,3.254595315E-1,1.428046768E0,-5.987624842E-1,1.582326765E0
3.318624875E0,5.710034126E-1,1.240647014E0,-8.821355116E-1,1.625857611E0
3.328578875E0,3.468398756E-1,8.655416983E-1,-1.335038617E0,1.628431282E0
3.338533875E0,-2.530571146E-1,1.044493979E-1,-1.222200803E0,1.252486480E0
3.348487875E0,-5.237408801E-1,7.536458713E-1,-1.525480676E0,1.780274671E0
3.358442875E0,-4.584433419E-1,1.036817170E0,-4.036648715E-1,1.203372540E0
3.368396875E0,-7.552491047E-1,1.385959679E0,-8.831704688E-1,1.808666779E0
3.378351875E0,-9.193201487E-1,9.535534036E-1,-1.092232987E0,1.716795424E0
3.388305875E0,-7.607717999E-1,8.472451758E-1,-1.175594109E0,1.636648902E0
3.398260875E0,-4.427729866E-1,8.000037664E-1,-1.089389778E0,1.422260185E0
3.408214875E0,-3.590212338E-1,9.228870964E-1,-7.083641562E-1,1.217537111E0
3.418169875E0,-2.095944318E-1,4.185770255E-1,-1.074467391E0,1.172013962E0
3.428123875E0,1.346080206E-2,-2.551023245E-2,-1.827908902E0,1.828136461E0
3.438078875E0,1.554674874E-1,-2.530236393E-1,-2.199593305E0,2.219549911E0
3.448032875E0,-9.335934944E-2,4.635438681E-2,-1.552601524E0,1.556096459E0
3.457987875E0,-6.832525577E-1,6.693050480E-1,-9.951057646E-1,1.380231425E0
3.467941875E0,-7.092755178E-1,1.261933803E0,-8.276154882E-1,1.667481958E0
3.477896875E0,-7.637155075E-1,1.126816344E0,-1.602149953E0,2.102346527E0
3.487850875E0,-4.527798384E-1,7.595533133E-1,-1.845571294E0,2.046476049E0
3.497805875E0,-4.882911120E-2,3.531238782E-1,-1.850545521E0,1.884568778E0
3.507759875E0,3.626313413E-1,4.676860356E-1,-1.467816313E0,1.582629598E0
3.517714875E0,1.053749975E0,4.116708791E-1,-1.359113358E0,1.768346980E0
3.527668875E0,1.610962584E0,4.106487858E-1,-1.525108793E0,2.256056228E0
3.537623875E0,2.095029886E0,4.125169712E-1,-1.407216354E0,2.557259929E0
3.547577875E0,1.855988401E0,1.073062890E0,-1.379468100E0,2.549331119E0
3.557532875E0,1.006962310E0,1.484916787E0,-1.533198416E0,2.360010242E0
3.567486875E0,5.946304762E-1,1.080615739E0,-1.529509993E0,1.964870631E0
3.577441875E0,5.819415431E-1,5.672921848E-1,-1.480526698E0,1.688915535E0
3.587395875E0,1.025232666E0,6.068649709E-2,-1.767358645E0,2.044099179E0
3.597350875E0,1.477424457E0,5.086136216E-1,-1.770992398E0,2.361754627E0
3.607304875E0,1.574207278E0,9.406801736E-1,-1.273900715E0,2.232897395E0
3.617259875E0,1.662918311E0,1.565594330E0,-1.323400611E0,2.639653782E0
3.627213875E0,1.341354633E0,1.080553758E0,-1.087064048E0,2.036795748E0
3.637168875E0,1.038849516E0,8.522451299E-1,-8.607750481E-1,1.595764319E0
3.647122875E0,7.369309475E-1,8.660860741E-1,-1.580702073E0,1.947252257E0
3.657077875E0,1.158400006E0,4.292902941E-1,-2.368401251E0,2.671236646E0
3.667031875E0,1.660304167E0,4.741770297E-1,-1.863761982E0,2.540681505E0
3.676986875E0,1.488856056E0,6.772309488E-1,-1.558011953E0,2.258923496E0
3.686940875E0,1.121947952E0,5.184837216E-1,-1.601683052E0,2.023111756E0
3.696895875E0,4.510090822E-1,6.649319154E-1,-2.237138569E0,2.377042831E0
3.706849875E0,6.984991542E-2,8.457108665E-1,-1.636820433E0,1.843715545E0
3.716804875E0,-3.026065480E-1,7.135871816E-1,-1.479513375E0,1.670250645E0
3.726758875E0,-2.458450127E-1,5.090755516E-1,-2.095701439E0,2.170613326E0
3.736713875E0,-6.910777402E-1,7.844378936E-1,-2.212996000E0,2.447505373E0
3.746667875E0,-4.934772268E-1,7.482933301E-1,-6.438006628E-1,1.103604084E0
3.756622875E0,-5.351830772E-1,3.263418764E-1,-7.769938034E-1,9.983182443E-1
3.766576875E0,-3.563429532E-1,-3.679857463E-1,-4.151204440E-1,6.593320808E-1
3.776531875E0,-1.163473580E-1,-7.258645803E-1,-1.869360691E-1,7.585256690E-1
3.786485875E0,-2.103255530E-1,-7.532488453E-1,4.415633073E-1,8.981084654E-1
3.796440875E0,-4.733259675E-1,-5.256342816E-1,4.130236325E-1,8.190954709E-1
3.806394875E0,-4.273401015E-1,-4.791576880E-1,3.514813954E-1,7.319500144E-1
3.816349875E0,-7.695340718E-1,-5.619852519E-1,1.969391933E-1,9.730339958E-1
3.826303875E0,-1.061977885E0,-6.524019170E-1,1.269903850E0,1.779348498E0
3.836258875E0,-1.266974249E0,-1.067851852E0,1.645993837E0,2.335557115E0
3.846212875E0,-9.471993075E-1,-9.573266119E-1,1.407447612E0,1.947965490E0
3.856167875E0,-4.219960753E-1,-1.070683658E0,2.077405209E0,2.374880331E0
3.866121875E0,-4.188492134E-1,-9.032731962E-1,2.407376160E0,2.605148193E0
3.876076875E0,-2.404792787E-1,-5.884134972E-1,2.155892092E0,2.247650204E0
3.886030875E0,7.572315301E-1,-3.169214272E-1,1.997939502E0,2.160000239E0
3.895985875E0,1.535525608E0,-8.693815649E-2,1.851189884E0,2.406719993E0
3.905939875E0,2.351735664E0,1.110532433E-1,1.979854648E0,3.076169352E0
3.915894875E0,3.537547928E0,-2.764505088E-2,2.206137509E0,4.169178852E0
3.925848875E0,3.885251145E0,6.764643788E-3,2.083163255E0,4.408490826E0
3.935803875E0,3.923944802E0,-1.428293520E-1,2.127050701E0,4.465656471E0
3.945757875E0,3.456961894E0,-2.832280165E-1,2.110778777E0,4.060319038E0
3.955712875E0,2.713638113E0,-2.909551120E-1,1.338590800E0,3.039788153E0
3.965666875E0,2.088182651E0,-5.978549963E-1,1.008901100E0,2.394956954E0
3.975621875E0,1.107279627E0,-6.927599841E-1,2.614524007E-1,1.332044265E0
3.985575875E0,3.230596881E-1,-4.849417537E-1,-9.355895877E-2,5.901604403E-1
3.995530875E0,-4.395882275E-1,-3.984684509E-1,-2.675203487E-1,6.508318163E-1
4.005484875E0,-1.058660321E0,-4.742606449E-1,-7.486833394E-2,1.162450043E0
4.015439875E0,-1.351340654E0,-4.822801012E-1,1.810488001E-1,1.446199961E0
4.025393875E0,-1.673281916E0,-3.124974239E-1,3.532972482E-1,1.738489561E0
4.035348875E0,-1.873870064E0,1.243234992E-2,-9.637293130E-2,1.876387839E0
4.045302875E0,-2.037838562E0,3.353378177E-3,1.802936321E-1,2.045801321E0
4.055257875E0,-1.859608997E0,-1.219594699E-1,-3.121001056E-1,1.889557147E0
4.065211875E0,-1.900292316E0,-6.538526112E-1,-2.898768854E-1,2.030434124E0
4.075166875E0,-1.800836002E0,-5.529898953E-1,-3.299390835E-1,1.912503053E0
4.085120875E0,-1.350443399E0,-2.612945259E-1,-1.765660322E-1,1.386776033E0
4.095075875E0,-1.148490949E0,8.630490303E-2,-2.923461646E-2,1.152100108E0
4.105029875E0,-5.630736380E-1,6.975184482E-1,4.245505410E-1,9.918805721E-1
4.114984875E0,-1.831117526E-1,5.247115910E-1,5.635175148E-1,7.914569837E-1
4.124938875E0,3.975107135E-2,-1.350987482E-1,2.465820542E-1,2.839621962E-1
4.134893875E0,2.989696712E-1,-6.685688835E-1,-1.252473593E-1,7.430034437E-1
4.144847875E0,4.225564943E-1,-7.053607339E-1,8.595699370E-3,8.222904851E-1
4.154802875E0,4.559136171E-1,-3.054310638E-1,1.806029499E-1,5.777220668E-1
4.164756875E0,4.297245960E-1,-3.336766237E-1,3.311716765E-1,6.369285650E-1
4.174711875E0,1.200669455E-1,2.688742715E-1,6.713989359E-1,7.331343509E-1
4.184665875E0,-2.691358979E-1,-8.243556654E-1,8.986404473E-1,1.248819862E0
4.194620875E0,-5.524496857E-1,-5.007485318E-1,7.160599691E-1,1.033775424E0
4.204574875E0,-1.163004104E0,-4.385540378E-1,5.009841746E-1,1.340109448E0
4.214529875E0,-9.424580196E-1,-3.974481118E-1,2.763195312E-1,1.059502055E0
4.224483875E0,-6.540743668E-1,2.057366216E-1,9.674440491E-1,1.185786162E0
4.234438875E0,-5.506798797E-1,-2.974396741E-1,1.786527280E0,1.892986638E0
4.244392875E0,-2.689859533E-1,-1.118601590E0,1.788411545E0,2.126508598E0
4.254347875E0,2.683422297E-1,-1.307201192E0,1.519197551E0,2.022064219E0
4.264301875E0,8.533050109E-1,-6.136038870E-1,1.258614046E0,1.639740372E0
4.274256875E0,1.095993989E0,3.171219867E-1,1.436179660E0,1.834224957E0
4.284210875E0,1.130745234E0,6.639180082E-1,1.118744847E0,1.723647858E0
4.294165875E0,7.788779224E-1,1.457383418E-1,6.146704191E-1,1.002851039E0
4.304119917E0,7.974706795E-1,-6.420424050E-1,5.794970781E-2,1.025444344E0
4.314074917E0,2.730761720E-1,-1.100860553E0,-1.594699430E-1,1.145379944E0
4.324028917E0,-2.297206211E-1,-4.665329647E-1,-5.910783657E-1,7.872726373E-1
4.333983917E0,-7.700606136E-1,-5.531466007E-2,-4.335026282E-1,8.854250894E-1
4.343937917E0,-1.012487198E0,2.934360856E-1,-1.789405864E-1,1.069230936E0
4.353892917E0,-8.747777409E-1,2.585445803E-1,-1.280320957E-1,9.211262745E-1
4.363846917E0,-3.035540893E-1,1.487403023E-1,-8.392064238E-1,9.047298958E-1
4.373801917E0,6.360551851E-2,6.198621619E-1,-1.357212428E0,1.493419009E0
4.383755917E0,-5.473923193E-1,2.682199681E-1,-1.172155069E0,1.321184245E0
4.393710917E0,-4.036356354E-1,3.888550436E-1,-5.491178691E-2,5.631565284E-1
4.403664917E0,-1.224454466E-2,6.362846518E-1,7.949011937E-1,1.018271081E0
4.413619917E0,4.141242977E-2,-5.898519123E-1,-2.269678617E-1,6.333677273E-1
4.423573917E0,-5.431874038E-1,-1.445515324E0,-2.935302258E-2,1.544483315E0
4.433528917E0,-1.075199317E0,-6.842926311E-1,2.036933121E-1,1.290659111E0
4.443482917E0,-1.092134315E0,1.873950756E-1,6.317176840E-1,1.275516173E0
4.453437917E0,-8.718280399E-1,2.436400276E-1,7.756717479E-1,1.192103710E0
4.463391917E0,-1.064483271E0,7.097350359E-2,7.112845480E-2,1.069215193E0
4.473346917E0,-1.062365336E0,-9.138853079E-1,4.057169518E-1,1.458908053E0
4.483300917E0,-1.420769615E0,-1.373767065E0,9.680407575E-1,2.200664708E0
4.493255917E0,-1.789467845E0,-3.796585429E-1,5.880141324E-1,1.921482864E0
4.503209917E0,-1.703928635E0,1.560785580E-1,2.404220125E-1,1.727870381E0
4.513164917E0,-1.429122509E0,-2.935886979E-1,9.653519154E-1,1.749425560E0
4.523118917E0,-1.068744868E0,-4.187764156E-1,8.850439167E-1,1.449445416E0
4.533073917E0,-6.942500740E-1,-2.855885375E-1,1.670903268E-1,7.690664180E-1
4.543027917E0,-6.289386486E-1,-1.041254622E-1,-2.200453430E-2,6.378794048E-1
4.552982917E0,-1.419359340E-1,-1.959893131E-1,8.369684020E-1,8.712483722E-1
4.562936917E0,1.052140675E-1,-1.205052674E-2,9.030702978E-1,9.092585870E-1
4.572891917E0,3.574228243E-1,2.855487764E-2,5.140404224E-2,3.622275968E-1
4.582845917E0,6.895601685E-1,1.025315112E-1,-3.640222111E-1,7.864592214E-1
4.592800917E0,7.579017672E-1,-1.862186158E-1,-1.531216210E-1,7.953230114E-1
4.602754917E0,6.238742289E-1,-2.310767001E-1,1.170890316E-1,6.755185683E-1
4.612709917E0,8.323494671E-1,-1.616842836E-1,-1.046520039E-1,8.543415504E-1
4.622663917E0,8.221896375E-1,1.402577466E-1,-3.796272603E-1,9.163977806E-1
4.632618917E0,5.506113577E-1,3.118056983E-1,-3.054509443E-1,7.026349977E-1
4.642572917E0,4.278159552E-1,2.560086429E-1,-2.313833866E-1,5.496409631E-1
4.652527917E0,4.916134999E-1,2.004840678E-1,-6.747388655E-1,8.585745345E-1
4.662481917E0,3.913216185E-1,2.494223392E-1,-6.556962383E-1,8.032942607E-1
4.672436917E0,4.149271204E-1,4.823374039E-1,-5.300977537E-1,8.281409994E-1
4.682390917E0,3.632953657E-1,3.379714036E-1,-5.568344396E-1,7.458369698E-1
4.692345917E0,4.356877327E-1,2.022054881E-1,-1.069587305E0,1.172487895E0
4.702299917E0,4.095594130E-1,-8.711591184E-2,-1.031598822E0,1.113339223E0
4.712254917E0,2.069707130E-1,6.634514004E-1,-6.579748982E-1,9.570452463E-1
4.722208917E0,1.481653018E-1,5.340273750E-1,-6.436348942E-1,8.493550912E-1
4.732163917E0,-8.684909608E-2,4.975442576E-1,-8.166332477E-1,9.601994142E-1
4.742117917E0,-1.508972671E-1,5.338496196E-1,-3.020361704E-1,6.316575416E-1
4.752072917E0,-3.918147580E-1,5.979193157E-1,-6.722456127E-2,7.180149402E-1
4.762026917E0,-5.669009330E-1,3.988227922E-1,-8.909191990E-1,1.128792854E0
4.771981917E0,-4.982712127E-1,-2.555209851E-1,-1.171968251E0,1.298874419E0
4.781935917E0,-6.942264658E-1,-3.344502103E-1,-7.544089329E-1,1.078397036E0
4.791890917E0,-8.940325490E-1,-2.274906027E-1,-4.274507600E-1,1.016740048E0
4.801844917E0,-8.208426583E-1,4.339136875E-1,-6.433744007E-1,1.129599211E0
4.811799917E0,-7.700594442E-1,4.915315658E-1,-3.994268095E-1,9.970639919E-1
4.821753917E0,-7.633032788E-1,3.149205101E-1,-2.387049776E-1,8.595271313E-1
4.831708917E0,-7.359923232E-1,2.533604389E-1,-3.425000721E-1,8.504013825E-1
4.841662917E0,-7.070665129E-1,5.920598209E-2,-4.198277450E-1,8.244414699E-1
4.851617917E0,-4.195168558E-1,1.719385457E-1,-7.352265573E-1,8.637796862E-1
4.861571917E0,-2.493036042E-1,1.474276024E-1,-1.006838203E0,1.047669009E0
4.871526917E0,4.704454098E-2,3.627934188E-1,-1.008684461E0,1.072975580E0
4.881480917E0,-7.058506574E-2,5.727873981E-1,-6.009674692E-1,8.332043891E-1
4.891435917E0,-3.323853392E-2,4.568224937E-1,-9.567436445E-1,1.060730876E0
4.901389917E0,1.755960156E-1,3.879007781E-1,-1.139834000E0,1.216767242E0
4.911344917E0,1.142771056E-1,1.097937530E-1,-1.024926857E0,1.037106063E0
4.921298917E0,2.796497398E-1,4.649869609E-1,-1.160607988E0,1.281182170E0
4.931253917E0,2.562670898E-1,3.497476959E-1,-1.288221130E0,1.359231383E0
4.941207917E0,1.452462255E-1,6.060761815E-1,-1.161121958E0,1.317812204E0
4.951162917E0,1.470279452E-1,6.045266694E-1,-1.373194622E0,1.507558683E0
4.961116917E0,5.846302025E-3,2.161861807E-1,-1.581360177E0,1.596079777E0
4.971071917E0,-4.533594802E-2,3.936936146E-1,-1.984124870E0,2.023314486E0
4.981025917E0,-3.065611844E-1,2.332039171E-1,-1.337199748E0,1.391569974E0
4.990980917E0,-6.086630994E-1,1.155439049E-1,-7.837870985E-1,9.990712579E-1
5.000934917E0,-4.777115254E-1,1.775097728E-1,-9.726954335E-1,1.098114032E0
5.010889917E0,-5.459029238E-1,-1.694973332E-1,-1.253139591E0,1.377351873E0
5.020843917E0,-6.584142434E-1,2.447632778E-1,-1.163914003E0,1.359453635E0
5.030797917E0,-7.134386623E-1,3.775734258E-1,-6.578404123E-1,1.041302273E0
5.040752917E0,-7.248239952E-1,1.763163561E-1,-2.185709676E-1,7.773226803E-1
5.050707917E0,-5.831999736E-1,3.653188312E-1,-7.612373114E-2,6.923690346E-1
5.060661917E0,-4.467277144E-1,4.720410419E-1,-1.618860126E-2,6.501157334E-1
5.070616917E0,-4.205785275E-1,1.948648936E-1,-3.412347347E-1,5.755864563E-1
5.080570917E0,-3.998713441E-1,2.623762608E-2,-5.267493457E-1,6.618537437E-1
5.090525917E0,-6.253491160E-1,-1.301987815E-1,-1.687690625E-1,6.606786178E-1
5.100479917E0,-7.264350493E-1,-3.827528894E-2,-2.363555664E-1,7.648770047E-1
5.110434917E0,-6.951525917E-1,2.718955278E-1,-4.550285679E-1,8.741940868E-1
5.120388917E0,-6.841489358E-1,2.845670289E-1,-6.841672084E-1,1.008525126E0
5.130342917E0,-5.229269477E-1,2.311392653E-1,-3.200654751E-1,6.552250460E-1
5.140297917E0,-5.745060410E-1,5.141474265E-1,-5.774055290E-1,9.632247465E-1
5.150251917E0,-4.510887871E-1,1.494367057E-1,-6.373351040E-1,7.949895960E-1
5.160206917E0,-3.913497582E-1,7.217510641E-2,-6.049087849E-1,7.240707958E-1
5.170161917E0,-2.403516266E-1,3.040382570E-1,-6.214964586E-1,7.324384031E-1
5.180115917E0,-8.709734693E-2,3.789755881E-1,-8.853792545E-1,9.670082050E-1
5.190069917E0,-4.496406510E-2,5.039586532E-1,-1.188022074E0,1.291275547E0
5.200024917E0,-1.051262131E-1,6.286493576E-1,-1.247763076E0,1.401129626E0
5.209978917E0,-2.959973122E-1,2.743782556E-1,-1.057696700E0,1.132086633E0
5.219933917E0,-3.964387727E-1,-6.718275368E-2,-9.972768357E-1,1.075285223E0
5.229887917E0,-4.374781501E-1,-6.886207402E-2,-1.091498284E0,1.177920889E0
5.239842917E0,-6.052384583E-1,-5.651450872E-2,-9.337386516E-1,1.114170252E0
5.249796917E0,-6.252022777E-1,1.149053890E-1,-5.871624854E-1,8.653559503E-1
5.259751917E0,-7.100706661E-1,1.385310638E-1,-6.841157529E-1,9.956935120E-1
5.269705917E0,-6.152661042E-1,-1.214162636E-1,-6.321155870E-1,8.904293365E-1
5.279660917E0,-7.078620265E-1,-2.079141247E-1,-4.221403188E-1,8.499996356E-1
5.289614917E0,-6.825455562E-1,-2.777228630E-1,-5.537816083E-1,9.217768139E-1
5.299569500E0,-6.443464272E-1,-1.934972298E-1,-4.565336412E-1,8.130476381E-1
5.309523500E0,-8.860708340E-1,-7.794572353E-2,6.505085886E-2,8.918680804E-1
5.319478500E0,-9.236485501E-1,8.261706412E-2,3.806683570E-2,9.281170763E-1
5.329432500E0,-9.215514462E-1,7.902938801E-1,-5.069220221E-1,1.315595463E0
5.339387500E0,-1.026776039E0,5.166237223E-1,5.976649618E-1,1.295520170E0
5.349341500E0,-1.479455342E0,-3.048258770E-1,1.719312952E0,2.288611795E0
5.359296500E0,-9.854593205E-1,-3.472064960E-1,5.140372065E-1,1.164438351E0
5.369250500E0,-3.251915098E-1,-6.341445708E-1,-5.919598335E-1,9.264476775E-1
5.379205500E0,-1.307088049E-1,-4.653097272E-2,-6.546858394E-1,6.692260242E-1
5.389159500E0,1.432731191E-1,9.292833656E-1,-6.961958081E-1,1.169950154E0
5.399114500E0,-7.746069700E-2,-5.848963970E-1,4.136244339E-1,7.205477965E-1
5.409068500E0,-4.632658695E-1,-1.249419592E0,5.679266077E-1,1.448518282E0
5.419023500E0,-1.927556201E-1,-3.963605297E-1,-5.961160344E-1,7.413573531E-1
5.428977500E0,-3.739537069E-1,4.490111983E-1,-6.914627793E-1,9.053028258E-1
5.438932500E0,-6.549153426E-1,1.112883013E0,3.915070483E-1,1.349333345E0
5.448886500E0,-6.852620995E-1,8.942029953E-1,9.129667103E-1,1.450065983E0
5.458841500E0,-8.754479049E-1,-2.107172799E-1,8.737231225E-1,1.254672428E0
5.468795500E0,-4.359008272E-1,-8.512528574E-1,-1.687655541E-1,9.711450822E-1
5.478750500E0,-2.635716875E-1,-6.467400581E-1,-6.884842077E-1,9.806901862E-1
5.488704500E0,-4.295402991E-1,-1.462219065E-1,4.778888422E-1,6.589866918E-1
5.498659500E0,-4.745934977E-1,2.695893860E-1,9.523933160E-1,1.097711462E0
5.508613500E0,-2.836520127E-1,2.253218704E-1,4.729608089E-1,5.957519084E-1
5.518568500E0,-2.016460192E-1,-6.414746404E-2,1.482769105E-1,2.583835451E-1
5.528522500E0,-2.424037801E-1,-2.975057477E-1,-2.724393189E-2,3.847226200E-1
5.538477500E0,-2.123797530E-1,-4.988850242E-1,1.490057659E-1,5.623114307E-1
5.548431500E0,-1.786628437E-1,-2.931957650E-1,2.074548259E-1,4.011504371E-1
5.558386500E0,-4.112350057E-1,-2.235986960E-1,2.851225144E-1,5.480925606E-1
5.568340500E0,-4.213228415E-1,-1.547910011E-1,5.430309176E-2,4.521305304E-1
5.578295500E0,-2.898583570E-1,1.490993214E-1,-1.326031566E-1,3.518978146E-1
5.588249500E0,-2.491415998E-1,7.671371520E-2,-6.929213673E-2,2.697367810E-1
5.598204500E0,-1.626708185E-1,1.021491033E-1,2.258244386E-1,2.964673871E-1
5.608158500E0,3.793435972E-2,1.269290185E-1,6.999000192E-2,1.498285412E-1
5.618113500E0,2.452868228E-1,2.082520938E-1,-1.023800683E-1,3.376629065E-1
5.628067500E0,2.630946277E-1,1.818595165E-1,-3.286398321E-1,4.585802069E-1
5.638022500E0,2.136051101E-1,6.647114754E-3,-2.669470292E-1,3.419532769E-1
5.647976500E0,2.346427707E-1,-4.881781876E-2,-1.115566885E-1,2.643582873E-1
5.657931500E0,2.504128941E-1,8.992608368E-2,-2.803102559E-1,3.864804751E-1
5.667885500E0,7.811945893E-2,-1.014983082E-1,-4.415314400E-1,4.597331497E-1
5.677840500E0,3.892089464E-2,-1.687915742E-2,-1.495545271E-1,1.554551336E-1
5.687794500E0,1.007285222E-2,1.315646911E-1,-1.270269594E-1,1.831572513E-1
5.697749500E0,-5.969451696E-2,-9.060845375E-3,-2.978536570E-1,3.039117228E-1
5.707703500E0,-8.986585736E-2,-8.666976929E-2,-2.575327197E-1,2.862003196E-1
5.717658500E0,-2.309213103E-1,2.442756200E-1,-6.872232556E-2,3.431005510E-1
5.727612500E0,-4.262136354E-1,6.404683346E-1,8.441900057E-1,1.142153456E0
5.737567500E0,-3.926294579E-1,1.140347385E-1,-1.169393429E-1,4.252488950E-1
5.747521500E0,-2.407157985E-1,-3.103064722E-1,-2.972087091E-1,4.925111360E-1
5.757476500E0,-2.952504035E-1,-2.159172088E-1,1.324867970E-1,3.890318666E-1
5.767430500E0,-2.184974389E-1,-1.550944716E-1,-1.755009618E-1,3.203061247E-1
5.777385500E0,-3.421841763E-2,-7.105244100E-1,-4.001869476E-1,8.161895799E-1
5.787339500E0,1.157463647E-1,-3.796228749E-1,-1.103936774E-1,4.119435787E-1
5.797294500E0,1.935816490E-1,1.751381421E-1,1.755597264E-1,3.145925002E-1
5.807248500E0,-4.660497654E-2,5.007245582E-1,1.047724566E-1,5.136870397E-1
5.817203500E0,-1.518648716E-1,8.186739260E-1,-4.885424691E-1,9.653826601E-1
5.827157500E0,-1.900153591E-1,4.698489207E-1,-2.634404540E-1,5.711958664E-1
5.837112500E0,-1.478251034E-1,-2.554484797E-1,-7.639855027E-2,3.048654219E-1
5.847066500E0,-2.718845643E-2,-3.130593413E-1,-1.066190658E0,1.111534022E0
5.857021500E0,9.672288716E-2,1.396069515E-1,-1.289567744E0,1.300703804E0
5.866975500E0,1.315762393E-2,3.547926736E-1,-4.785051388E-1,5.958339803E-1
5.876930500E0,6.872086376E-3,4.946352679E-1,2.127646825E-1,5.384979887E-1
5.886884500E0,-4.012421507E-2,6.979675144E-1,-1.332071739E-1,7.116970950E-1
5.896839500E0,-4.461688668E-2,2.498836845E-1,-1.147072560E0,1.174822532E0
5.906793500E0,-3.481746487E-2,-7.809716642E-2,-1.144897981E0,1.148086587E0
5.916748500E0,2.241186231E-1,-5.443184745E-1,-6.717895299E-1,8.932037458E-1
5.926702500E0,-1.223386618E-1,-2.520015460E-1,-3.283445477E-1,4.316036022E-1
5.936657500E0,-5.940894991E-1,1.150001138E-1,-2.456520545E-1,6.530790848E-1
5.946611500E0,-7.207071899E-1,3.257822978E-1,-4.307447889E-1,9.006075907E-1
5.956566500E0,-7.636978197E-1,5.459194422E-1,3.332807672E-1,9.961618679E-1
5.966520500E0,-5.206396631E-1,5.384548867E-1,6.411740935E-1,9.859531135E-1
5.976475500E0,-2.176479481E-1,3.094837689E-1,2.103734636E-1,4.329062563E-1
5.986429500E0,-7.557263106E-2,1.379574519E-1,-4.282945132E-1,4.562671051E-1
5.996384500E0,1.075727978E-1,-1.465493506E-1,-5.691682640E-1,5.974957169E-1
6.006338500E0,4.067938262E-1,-4.124082130E-1,-1.100813776E0,1.243926332E0
6.016293500E0,3.675582783E-1,-4.501987678E-1,-6.123923439E-1,8.442762589E-1
6.026247500E0,2.866301824E-1,2.787964118E-1,-5.080996513E-2,4.030706554E-1
6.036202500E0,2.512786840E-1,7.807120478E-1,-5.940420270E-2,8.223023397E-1
6.046156500E0,1.694189074E-1,9.641169834E-1,-1.172284877E-1,9.858837874E-1
6.056111500E0,3.365261181E-1,6.069813305E-1,-3.841337094E-1,7.932432606E-1
6.066065500E0,4.807758319E-1,9.968391716E-2,-7.428603896E-1,8.904627125E-1
6.076020500E0,4.390998754E-1,-1.043885869E-1,-8.550962323E-1,9.668998108E-1
6.085974500E0,3.727263764E-1,-2.047180367E-1,-8.109152555E-1,9.156516684E-1
6.095929500E0,2.368503139E-1,4.070831537E-3,-5.808816987E-1,6.273262236E-1
6.105883500E0,8.004750520E-2,2.888425130E-1,-4.597905403E-1,5.488578517E-1
6.115838500E0,1.017754662E-1,4.913666743E-1,-6.170066741E-1,7.952966051E-1
6.125792500E0,2.612962069E-1,5.328012139E-1,-7.618492225E-1,9.656951274E-1
6.135747500E0,5.992147663E-1,5.509574032E-1,-6.974821955E-1,1.071957933E0
6.145701500E0,4.666965406E-1,2.801079422E-1,-1.723455119E-1,5.709370331E-1
6.155656500E0,5.003877586E-1,-3.780745322E-1,2.166329080E-1,6.635194629E-1
6.165610500E0,8.138307504E-1,-1.994719148E-2,-1.088062752E0,1.358896219E0
6.175565500E0,1.049531575E0,2.068616259E-1,-1.012160631E0,1.472676951E0
6.185519500E0,1.024945787E0,9.678831750E-1,-4.336324364E-1,1.474906369E0
6.195474500E0,9.459667875E-1,1.482170350E0,3.520038441E-1,1.793206295E0
6.205428500E0,9.907439610E-1,7.561654365E-1,3.251043132E-1,1.288042149E0
6.215382500E0,1.135462914E0,2.310363543E-1,-9.051881593E-1,1.470380709E0
6.225337500E0,1.259603395E0,-2.315029621E-2,-1.690573887E0,2.108358773E0
6.235291500E0,1.166669431E0,1.013936430E-1,-1.203193259E0,1.679009306E0
6.245246500E0,9.481994737E-1,3.012894809E-1,-6.013317508E-1,1.162522029E0
6.255201500E0,7.754175402E-1,2.122591907E-1,-2.303639245E-1,8.362977122E-1
6.265155500E0,6.387015983E-1,1.267109174E-1,9.968537897E-2,6.587355790E-1
6.275109500E0,3.970358831E-1,1.266577662E0,8.844720590E-1,1.595038335E0
6.285064500E0,1.065118132E0,1.143391446E0,-7.128846386E-1,1.717563723E0
6.295018500E0,8.688481526E-1,-3.294040632E-1,-1.714750369E0,1.950326377E0
6.304973500E0,4.409733233E-1,-8.978171593E-1,-1.343095787E0,1.674646057E0
6.314927500E0,2.094479225E-1,-1.347118964E0,-1.516589985E0,2.039275145E0
6.324882500E0,2.726593204E-2,-8.452764183E-1,-8.006235713E-1,1.164574496E0
6.334836500E0,1.167672886E-1,9.015155232E-1,9.657737920E-1,1.326304586E0
6.344791500E0,3.349445193E-1,1.677292521E0,8.601847717E-1,1.914527585E0
6.354745500E0,8.280247933E-1,1.816351004E0,4.949270439E-1,2.056625587E0
6.364700500E0,6.137622003E-1,1.193417884E0,4.783864403E-1,1.424711855E0
6.374654500E0,9.164316241E-1,1.144656783E-1,-2.348893771E-1,9.529545281E-1
6.384609500E0,1.289159170E0,-7.075721508E-1,-1.059700833E0,1.812610154E0
6.394563500E0,1.079802391E0,-8.884329629E-1,-1.697164283E0,2.199011809E0
6.404518500E0,9.482276134E-1,-6.384089452E-1,-6.591624677E-1,1.319544144E0
6.414472500E0,7.612933715E-1,-4.498157752E-1,7.623781031E-1,1.167528244E0
6.424427500E0,9.073688053E-1,6.928167021E-1,2.934708765E-1,1.178744369E0
6.434381500E0,1.284951660E0,1.211879883E0,4.951115236E-1,1.834363388E0
6.444336500E0,1.064249967E0,1.719924570E0,1.278294897E0,2.392656758E0
6.454290500E0,2.388124202E-1,2.441110209E0,3.143264329E0,3.986999005E0
6.464245500E0,1.015478633E-1,1.393075740E-1,-4.332661083E-1,4.663025728E-1
6.474199500E0,1.568231716E0,-3.013052099E0,-4.066359294E0,5.298406513E0
6.484154500E0,8.680520542E-1,-2.997921844E0,-1.889105277E0,3.648255542E0
6.494108500E0,7.409105625E-1,-1.101458139E0,-2.432865635E-1,1.349572838E0
6.504063500E0,1.258317008E0,-7.117815614E-2,-2.272134447E-1,1.280645920E0
6.514017500E0,8.999318779E-1,1.305293831E0,2.752349896E0,3.176334258E0
6.523972500E0,6.880667165E-1,2.175981663E0,4.044700915E0,4.644129359E0
6.533926500E0,8.474885662E-1,1.767730236E0,1.114018250E0,2.254804586E0
6.543881500E0,1.571947622E0,8.550330824E-1,-2.245357123E-1,1.803473644E0
6.553835500E0,4.557977691E-1,-3.687961704E-1,1.288852630E0,1.415946087E0
6.563790500E0,-1.509149549E-1,-1.240860438E0,9.923575732E-1,1.596021147E0
6.573744500E0,6.528164115E-1,-1.459788963E0,-9.098404965E-1,1.839826843E0
6.583699500E0,1.143059397E0,-8.207625514E-1,-8.966816300E-1,1.668614364E0
6.593653500E0,1.264539030E0,-8.102463341E-1,7.154892808E-1,1.663575364E0
6.603608500E0,5.976941979E-1,-5.678926939E-1,7.674835995E-1,1.126397595E0
6.613562500E0,6.713984974E-1,-1.090488178E-1,6.980613622E-1,9.746575051E-1
6.623517500E0,8.169989180E-1,1.682442749E-1,6.649626133E-1,1.066756132E0
6.633471500E0,-2.647107616E-3,2.280688924E-1,2.421928418E-1,3.326857368E-1
6.643426500E0,8.910359971E-2,-6.756270576E-1,-6.246118551E-1,9.244194621E-1
6.653380500E0,9.991290875E-2,-1.436550958E0,-1.413131690E0,2.017573398E0
6.663335500E0,-2.544918021E-1,-1.074777879E0,-6.971722931E-1,1.306125098E0
6.673289500E0,1.698219998E-1,-2.871070594E-1,8.022754097E-1,8.688589115E-1
6.683244500E0,8.913305506E-2,5.966855532E-1,1.329024755E0,1.459549640E0
6.693198500E0,-2.808779474E-1,5.426221973E-1,1.772093428E0,1.874472296E0
6.703153500E0,3.964899724E-1,6.224624187E-1,9.306609696E-1,1.187768328E0
6.713107500E0,4.568231515E-1,2.274461639E-1,9.745846689E-3,5.104058490E-1
6.723062500E0,3.237686630E-1,-6.070573443E-1,-5.497172087E-2,6.901932023E-1
6.733016500E0,1.172458832E-1,-1.112836820E0,7.806412965E-2,1.121715826E0
6.742971500E0,4.701652551E-1,-9.665710598E-1,-6.992968789E-1,1.282314745E0
6.752925500E0,6.014001632E-1,-1.105170536E-1,-1.062080357E0,1.225524729E0
6.762880500E0,4.306168080E-1,2.776602978E-1,2.732403874E-1,5.806775229E-1
6.772834500E0,-1.754091606E-2,-3.230194885E-1,2.119482942E0,2.144028268E0
6.782789500E0,-1.656720116E-1,3.571420848E-1,3.692212629E-1,5.397425545E-1
6.792743500E0,3.737686425E-2,-9.944535077E-2,-6.705975750E-1,6.789606140E-1
6.802698500E0,-1.322461110E-1,3.645025599E-1,-3.363593262E-1,5.133115491E-1
6.812652500E0,-5.880790365E-1,3.312681556E-2,1.119880376E0,1.265332524E0
6.822607500E0,-2.801819826E-1,4.758288682E-2,1.352450748E0,1.381987373E0
6.832561500E0,3.642801464E-1,4.435697794E-1,-6.247399092E-2,5.773709153E-1
6.842516500E0,8.588027823E-1,-2.573160803E-1,-7.303830162E-1,1.156379321E0
6.852470500E0,4.885046084E-1,-4.775590593E-1,-7.745397270E-2,6.875307451E-1
6.862425500E0,2.170623129E-1,-6.224653423E-1,7.899465555E-1,1.028880319E0
6.872379500E0,6.569377483E-1,6.369605899E-2,1.800836586E0,1.917977269E0
6.882334500E0,5.189754725E-1,1.203144727E0,2.157848863E0,2.524520646E0
6.892288500E0,4.569100557E-1,5.517526245E-1,-3.646961027E-1,8.038662855E-1
6.902243500E0,2.973160786E-1,1.659357941E-1,-3.128757387E-2,3.419217025E-1
6.912197500E0,-2.333499514E-1,1.872290146E-1,1.156482777E0,1.194554024E0
6.922152500E0,1.796849370E-3,4.575954956E-1,1.388792655E-1,4.782094903E-1
6.932106500E0,2.658015597E-1,1.520866638E-1,-6.124651417E-1,6.847586234E-1
6.942061500E0,5.662511612E-1,5.466561913E-2,-3.136496177E-1,6.496189577E-1
6.952015500E0,-8.627413206E-2,-3.487864137E-3,-3.642113686E-2,9.371174029E-2
6.961970500E0,3.614399345E-1,3.718466628E-1,-1.091199491E0,1.208149451E0
6.971924500E0,5.875670397E-1,2.422343570E-1,-1.362224661E0,1.503186129E0
6.981879500E0,1.469808751E-1,-2.881741762E-2,-2.790820482E-1,3.167342906E-1
6.991833500E0,-4.761541195E-2,-5.658701420E-2,8.236387968E-3,7.441206702E-2
7.001788500E0,5.914341688E-2,1.293795866E-1,-7.044731265E-1,7.186928462E-1
7.011742500E0,1.985224731E-1,2.722720885E-1,-1.060094935E0,1.112359894E0
7.021697500E0,-2.893651079E-1,-4.104160666E-3,-9.872386283E-1,1.028780404E0
7.031651500E0,-3.975087035E-1,-3.784452456E-1,-9.478207934E-1,1.095261717E0
7.041606500E0,-4.323589859E-1,-7.247898620E-1,-9.679404777E-1,1.284197573E0
7.051560500E0,-4.560910801E-1,-3.546991181E-1,-6.460720137E-1,8.667407828E-1
7.061515500E0,-2.541009888E-1,-1.035313851E-1,-6.966536450E-1,7.487405167E-1
7.071469500E0,-1.639980999E-1,-1.292901242E-1,-8.437462020E-1,8.692059401E-1
7.081424500E0,-2.159908837E-1,-2.540258521E-1,-7.200378299E-1,7.934958550E-1
7.091378500E0,-2.588711473E-1,-1.972254145E-1,-6.371073550E-1,7.154145070E-1
7.101333500E0,-1.591177214E-1,9.562244117E-2,-1.012443636E0,1.029322212E0
7.111287500E0,3.796567887E-2,2.214024818E-1,-1.116303050E0,1.138680355E0
7.121242500E0,-3.453201111E-1,3.628776187E-1,-7.960264903E-1,9.405234280E-1
7.131196500E0,-4.215108660E-1,3.261167586E-1,-5.134296808E-1,7.400226939E-1
7.141150500E0,-3.332510926E-1,7.807161409E-1,-9.296055472E-1,1.258864749E0
7.151105500E0,-3.666432986E-1,7.593322885E-1,-9.288284522E-1,1.254486001E0
7.161059500E0,-4.594015543E-1,2.650589633E-1,-7.566001770E-1,9.239858603E-1
7.171014500E0,-3.836580384E-1,2.331518769E-1,-7.194288424E-1,8.480160065E-1
7.180968500E0,-4.643667906E-1,1.568603307E-1,-6.335586798E-1,8.010232708E-1
7.190923500E0,-5.171953607E-1,1.751480824E-1,-3.224312586E-1,6.341370581E-1
7.200877500E0,-3.689356264E-1,4.119837052E-1,-2.218106174E-1,5.958557038E-1
7.210832500E0,-3.532612878E-1,2.468864018E-1,-5.556968638E-1,7.032392461E-1
7.220786500E0,-4.076445595E-1,-2.691701406E-1,-7.636703378E-1,9.065423522E-1
7.230741500E0,-2.633744536E-1,-5.252360862E-1,-1.229642555E0,1.362813216E0
7.240695500E0,-2.747360321E-1,-2.747630024E-1,-7.936998832E-1,8.837047581E-1
7.250650500E0,-2.836917738E-1,5.790906966E-2,-4.537556291E-1,5.382644831E-1
7.260604500E0,-1.023865733E-1,3.787960786E-1,-3.616055569E-1,5.335991551E-1
7.270559500E0,-8.551421329E-2,9.526552713E-1,-3.843374848E-1,1.030815235E0
7.280513500E0,-2.876344051E-1,8.360155982E-1,-2.690841866E-1,9.241547115E-1
7.290468500E0,-2.737218326E-1,3.571742445E-1,-6.355359158E-1,7.787188086E-1
7.300422500E0,-2.120679867E-1,-6.413518488E-2,-9.862811467E-1,1.010859364E0
7.310378542E0,-1.766169029E-1,-3.050533336E-1,-6.945661891E-1,7.788923274E-1
7.320332542E0,-1.788550709E-1,-5.100578839E-1,-7.542972511E-1,9.279614886E-1
7.330287542E0,-2.491942247E-1,-3.800538146E-1,-9.780637622E-1,1.078493109E0
7.340241542E0,-4.422395378E-1,4.279097664E-1,-1.095303360E-1,6.250435757E-1
7.350196542E0,-7.950538791E-1,1.483158529E0,-1.713076311E-1,1.691512991E0
7.360150542E0,-1.012469291E0,6.419921190E-1,1.306707687E0,1.773339484E0
7.370105542E0,-1.517288142E0,4.984113997E-1,1.909754719E0,2.489526123E0
7.380059542E0,-1.229135309E0,3.177178180E-1,8.239387590E-1,1.513470613E0
7.390014542E0,-6.706243260E-1,2.065523082E-1,-1.021772284E0,1.239523877E0
7.399968542E0,-4.194417922E-1,4.306778383E-1,-7.399335659E-1,9.533711236E-1
7.409923542E0,-9.242880893E-1,5.334251118E-1,1.803448245E0,2.095537257E0
7.419877542E0,-1.531001471E0,4.002670544E-1,1.522774293E0,2.196137693E0
7.429832542E0,-9.785583635E-1,2.704921961E-3,6.348816124E-1,1.166472653E0
7.439786542E0,-8.551722461E-1,6.810561973E-1,-1.338676170E0,1.728354999E0
7.449741542E0,-8.020681259E-1,1.570445180E-1,-7.568975079E-1,1.113943489E0
7.459695542E0,-1.393192685E0,-1.959080368E-1,4.766223353E-1,1.485440900E0
7.469650542E0,-1.535249912E0,-1.199691947E0,9.031305242E-1,2.147532957E0
7.479604542E0,-8.356839880E-1,-1.664991149E0,-2.599254003E-1,1.880990289E0
7.489559542E0,-5.033438185E-1,-1.260663203E0,-1.435076583E0,1.975366171E0
7.499513542E0,-4.420552409E-1,-6.806153172E-1,-6.700119764E-2,8.143335966E-1
7.509468542E0,-4.737253689E-1,-3.258191353E-1,1.302890040E0,1.424112457E0
7.519422542E0,-5.078315930E-1,-1.105117911E-1,1.176516507E0,1.286194727E0
7.529377542E0,-1.924040563E-1,2.063973570E-1,-2.809350309E-1,3.981754405E-1
7.539331542E0,1.647244703E-1,-3.550148678E-1,-3.569637448E-1,5.297101307E-1
7.549286542E0,6.474384349E-2,-5.015039921E-1,4.283670187E-2,5.074770954E-1
7.559240542E0,6.645112082E-2,-4.770813417E-1,3.176602229E-1,5.770011918E-1
7.569195542E0,7.472449243E-2,3.820301735E-1,5.118635041E-1,6.430669095E-1
7.579149542E0,9.043694761E-2,5.420596951E-1,5.372573769E-1,7.685395524E-1
7.589104542E0,4.223377354E-1,1.936124200E-1,6.731972471E-1,8.179544397E-1
7.599058542E0,5.644944383E-1,-2.635334247E-1,3.085792047E-1,6.952157668E-1
7.609013542E0,4.767690273E-1,-3.675325871E-1,-4.991475642E-3,6.020081584E-1
7.618967542E0,4.027952809E-1,-1.664275450E-1,3.243593779E-1,5.432781719E-1
7.628922542E0,4.625127481E-1,1.690605462E-2,7.864113289E-1,9.124947315E-1
7.638876542E0,4.965128819E-1,-9.910621226E-2,2.072279540E-1,5.470744996E-1
7.648831542E0,5.443122619E-1,-3.485256279E-1,1.323137194E-2,6.464681128E-1
7.658785542E0,3.755789405E-1,-2.296195740E-1,-9.341102421E-2,4.500114540E-1
7.668740542E0,3.575319114E-1,-1.925429642E-1,-1.546553457E-1,4.345343907E-1
7.678694542E0,2.788925619E-1,-7.060390109E-1,6.644571215E-2,7.620283319E-1
7.688649542E0,2.168518497E-1,-6.098669314E-1,3.356573680E-1,7.291284300E-1
7.698603542E0,1.631679415E-1,1.858595967E-2,4.607763809E-1,4.891667284E-1
7.708558542E0,-4.374649208E-2,5.279187888E-1,1.850874719E-1,5.611322263E-1
7.718512542E0,-8.890972797E-2,-1.001008236E-1,2.290389454E-1,2.652997421E-1
7.728467542E0,-2.175048375E-1,-1.836546117E-1,8.711085400E-1,9.164428292E-1
7.738421542E0,-2.186347023E-1,-5.959014416E-2,5.050099826E-1,5.535225387E-1
7.748376542E0,-4.850532163E-2,-1.029092413E-1,2.284197253E-1,2.551835596E-1
7.758330542E0,-2.599540517E-1,-7.109804928E-2,6.601600027E-1,7.130513802E-1
7.768285542E0,-1.949638577E-1,2.798243523E-1,7.743201640E-1,8.460994565E-1
7.778239542E0,-8.640514623E-2,1.134237045E-1,2.738525909E-1,3.087491338E-1
7.788194542E0,-1.304742219E-1,7.501568377E-2,1.397762284E-1,2.053978320E-1
7.798148542E0,-1.330117308E-1,3.266968024E-1,-1.844553879E-1,3.980536538E-1
7.808103542E0,-1.376631543E-1,-1.656440181E-1,-3.635038555E-2,2.184271853E-1
7.818057542E0,-2.271492350E-1,-2.770463401E-1,-1.063105667E-1,3.737022693E-1
7.828012542E0,-3.645717032E-2,2.181865132E-1,-5.332967654E-1,5.773559732E-1
7.837966542E0,-7.225250892E-2,6.306485206E-1,-3.030705428E-1,7.034129196E-1
7.847921542E0,-3.129602310E-1,1.011233262E0,5.717729062E-1,1.203104764E0
7.857875542E0,-2.302262591E-1,9.257440460E-1,7.178699747E-1,1.193877494E0
7.867830542E0,-2.599705335E-1,3.760274220E-1,-1.407278627E-1,4.783154103E-1
7.877784542E0,-5.383361151E-1,-2.813498908E-1,-1.595208138E-2,6.076331153E-1
7.887739542E0,-4.244479224E-1,-7.045631737E-1,-4.983733928E-1,9.617387084E-1
7.897693542E0,-3.053272026E-1,-7.927514648E-1,-5.651231602E-1,1.020315526E0
7.907648542E0,-5.887456191E-1,-4.335353726E-1,-7.975175303E-1,1.081946641E0
7.917602542E0,-5.802643058E-1,-5.223095548E-1,-5.149286145E-1,9.352354857E-1
7.927556542E0,-6.882611364E-1,-8.359705746E-2,-9.018207479E-1,1.137529130E0
7.937511542E0,-8.674515451E-1,1.127337331E-1,-8.829263476E-1,1.242875703E0
7.947465542E0,-1.254371891E0,7.369538248E-2,-2.020426431E-1,1.272674774E0
7.957420542E0,-1.005985459E0,1.189779747E-1,-3.380181813E-1,1.067903925E0
7.967374542E0,-8.562023793E-1,2.423717666E-1,-6.334660015E-1,1.092293808E0
7.977329542E0,-9.714390130E-1,-1.006539702E-1,-3.223760024E-1,1.028470352E0
7.987283542E0,-9.430400368E-1,-4.305246413E-1,-3.649539649E-2,1.037308002E0
7.997238542E0,-6.217201146E-1,1.919699371E-1,-2.117498982E-1,6.842706899E-1
8.007192542E0,-1.367415234E-1,8.265039325E-2,-1.429959977E-1,2.144229164E-1
8.017147542E0,-1.236878703E-1,-6.134021580E-2,-2.560893345E-1,2.909348012E-1
8.027101542E0,3.583626911E-1,4.832840681E-2,-4.340344325E-1,5.649295017E-1
8.037056542E0,5.652985767E-1,9.445007443E-2,-6.559991241E-1,8.711016864E-1
8.047010542E0,4.817728552E-1,-1.464774299E-1,-2.345581323E-1,5.554981898E-1
8.056965542E0,8.440164895E-1,-4.079766083E-1,-1.190507725E-1,9.449771605E-1
8.066919542E0,1.000627144E0,-2.033790243E-1,-5.119456574E-1,1.142237307E0
8.076874542E0,1.036215272E0,-5.200560379E-1,-6.732621512E-1,1.340702166E0
8.086828542E0,8.256601793E-1,-7.343898207E-1,-1.293100047E-1,1.112548524E0
8.096783542E0,8.598575469E-1,-2.120521992E-1,-2.723428398E-1,9.265483034E-1
8.106737542E0,6.565671080E-1,-1.252771801E-1,-9.726170808E-2,6.754513890E-1
8.116692542E0,2.595779661E-1,1.550523716E-1,-1.614416242E-3,3.023649529E-1
8.126646542E0,2.791207495E-1,4.026626587E-1,-6.611709863E-2,4.943855583E-1
8.136601542E0,1.282491005E-1,4.302071375E-1,-2.894950622E-1,5.341660828E-1
8.146555542E0,-1.029661786E-2,1.724513465E-1,-3.677185285E-1,4.062787263E-1
8.156510542E0,-7.231880173E-2,1.459488416E-1,-3.366315141E-1,3.739677122E-1
8.166464542E0,-5.902007718E-2,-1.104006940E-1,-6.894311643E-1,7.007046546E-1
8.176419542E0,-1.262890773E-1,-6.944930989E-1,-7.453790778E-1,1.026576624E0
8.186373542E0,-1.416151046E-1,-4.349387044E-1,-6.489006042E-2,4.619926778E-1
8.196328542E0,-2.073937591E-1,1.172401822E-1,4.461653584E-1,5.057874639E-1
8.206282542E0,-3.039394756E-1,6.665434080E-1,6.801276594E-1,9.996164028E-1
8.216237542E0,-3.524746546E-1,1.093030547E0,8.150717488E-1,1.408295464E0
8.226191542E0,-4.012822773E-1,1.182422780E0,1.177271383E0,1.716134903E0
8.236146542E0,-3.352259897E-1,1.154957238E0,1.207845596E0,1.704462869E0
8.246100542E0,-3.295977157E-1,1.222587304E0,7.000429836E-1,1.446863694E0
8.256055542E0,-2.120672558E-1,9.634328592E-1,1.060517981E0,1.448403875E0
8.266009542E0,2.554087186E-1,4.440176761E-1,5.757493052E-1,7.706312819E-1
8.275964542E0,4.933714287E-1,-8.500272810E-2,-6.927877584E-1,8.547489156E-1
8.285918542E0,5.294734538E-1,-6.183073872E-1,-1.246772557E0,1.488988910E0
8.295873542E0,5.621909643E-1,-1.078095589E0,-1.040674578E0,1.600422555E0
8.305826750E0,4.940918057E-1,-1.394116545E0,-1.154777729E0,1.876485879E0
8.315781750E0,7.313222252E-2,-1.705148072E0,-1.109820827E0,2.035824289E0
8.325735750E0,-4.556314889E-2,-1.332385150E0,-7.117225045E-1,1.511249520E0
8.335690750E0,-2.149608601E-1,-9.024575096E-1,-1.191878897E-1,9.353306801E-1
8.345644750E0,-6.774665916E-1,-3.282615173E-1,1.007949466E0,1.258045600E0
8.355599750E0,-7.855305921E-1,3.643049240E-2,1.505956239E0,1.698908380E0
8.365553750E0,-6.721805625E-1,3.435426307E-1,1.888448342E0,2.033736804E0
8.375508750E0,-6.873964794E-1,8.745709687E-1,1.596161527E0,1.945538465E0
8.385462750E0,-5.360119931E-1,1.197990991E0,2.600243644E0,2.912689184E0
8.395417750E0,-3.161880402E-1,1.589769058E0,2.781992356E0,3.219754960E0
8.405371750E0,5.724679939E-3,1.564841793E0,2.250976297E0,2.741469843E0
8.415326750E0,6.661023818E-2,1.988980106E0,3.750993519E0,4.246225519E0
8.425280750E0,3.183431412E-1,2.191837558E0,2.342724373E0,3.223949709E0
8.435235750E0,1.126514335E0,-1.466521447E0,-2.263182945E0,2.922621553E0
8.445189750E0,1.629491241E0,-3.591014868E0,-3.505088280E0,5.276009224E0
8.455144750E0,-2.095058099E-1,-3.483554154E0,-2.377314162E0,4.222637192E0
8.465098750E0,-7.522983804E-2,-2.120358855E0,-2.345642134E0,3.162849700E0
8.475053750E0,1.744493109E0,-1.888910857E0,-3.098947990E0,4.026750436E0
8.485007750E0,1.020252739E0,-1.049989777E0,1.568442509E-1,1.472411051E0
8.494962750E0,1.371833537E-2,-5.683481920E-1,6.603658247E-1,8.713729870E-1
8.504916750E0,-1.013974510E0,-6.464693320E-1,-1.451803420E0,1.885152534E0
8.514871750E0,-7.666587766E-2,3.076763946E-1,3.306816798E-1,4.581405832E-1
8.524825750E0,-1.123399596E0,2.513723856E-1,1.672418867E0,2.030320072E0
8.534780750E0,-1.520528085E0,-5.126008379E-1,2.114499360E-1,1.618479642E0
8.544734750E0,-3.373112530E-1,-1.531342510E0,-1.973709225E0,2.520777037E0
8.554689750E0,-3.990177603E-1,-2.001292003E0,-2.054377704E0,2.895660996E0
8.564643750E0,-7.480239196E-1,-1.433083559E0,-3.008942091E-1,1.644325271E0
8.574598750E0,-7.292603508E-2,1.707977539E-1,2.618010117E0,2.624588930E0
8.584552750E0,5.808690176E-1,2.659207259E0,2.848937128E0,3.940207460E0
8.594507750E0,4.401593909E-2,3.379699418E0,2.959143695E0,4.492308645E0
8.604461750E0,8.354519997E-2,2.360039148E0,1.847928307E0,2.998600275E0
8.614415750E0,7.184720917E-1,4.942797571E-1,1.086732219E0,1.393377745E0
8.624370750E0,9.082224257E-2,-7.822206295E-1,-3.006237754E-1,8.429071403E-1
8.634325750E0,1.958784353E-2,-1.032494323E0,-7.279438502E-1,1.263459718E0
8.644279750E0,4.271397247E-1,-2.560846567E-2,-1.006475675E0,1.093662390E0
8.654234750E0,-3.656249329E-2,4.173444325E-1,-9.034006655E-2,4.285726530E-1
8.664188750E0,-4.212906818E-1,8.052025259E-2,-2.376919475E-1,4.903741546E-1
8.674142750E0,2.426041203E-1,3.293818438E-1,-6.932651836E-1,8.049632122E-1
8.684097750E0,2.036171521E-1,1.981486899E-1,-5.404695448E-1,6.105982123E-1
8.694051750E0,-3.209829032E-1,-8.254444170E-1,-7.621024069E-1,1.168412850E0
8.704006750E0,-3.300763834E-1,-2.003799874E0,-6.225200137E-1,2.124075215E0
8.713960750E0,3.897585846E-2,-2.229230502E0,-8.325604784E-1,2.379946365E0
8.723915750E0,-1.643915079E-1,-1.273579118E0,6.175244451E-2,1.285628913E0
8.733869750E0,-5.237571427E-1,-3.887158799E-1,1.722069037E0,1.841451424E0
8.743824750E0,-3.371101453E-1,7.095005625E-1,2.133603383E0,2.273608958E0
8.753778750E0,-4.609862594E-1,8.934650767E-1,2.101865866E0,2.329941693E0
8.763733750E0,-5.222014179E-1,7.565770805E-1,4.902068791E-1,1.041828193E0
8.773687750E0,1.716200917E-1,-4.664025718E-1,-2.623148650E-1,5.619554282E-1
8.783642750E0,4.764445434E-1,-1.208789629E0,-1.212271646E0,1.777012750E0
8.793596750E0,2.337828280E-1,-1.323031359E0,-1.705586028E0,2.171195543E0
8.803551750E0,1.433132091E-1,-4.295294452E-1,-1.373670586E0,1.446376541E0
8.813505750E0,-3.259742327E-2,9.410462093E-1,-8.933551490E-1,1.297965324E0
8.823460750E0,-8.756722187E-1,1.676368076E0,6.581535307E-1,2.002542841E0
8.833414750E0,-1.542067765E0,1.816539284E0,2.113526384E0,3.185087399E0
8.843369750E0,-1.379485496E0,1.499791519E0,2.073059558E0,2.906876462E0
8.853323750E0,-1.217755604E0,8.481532484E-1,8.807555687E-1,1.725694937E0
8.863278750E0,-1.217800481E0,-8.933797073E-1,9.596543884E-1,1.789441773E0
8.873232750E0,-9.146912735E-1,-2.373138666E0,1.457866983E0,2.931522368E0
8.883187750E0,-1.808615795E-1,-1.026551213E0,-7.498247159E-1,1.284038710E0
8.893141750E0,-8.923976675E-2,6.144306833E-1,-5.695579809E-1,8.425467904E-1
8.903096750E0,-7.382582655E-1,9.097811472E-1,1.976358891E0,2.297546837E0
8.913050750E0,-1.120895526E0,4.022492605E-1,1.774831972E0,2.137344094E0
8.923005750E0,-4.939948516E-1,6.223390424E-1,-1.147653189E0,1.395866985E0
8.932959750E0,-1.777451598E-1,-1.114666414E-1,-1.620197384E0,1.633725104E0
8.942914750E0,-1.647781551E-1,-1.655439137E0,-1.724665493E-2,1.663709117E0
8.952868750E0,-1.449909946E-1,-1.610895048E0,-4.032856795E-1,1.666926688E0
8.962823750E0,-3.345572144E-2,-1.454520621E0,-3.642917678E-1,1.499819328E0
8.972777750E0,7.561465792E-2,-7.977081496E-1,-7.364831239E-1,1.088330492E0
8.982732750E0,3.743963046E-1,1.076320374E-1,-1.315482604E0,1.371951796E0
8.992686750E0,-1.010028663E-1,7.341120780E-1,-1.469003297E0,1.645324530E0
9.002641750E0,-4.410344267E-1,7.209119886E-1,1.203795522E-2,8.452043381E-1
9.012595750E0,-7.146228696E-1,2.998539895E-1,1.656586361E-1,7.924904066E-1
9.022550750E0,-6.780596454E-1,1.429644227E-1,-1.490380718E0,1.643605303E0
9.032504750E0,-5.819589020E-1,9.284559846E-2,-1.804209260E0,1.898016734E0
9.042459750E0,-8.321400636E-1,-2.790016490E-1,2.286115140E-1,9.069521652E-1
9.052413750E0,-1.185952744E0,-4.378675747E-1,1.351933562E0,1.850928491E0
9.062368750E0,-1.028208607E0,3.955705708E-1,3.908992302E-1,1.168970155E0
9.072322750E0,-1.085693680E0,7.854073620E-1,9.102272898E-1,1.619910248E0
9.082277750E0,-8.513804729E-1,2.045174772E-1,1.049193386E0,1.366558769E0
9.092231750E0,-8.209793369E-1,-3.263377833E-1,8.728606582E-1,1.241929607E0
9.102186750E0,-1.081738989E0,-4.500753915E-1,3.055398220E-1,1.210818599E0
9.112140750E0,-1.052381288E0,-4.460039753E-1,4.254647532E-1,1.219609027E0
9.122095750E0,-7.997318709E-1,-8.648792088E-2,8.549421582E-1,1.173872787E0
9.132049750E0,-6.482280283E-1,1.882481843E-1,3.985047036E-1,7.838641173E-1
9.142004750E0,-5.203822760E-1,9.869854438E-1,-3.755850801E-1,1.177285918E0
9.151958750E0,-7.675903843E-1,1.015453198E0,-7.415652314E-1,1.473179958E0
9.161913750E0,-5.075113484E-1,7.115628755E-1,-3.807165965E-1,9.533281814E-1
9.171867750E0,-7.183555859E-1,4.576118678E-1,-2.057167411E-2,8.519780297E-1
9.181822750E0,-4.804439658E-1,-5.685218543E-1,-2.386480550E0,2.499866580E0
9.191776750E0,-7.094409209E-1,-4.516190565E-1,-1.238539678E0,1.497079399E0
9.201731750E0,-1.065908091E0,5.696988988E-1,8.014316565E-1,1.450175711E0
9.211685750E0,-5.125946253E-1,2.900528866E-1,-3.197544032E-1,6.701692363E-1
9.221640750E0,-4.883100423E-1,-5.230006957E-1,-7.828623614E-1,1.060589413E0
9.231594750E0,-6.060495767E-1,-6.498460990E-1,-4.111247492E-1,9.790912119E-1
9.241549750E0,-1.560647439E-1,-8.466674709E-1,-9.983477533E-2,8.667000594E-1
9.251503750E0,-1.055697975E-1,-9.584644800E-1,-6.814362663E-1,1.180743209E0
9.261458750E0,-4.932659961E-2,-5.618004799E-1,-1.525597036E-2,5.641680931E-1
9.271412750E0,2.021163180E-3,-5.135381466E-1,-2.001595473E-1,5.511708968E-1
9.281367750E0,-6.130951792E-3,-2.874654937E-1,1.541212025E-1,3.262320397E-1
9.291321750E0,-1.458403392E-1,3.274177641E-1,2.275818193E-1,4.245765905E-1
9.301276750E0,-1.577824732E-1,1.496121222E-1,5.139699635E-1,5.580718765E-1
9.311231042E0,8.529260382E-3,2.158558130E-2,5.371380937E-1,5.376393004E-1
9.321186042E0,-6.249244619E-2,-4.591163564E-1,-1.828129050E-1,4.981101211E-1
9.331140042E0,-1.567143330E-1,-6.532702285E-1,2.627034125E-1,7.213421217E-1
9.341095042E0,-5.968000855E-2,-6.519820869E-2,9.030322909E-1,9.073476888E-1
9.351049042E0,-2.896243222E-1,1.088854465E0,2.366855540E0,2.621352979E0
9.361004042E0,-8.941182107E-2,7.899541569E-1,-1.462242454E-2,7.951326047E-1
9.370958042E0,1.941135263E-1,-9.931250203E-1,-1.100517614E0,1.495030564E0
9.380912042E0,3.163151806E-1,-7.109167582E-1,6.002035305E-1,9.827014850E-1
9.390867042E0,3.363606419E-1,-4.054213750E-1,1.264051080E-1,5.417409197E-1
9.400821042E0,6.974656040E-1,-3.935591286E-1,-3.310132170E-1,8.665545605E-1
9.410776042E0,5.043344099E-1,4.780566573E-1,6.430878872E-1,9.468122281E-1
9.420730042E0,2.426422368E-1,2.923432410E-2,9.758991230E-1,1.006036281E0
9.430685042E0,-5.820460986E-2,-2.251312512E-1,4.597276828E-1,5.151906435E-1
9.440639042E0,-1.169733299E-1,-1.776582921E-1,-1.042406523E-1,2.368783279E-1
9.450594042E0,-5.387781646E-2,-3.333415782E-1,1.362693608E-1,3.641274030E-1
9.460548042E0,-5.742450724E-1,-9.861247337E-1,1.614194047E-1,1.152499726E0
9.470503042E0,-7.776928380E-2,-7.701122153E-1,-1.099335015E-1,7.817968153E-1
9.480457042E0,1.111622208E-1,4.531709075E-2,-6.841338792E-1,6.945860946E-1
9.490412042E0,-1.977122318E-1,1.060357475E-1,4.838275668E-1,5.333130607E-1
9.500366042E0,1.373171087E-1,3.217927426E-1,1.168295907E0,1.219558069E0
9.510321042E0,3.399882179E-1,2.077691138E-1,1.191887083E0,1.256723841E0
9.520275042E0,9.131556485E-2,2.677030742E-1,9.077229273E-1,9.507704145E-1
9.530230042E0,4.855251597E-1,1.605721432E-1,4.071553668E-1,6.536769742E-1
9.540184042E0,5.882456821E-1,-1.190025330E-2,1.063082278E-2,5.884620744E-1
9.550139042E0,6.998862782E-1,-1.657977998E-2,-1.864206371E-1,7.244779813E-1
9.560093042E0,2.833633795E-1,1.028457990E0,2.318980000E0,2.552584746E0
9.570048042E0,2.715256184E-1,1.974517018E0,1.463272149E0,2.472571333E0
9.580002042E0,7.997391799E-1,-7.700625139E-1,-2.835226577E0,3.044846264E0
9.589957042E0,7.310071333E-1,-1.566473166E0,-1.432229281E0,2.244880915E0
9.599911042E0,7.806928251E-1,-1.187213988E0,6.898109409E-1,1.579492791E0
9.609866042E0,8.978192789E-1,-1.436094875E0,-1.195172634E0,2.072893044E0
9.619820042E0,-7.591418155E-2,-2.019891411E-1,5.831205976E-1,6.217653958E-1
9.629775042E0,7.902526572E-2,9.898727989E-1,2.840255182E0,3.008844072E0
9.639729042E0,1.072637359E-1,8.002785856E-1,1.519174747E0,1.720419494E0
9.649684042E0,2.210415624E-2,6.755925590E-1,1.531795084E-2,6.761276056E-1
9.659638042E0,2.536300687E-1,2.393417394E-1,1.966330916E-1,4.003464158E-1
9.669593042E0,2.399292384E-1,-1.092869164E0,9.096481231E-1,1.442008584E0
9.679547042E0,3.291690782E-1,-1.568309777E0,-3.853525615E-1,1.648163959E0
9.689502042E0,4.712791497E-1,-1.249766332E0,-1.340111076E0,1.892067023E0
9.699456042E0,4.360976956E-1,-6.217402875E-1,-4.710581249E-1,8.936654532E-1
9.709411042E0,3.765784489E-1,-2.439926147E-2,1.140052393E0,1.200885553E0
9.719365042E0,1.166124836E-2,7.480623651E-1,1.431213327E0,1.614962809E0
9.729320042E0,1.440323436E-1,9.667260110E-1,7.300967950E-1,1.219977798E0
9.739274042E0,2.290781949E-1,6.317384416E-1,1.465809256E-1,6.877908444E-1
9.749229042E0,2.038559378E-1,-4.540719634E-1,-5.830504310E-1,7.666070678E-1
9.759183042E0,5.152814209E-1,-1.386073700E0,-8.505006132E-1,1.705891713E0
9.769138042E0,5.056039866E-1,-1.131812789E0,-7.054455185E-1,1.426285021E0
9.779092042E0,6.668631046E-1,-1.027145290E-1,-4.905787620E-1,8.342207120E-1
9.789047042E0,7.493063602E-1,7.530962330E-1,2.693666071E-1,1.095980076E0
9.799001042E0,5.445452734E-1,5.379508567E-1,6.388240975E-1,9.970039652E-1
9.808956042E0,4.974090408E-1,3.040476125E-1,6.148557758E-1,8.472947124E-1
9.818910042E0,6.245967255E-1,3.595148849E-1,-3.795661569E-2,7.216735596E-1
9.828865042E0,7.740246604E-1,5.390419471E-1,2.041169429E-1,9.650617193E-1
9.838819042E0,6.018700600E-1,2.796910357E-1,3.549944025E-1,7.526590666E-1
9.848774042E0,7.312437994E-1,-1.281417310E-2,-1.648183912E-1,7.496978053E-1
9.858728042E0,9.292646545E-1,3.646428931E-1,-2.930957776E-1,1.040385684E0
9.868683042E0,1.158235992E0,5.146859550E-1,1.032817090E-1,1.271644351E0
9.878637042E0,1.150002893E0,3.827242380E-1,-8.090090632E-2,1.214713733E0
9.888592042E0,1.023635865E0,-1.893386900E-1,-6.963074899E-1,1.252407140E0
9.898546042E0,1.011727864E0,-5.841578937E-1,-1.101938195E0,1.605958126E0
9.908501042E0,9.003022259E-1,-4.552291274E-1,-9.988348264E-1,1.419664984E0
9.918455042E0,4.492009404E-1,-3.582822919E-1,-7.752288213E-1,9.649494344E-1
9.928410042E0,2.414161853E-2,-1.666397989E-1,-5.087223798E-1,5.358638820E-1
9.938364042E0,-2.641676284E-1,-1.007592201E-2,-3.964482379E-1,4.765052627E-1
9.948319042E0,-3.284706283E-1,3.700135607E-1,-1.223424625E-1,5.096770221E-1
9.958273042E0,-3.208533143E-1,5.642025161E-1,-5.347840047E-1,8.409906421E-1
9.968228042E0,-3.232076226E-1,5.191590750E-1,-5.062215257E-1,7.938825767E-1
9.978182042E0,-3.675311983E-1,4.000466144E-1,3.847231087E-1,6.656788609E-1
9.988137042E0,-1.418258236E-1,5.477157068E-1,4.796728277E-1,7.417500127E-1
9.998091042E0,3.947013822E-1,8.211853051E-1,-7.088684785E-1,1.154395516E0
1.000804604E1,4.313446402E-1,3.631401587E-1,1.939670536E-1,5.962819730E-1
1.001800004E1,8.858392842E-2,-2.838074756E-1,1.302733920E0,1.336229569E0
1.002795504E1,2.695186347E-1,-9.434482455E-3,-4.587684470E-1,5.321633132E-1
1.003790904E1,3.266908090E-1,1.307934433E-1,-1.407499360E0,1.450823303E0
1.004786404E1,-1.178602794E-1,3.617491060E-1,-1.137585453E0,1.199522457E0
1.005781804E1,-1.002132364E-2,-3.122272825E-1,-6.202504170E-1,6.944759770E-1
1.006777204E1,2.021009691E-1,1.473597747E-1,-1.323753490E0,1.347175938E0
1.007772704E1,8.304208361E-2,3.887036008E-1,-9.892103094E-1,1.066078568E0
1.008768104E1,7.355906926E-2,8.717081720E-1,-7.500176740E-1,1.152307505E0
1.009763604E1,4.150479385E-1,1.153828141E0,-9.118048686E-1,1.528061612E0
1.010759004E1,1.621498682E-1,6.827021885E-1,-1.992883122E-1,7.294454670E-1
1.011754504E1,-4.345168278E-2,-9.111306846E-2,3.385537863E-4,1.009443143E-1
1.012749904E1,3.236753999E-1,-5.215131640E-2,-1.059717790E0,1.109273329E0
1.013745404E1,1.387134969E-1,1.408450994E0,-2.304329216E-2,1.415452800E0
1.014740804E1,-1.630167179E-1,6.061305606E-1,-3.601136398E-1,7.236370226E-1
1.015736304E1,4.290961665E-1,-9.627323627E-1,-2.241809910E0,2.477234101E0
1.016731704E1,5.554041376E-1,-1.577868220E0,-1.837340461E0,2.484745832E0
1.017727204E1,-1.590064050E-1,-4.417729300E-1,-4.689683300E-1,6.636095638E-1
1.018722604E1,-3.529068734E-1,4.041080904E-1,-1.380691338E-1,5.539943102E-1
1.019718104E1,-1.299324408E-2,2.628855532E-1,-3.490685418E-1,4.371801521E-1
1.020713504E1,8.745972812E-3,7.495089662E-1,1.146406270E0,1.369703442E0
1.021709004E1,-4.863243279E-1,8.197427970E-1,1.022099143E0,1.397560827E0
1.022704404E1,-3.006974503E-1,7.278386003E-1,3.889164394E-1,8.783074527E-1
1.023699904E1,2.465347648E-1,6.996006417E-1,2.209887913E-1,7.739873992E-1
1.024695304E1,-7.714604370E-2,4.427160859E-2,1.831315783E-1,2.035894456E-1
1.025690804E1,-7.386714444E-3,-6.745856684E-1,-2.763122222E-1,7.290190887E-1
1.026686204E1,3.360544670E-1,-7.733381242E-1,-8.573915568E-1,1.202540952E0
1.027681704E1,3.223860888E-1,-4.468062133E-1,-7.513201413E-1,9.316922975E-1
1.028677104E1,-1.521900865E-1,-2.207160187E-1,4.358950165E-1,5.117439289E-1
1.029672604E1,-4.697319033E-1,-1.245111948E-1,1.657672774E0,1.727434550E0
1.030668025E1,-4.206195311E-1,4.980494571E-1,1.402150034E0,1.546285475E0
1.031663525E1,-4.537231039E-1,7.278736836E-1,1.101860427E0,1.396338482E0
1.032658925E1,-2.158873149E-1,2.089835805E-1,6.217315167E-1,6.905299041E-1
1.033654425E1,-1.532218277E-1,-8.095171863E-1,2.233759171E-1,8.536344673E-1
1.034649825E1,2.025526665E-2,-1.076205184E0,-1.081962937E-1,1.081819907E0
1.035645325E1,3.087049929E-1,-7.312621450E-1,1.260952055E-3,7.937535432E-1
1.036640725E1,5.059388859E-1,-8.149381399E-2,2.597385818E-1,5.745254814E-1
1.037636225E1,5.934944353E-1,-2.349265069E-1,6.165947378E-1,8.874768611E-1
1.038631625E1,6.633519977E-1,-3.198204768E-1,5.025418729E-1,8.915544539E-1
1.039627125E1,5.666030905E-1,1.446542680E-2,4.594344449E-1,7.296083332E-1
1.040622525E1,7.661239026E-1,-1.145954865E-1,1.279177827E-1,7.851375158E-1
1.041618025E1,7.097117932E-1,-8.824366432E-1,3.602454945E-1,1.188344258E0
1.042613425E1,4.827891013E-1,-7.850688082E-1,9.385295677E-1,1.315391995E0
1.043608925E1,5.920218871E-1,-6.932833099E-1,8.270383680E-1,1.230903784E0
1.044604325E1,4.958352627E-1,-5.349430490E-1,1.031785056E-1,7.366562817E-1
1.045599825E1,3.024301265E-1,-9.131889045E-2,1.640284908E0,1.670430394E0
1.046595225E1,3.466294489E-1,-1.128617871E-1,2.609740984E0,2.635078322E0
1.047590725E1,4.347172411E-1,4.239997333E-1,1.912777145E0,2.006856063E0
1.048586125E1,4.067665270E-1,7.271468747E-1,1.058303933E0,1.346925685E0
1.049581625E1,4.635608250E-1,6.199978173E-1,1.128146293E0,1.368210506E0
1.050577025E1,7.659146453E-1,1.272810209E-1,1.276638673E0,1.494199453E0
1.051572525E1,4.726830661E-1,1.265512884E-2,7.289346609E-1,8.688700553E-1
1.052567925E1,7.602340022E-1,-8.753223360E-2,1.149048042E-1,7.738350885E-1
1.053563425E1,9.473833486E-1,-1.872278452E-1,-2.772720426E-2,9.661046905E-1
1.054558825E1,1.034725621E0,-6.321857536E-1,-5.713852358E-1,1.340446577E0
1.055554325E1,1.035316701E0,-1.442174810E0,-2.671844262E-1,1.795309548E0
1.056549725E1,9.450870739E-1,-1.192952446E0,-4.230121386E-1,1.579640587E0
1.057545225E1,1.059512699E0,-1.234013933E0,4.465793413E-1,1.686650721E0
1.058540625E1,9.138015465E-1,-5.435729545E-1,5.488176146E-1,1.196539008E0
1.059536125E1,8.272460903E-1,-5.354704678E-1,3.858720866E-1,1.058282563E0
1.060531525E1,1.150862872E0,-4.134566188E-2,7.427954856E-1,1.370379490E0
1.061527025E1,8.228041068E-1,2.891810668E-1,5.922837692E-1,1.054244920E0
1.062522425E1,7.688598879E-1,5.938899994E-2,1.103581555E0,1.346315279E0
1.063517925E1,3.986170433E-1,7.736258072E-1,2.311047667E0,2.469480463E0
1.064513325E1,3.516358349E-1,1.682118813E0,3.175148319E0,3.610365398E0
1.065508825E1,8.204809349E-1,-4.192424387E-1,-2.223413107E0,2.406765263E0
1.066504225E1,1.079913780E0,-2.137578905E0,-2.095001527E0,3.181900179E0
1.067499725E1,1.825890297E-1,-1.084597692E0,1.343305410E0,1.736133731E0
1.068495125E1,3.919368187E-1,-1.339349184E0,-1.311901769E0,1.915347738E0
1.069490625E1,6.214889304E-1,-9.363906562E-1,-7.853769565E-1,1.371091870E0
1.070486025E1,7.054387942E-2,1.355565852E0,1.671362860E0,2.153134698E0
1.071481425E1,-2.961304095E-1,1.140685354E0,1.578744718E0,1.970099282E0
1.072476925E1,2.738759067E-1,1.326608686E0,-6.022763684E-1,1.482442391E0
1.073472325E1,6.729811925E-1,9.632673830E-1,-1.335395882E-1,1.182632892E0
1.074467825E1,3.937253357E-1,-2.444773489E-1,-1.067251343E-1,4.755828723E-1
1.075463225E1,-3.277912550E-1,-1.450586030E0,-5.666492835E-1,1.591457931E0
1.076458725E1,2.501554339E-1,-7.505468470E-1,-1.017758755E0,1.289081531E0
1.077454125E1,4.144899680E-1,-9.082187712E-2,-6.953874305E-1,8.146252055E-1
1.078449625E1,-8.222793192E-2,8.155807489E-1,-9.929010719E-2,8.257069191E-1
1.079445025E1,-3.105007459E-1,1.117238020E0,5.468930036E-1,1.282077791E0
1.080440525E1,-1.211657835E-1,8.872717059E-1,7.845677018E-1,1.190579147E0
1.081435925E1,-9.093743272E-2,7.430249888E-1,1.240878564E-1,7.587842557E-1
1.082431425E1,-1.357801681E-1,-4.897276998E-2,-4.155660018E-1,4.399200929E-1
1.083426825E1,1.125022564E-1,-5.380894357E-1,-7.507336655E-1,9.304826893E-1
1.084422325E1,1.834805109E-1,-8.381410611E-1,-8.815034276E-1,1.230119437E0
1.085417725E1,1.680868386E-1,-3.901414311E-1,-2.712994042E-1,5.040504819E-1
1.086413225E1,4.383173718E-1,5.572314656E-1,-2.481283504E-1,7.511302836E-1
1.087408625E1,1.892460117E-1,5.251425308E-1,1.864451954E-1,5.885155405E-1
1.088404125E1,-2.053634231E-1,7.278415239E-1,2.005518955E-1,7.823991834E-1
1.089399525E1,1.810598367E-1,4.483685893E-1,-9.213943022E-1,1.040569323E0
1.090395025E1,2.818827914E-1,3.394671214E-1,-1.163303846E0,1.244175098E0
1.091390425E1,3.977546521E-2,1.495594972E-1,-9.478617239E-1,9.604124002E-1
1.092385925E1,9.932489812E-2,1.273827624E-1,-6.220338178E-1,6.426646668E-1
1.093381325E1,2.706640311E-1,3.221938616E-1,-7.004262686E-2,4.265839563E-1
1.094376825E1,1.593926136E-1,6.438000780E-1,-1.104401627E-1,6.723701178E-1
1.095372225E1,2.453852753E-1,9.023253626E-1,2.546433181E-1,9.691481892E-1
1.096367725E1,2.072134090E-1,6.320430815E-1,2.883890614E-1,7.249717957E-1
1.097363125E1,-2.742914245E-2,1.664901102E-1,-2.454614353E-1,2.978634433E-1
1.098358625E1,-2.257336606E-1,-1.447764748E-1,-5.151516858E-1,5.807729096E-1
1.099354025E1,-3.415558930E-1,-6.982253766E-1,-8.270740360E-1,1.135002452E0
1.100349525E1,-3.849362397E-1,-6.144271749E-1,-1.030664145E0,1.260144929E0
1.101344925E1,-4.550535648E-1,-2.502567369E-1,-2.667236656E-1,5.838182037E-1
1.102340425E1,-3.881253111E-1,3.829902864E-1,-5.854258624E-1,8.000289101E-1
1.103335825E1,-2.579870483E-1,5.910821664E-1,-7.728262004E-1,1.006576267E0
1.104331325E1,-5.710610808E-1,4.321630311E-1,-6.590092707E-1,9.732260078E-1
1.105326725E1,-4.752412230E-1,1.786967576E-2,-5.334093243E-1,7.146321099E-1
1.106322225E1,-3.579480504E-1,3.789194548E-1,-9.214495584E-1,1.058667110E0
1.107317625E1,-3.921024410E-1,6.855398422E-1,1.134172726E-1,7.978550478E-1
1.108313125E1,-5.712286766E-1,-1.714988351E-1,9.208376473E-1,1.097112585E0
1.109308525E1,-5.272929905E-1,-1.084243351E-1,-1.010102996E0,1.144596783E0
1.110304025E1,-3.571111677E-1,9.388979423E-1,1.963924786E-1,1.023536877E0
1.111299425E1,-5.805759624E-1,7.348131591E-1,1.546220165E-1,9.491716362E-1
1.112294925E1,-3.412420437E-1,5.252670765E-1,4.534778863E-1,7.733006061E-1
1.113290325E1,1.015617578E0,1.833174028E0,5.461065531E-2,2.096422764E0
1.114285825E1,8.585882626E-1,-3.115258505E0,-3.348893362E0,4.653718525E0
1.115281225E1,-9.054566927E-1,-4.859463054E0,-4.937191261E0,6.986421870E0
1.116276725E1,-9.485093761E-1,-1.417028275E0,-8.581519872E-2,1.707338108E0
1.117272125E1,-1.457250102E0,5.126996559E-1,2.009161186E0,2.534396864E0
1.118267625E1,-5.665797747E-1,2.557508976E0,2.420147356E0,3.566367624E0
1.119263025E1,-1.141837694E0,4.015523309E0,1.508599472E0,4.438929278E0
1.120258525E1,-9.106759174E-1,1.750880315E0,7.344851303E-1,2.105796977E0
1.121253925E1,2.219771169E-1,-1.137497452E0,-7.297822148E-1,1.369582555E0
1.122249425E1,-9.918851182E-3,-1.402368135E0,-1.152510471E0,1.815217661E0
1.123244825E1,1.034787747E0,-1.854985896E0,-2.561241254E-1,2.139476087E0
1.124240325E1,7.058293151E-1,-1.459655646E0,-1.523502856E0,2.224825966E0
1.125235725E1,1.009678926E-1,-5.411253101E-1,-8.850550264E-1,1.042273245E0
1.126231225E1,-2.275255398E-1,3.400068194E-1,1.143675036E0,1.214646079E0
1.127226625E1,-3.886873017E-1,1.348024113E0,5.572785357E-1,1.509571527E0
1.128222125E1,-1.466681953E-1,1.321898754E0,3.880282474E-1,1.385457973E0
1.129217525E1,-3.475609834E-1,2.029328817E-1,6.968585899E-1,8.047311887E-1
1.130213025E1,6.211964234E-1,4.410250711E-1,1.534116429E-1,7.771249848E-1
1.131208400E1,6.898254128E-1,-7.952377009E-1,5.356666419E-1,1.181186206E0
1.132203900E1,4.630649811E-1,-6.536216462E-1,-6.837406540E-1,1.053162720E0
1.133199300E1,1.213036170E0,-1.248992161E0,-7.476793724E-1,1.894851606E0
1.134194800E1,1.383020576E0,-8.166390949E-1,-5.311949837E-1,1.691689521E0
1.135190200E1,-1.581130967E-1,4.328518331E-2,6.164886108E-1,6.379118792E-1
1.136185600E1,1.868508460E-1,9.714330196E-1,2.305995673E0,2.509225258E0
1.137181100E1,1.218588978E-2,1.073174572E0,2.098690243E0,2.357191739E0
1.138176500E1,8.289487995E-2,5.361855823E-1,-3.431350797E-2,5.436395466E-1
1.139172000E1,1.897828592E-1,-6.585982114E-1,-6.316425472E-1,9.320630050E-1
1.140167400E1,5.725557022E-2,-9.089759856E-1,-7.771022692E-1,1.197248295E0
1.141162900E1,-6.827084742E-2,-4.383716047E-1,-7.495387870E-1,8.709988322E-1
1.142158300E1,6.351167435E-1,-5.915335715E-2,-4.368182918E-1,7.730993582E-1
1.143153800E1,9.817228767E-1,-3.100836933E-1,-2.434587640E-1,1.057924323E0
1.144149200E1,3.468772247E-1,-4.594227505E-1,9.592813361E-1,1.118755449E0
1.145144700E1,6.259730870E-1,4.339476013E-1,1.740220841E0,1.899610855E0
1.146140100E1,1.306455380E0,-5.165032697E-1,2.887403913E0,3.211028285E0
1.147135600E1,1.018664050E0,-1.078531791E0,1.939536050E0,2.441865549E0
1.148131000E1,6.941804921E-1,-8.157374543E-1,2.685975813E0,2.891674293E0
1.149126500E1,3.852788866E-1,-1.000793644E0,2.952905008E0,3.141604005E0
1.150121900E1,-8.996752582E-2,-9.472600454E-1,2.936827211E0,3.087126466E0
1.151117400E1,6.627219602E-2,-4.162094879E-1,8.515118891E-1,9.501025413E-1
1.152112800E1,-7.560800672E-2,-4.350924861E-1,2.479291942E0,2.518315027E0
1.153108300E1,-1.033905987E0,1.633951789E-1,3.749622347E0,3.892984372E0
1.154103700E1,-1.374575735E0,-1.444393829E0,3.623226010E0,4.135637641E0
1.155099200E1,-3.198157259E-1,-8.389351130E-1,2.544953835E-1,9.331999370E-1
1.156094600E1,-1.455260879E-1,-1.033677800E0,-1.305623321E0,1.671621935E0
1.157090100E1,-9.190923996E-2,-1.332750016E0,5.718416110E-1,1.453159572E0
1.158085500E1,-6.477189551E-1,-8.745066494E-1,9.952715331E-1,1.474743079E0
1.159081000E1,5.914289063E-1,-7.152594852E-1,5.174806318E-1,1.062624339E0
1.160076400E1,1.119865320E0,2.720598346E-1,1.740397426E-1,1.165506208E0
1.161071900E1,3.949207259E-1,-3.401939303E-1,1.502102631E0,1.589970630E0
1.162067300E1,-6.708949059E-4,1.237703526E-1,3.516838844E0,3.519016199E0
1.163062800E1,-1.047154462E-1,-9.429336905E-1,4.346050330E0,4.448397772E0
1.164058200E1,1.749315892E-1,-1.652280471E0,3.360817882E0,3.749097045E0
1.165053700E1,4.403295448E-1,-3.025410774E0,2.343186303E0,3.851950482E0
1.166049100E1,5.177271650E-1,-2.504723822E0,8.620088106E-1,2.699026126E0
1.167044600E1,-7.901260650E-1,-1.798731589E0,1.529917544E0,2.490056669E0
1.168040000E1,-1.302699421E0,-3.278428566E-1,2.622504871E0,2.946529912E0
1.169035500E1,-1.264562565E0,2.218819535E-1,3.158201042E0,3.409191092E0
1.170030900E1,-1.775396813E0,6.645553547E-1,2.597832545E0,3.215960447E0
1.171026400E1,-1.364024580E0,-3.297829628E-4,1.374300916E0,1.936302190E0
1.172021800E1,-1.204333028E0,-7.972275084E-1,1.332043380E0,1.964772076E0
1.173017300E1,-1.390841958E0,-1.191152673E0,1.337843234E0,2.267842710E0
1.174012700E1,-1.005566360E0,-9.886507308E-1,7.026236522E-1,1.575523395E0
1.175008200E1,-1.611450242E-1,-1.062353130E0,-3.604021999E-1,1.133336507E0
1.176003600E1,-2.871188269E-1,-9.459578705E-1,6.711635855E-1,1.194878267E0
1.176999100E1,-3.269960336E-1,-5.414907610E-1,1.306587235E0,1.451657278E0
1.177994500E1,2.161443731E-1,4.011131465E-2,2.172287393E0,2.183382656E0
1.178990000E1,5.751974011E-1,1.568123835E-1,1.879519644E0,1.971810403E0
1.179985400E1,1.006511782E0,-8.866940010E-1,1.922913878E0,2.344544732E0
1.180980900E1,9.057667413E-1,-1.778958060E0,1.523430935E0,2.511164467E0
1.181976300E1,1.086771322E0,-2.110723228E0,1.620195922E0,2.874240644E0
1.182971800E1,1.082228766E0,-1.246436927E0,1.735629022E0,2.395252016E0
1.183967200E1,6.568971102E-1,-8.625701433E-1,2.589223105E0,2.807065612E0
1.184962700E1,2.881269599E-1,-3.835101038E-1,3.327297841E0,3.361697200E0
1.185958100E1,-1.154121233E-1,-6.751089942E-1,3.517692246E0,3.583748156E0
1.186953600E1,-3.776181570E-1,-8.935884529E-1,2.749528615E0,2.915648024E0
1.187949000E1,-5.041861830E-1,-1.022773327E0,2.380571646E0,2.639581472E0
1.188944500E1,-8.545558765E-1,-9.058839780E-1,2.460018642E0,2.757278232E0
1.189939900E1,-1.244475479E0,-1.354860093E0,2.542429592E0,3.138202243E0
1.190935400E1,-1.541668254E0,-1.284079548E0,2.207751340E0,2.983247772E0
1.191930800E1,-1.055664061E0,-7.203442240E-1,2.112803668E0,2.469263402E0
1.192926300E1,-1.191311205E0,-5.725289512E-1,2.789901300E0,3.087160678E0
1.193921700E1,-1.025862484E0,-7.571156090E-1,2.737963992E0,3.020275600E0
1.194917200E1,-2.694554847E-1,-9.033737683E-1,2.339639967E0,2.522420583E0
1.195912600E1,1.134859043E-1,-1.199510683E0,1.921073759E0,2.267648411E0
1.196908000E1,3.506787188E-1,-1.514445811E0,1.656147527E0,2.271419448E0
1.197903500E1,6.993565936E-1,-1.130832796E0,1.588652240E0,2.071641474E0
1.198898900E1,6.738647068E-1,-1.004860382E0,2.284714147E0,2.585296262E0
1.199894400E1,6.453553643E-1,-9.019388616E-1,2.399977385E0,2.643835983E0
1.200889800E1,8.237085249E-1,-6.646255213E-1,1.995561147E0,2.258868546E0
1.201885300E1,9.150872762E-1,-6.468014538E-1,1.892285870E0,2.199200458E0
1.202880700E1,5.706279483E-1,-1.085430921E0,2.456982183E0,2.746004004E0
1.203876200E1,4.636801813E-1,-7.903155148E-1,2.188215500E0,2.372316379E0
1.204871600E1,5.075238468E-1,-1.300775102E0,2.264176971E0,2.660092795E0
1.205867100E1,2.394002847E-1,-1.304344243E-1,1.674365697E0,1.696415669E0
1.206862500E1,-1.091821343E-2,-4.690572077E-1,2.227621933E0,2.276495849E0
1.207858000E1,-9.286988633E-1,-8.862127751E-1,2.862689195E0,3.137330726E0
1.208853400E1,-8.652511648E-1,-9.018488145E-1,1.695417135E0,2.106283486E0
1.209848900E1,-1.134365318E0,-1.624941230E0,1.663136704E0,2.587130142E0
1.210844300E1,-1.216816248E0,-1.664846138E0,1.703398877E0,2.674681697E0
1.211839800E1,-1.302483805E0,-1.451263722E0,1.805550027E0,2.657563048E0
1.212835200E1,-1.355769335E0,-1.045850533E0,2.189678766E0,2.779677486E0
1.213830700E1,-1.112982051E0,-1.695815331E-1,2.619329833E0,2.851030641E0
1.214826100E1,-8.175860515E-1,2.129140788E-1,2.068805709E0,2.234666959E0
1.215821600E1,-4.165666797E-1,-7.821668351E-1,2.198458945E0,2.370344804E0
1.216817000E1,-4.063631422E-1,-1.363084787E0,1.824869812E0,2.313715836E0
1.217812500E1,-2.691599811E-1,-1.904638113E0,2.515087719E0,3.166348002E0
1.218807900E1,4.232302397E-2,-1.762422134E0,2.666988149E0,3.196990586E0
1.219803400E1,7.835141066E-2,-1.384152305E0,2.470574036E0,2.832975929E0
1.220798800E1,3.237397923E-1,-1.162165686E0,3.010109780E0,3.242868703E0
1.221794300E1,2.348974901E-1,-5.560801488E-1,2.862098626E0,2.925065898E0
1.222789700E1,-1.047799849E-1,-5.203501529E-1,2.643282952E0,2.696050425E0
1.223785200E1,-2.648241245E-1,-1.032014267E0,2.772405261E0,2.970086901E0
1.224780600E1,-2.705743495E-1,-1.502043867E0,2.478474501E0,2.910701309E0
1.225776100E1,-1.650715756E-1,-1.985752442E0,2.557556339E0,3.242152960E0
1.226771500E1,-2.510864202E-1,-1.803284816E0,2.598036028E0,3.172486678E0
1.227767000E1,-5.104114577E-1,-1.385390745E0,2.487704916E0,2.892836518E0
1.228762400E1,-7.227974964E-1,-1.095433753E0,2.658864905E0,2.965126289E0
1.229757900E1,-9.118174401E-1,-6.202796531E-1,2.381767402E0,2.624685476E0
1.230753342E1,-1.055679483E0,-5.460358018E-1,2.262875381E0,2.556016287E0
1.231748842E1,-1.211882295E0,-9.211838025E-1,2.344929358E0,2.795698838E0
1.232744242E1,-1.244841222E0,-1.148202535E0,2.001028878E0,2.621471972E0
1.233739742E1,-1.387387423E0,-9.988167000E-1,2.153568409E0,2.749606436E0
1.234735142E1,-1.646865657E0,-8.609978271E-1,2.326083782E0,2.977272160E0
1.235730642E1,-1.615436142E0,-9.186010873E-1,2.388520059E0,3.026299714E0
1.236726042E1,-1.652389230E0,-5.903384006E-1,2.273747986E0,2.872075817E0
1.237721542E1,-1.443694355E0,-6.306707400E-1,2.082905685E0,2.611607755E0
1.238716942E1,-1.255689415E0,-9.683977300E-1,1.786340169E0,2.388631673E0
1.239712442E1,-1.226183049E0,-1.300828312E0,1.783822358E0,2.525411130E0
1.240707842E1,-1.445131162E0,-1.298118712E0,1.774153402E0,2.630805307E0
1.241703342E1,-1.329170497E0,-1.540632566E0,2.170111351E0,2.974832128E0
1.242698742E1,-1.063998171E0,-9.718809164E-1,2.141410878E0,2.581140285E0
1.243694242E1,-6.179147467E-1,-3.003089029E-1,2.348113167E0,2.446556666E0
1.244689642E1,-7.910442241E-2,-2.563559675E-1,2.701280900E0,2.714570756E0
1.245685142E1,-4.138692129E-2,-7.542621678E-1,2.873680791E0,2.971307049E0
1.246680542E1,-1.302531971E-1,-1.251048042E0,2.670619270E0,2.951998371E0
1.247676042E1,2.104021881E-1,-1.568095769E0,2.470450952E0,2.933653239E0
1.248671442E1,7.052440819E-1,-1.961936148E0,2.627171242E0,3.353891978E0
1.249666942E1,1.268195586E0,-1.928815765E0,3.032733827E0,3.811315359E0
1.250662342E1,1.533541355E0,-1.476655841E0,3.125763028E0,3.781885253E0
1.251657842E1,1.294984020E0,-1.162607735E0,3.164439436E0,3.611414862E0
1.252653242E1,9.494878346E-1,-7.099706787E-1,3.160465376E0,3.375518761E0
1.253648742E1,4.912119424E-1,-1.119909028E0,3.112029088E0,3.343682169E0
1.254644142E1,-7.422634620E-2,-1.435742873E0,2.450497913E0,2.841092602E0
1.255639642E1,-6.131349403E-1,-1.457070007E0,2.609602698E0,3.051067633E0
1.256635042E1,-8.496735245E-1,-1.016622056E0,2.256986943E0,2.617146454E0
1.257630442E1,-1.351388016E0,-4.587930053E-1,2.292644433E0,2.700547924E0
1.258625942E1,-1.147784167E0,-1.213577914E-1,2.263505126E0,2.540785639E0
1.259621342E1,-3.864481470E-1,1.043178356E-1,1.845461074E0,1.888372569E0
1.260616842E1,-5.705047182E-1,-9.891003817E-1,1.759065832E0,2.097166612E0
1.261612242E1,-8.323986568E-1,-1.580734525E0,8.267150170E-1,1.968518957E0
1.262607742E1,-1.051477236E0,-1.486283281E0,6.842587173E-1,1.944955620E0
1.263603142E1,-1.027067449E0,-9.780701941E-1,1.285915573E0,1.914436656E0
1.264598642E1,-1.231608973E0,-9.613512504E-1,1.635424703E0,2.261784881E0
1.265594042E1,-1.316431022E0,-1.243864737E0,1.436339289E0,2.311549410E0
1.266589542E1,-8.960176787E-1,-3.343356049E-1,7.754735273E-1,1.231254307E0
1.267584942E1,-3.865431277E-1,2.189337873E-1,2.018075558E0,2.066392158E0
1.268580442E1,-1.009928822E0,5.593358785E-1,2.078284630E0,2.377410325E0
1.269575842E1,-1.706634288E0,2.268637812E-1,1.878207529E0,2.547887613E0
1.270571342E1,-1.954803715E0,-1.188601533E0,9.425875354E-1,2.474369097E0
1.271566742E1,-2.073453076E0,-1.350158932E0,6.341890097E-2,2.475107827E0
1.272562242E1,-1.596514699E0,-1.020418069E0,-1.138569832E-1,1.898176923E0
1.273557642E1,-8.563568920E-1,-5.547475684E-1,-2.407591045E-1,1.048359164E0
1.274553142E1,-1.208933946E-1,5.149789006E-1,-2.761517161E-1,5.967229266E-1
1.275548542E1,-6.145107901E-1,5.735142070E-1,-2.967461944E-1,8.914035902E-1
1.276544042E1,1.997704425E-2,7.912358665E-1,-1.051303647E0,1.315937930E0
1.277539442E1,-3.813287269E-1,1.955542803E-1,-7.408615190E-1,8.558790013E-1
1.278534942E1,-3.237061708E-1,-2.861481160E-1,-9.859867394E-1,1.076492582E0
1.279530342E1,-3.636068030E-1,-5.998272622E-1,-1.090800419E0,1.296860904E0
1.280525842E1,1.365483278E-1,-1.187669486E0,-1.049501535E0,1.590804113E0
1.281521242E1,5.929466242E-1,-4.284874713E-1,-6.445827278E-1,9.750251819E-1
1.282516742E1,-3.159797697E-1,9.566395640E-2,-2.246330684E-1,3.993179471E-1
1.283512142E1,8.170432106E-1,1.188121476E0,7.229643613E-2,1.443751719E0
1.284507642E1,3.118132997E-1,1.251639780E0,8.431991950E-1,1.541043333E0
1.285503042E1,7.088516678E-1,8.273716593E-1,6.994053447E-1,1.294674625E0
1.286498542E1,1.221432771E0,-6.401215947E-1,9.548678577E-1,1.677327129E0
1.287493942E1,2.657856553E0,-6.926407009E-1,1.138746125E0,2.973330680E0
1.288489442E1,1.950991184E0,-5.570414311E-1,1.735846539E0,2.670173208E0
1.289484842E1,1.291876810E0,-3.104117221E-1,4.523639917E-1,1.403543483E0
1.290480342E1,2.142653850E0,-3.855361640E-2,7.449887761E-1,2.268801485E0
1.291475742E1,9.697174466E-1,1.820132983E-1,9.278373492E-1,1.354386545E0
1.292471242E1,1.199067976E0,8.188803327E-1,4.509331781E-1,1.520417620E0
1.293466642E1,1.653017805E0,-1.391251409E-1,8.516314647E-1,1.864698319E0
1.294462142E1,1.458435040E0,-5.639218497E-1,8.319798499E-2,1.565874364E0
1.295457542E1,1.202467401E0,-1.069748104E0,1.417014241E-1,1.615663377E0
1.296453042E1,2.010954234E0,-8.188265383E-1,3.198999989E-1,2.194709512E0
1.297448442E1,1.319263121E0,-5.364697570E-1,5.600881228E-1,1.530344304E0
1.298443942E1,1.250250481E0,-1.137382847E-1,8.632951981E-1,1.523594849E0
1.299439342E1,1.200358091E0,-1.518697321E-2,7.238499221E-1,1.401802019E0
1.300434842E1,7.865699346E-1,5.171014398E-1,-1.905344456E-2,9.415143095E-1
1.301430242E1,2.247577969E-1,4.783765000E-1,-4.963116646E-2,5.308704133E-1
1.302425742E1,-6.370857934E-1,1.579672086E-1,-5.277398640E-1,8.422240267E-1
1.303421142E1,-6.576016997E-1,-3.025934100E-2,-1.130858816E0,1.308509566E0
1.304416642E1,-4.792032232E-1,-5.015279657E-1,-4.470383477E-1,8.252328846E-1
1.305412042E1,-2.946852153E-1,-1.421750486E-1,-3.821822011E-1,5.031067038E-1
1.306407542E1,1.556556946E-1,-2.613775563E-1,1.273014861E-1,3.297765768E-1
1.307402942E1,3.106087001E-1,-2.782204610E-1,-6.846621752E-2,4.225778182E-1
1.308398442E1,9.991332902E-2,-1.641898155E-1,-1.478787151E-1,2.425058416E-1
1.309393842E1,5.391907222E-1,1.907426065E-1,2.459002689E-1,6.225562779E-1
1.310389342E1,4.833400917E-1,3.382374519E-1,5.084235871E-1,7.787918606E-1
1.311384742E1,4.854340162E-2,2.325689095E-1,3.314935657E-1,4.078391149E-1
1.312380242E1,-5.625410663E-2,-3.810513496E-2,3.890924406E-1,3.949803200E-1
1.313375642E1,-2.889119487E-1,-2.500614399E-1,2.819653103E-1,4.748739559E-1
1.314371042E1,-7.613545480E-1,-2.920298302E-1,1.667014870E-1,8.323049653E-1
1.315366542E1,-8.285597404E-1,-3.714256632E-1,5.365054250E-1,1.054659347E0
1.316362042E1,-1.373447514E0,-2.454111493E-1,1.451483577E-1,1.402730463E0
1.317357442E1,-1.151612631E0,-6.654891551E-2,3.085903144E-1,1.194097313E0
1.318352842E1,-1.150866746E0,-5.718576908E-3,4.830346844E-1,1.248138404E0
1.319348342E1,-7.397178036E-1,5.530138689E-1,4.106897163E-1,1.010778320E0
1.320343742E1,-6.008460664E-1,1.118999201E-1,8.766546240E-1,1.068672502E0
1.321339242E1,-6.887011394E-1,-1.925581670E-1,4.517006251E-1,8.458258460E-1
1.322334642E1,-8.371507620E-1,-5.242022985E-1,4.715618625E-1,1.094522745E0
1.323330142E1,-1.015690229E0,-6.622158837E-1,6.669866270E-1,1.383845251E0
1.324325542E1,-1.481507130E0,-2.578505158E-1,6.102744824E-1,1.622894084E0
1.325321042E1,-1.630698398E0,-1.414628577E-1,8.219594765E-1,1.831613056E0
1.326316442E1,-1.480628585E0,2.112365127E-2,4.605682200E-1,1.550751528E0
1.327311942E1,-1.250636251E0,2.343680978E-2,1.261191791E-1,1.257197822E0
1.328307342E1,-8.924441528E-1,-1.787406117E-1,-6.154516071E-2,9.122458983E-1
1.329302842E1,-8.418770664E-1,-2.692063934E-1,-1.870769870E-1,9.034527526E-1
1.330298242E1,-9.745419111E-1,-1.301303691E-1,-2.277227372E-1,1.009219250E0
1.331293667E1,-5.515565235E-1,2.901780170E-1,-1.352203703E-1,6.377322547E-1
1.332289067E1,-1.530371287E-1,1.797632897E-1,-4.153964326E-1,4.777963994E-1
1.333284567E1,3.195913390E-1,-2.660290164E-1,-1.434421695E0,1.493477706E0
1.334279967E1,1.146191312E0,-1.764239448E-1,-1.247284774E0,1.703114570E0
1.335275467E1,1.402945548E0,2.580423045E-1,-8.684191132E-1,1.670028083E0
1.336270867E1,1.572857303E0,4.132385176E-1,-3.399641347E-1,1.661391519E0
1.337266367E1,1.794817316E0,2.113224667E-1,-4.420343006E-1,1.860489373E0
1.338261767E1,1.870191434E0,-1.133786809E-1,-3.081722385E-1,1.898799846E0
1.339257267E1,1.609618455E0,2.459186876E-1,-4.623767638E-1,1.692672397E0
1.340252667E1,1.058994562E0,3.947133690E-1,-1.029402316E-1,1.134841318E0
1.341248167E1,6.395806541E-1,4.298908031E-1,-2.340681356E-1,8.053927041E-1
1.342243567E1,5.254314563E-1,1.398156971E-1,-6.280546957E-1,8.307101452E-1
1.343239067E1,4.145704403E-1,3.701696813E-2,-1.111617968E0,1.186985010E0
1.344234467E1,3.921345276E-1,1.784862578E-1,-1.090752472E0,1.172760754E0
1.345229967E1,6.938442041E-1,4.268789023E-1,-4.170707828E-1,9.152012973E-1
1.346225367E1,9.683452512E-1,5.322960144E-1,5.198174715E-2,1.106224966E0
1.347220867E1,1.022819082E0,1.821015912E-1,-7.605473399E-3,1.038931040E0
1.348216267E1,1.195156261E0,-1.975037420E-1,-1.477570930E-1,1.220343548E0
1.349211767E1,1.163737564E0,-5.036206841E-1,1.743557847E-1,1.279968300E0
1.350207167E1,8.325555083E-1,-3.062794948E-1,4.168982899E-1,9.801836499E-1
1.351202667E1,7.128074554E-1,-2.506420684E-1,7.525275913E-1,1.066402218E0
1.352198067E1,2.943567114E-1,-1.491069227E-1,8.165215659E-1,8.806737282E-1
1.353193567E1,-2.587875322E-1,-1.228412300E-1,8.450068617E-1,8.922429887E-1
1.354188967E1,-5.601278108E-1,-6.660680294E-2,8.400665492E-1,1.011875209E0
1.355184467E1,-5.805268093E-1,-3.344782770E-2,8.998183689E-1,1.071355791E0
1.356179867E1,-6.689349192E-1,-1.775021714E-1,7.412971365E-1,1.014151069E0
1.357175367E1,-4.948031195E-1,-4.177671862E-1,6.105443314E-1,8.900134434E-1
1.358170767E1,-2.793328024E-1,-3.280545259E-1,3.457423532E-1,5.524349385E-1
1.359166267E1,-3.343906053E-1,-2.697110081E-1,3.373244092E-1,5.462132018E-1
1.360161667E1,-3.249235611E-1,-8.331346750E-2,2.228297871E-1,4.027028290E-1
1.361157167E1,-3.248904147E-1,1.671134233E-3,-1.138218999E-1,3.442557177E-1
1.362152567E1,-4.539413512E-1,4.752382994E-2,-4.240862721E-1,6.230332503E-1
1.363148067E1,-5.413126768E-1,-5.460773170E-2,-7.079580671E-1,8.928639555E-1
1.364143467E1,-6.811879058E-1,-2.151108778E-1,-7.874918944E-1,1.063218292E0
1.365138967E1,-9.246047160E-1,-1.813157254E-1,-5.788921836E-1,1.105841505E0
1.366134367E1,-1.171418320E0,4.570183754E-3,-2.771577296E-1,1.203768322E0
1.367129867E1,-1.212937790E0,3.075723141E-1,-1.048025697E-1,1.255707924E0
1.368125267E1,-1.037956427E0,3.590330744E-1,-1.224825034E-1,1.105106445E0
1.369120767E1,-1.197863595E0,3.125886405E-1,-4.508910781E-1,1.317532396E0
1.370116167E1,-1.178237854E0,1.564352381E-1,-5.353336430E-1,1.303571454E0
1.371111667E1,-1.160300497E0,8.169437349E-2,-5.165193495E-1,1.272699278E0
1.372107067E1,-9.807219064E-1,4.209118187E-2,-3.166390067E-1,1.031429778E0
1.373102567E1,-8.896451638E-1,-7.736275613E-2,-2.866381127E-1,9.378778818E-1
1.374097967E1,-6.423596165E-1,-1.637501049E-1,-2.419291323E-1,7.056696669E-1
1.375093467E1,-4.314551160E-1,-7.146525443E-2,-2.004314429E-1,4.810754234E-1
1.376088867E1,-4.515714747E-1,3.954179585E-2,-2.458841890E-2,4.539657925E-1
1.377084267E1,-5.767633220E-1,8.218787849E-2,1.581929111E-1,6.036851614E-1
1.378079767E1,-4.145091907E-1,-7.655759454E-2,3.230244586E-1,5.310590695E-1
1.379075167E1,-3.142267014E-1,-1.942807567E-1,2.477623147E-1,4.448253555E-1
1.380070667E1,-2.713712884E-1,-3.109736395E-1,2.210653898E-1,4.682060307E-1
1.381066067E1,-1.813743438E-1,-2.836513549E-1,3.354167551E-1,4.752464027E-1
1.382061567E1,-1.007100852E-1,-1.584782553E-1,4.948039600E-1,5.292341991E-1
1.383056967E1,1.475962398E-2,-3.355366230E-2,4.273186129E-1,4.288879711E-1
1.384052467E1,3.184770424E-1,-2.021090090E-2,3.162405190E-1,4.492707123E-1
1.385047867E1,4.966776637E-1,-9.548503160E-2,2.213413784E-1,5.520852278E-1
1.386043367E1,6.257320355E-1,-4.106148720E-2,1.853152210E-1,6.538871134E-1
1.387038767E1,8.606806887E-1,1.305917144E-2,1.912565768E-1,8.817714375E-1
1.388034267E1,1.035520330E0,-7.942857742E-3,1.456974113E-1,1.045750056E0
1.389029667E1,9.633922210E-1,-9.928864539E-2,4.307760715E-2,9.694526739E-1
1.390025167E1,9.360948602E-1,-1.312922108E-1,-1.460716331E-1,9.564769490E-1
1.391020567E1,9.291289991E-1,1.949286282E-2,-1.987532920E-1,9.503491673E-1
1.392016067E1,8.165733138E-1,9.011962652E-2,-6.086951494E-2,8.237831157E-1
1.393011467E1,7.230311657E-1,1.352431744E-1,2.339587927E-2,7.359430345E-1
1.394006967E1,5.877884664E-1,7.812757194E-2,-7.916340619E-2,5.982190599E-1
1.395002367E1,5.028617886E-1,1.295158267E-3,-5.684663057E-2,5.060663942E-1
1.395997867E1,3.958300776E-1,-2.090847373E-2,5.649579763E-2,4.003877992E-1
1.396993267E1,3.017118692E-1,-1.015070790E-1,2.104421684E-1,3.816014221E-1
1.397988767E1,3.400920425E-1,-1.231482089E-1,2.966269112E-1,4.677773008E-1
1.398984167E1,4.019631855E-1,-1.641021073E-1,3.431982297E-1,5.534337621E-1
1.399979667E1,3.794424883E-1,-1.579748100E-1,4.197143090E-1,5.874459496E-1
1.400975067E1,4.274338031E-1,-1.308267725E-1,5.050973985E-1,6.744914250E-1
1.401970567E1,3.920663345E-1,-8.612013102E-2,4.754578623E-1,6.222482354E-1
1.402965967E1,2.731481476E-1,-8.141546130E-2,4.032362705E-1,4.937994307E-1
1.403961467E1,1.557249111E-1,-1.230879825E-1,2.763177770E-1,3.402240633E-1
1.404956867E1,2.924116717E-2,-1.624374050E-1,1.228736821E-1,2.057641809E-1
1.405952367E1,-1.483789079E-1,-8.626280308E-2,3.942280501E-2,1.761014737E-1
1.406947767E1,-1.725957179E-1,-1.815911293E-2,3.109110743E-2,1.763113501E-1
1.407943267E1,-1.508657104E-1,1.732646942E-2,-8.115642965E-2,1.721831443E-1
1.408938667E1,-1.555380560E-1,-1.055247009E-2,-2.072639143E-1,2.593487453E-1
1.409934167E1,-9.472094670E-2,1.603540421E-2,-3.055304664E-1,3.202780946E-1
1.410929567E1,2.461180776E-2,4.401023805E-2,-2.706605959E-1,2.753176353E-1
1.411925067E1,1.165728413E-1,7.046771944E-2,-1.836563659E-1,2.286582330E-1
1.412920467E1,1.874034809E-1,4.538024068E-2,-1.650937951E-1,2.538412734E-1
1.413915967E1,2.221116394E-1,-4.607605934E-2,-1.107795936E-1,2.524454435E-1
1.414911367E1,2.052706716E-1,-4.292557955E-2,-6.411062658E-2,2.192916470E-1
1.415906867E1,9.426887470E-2,-5.066612363E-3,3.962716520E-2,1.023845863E-1
1.416902267E1,1.316892550E-2,-4.038671851E-3,1.055100828E-1,1.064053995E-1
1.417897767E1,-9.357646387E-2,-1.244813740E-2,1.503041402E-1,1.774904089E-1
1.418893167E1,-1.867235594E-1,-6.841242313E-2,1.990392208E-1,2.813584168E-1
1.419888667E1,-1.661212057E-1,-1.454050505E-1,2.537849468E-1,3.363713467E-1
1.420884067E1,-1.740793941E-1,-1.600458938E-1,3.351922220E-1,4.102098844E-1
1.421879567E1,-1.096232336E-1,-1.417774379E-1,3.403047350E-1,3.846107226E-1
1.422874967E1,-4.378777890E-2,-1.233236253E-1,2.749770105E-1,3.045298712E-1
1.423870467E1,1.355401947E-2,-1.040997344E-1,2.271023476E-1,2.501918113E-1
1.424865867E1,6.243242087E-2,-8.456886470E-2,1.838475698E-1,2.117773099E-1
1.425861367E1,8.094830532E-2,-4.737414122E-2,1.715730947E-1,1.955358387E-1
1.426856767E1,1.222083420E-1,-1.513727188E-2,1.310495514E-1,1.798276975E-1
1.427852267E1,1.205978727E-1,-4.264959097E-2,6.288855851E-2,1.425405391E-1
1.428847667E1,9.792847339E-2,-4.347755671E-2,-4.323431253E-2,1.155399914E-1
1.429843167E1,1.280984251E-1,-3.301981151E-2,-1.095288742E-1,1.717442539E-1
1.430838679E1,1.943886378E-1,5.387916863E-2,-1.341488680E-1,2.422515761E-1
1.431834079E1,1.361659747E-1,7.187572896E-2,-1.985296360E-1,2.512395459E-1
1.432829579E1,7.901954642E-2,4.064633489E-2,-2.279311904E-1,2.446402273E-1
1.433824979E1,7.045629452E-2,3.561480582E-2,-1.836341465E-1,1.998849759E-1
1.434820479E1,5.231238435E-2,3.053240597E-2,-9.515174031E-2,1.127948007E-1
1.435815879E1,1.373414204E-1,2.689543784E-2,-3.857408166E-3,1.400032497E-1
1.436811379E1,1.771175525E-1,-5.393647134E-2,4.586936027E-2,1.907452976E-1
1.437806779E1,9.827424483E-2,-1.184137183E-1,6.496548951E-2,1.670333820E-1
1.438802279E1,5.569066345E-2,-1.326084191E-1,1.764470413E-1,2.276400694E-1
1.439797679E1,8.606788066E-2,-9.353030741E-2,3.080196261E-1,3.332141782E-1
1.440793179E1,2.577568233E-2,-7.624476850E-2,3.595657557E-1,3.684632725E-1
1.441788579E1,-8.524377043E-3,-1.589992422E-1,3.283012784E-1,3.648769017E-1