"Time (s)","Linear Acceleration x (m/s^2)","Linear Acceleration y (m/s^2)","Linear Acceleration z (m/s^2)","Absolute acceleration (m/s^2)"
2.557625063E-3,8.691608325E-2,-3.220061660E-3,4.508203268E-3,8.709246937E-2
1.251062506E-2,1.163515516E-1,-1.744224429E-3,1.663240492E-2,1.175472788E-1
2.246462507E-2,1.137936871E-1,-6.507951021E-3,2.298949778E-2,1.162749915E-1
3.241862508E-2,9.974772491E-2,-2.205628216E-2,-1.415026188E-2,1.031325270E-1
4.237162508E-2,1.032716956E-1,-3.865711212E-2,-2.414256871E-2,1.128817038E-1
5.232562497E-2,1.012524328E-1,-3.594751239E-2,-3.416323453E-2,1.127448685E-1
6.227962498E-2,9.809252433E-2,-3.467398882E-3,-3.230411232E-2,1.033330628E-1
7.223262498E-2,1.295742258E-1,5.824411511E-3,-2.150342792E-2,1.314754774E-1
8.218662499E-2,1.530125704E-1,2.006939828E-2,-4.334248602E-2,1.602941002E-1
9.214062500E-2,1.744933404E-1,1.054311454E-2,-4.335944295E-2,1.801086461E-1
1.020936250E-1,1.514337491E-1,1.779892445E-3,-4.743085921E-2,1.586979357E-1
1.120476250E-1,1.571484523E-1,-1.132605672E-2,-7.710430920E-2,1.754109179E-1
1.220016250E-1,1.633433580E-1,2.192764342E-2,-5.028459281E-2,1.723090665E-1
1.319546250E-1,1.605427609E-1,2.790759087E-2,-4.300948709E-2,1.685307915E-1
1.419086250E-1,1.548978589E-1,3.450792789E-2,-6.137617618E-2,1.701504593E-1
1.518626250E-1,1.787599075E-1,2.855370820E-2,-3.934240580E-2,1.852518385E-1
1.618156250E-1,1.659948510E-1,1.840411127E-2,-4.404707551E-2,1.727227453E-1
1.717696250E-1,1.767997746E-1,1.018643439E-2,-4.858714610E-2,1.836372362E-1
1.817236250E-1,1.790969995E-1,2.024539948E-2,-6.558470964E-2,1.917992846E-1
1.916766251E-1,1.859964947E-1,9.804026484E-3,-7.046596527E-2,1.991388140E-1
2.016306251E-1,1.760768395E-1,2.417238951E-2,-6.298211396E-2,1.885579606E-1
2.115846251E-1,1.688404716E-1,1.114303887E-2,-4.767293394E-2,1.757952809E-1
2.215386251E-1,1.524860287E-1,2.799646854E-3,-5.797163486E-2,1.631580136E-1
2.314916251E-1,1.872317190E-1,1.543314099E-2,-3.428076357E-2,1.909687649E-1
2.414456251E-1,1.775823513E-1,1.953028500E-2,-3.369750381E-2,1.818033149E-1
2.513996250E-1,1.557054325E-1,-1.424381733E-2,-4.386815071E-2,1.623929884E-1
2.613526250E-1,1.364743788E-1,-1.505833447E-2,-5.080762625E-2,1.464015860E-1
2.713066250E-1,1.659613757E-1,-9.723919630E-3,-1.523959816E-2,1.669430387E-1
2.812606250E-1,1.470625900E-1,-1.638214409E-2,9.630948901E-3,1.482853168E-1
2.912136250E-1,1.203101896E-1,-2.999270797E-2,1.441280186E-2,1.248272131E-1
3.011676250E-1,1.300887077E-1,-2.534767985E-2,3.741048574E-2,1.377139106E-1
3.111216250E-1,1.519574404E-1,-8.132307529E-3,3.928685725E-2,1.571644211E-1
3.210746250E-1,1.631848984E-1,1.447010458E-2,1.883797467E-2,1.649047128E-1
3.310286250E-1,1.487500233E-1,-6.141915321E-3,2.582071960E-2,1.510993121E-1
3.409826250E-1,1.300988672E-1,-3.126038432E-2,3.481549144E-2,1.382571709E-1
3.509356250E-1,1.429850341E-1,-4.617604673E-2,3.209536672E-2,1.536458911E-1
3.608896250E-1,1.349531525E-1,-5.753309369E-2,4.069135845E-2,1.522438731E-1
3.708436250E-1,1.091129909E-1,-7.952447176E-2,4.780332685E-2,1.432303894E-1
3.807966250E-1,7.864987448E-2,-2.022318006E-2,5.371953964E-2,9.736821199E-2
3.907506251E-1,7.679097153E-2,3.519906878E-2,3.898046315E-2,9.303388769E-2
4.007046251E-1,3.529277042E-2,6.506840050E-2,5.111460507E-2,8.995654083E-2
4.106576251E-1,7.899588346E-4,1.916600347E-2,6.616212219E-2,6.888676314E-2
4.206116251E-1,-2.282628737E-2,-2.824380577E-2,2.408731252E-2,4.357695014E-2
4.305656251E-1,-5.709966883E-2,-7.547878325E-2,-4.383072853E-3,9.474508024E-2
4.405186251E-1,-7.776292495E-2,-8.051674426E-2,-1.198182195E-2,1.125770077E-1
4.504726250E-1,-4.184552573E-2,-4.202803195E-2,-1.319745809E-2,6.075834422E-2
4.604266250E-1,-3.952330403E-2,1.008644700E-2,-2.066435248E-2,4.572574152E-2
4.703806250E-1,-4.911873110E-2,5.359499395E-2,-2.911240965E-2,7.831095400E-2
4.803336250E-1,-3.715006538E-2,5.612742305E-2,-2.560641915E-2,7.201460739E-2
4.902876250E-1,-2.581633419E-2,4.011540771E-2,-6.979528964E-3,4.821247630E-2
5.002416250E-1,-4.053056002E-2,7.749314904E-3,-1.413710564E-2,4.361921518E-2
5.101946250E-1,-5.244945131E-2,-2.729714155E-2,-3.523385972E-2,6.882952673E-2
5.201486250E-1,-6.355411783E-2,-4.183331966E-2,-3.144106328E-2,8.232674527E-2
5.301026250E-1,-5.358856201E-2,-9.322215915E-3,-3.937719673E-2,6.715058682E-2
5.400556250E-1,-1.097712412E-2,4.209293604E-2,-6.009768248E-2,7.418924422E-2
5.500096250E-1,8.635241166E-2,6.636121988E-2,-6.542157233E-2,1.270453959E-1
5.599636250E-1,1.555572787E-1,7.118926585E-2,-6.030964404E-2,1.813924797E-1
5.699166250E-1,2.033839213E-1,8.649493754E-2,-1.029472482E-1,2.438124886E-1
5.798706250E-1,2.572996350E-1,7.928181231E-2,-1.093932188E-1,2.906124296E-1
5.898246251E-1,2.701695029E-1,3.043241858E-2,-1.500915939E-1,3.105562412E-1
5.997776251E-1,2.599947629E-1,4.629357576E-2,-2.271684211E-1,3.483473316E-1
6.097316251E-1,3.016379750E-1,8.512376547E-2,-2.412488088E-1,3.955155005E-1
6.196856251E-1,2.750970977E-1,9.544585526E-2,-1.619459465E-1,3.331888564E-1
6.296386251E-1,2.418472713E-1,1.153065079E-1,-1.704594925E-1,3.175565021E-1
6.395926251E-1,2.628827758E-1,1.154047412E-1,-2.070069292E-1,3.539455846E-1
6.495466250E-1,2.842738641E-1,1.111590779E-1,-2.416446653E-1,3.893072240E-1
6.594996250E-1,2.718886574E-1,8.112719357E-2,-2.302861565E-1,3.654268428E-1
6.694536250E-1,2.945357276E-1,9.389692783E-2,-2.505224928E-1,3.979063298E-1
6.794076250E-1,3.015121137E-1,8.840990067E-2,-2.574569982E-1,4.062141937E-1
6.893606250E-1,2.738169960E-1,1.100638944E-1,-2.886039466E-1,4.127736015E-1
6.993146250E-1,2.587678709E-1,1.014883679E-1,-2.756210813E-1,3.914430741E-1
7.092686250E-1,2.342240370E-1,1.597734135E-1,-3.028810930E-1,4.148799823E-1
7.192226250E-1,3.009034185E-1,1.492835087E-1,-3.387537611E-1,4.770561223E-1
7.291756250E-1,2.962344168E-1,2.228619468E-1,-2.224719375E-1,4.323378772E-1
7.391296250E-1,2.101499538E-1,2.058395326E-1,-2.761873841E-1,4.035001703E-1
7.490836250E-1,3.158070210E-1,1.026583958E-1,-3.959880620E-1,5.167972194E-1
7.590364167E-1,4.763516092E-1,-3.848344982E-2,-3.827917734E-1,6.123082339E-1
7.689904167E-1,3.909115094E-1,4.371846199E-2,-2.754512197E-1,4.802046298E-1
7.789444167E-1,2.034048251E-1,1.981709093E-1,-1.721069455E-1,3.320632965E-1
7.888974167E-1,-4.354743093E-2,1.972008562E-1,-1.771969467E-1,2.686695263E-1
7.988514167E-1,-3.250382397E-1,1.182628602E-1,-2.996949452E-1,4.576603779E-1
8.088054167E-1,-2.505432504E-1,-4.478733301E-2,-2.961228812E-1,3.904696996E-1
8.187584167E-1,-3.512976466E-1,-9.639135003E-2,-2.590807700E-1,4.470169731E-1
8.287124167E-1,-6.508410759E-1,-1.342251742E-1,-8.110438943E-2,6.694687636E-1
8.386664167E-1,-7.759124339E-1,1.135248613E-1,-7.355329514E-2,7.876154433E-1
8.486194167E-1,-8.987901360E-3,1.370154655E-1,-1.588770354E-1,2.099903153E-1
8.585734167E-1,3.936424515E-1,1.663193715E-1,-2.619482446E-1,5.012318782E-1
8.685274167E-1,4.488091039E-1,-6.862409234E-2,-7.011191636E-2,4.594067464E-1
8.784804167E-1,1.408271923E-1,1.605645418E-2,6.770841837E-2,1.570813093E-1
8.884344167E-1,-2.705958380E-1,7.012799621E-2,1.769893706E-1,3.308553773E-1
8.983884167E-1,-8.709793165E-2,-4.520365477E-2,1.386579484E-1,1.698689105E-1
9.083414167E-1,6.766281009E-2,-6.918542504E-2,-7.882046700E-4,9.677551433E-2
9.182954167E-1,2.141960809E-1,-1.396063668E-1,-1.890989542E-3,2.556823704E-1
9.282494166E-1,4.097121350E-1,1.939112127E-2,1.319187400E-1,4.308626267E-1
9.382024166E-1,7.292575733E-1,1.298280680E-1,3.087669003E-1,8.025016724E-1
9.481564166E-1,7.818494043E-1,8.646979451E-2,2.563904661E-1,8.273461111E-1
9.581104167E-1,8.558075461E-1,-8.237732828E-2,7.777381539E-2,8.632736220E-1
9.680634167E-1,8.932173009E-1,-8.328072309E-2,1.292293131E-2,8.971843889E-1
9.780174167E-1,9.006653380E-1,-1.255818200E-1,8.669725120E-2,9.135016464E-1
9.879714167E-1,8.229669517E-1,-5.030067265E-2,6.538473487E-2,8.270912434E-1
9.979254167E-1,6.983333308E-1,-6.954853714E-2,6.582269132E-2,7.048681200E-1
1.007878417E0,5.778002892E-1,-1.167624646E-1,1.113304013E-1,5.999009131E-1
1.017832417E0,5.008844065E-1,-7.640147388E-2,3.247251213E-2,5.077172815E-1
1.027786417E0,3.440617172E-1,-8.578508556E-2,9.030790687E-2,3.659140121E-1
1.037739417E0,2.288971505E-1,-3.778529227E-2,1.529470816E-1,2.778748704E-1
1.047693417E0,1.744529946E-1,-3.723097622E-2,1.669380069E-1,2.443118725E-1
1.057647417E0,7.472076483E-2,-7.643714190E-2,4.378219664E-2,1.155106493E-1
1.067600417E0,9.830287792E-2,-9.148904443E-2,-3.337532222E-2,1.383749009E-1
1.077554417E0,3.562160321E-2,-7.433097482E-2,-2.578622103E-4,8.242608158E-2
1.087508417E0,-4.272377752E-2,-3.581419587E-2,1.070736283E-1,1.207176030E-1
1.097461417E0,-3.104732640E-2,5.385928810E-2,1.230786270E-1,1.378880264E-1
1.107415417E0,-1.210595834E-1,3.395419657E-2,1.358793515E-1,1.851256556E-1
1.117369417E0,-1.576226614E-1,-1.886019409E-2,2.520325363E-2,1.607352305E-1
1.127322417E0,-1.407668929E-1,-4.791793227E-2,-4.206486940E-2,1.545344609E-1
1.137276417E0,-2.686179442E-1,-7.693473995E-2,-4.972296774E-2,2.838079063E-1
1.147230417E0,-2.819513500E-1,-4.177718639E-2,2.782806873E-2,2.863848783E-1
1.157183417E0,-1.801331992E-1,6.115018129E-3,2.490796924E-2,1.819499102E-1
1.167137417E0,-1.804251214E-1,1.890931070E-2,-4.606553435E-2,1.871705637E-1
1.177091417E0,-1.250351784E-1,2.407474101E-2,-8.138973355E-2,1.511214006E-1
1.187044417E0,-4.739182904E-2,3.762683272E-2,-4.273437560E-2,7.408097501E-2
1.196998417E0,-4.873698100E-2,4.399678946E-2,-4.893534780E-2,8.188821077E-2
1.206952417E0,-3.167144358E-3,2.715330005E-2,-7.949406624E-2,8.406330397E-2
1.216905417E0,6.096497074E-2,-6.053037643E-3,-1.271681696E-1,1.411563328E-1
1.226859417E0,4.409268379E-2,-8.367950320E-3,-1.483081931E-1,1.549500161E-1
1.236813417E0,7.139735363E-2,6.028070033E-2,-1.470212209E-1,1.742027105E-1
1.246767417E0,1.295511293E-1,1.048014003E-1,-1.008054131E-1,1.947525607E-1
1.256720417E0,1.266715217E-1,1.178775287E-1,-9.391096115E-2,1.968757344E-1
1.266674417E0,1.774989554E-1,9.154166937E-2,-1.345529106E-1,2.408116321E-1
1.276628417E0,2.150623459E-1,4.968729973E-2,-1.863858461E-1,2.888950052E-1
1.286581417E0,2.229352563E-1,4.119363427E-2,-2.060149491E-1,3.063318515E-1
1.296535417E0,2.722954774E-1,5.394348800E-2,-1.657808429E-1,3.233233904E-1
1.306489417E0,2.904093475E-1,7.896957099E-2,-1.613354972E-1,3.414717044E-1
1.316442417E0,2.558843165E-1,9.694508135E-2,-1.787242395E-1,3.268294448E-1
1.326396417E0,2.495001803E-1,9.814785361E-2,-1.609516275E-1,3.127119561E-1
1.336350417E0,2.172107591E-1,7.944202602E-2,-1.656630215E-1,2.844921546E-1
1.346303417E0,1.878410719E-1,5.395225883E-2,-1.493665391E-1,2.459786120E-1
1.356257417E0,1.971491084E-1,6.576714277E-2,-1.596474060E-1,2.620694226E-1
1.366211417E0,1.871279309E-1,5.496441185E-2,-1.472884387E-1,2.444009682E-1
1.376164417E0,1.847523534E-1,4.777175188E-2,-1.637085897E-1,2.514280706E-1
1.386118417E0,1.877717093E-1,4.641110480E-2,-1.588644639E-1,2.503000666E-1
1.396072417E0,1.915963731E-1,6.150042951E-2,-1.481278065E-1,2.498666045E-1
1.406025417E0,1.424948913E-1,7.189853311E-2,-1.049987438E-1,1.910469296E-1
1.415979417E0,1.317574299E-1,7.315217614E-2,-8.995882809E-2,1.755102617E-1
1.425933417E0,1.043600086E-1,6.123555064E-2,-9.362444758E-2,1.529913110E-1
1.435886417E0,6.044829614E-2,3.978387058E-2,-1.129442328E-1,1.341385574E-1
1.445840417E0,7.315831572E-2,3.317651689E-2,-1.216957605E-1,1.458172780E-1
1.455794417E0,8.252526283E-2,3.977568448E-2,-1.173349071E-1,1.488623676E-1
1.465747417E0,9.112447053E-2,3.228423178E-2,-8.493606985E-2,1.286859616E-1
1.475701417E0,1.452715878E-1,4.004699528E-2,-6.613902569E-2,1.645659952E-1
1.485655417E0,1.754150078E-1,3.852671921E-2,-7.385091841E-2,1.941872581E-1
1.495609417E0,2.010092939E-1,3.624338150E-2,-9.023890972E-2,2.232966184E-1
1.505562417E0,2.133968396E-1,4.531241298E-2,-8.294860125E-2,2.333921515E-1
1.515516417E0,1.938868736E-1,3.416469634E-2,-7.940928161E-2,2.122856101E-1
1.525470417E0,1.761725146E-1,2.390751064E-2,-8.068280518E-2,1.952384158E-1
1.535423417E0,1.921510546E-1,4.029257834E-2,-9.800050378E-2,2.194302130E-1
1.545377417E0,1.686893211E-1,4.147254646E-2,-1.030437273E-1,2.019754165E-1
1.555331417E0,1.736868632E-1,4.348983586E-2,-6.279149473E-2,1.897399907E-1
1.565284417E0,1.954542198E-1,5.342893302E-2,-6.367910206E-2,2.123959297E-1
1.575238417E0,1.874244578E-1,5.094445109E-2,-7.743701577E-2,2.090926969E-1
1.585192417E0,1.793538384E-1,3.752801478E-2,-1.006422758E-1,2.090574537E-1
1.595145417E0,1.907714771E-1,3.548792124E-2,-1.018485564E-1,2.191489847E-1
1.605099417E0,1.836568775E-1,2.285501182E-2,-1.114830136E-1,2.160570817E-1
1.615053417E0,1.791170993E-1,4.356468022E-2,-1.097861516E-1,2.145549247E-1
1.625006417E0,1.475585800E-1,4.459086657E-2,-1.082714304E-1,1.883735188E-1
1.634960417E0,1.158333421E-1,6.767216563E-2,-9.093765199E-2,1.620695582E-1
1.644914417E0,1.026226547E-1,5.453522623E-2,-7.486891866E-2,1.382420165E-1
1.654867417E0,7.140934043E-2,4.547145724E-2,-8.853035331E-2,1.224931459E-1
1.664821417E0,5.685101599E-2,4.331851244E-2,-1.100027910E-1,1.311836330E-1
1.674775417E0,5.743456811E-2,2.695040166E-2,-9.658226162E-2,1.155559909E-1
1.684728417E0,5.495381378E-2,3.321101546E-2,-1.087962180E-1,1.263309553E-1
1.694682417E0,8.083666004E-2,2.195103228E-2,-1.145422769E-1,1.419025955E-1
1.704636417E0,7.719881482E-2,1.697856009E-2,-7.683913797E-2,1.102369341E-1
1.714589417E0,5.397206627E-2,3.563410163E-2,-5.792193353E-2,8.682006404E-2
1.724543417E0,4.125905000E-2,2.822684884E-2,-4.990364671E-2,7.063595513E-2
1.734497417E0,1.355348043E-2,1.657100916E-2,-3.861501217E-2,4.415217255E-2
1.744451417E0,-1.596099839E-2,1.027238846E-2,-1.899380296E-2,2.685218772E-2
1.754404417E0,-3.868656747E-2,-1.714169741E-2,7.436488867E-3,4.296265424E-2
1.764358417E0,-3.765738443E-2,-2.750588715E-2,-7.223650217E-3,4.718933727E-2
1.774312417E0,-8.978655450E-2,-4.702506244E-2,3.358640671E-2,1.067755992E-1
1.784265417E0,-1.692634445E-1,-4.561880708E-2,1.076337916E-1,2.057090720E-1
1.794219417E0,-2.894172943E-1,-3.858285248E-2,2.026656640E-1,3.554214091E-1
1.804173417E0,-5.054978596E-1,-6.712837458E-2,3.679506630E-1,6.288258862E-1
1.814126417E0,-6.041384143E-1,-1.070362061E-1,4.924542564E-1,7.867344963E-1
1.824080417E0,-6.909194268E-1,-1.522234887E-1,5.006970763E-1,8.667405651E-1
1.834034417E0,-7.024233851E-1,-2.266047496E-1,4.797646290E-1,8.802967816E-1
1.843987417E0,-7.598083249E-1,-3.022577798E-1,4.732812363E-1,9.448087557E-1
1.853941417E0,-8.170235494E-1,-3.863752395E-1,4.640303564E-1,1.015941670E0
1.863895417E0,-7.828147797E-1,-4.224508059E-1,5.222434813E-1,1.031504686E0
1.873848417E0,-7.055575658E-1,-3.863758242E-1,6.407086551E-1,1.028399405E0
1.883802417E0,-6.540164794E-1,-3.538068330E-1,7.038369495E-1,1.023866828E0
1.893756417E0,-6.001934440E-1,-2.990166682E-1,6.811193472E-1,9.558068337E-1
1.903709417E0,-5.684084914E-1,-3.177873999E-1,6.084650615E-1,8.912388993E-1
1.913663417E0,-4.949391769E-1,-3.608562362E-1,5.150841504E-1,8.003084993E-1
1.923617417E0,-3.915615736E-1,-3.783528596E-1,4.592300847E-1,7.122946181E-1
1.933570417E0,-3.050549416E-1,-3.522023571E-1,3.989087462E-1,6.133785174E-1
1.943524417E0,-2.488840299E-1,-3.238562250E-1,3.478356564E-1,5.364846304E-1
1.953478417E0,-1.148950101E-1,-2.664008993E-1,2.747694343E-1,3.995854659E-1
1.963432417E0,3.752450645E-3,-1.473948580E-1,2.363672608E-1,2.785835728E-1
1.973385417E0,1.121313968E-1,-3.228072345E-2,2.112084460E-1,2.412975402E-1
1.983339417E0,2.245919918E-1,2.654460490E-2,1.517147809E-1,2.723298617E-1
1.993293417E0,2.786894808E-1,6.656470299E-3,7.754869759E-2,2.893543430E-1
2.003246417E0,2.745202699E-1,-3.272452712E-2,-1.659732163E-2,2.769616297E-1
2.013200417E0,2.847751167E-1,-6.149516702E-2,-7.639036417E-2,3.011876664E-1
2.023154417E0,2.399611788E-1,-7.225170493E-2,-1.259183273E-1,2.804587338E-1
2.033107417E0,3.492867891E-1,-3.531718254E-4,-1.575207737E-1,3.831633855E-1
2.043061417E0,4.354841765E-1,9.119434476E-2,-2.319233769E-1,5.017482728E-1
2.053015417E0,4.816279905E-1,1.701481283E-1,-2.949622089E-1,5.898462608E-1
2.062968417E0,5.186807728E-1,2.017488205E-1,-3.955185306E-1,6.827644094E-1
2.072922417E0,5.281826444E-1,2.553689575E-1,-4.697597507E-1,7.515746361E-1
2.082876417E0,5.242248103E-1,3.038207406E-1,-5.944779369E-1,8.488360923E-1
2.092829417E0,4.461231123E-1,3.303828871E-1,-7.520893425E-1,9.347818261E-1
2.102783417E0,3.208981186E-1,3.983801579E-1,-9.204324353E-1,1.053032868E0
2.112737417E0,3.198210615E-1,4.995861053E-1,-9.850196099E-1,1.149841476E0
2.122690417E0,4.503354464E-1,6.067638141E-1,-1.130315318E0,1.359623866E0
2.132644417E0,4.875088276E-1,6.145698470E-1,-1.333096756E0,1.546773389E0
2.142598417E0,4.541473925E-1,6.947117847E-1,-1.338491982E0,1.574939715E0
2.152551417E0,4.488356356E-1,8.296175748E-1,-1.169568261E0,1.502534081E0
2.162505417E0,2.611748041E-1,8.904794884E-1,-1.133018485E0,1.464546648E0
2.172459417E0,1.959575920E-1,6.919080448E-1,-1.375516259E0,1.552153697E0
2.182412417E0,2.313731539E-1,7.190233380E-1,-1.653792561E0,1.818119340E0
2.192366417E0,2.641099602E-1,5.932690251E-1,-1.845298814E0,1.956233606E0
2.202320417E0,1.821825752E-1,4.548262542E-1,-1.646814202E0,1.718154367E0
2.212274417E0,2.592538476E-1,5.559491712E-1,-1.648494399E0,1.758927464E0
2.222227417E0,3.304206017E-1,6.993427795E-1,-1.532412550E0,1.716550705E0
2.232181417E0,2.760090441E-1,9.964719665E-1,-1.578316702E0,1.886854786E0
2.242135417E0,3.805277315E-1,1.082250035E0,-1.606597345E0,1.974138172E0
2.252088417E0,2.812725614E-1,1.092596099E0,-1.863515230E0,2.178432808E0
2.262042417E0,3.083704591E-1,1.080757241E0,-1.961178642E0,2.260387183E0
2.271996417E0,2.365748370E-1,1.157735251E0,-1.963321354E0,2.291494993E0
2.281949417E0,2.856585579E-1,1.042442191E0,-1.865557955E0,2.156059604E0
2.291903417E0,1.823822576E-1,9.665739834E-1,-1.932467936E0,2.168400534E0
2.301857417E0,1.768889447E-1,7.223141509E-1,-1.936462169E0,2.074346442E0
2.311810417E0,1.906993371E-1,6.058200735E-1,-2.084304923E0,2.178924325E0
2.321764417E0,1.274242777E-1,6.350514740E-1,-2.153260553E0,2.248568062E0
2.331718417E0,2.647537386E-1,7.844519269E-1,-2.186135938E0,2.337659023E0
2.341671417E0,3.222910716E-1,9.418332446E-1,-2.171897383E0,2.389154587E0
2.351625417E0,4.683915022E-1,1.017045395E0,-2.244048516E0,2.507892677E0
2.361579417E0,5.409151027E-1,1.046822925E0,-2.404049386E0,2.677289831E0
2.371532417E0,5.623979191E-1,9.298675025E-1,-2.421885733E0,2.654519824E0
2.381486417E0,6.045747627E-1,8.178219867E-1,-2.442480211E0,2.645761332E0
2.391440417E0,4.469361676E-1,6.505530274E-1,-2.462461317E0,2.585862896E0
2.401393417E0,3.847277865E-1,5.687498957E-1,-2.561415501E0,2.651856196E0
2.411347417E0,4.010934122E-1,5.310026103E-1,-2.511832282E0,2.598488236E0
2.421301417E0,4.552446225E-1,7.682656646E-1,-2.016375480E0,2.205277732E0
2.431254417E0,5.838852672E-1,1.530907477E0,-1.111482605E0,1.979897293E0
2.441208417E0,7.982342528E-1,2.000334814E0,-1.015249130E0,2.381018287E0
2.451162417E0,8.251397771E-1,1.595195859E0,-1.519542829E0,2.352555183E0
2.461116417E0,7.089209573E-1,7.632230258E-1,-1.902950022E0,2.169400170E0
2.471069417E0,5.358055133E-1,-7.574833989E-2,-1.779758543E0,1.860205857E0
2.481023417E0,5.885925682E-1,-2.325168693E-1,-1.177310559E0,1.336624651E0
2.490977417E0,5.371066649E-1,2.489592397E-1,-6.973284137E-1,9.147301182E-1
2.500930417E0,5.039715171E-1,2.481078851E-1,-7.110758024E-1,9.061862996E-1
2.510884417E0,4.893176638E-1,3.911208397E-1,-7.691146803E-1,9.919398564E-1
2.520838417E0,2.911966020E-1,6.189745545E-1,-6.641922426E-1,9.534549257E-1
2.530791417E0,4.953119369E-1,8.583367592E-1,-6.506764036E-1,1.185519164E0
2.540745417E0,2.189869970E-2,4.225975710E-1,-2.068482358E0,2.111323643E0
2.550699417E0,3.011889088E-1,-1.100902069E-1,-1.711926749E0,1.741702559E0
2.560652417E0,4.288599390E-1,6.844534296E-1,-1.808160809E0,1.980364324E0
2.570606417E0,4.573241848E-1,6.127531171E-1,2.677624235E-1,8.101286984E-1
2.580560417E0,8.700846925E-2,6.348392200E-1,6.101084214E-1,8.847731884E-1
2.590513417E0,1.562731241E-1,7.467531735E-1,2.309787592E-1,7.971278308E-1
2.600467417E0,5.229774530E-1,1.333448174E0,4.729754269E-2,1.433117757E0
2.610421417E0,7.350154728E-1,1.225038457E0,2.854347557E-2,1.428909268E0
2.620374417E0,2.028391801E-1,-2.854376793E-1,-3.272686601E-1,4.792944581E-1
2.630328417E0,-8.685819581E-2,-1.724657307E0,-1.575533135E0,2.337582476E0
2.640282417E0,-1.115166351E-2,-1.224649032E0,-2.640499093E0,2.910691511E0
2.650235417E0,-1.062979952E-2,7.431278998E-1,-1.173610441E0,1.389141294E0
2.660189417E0,2.876523122E-1,1.909724021E0,-1.523761010E-1,1.937268222E0
2.670143417E0,-1.615987681E-1,1.182262566E0,-1.019947953E0,1.569762008E0
2.680096417E0,-1.574731189E-1,-1.845410496E-1,-2.037871892E0,2.052260955E0
2.690050417E0,-6.745690039E-1,5.973018497E-1,-3.723956578E0,3.831405152E0
2.700004417E0,-2.931834859E-1,1.784233418E0,-3.013760197E0,3.514569102E0
2.709958417E0,1.608335137E-1,1.330173149E0,-1.215499894E0,1.809051690E0
2.719911417E0,6.328575987E-1,-2.780105460E-1,-4.949200273E-1,8.501437744E-1
2.729865417E0,4.120690014E-1,-5.561807209E-1,-1.067141123E0,1.271978000E0
2.739819417E0,8.397032909E-2,2.246318990E-1,-2.359909925E-1,3.364554276E-1
2.749772417E0,9.907022265E-1,2.246049433E0,9.762479094E-1,2.641834389E0
2.759725750E0,1.769247004E0,3.477785291E0,9.752904278E-1,4.021991660E0
2.769679750E0,2.204616502E0,2.270117742E0,3.674334767E-1,3.185714338E0
2.779632750E0,8.796201856E-1,-1.000044031E0,-3.483583975E-1,1.376652936E0
2.789586750E0,-3.451501033E-1,-2.457343833E0,-1.650427781E0,2.980197841E0
2.799540750E0,-4.377310422E-1,-1.504366965E0,-1.333419523E0,2.057361430E0
2.809493750E0,-5.142433208E-1,5.716898757E-1,-3.428807259E-1,8.419279656E-1
2.819447750E0,-6.686528642E-1,9.261100817E-1,-4.947390559E-1,1.244806519E0
2.829401750E0,-5.894877038E-1,8.294725639E-1,-7.817698091E-1,1.283232061E0
2.839354750E0,-1.895684856E-1,1.533450431E0,-1.573260614E-1,1.553112335E0
2.849308750E0,1.509021641E-1,1.630509533E0,-1.269654174E0,2.072041149E0
2.859262750E0,2.411820775E-1,2.300844276E-1,-2.044560814E0,2.071554141E0
2.869215750E0,-3.141964786E-2,-2.653291047E-1,-2.741336666E0,2.754326314E0
2.879169750E0,1.179299343E-1,2.950475782E-1,-2.725107719E0,2.743569321E0
2.889123750E0,-6.314430841E-1,1.070348613E0,-1.401532568E0,1.873141762E0
2.899076750E0,-1.081693380E0,1.728871395E0,6.570235562E-1,2.142600481E0
2.909030750E0,-1.722467232E0,1.745332476E0,1.030197537E0,2.659771754E0
2.918984750E0,-1.965577502E0,7.648690170E-1,-6.733226699E-1,2.214019636E0
2.928938750E0,-1.692707243E0,3.242795634E-1,-1.720431524E0,2.435220663E0
2.938891750E0,-1.375075672E0,-3.426421595E-1,-2.180338716E0,2.600406443E0
2.948845750E0,-1.714716602E0,-4.190798861E-1,-2.031584673E0,2.691322585E0
2.958799750E0,-1.564403252E0,-1.771007600E0,-1.589501548E0,2.847865978E0
2.968752750E0,-9.128197259E-1,-2.351761245E0,-2.332125126E0,3.435524473E0
2.978706750E0,-1.204634159E0,-1.583261107E0,-3.477512226E0,4.006363747E0
2.988660750E0,-4.260124180E-1,-2.557162821E-1,-3.109534666E0,3.148981301E0
2.998613750E0,-4.096120745E-2,1.430656380E0,5.047386718E-1,1.517635208E0
3.008567750E0,-4.760162714E-1,4.177852541E0,2.614611130E0,4.951488130E0
3.018521750E0,-3.821193436E-1,4.425959841E0,4.243952975E-1,4.462650230E0
3.028474750E0,9.384189092E-2,1.299058360E0,-1.477778506E0,1.969819341E0
3.038428750E0,2.765914998E-1,-3.032342649E-1,6.242154139E-1,7.470600780E-1
3.048382750E0,9.455215951E-1,-4.310567379E-1,2.909264899E0,3.089278759E0
3.058335750E0,1.100493641E0,-5.097456425E-1,4.485755807E-1,1.293115202E0
3.068289750E0,5.660070399E-1,-1.201054932E0,-1.207618724E0,1.794781297E0
3.078243750E0,5.362584532E-1,-1.807929844E0,-9.722551382E-1,2.121665266E0
3.088196750E0,8.349832723E-1,-1.842903210E0,-9.478617239E-1,2.234263000E0
3.098150750E0,1.427085339E-1,-4.322747129E-1,-9.289790180E-1,1.034518810E0
3.108104750E0,-3.031802512E-1,8.285305774E-1,3.621756604E-1,9.537045619E-1
3.118057750E0,-1.743466484E-1,1.086681640E0,4.484577593E-1,1.188439356E0
3.128011750E0,9.229369439E-2,7.197337747E-2,-1.088099590E0,1.094376083E0
3.137965750E0,3.594207448E-1,-3.241994566E-1,-1.828023800E0,1.891020776E0
3.147918750E0,-1.517388276E-1,2.721773636E-1,-9.775059378E-1,1.025974194E0
3.157872750E0,-4.079814322E-2,1.071695811E0,1.354104633E0,1.727366712E0
3.167826750E0,7.125628956E-2,1.105726022E0,1.068386287E0,1.539206533E0
3.177780750E0,-5.337400574E-1,-3.268587703E-1,-5.929599997E-1,8.621581444E-1
3.187733750E0,-3.233777035E-1,-5.780165631E-1,-2.628165561E0,2.710337710E0
3.197687750E0,3.095223606E-2,-8.430474597E-1,-1.532762214E0,1.749584826E0
3.207641750E0,-2.624450386E-1,-1.369985086E-1,-1.130880159E0,1.168989274E0
3.217594750E0,2.997377761E-2,4.280196941E-1,-2.343403820E0,2.382360331E0
3.227548750E0,-3.134259617E-1,-3.975235409E-1,-3.639361694E0,3.674399861E0
3.237502750E0,-4.064806712E-1,-1.355550064E0,-3.256745629E0,3.550934329E0
3.247455750E0,-1.367025664E-1,1.386692335E0,-1.626914957E0,2.142068043E0
3.257409750E0,-1.489478785E-1,5.619502271E0,9.393253738E-1,5.699414303E0
3.267363750E0,-8.622778556E-1,5.034966647E0,1.073421324E0,5.219831949E0
3.277316750E0,-5.889048095E-1,2.156121011E0,9.571900794E-1,2.431435694E0
3.287270750E0,3.474360723E-1,4.099734324E-1,1.429553595E0,1.527224123E0
3.297224750E0,-1.414392861E-1,-1.144486045E0,1.087375412E0,1.585004311E0
3.307177750E0,-9.853330207E-1,-7.162242758E-1,-1.007170617E0,1.580585659E0
3.317131750E0,-1.272172278E0,-1.036794366E0,-2.963613306E0,3.387678953E0
3.327085750E0,-1.191282627E0,-2.174820406E0,-5.364229792E-1,2.537074636E0
3.337038750E0,-1.956699967E0,-1.045971571E0,5.346761236E-1,2.282237903E0
3.346992750E0,-2.458973160E0,8.081775892E-1,-1.469612577E0,2.976484696E0
3.356946750E0,-2.600265571E0,3.208385940E0,-3.710657963E0,5.551945956E0
3.366899750E0,-1.452635479E0,4.726271083E0,-2.487021376E0,5.534714402E0
3.376853750E0,-1.964948488E0,3.360906467E0,-3.777807096E-1,3.911448977E0
3.386807750E0,-1.777164572E0,-3.060192937E-1,-8.334597802E-1,1.986609406E0
3.396761750E0,-2.285375759E0,-1.924338552E0,-3.917498247E0,4.926744741E0
3.406714750E0,-1.717181934E0,-2.749581240E0,-5.782961769E0,6.629597093E0
3.416668750E0,-9.021123046E-1,-2.633445597E0,-4.491945670E0,5.284545224E0
3.426622750E0,-2.403390113E0,1.474402909E0,-2.105294673E0,3.518865390E0
3.436575750E0,-2.047546256E0,5.545767127E0,-9.127576724E-1,5.981730959E0
3.446529750E0,-3.228070883E0,3.928491597E0,-1.882095342E0,5.421786674E0
3.456483750E0,-1.545362525E0,5.430660009E-2,-1.275899878E0,2.004748123E0
3.466436750E0,3.146047239E-1,-2.755009210E-1,-3.189638012E0,3.216934494E0
3.476390750E0,-1.864019406E0,-3.037827337E-1,-4.252277656E0,4.652818238E0
3.486344750E0,-1.548056045E0,-5.889385772E-1,-4.510837439E0,4.805307541E0
3.496297750E0,-1.397366866E0,2.820615554E0,-1.999557134E0,3.729173500E0
3.506251750E0,-3.536580945E-1,2.602046049E0,2.320686802E0,3.504469278E0
3.516205750E0,-2.697641446E-1,7.696333283E-1,1.174659432E0,1.430011515E0
3.526158750E0,-7.316808057E-1,2.218986765E0,-1.338408367E0,2.692693080E0
3.536112750E0,-2.090569630E0,2.398886295E0,-1.480798593E0,3.509686782E0
3.546066750E0,-8.407678496E-1,5.638429123E-1,-3.062186837E-3,1.012333336E0
3.556019750E0,2.983679562E-1,4.339131027E-1,1.866672726E0,1.939528573E0
3.565973750E0,5.777700298E-1,-2.032262950E0,1.314590904E0,2.488385048E0
3.575927750E0,-4.148803062E-1,-3.567817794E0,-1.879353875E0,4.053815544E0
3.585880750E0,-8.437154310E-1,-2.892525782E0,-2.828007897E0,4.132334666E0
3.595834750E0,-1.317115439E0,-4.218491274E-1,-3.551436527E0,3.811226990E0
3.605788750E0,-1.590734580E0,2.129976940E0,-2.067642113E0,3.367845331E0
3.615742750E0,-1.303157843E0,1.813026277E0,2.222389260E-1,2.243808099E0
3.625695750E0,-1.336520593E0,2.760652358E0,5.463848805E-1,3.115449434E0
3.635649750E0,-5.841407906E-1,2.896582580E0,-4.298872948E-3,2.954899252E0
3.645603750E0,-1.549596750E-1,3.152249746E0,-6.537716272E-1,3.223058842E0
3.655556750E0,6.590392376E-1,-3.710578734E-1,-3.295897123E-1,8.250127518E-1
3.665510750E0,9.416989779E-1,-2.911265523E0,-2.623272026E0,4.030362271E0
3.675464750E0,1.763628268E0,-2.808957961E0,-1.905622199E0,3.825183062E0
3.685417750E0,4.279587003E-1,6.923699749E-1,-5.949191093E-1,1.008193224E0
3.695371750E0,-4.538408522E-1,1.484413927E0,-1.566200686E0,2.205094287E0
3.705325750E0,-7.770188002E-1,3.743026103E0,1.870144218E-2,3.822872266E0
3.715278750E0,3.695407767E-1,2.759696923E0,-1.787023124E-1,2.790057707E0
3.725232750E0,1.739095690E0,-1.094342662E0,-1.558399916E-1,2.060661492E0
3.735186750E0,1.180238479E0,-6.770793305E0,-6.037580529E-1,6.899357117E0
3.745139750E0,1.646880568E0,-2.946520141E0,-1.207599721E0,3.585037466E0
3.755094250E0,2.053500476E0,1.538309467E0,1.261204070E0,2.859002611E0
3.765048250E0,1.089905137E0,4.581947767E0,6.243855679E-1,4.750999462E0
3.775001250E0,1.136050047E0,1.253616723E0,-7.738845465E-1,1.860392940E0
3.784955250E0,1.033704258E0,-1.374284543E0,7.155050683E-1,1.862565436E0
3.794909250E0,1.491524141E0,-7.308066469E-1,8.167665642E-1,1.850899846E0
3.804863250E0,5.994254854E-1,-2.447913444E0,3.350280322E0,4.192370377E0
3.814816250E0,1.238273922E0,-2.449008628E0,1.307359067E0,3.039762046E0
3.824770250E0,1.141714026E0,-1.417423546E0,1.592980934E0,2.418716329E0
3.834724250E0,1.795824061E0,1.282479165E0,3.193715276E0,3.881952360E0
3.844677250E0,1.674857740E0,1.890233497E0,2.847073036E0,3.805779289E0
3.854631250E0,-4.790658136E-1,2.076754999E0,2.499953663E0,3.285145917E0
3.864585250E0,7.160488594E-1,5.603679121E-1,1.048703390E0,1.387990261E0
3.874538250E0,1.018777340E0,-2.550480623E0,-9.457061478E-1,2.904689105E0
3.884492250E0,-3.430763883E-1,-4.045992565E0,-1.413631919E0,4.299547935E0
3.894446250E0,-2.772561272E-1,-2.742202638E0,2.716329879E-1,2.769536198E0
3.904399250E0,5.154040297E-1,-7.388951004E-2,2.306611969E0,2.364647913E0
3.914353250E0,1.181186240E0,5.419392425E-1,2.325447313E0,2.663945247E0
3.924307250E0,1.366718685E0,4.354047275E-1,1.983206565E0,2.447571351E0
3.934260250E0,1.490106483E0,-3.077565014E-2,8.213718313E-1,1.701768538E0
3.944214250E0,2.214141908E0,5.090153253E-1,-8.571047509E-1,2.428198828E0
3.954168250E0,1.045181758E0,-3.309149837E-1,-2.122819071E0,2.389198703E0
3.964121250E0,9.522923054E-1,-3.205157692E0,-1.682034028E0,3.742877895E0
3.974075250E0,8.524740484E-1,-2.018302138E0,-1.280460706E0,2.537683026E0
3.984029250E0,3.484492486E-1,7.585458380E-1,1.357678451E0,1.593768943E0
3.993982250E0,1.098472916E-1,3.359849290E0,2.511094948E0,4.195980400E0
4.003936250E0,-1.204482132E0,2.769229639E0,-9.729404318E-1,3.172699652E0
4.013890250E0,1.164121141E0,-2.454479867E-1,-1.898817794E0,2.240743573E0
4.023844250E0,-1.423644253E0,-2.742443544E0,1.099801623E0,3.279835843E0
4.033797250E0,-1.421207060E-1,-5.329538262E-1,-1.523476251E0,1.620252438E0
4.043751250E0,-5.776571055E-1,-4.477686650E-1,-3.504583665E0,3.579984801E0
4.053705250E0,4.104791435E-1,1.330390080E0,-2.256213648E0,2.651213103E0
4.063658250E0,1.569177065E-1,7.489283377E-1,1.805924249E-1,7.862127228E-1
4.073612250E0,2.854214533E-1,1.192222713E0,2.487721288E-1,1.250898867E0
4.083566250E0,6.598275885E-1,1.608766077E0,2.526204738E0,3.066791665E0
4.093519250E0,2.966124393E-2,2.226697488E0,2.156327417E0,3.099807966E0
4.103473250E0,1.079319776E0,1.590088901E0,3.621186501E-1,1.955618523E0
4.113427250E0,4.868825177E-1,1.231198499E0,3.019689274E-1,1.357972593E0
4.123380250E0,8.563602541E-1,1.184475737E0,-1.385580779E0,2.013993484E0
4.133334250E0,1.395737831E0,-2.257389523E0,-1.181114173E0,2.904982314E0
4.143288250E0,1.250333804E0,-3.282321643E0,-2.555313347E0,4.343569533E0
4.153241250E0,1.274503709E0,-2.907753101E0,-3.523945550E0,4.743161397E0
4.163195250E0,1.217640487E0,-1.044834287E0,-1.933245615E0,2.512322760E0
4.173149250E0,6.987517722E-1,1.975177753E0,3.055554633E0,3.704861038E0
4.183102250E0,3.310720546E-1,5.037779158E0,4.103556649E0,6.505997596E0
4.193056250E0,1.081516941E0,4.480017350E0,8.817449176E-1,4.692303107E0
4.203010250E0,1.319708387E0,1.854853165E0,-1.146498656E0,2.548836922E0
4.212963250E0,2.597020367E-1,-3.572549946E0,-4.567908310E0,5.804855260E0
4.222917250E0,-5.783812100E-1,-6.472586476E0,-5.975358553E0,8.828012820E0
4.232871250E0,7.021232037E-1,-6.747565241E0,-3.215839970E0,7.507612163E0
4.242825250E0,1.219423303E0,-1.820795472E0,1.691759702E0,2.768454484E0
4.252778250E0,3.076902817E-1,6.949844404E0,5.291571121E0,8.740465404E0
4.262732250E0,7.322118790E-1,1.226848170E1,5.091463614E0,1.330318681E1
4.272686250E0,-7.532106192E-1,4.470628476E0,2.145910895E0,5.015852746E0
4.282639250E0,8.411053070E-1,-1.089155597E0,-7.248633615E0,7.378103235E0
4.292593250E0,-1.138575752E0,-6.208978207E0,-5.390912976E0,8.301187134E0
4.302547250E0,-7.149468054E-1,-5.456726897E0,-2.815256289E0,6.181640990E0
4.312500250E0,9.781543209E-1,-5.631058708E0,-2.633455537E0,6.292908398E0
4.322454250E0,-9.146817718E-1,-1.753526765E0,-3.562625467E0,4.074775954E0
4.332408250E0,1.491802468E0,2.981029238E0,2.566956030E0,4.207288103E0
4.342361250E0,-6.323763728E-4,5.664265046E0,8.112159194E0,9.893989372E0
4.352315250E0,8.283143035E-1,6.324919138E0,4.112450849E0,7.589661301E0
4.362269250E0,2.483947495E0,1.113893997E0,-2.216474801E-1,2.731278565E0
4.372222250E0,-7.329937980E-1,3.855654001E-1,-5.166813174E0,5.232771633E0
4.382176250E0,1.730974054E0,2.598186886E-1,2.493352157E-1,1.768034212E0
4.392130250E0,-9.409864216E-1,2.041124405E0,4.087564514E0,4.664743073E0
4.402083250E0,1.139576795E0,5.435975128E0,2.617172796E0,6.139874128E0
4.412037250E0,1.403813275E0,1.505759187E0,5.096257746E-1,2.120783080E0
4.421991250E0,1.187303524E0,-1.786119729E0,-5.119474701E0,5.550579659E0
4.431945250E0,3.172897287E-1,-5.007167230E0,-6.170207659E0,7.952600769E0
4.441898250E0,-3.433879718E-2,-3.986897095E0,-7.266306240E0,8.288288965E0
4.451852250E0,7.889477049E-1,-3.958833969E0,-4.839865526E0,6.302309353E0
4.461806250E0,7.389573001E-1,-1.554982803E0,2.874606697E0,3.350730230E0
4.471759250E0,1.931925168E-1,4.659143293E0,5.568650790E0,7.263250732E0
4.481713250E0,6.045478655E-1,6.606010582E0,6.378814094E0,9.202941007E0
4.491667250E0,-2.533276214E-1,3.501225024E0,-7.007332474E-2,3.511077018E0
4.501620250E0,1.211456398E0,1.494664096E0,-8.242757925E0,8.464319557E0
4.511574250E0,-1.771387377E0,-3.838419333E0,-1.745285114E0,4.573543084E0
4.521528250E0,-1.841430735E-1,-1.549783459E0,2.549860526E0,2.989569558E0
4.531481250E0,1.148153345E0,-1.802497780E-1,2.067666087E0,2.371916763E0
4.541435250E0,9.800255030E-1,2.163368635E0,-1.558108140E0,2.840477919E0
4.551389250E0,1.194480835E0,2.108412409E0,-1.400954863E0,2.799082328E0
4.561342250E0,-3.667721567E-1,-1.351406143E0,-1.271540778E0,1.891464070E0
4.571296250E0,-9.349910521E-1,-4.414270672E0,-5.063080645E0,6.781945108E0
4.581250250E0,6.328813530E-1,-1.649575549E0,-6.085292054E0,6.336593540E0
4.591203250E0,-1.835074811E-1,3.865699518E-1,-1.065274984E-2,4.280476660E-1
4.601157250E0,-4.603576472E-1,4.457537729E0,5.463982122E0,7.066588455E0
4.611111250E0,-3.450113051E-1,5.980915162E0,5.841118761E0,8.367140931E0
4.621065250E0,-4.757741236E-1,1.575373213E0,-7.425572115E-1,1.805423216E0
4.631018250E0,7.745623118E-1,-2.375279916E0,-2.099507392E0,3.263408148E0
4.640972250E0,-7.357645011E-1,-2.691683865E0,-4.618255468E0,5.395812728E0
4.650926250E0,-6.780072398E-1,-1.015630953E0,-5.816784403E0,5.943583166E0
4.660879250E0,5.608268454E-1,3.159010881E-1,2.169829223E0,2.263289444E0
4.670833250E0,2.488155444E-1,4.554992688E0,6.219146515E0,7.712823798E0
4.680787250E0,5.660163224E-1,4.592504915E0,1.775682449E-1,4.630659386E0
4.690740250E0,-1.879456640E-1,-4.089875919E-1,-4.004830798E0,4.030045179E0
4.700694250E0,-8.271551661E-2,-2.904168758E0,-8.198081104E0,8.697676231E0
4.710648250E0,-3.551610482E-1,-6.187516002E0,5.967335004E-1,6.226362061E0
4.720601250E0,-9.748158532E-1,-5.363645071E-1,3.125667719E0,3.317793170E0
4.730555250E0,8.883079056E-1,5.030447919E0,2.491170268E0,5.683346418E0
4.740509250E0,-5.679181293E-3,6.772958529E0,1.859586778E0,7.023607511E0
4.750462250E0,-2.335127232E-1,1.166520692E0,-3.332728735E-1,1.235463284E0
4.760416375E0,4.251895686E-1,-1.035367060E0,-6.486554890E0,6.582413346E0
4.770370375E0,-3.266455662E-1,-2.977654810E0,-3.944540450E-1,3.021377084E0
4.780323375E0,-5.770635400E-1,1.811677909E-1,2.324008898E0,2.401424880E0
4.790277375E0,1.022476289E-1,1.447556003E0,2.430526164E0,2.830782646E0
4.800231375E0,-1.048731749E-1,1.171655717E0,-7.026189744E-2,1.178436352E0
4.810185375E0,9.316492952E-2,-2.069910248E0,-2.574496015E0,3.304729621E0
4.820138375E0,-4.574371822E-2,-5.056771499E-1,-3.924146531E0,3.956858333E0
4.830092375E0,-5.296986081E-1,-1.419418616E0,-1.789168175E0,2.344451446E0
4.840046375E0,-2.301276239E-1,2.054226261E-1,-2.173987178E0,2.195763519E0
4.849999375E0,-2.956000670E-1,2.747407830E-1,1.075580994E0,1.148797794E0
4.859953375E0,6.715534486E-2,-1.477166888E0,9.464639470E-1,1.755655392E0
4.869907375E0,7.208798289E-1,5.370468771E-1,4.367415764E0,4.458969335E0
4.879860375E0,-1.600992496E0,1.414001756E0,3.147432809E0,3.803802207E0
4.889814375E0,-1.782011329E-1,-2.963053143E-1,-4.336792141E-1,5.546441596E-1
4.899768375E0,-6.055974407E-1,-2.260390314E0,-3.449781221E-1,2.365401137E0
4.909721375E0,-8.873172411E-1,-1.029697015E0,-5.703377071E-1,1.474073584E0
4.919675375E0,-3.087962826E-1,-1.108264883E0,-1.783987250E0,2.122785128E0
4.929629375E0,1.387487556E0,3.564608842E-1,-7.715997469E-1,1.627130066E0
4.939582375E0,1.298031589E0,3.497151854E0,-6.818672061E-2,3.730898890E0
4.949536375E0,-2.978031517E-1,1.319055837E0,3.572881483E0,3.820219511E0
4.959490375E0,-1.071888842E0,-6.630309856E-1,-1.328057626E0,1.830926770E0
4.969444375E0,1.862559795E0,-4.874303287E-1,-1.025938425E0,2.181574424E0
4.979397375E0,4.788894470E-1,-2.162734796E0,2.291917917E0,3.187419746E0
4.989351375E0,-1.512509944E0,-1.755865651E0,9.754968345E-1,2.514427288E0
4.999305375E0,6.952139144E-1,1.935241270E-1,-3.796597123E-3,7.216566972E-1
5.009258375E0,6.133275329E-1,3.305961936E0,6.146577891E0,7.006138362E0
5.019212375E0,-6.716612566E-1,8.013626593E-1,2.706987782E0,2.901912095E0
5.029166375E0,-9.078423567E-2,-2.599892519E0,-4.131119839E0,4.881990784E0
5.039119375E0,1.354048792E0,-2.376113144E0,-5.702613425E0,6.324489045E0
5.049073375E0,2.107441917E0,-1.989212825E0,4.449450445E-1,2.931937105E0
5.059027375E0,3.082229631E-1,-8.718841732E-2,-6.388018781E-1,7.146125206E-1
5.068980375E0,-2.281514112E-1,2.515549357E0,-2.436035995E0,3.509175544E0
5.078934375E0,-9.937343001E-2,2.098563359E0,2.258064000E0,3.084265922E0
5.088888375E0,7.728732705E-2,1.568828425E0,4.215523227E0,4.498647801E0
5.098841375E0,-9.996062203E-1,6.029473364E-1,2.286574146E-1,1.189555505E0
5.108795375E0,-1.512838411E-1,1.066377184E0,-4.666745550E0,4.789421795E0
5.118749375E0,8.065297707E-1,-3.540965041E0,-1.390310884E0,3.888687188E0
5.128702375E0,6.133266558E-1,-2.143369988E0,2.575573364E0,3.406432540E0
5.138656375E0,7.332544376E-1,-4.867590684E-1,4.120812367E0,4.213750233E0
5.148610375E0,-2.473588203E-1,1.764481523E0,4.095588064E0,4.466365751E0
5.158564375E0,1.659635976E0,2.644302122E0,6.753028294E-1,3.194175824E0
5.168517375E0,-1.356074121E0,-7.945664406E-2,-4.245634926E0,4.457652556E0
5.178471375E0,1.680543281E0,-1.297105390E0,-6.425321678E0,6.766939247E0
5.188425375E0,-2.177309785E-1,-5.715293112E0,5.680169472E-1,5.747575609E0
5.198378375E0,1.115759990E0,-1.358892918E-2,2.924749495E0,3.130377712E0
5.208332375E0,-8.003842740E-1,5.496393238E0,2.927986806E0,6.278858205E0
5.218286375E0,-6.282102317E-3,5.852857046E0,5.026858313E0,7.715262767E0
5.228239375E0,-3.101681124E-2,6.080326599E-1,1.179606176E0,1.327454891E0
5.238193375E0,1.022429584E0,-2.428925196E0,-5.766992438E0,6.340602625E0
5.248147375E0,1.109182895E0,-4.002320296E0,-8.574587998E-1,4.240765266E0
5.258100375E0,1.581803031E-1,9.134374112E-1,4.535088766E-1,1.032017061E0
5.268054375E0,-7.987548742E-2,1.445539298E0,1.649741610E0,2.194905769E0
5.278008375E0,3.418589249E-2,2.938959106E0,-1.315653343E0,3.220185246E0
5.287961375E0,-3.591339023E-1,8.606657052E-1,-4.160952918E0,4.264182431E0
5.297915375E0,-5.869186565E-2,-2.135817139E0,-3.941339099E0,4.483225790E0
5.307869375E0,8.868707331E-1,-3.086641647E0,-2.399792906E0,4.009102436E0
5.317823375E0,-1.544668095E-1,-4.158256182E0,-2.856962432E0,5.047493319E0
5.327776375E0,1.088697468E-1,-2.164739807E0,-1.560665712E0,2.670885343E0
5.337730375E0,-9.391168474E-1,7.067424309E-1,3.323650640E0,3.525348053E0
5.347684375E0,-4.198562136E-1,5.718237185E0,2.570749996E0,6.283571539E0
5.357637375E0,-7.894999013E-1,6.143637911E0,-3.590421960E0,7.159520007E0
5.367591375E0,1.831759075E-1,7.844794089E-1,-4.163635036E0,4.240851102E0
5.377545375E0,4.916733608E-1,-5.267427968E0,-3.879069176E0,6.560085195E0
5.387498375E0,-6.994060756E-1,-3.686450783E0,-3.541408260E0,5.159521363E0
5.397452375E0,-6.811941185E-1,-1.146258336E0,9.484768510E-3,1.333425499E0
5.407406375E0,4.808790352E-1,2.144159362E0,3.398900797E0,4.047368360E0
5.417359375E0,-1.655856555E-1,7.006613266E0,9.517208862E-1,7.072893377E0
5.427313375E0,-8.418643487E-1,1.231850463E0,-1.551235030E0,2.152329265E0
5.437267375E0,-6.045622643E-1,-4.119639416E0,-6.922161346E0,8.077947892E0
5.447220375E0,8.763669410E-1,-3.620678962E0,-4.419543399E0,5.780112371E0
5.457174375E0,4.104135816E-1,1.836731474E0,5.785448005E0,6.083866405E0
5.467128375E0,-1.278697624E-1,7.216564561E0,7.229728982E0,1.021587666E1
5.477082375E0,-2.176133691E0,3.744569183E0,-1.865888030E0,4.715813222E0
5.487035375E0,5.334093243E-1,-1.505985475E0,-5.830804857E0,6.045726014E0
5.496989375E0,1.782405870E0,-4.142437710E0,-3.003731638E0,5.418409787E0
5.506943375E0,1.229506095E-1,-1.506629838E0,-1.030092579E0,1.829246031E0
5.516896375E0,2.518640268E-1,2.269230135E0,2.733018417E0,3.561211951E0
5.526850375E0,7.134411474E-1,4.574675585E0,3.282110558E0,5.675288953E0
5.536804375E0,4.169569083E-1,1.908873251E0,-4.813217425E-1,2.012292417E0
5.546757375E0,1.527566268E-1,1.610579883E0,5.724581999E-1,1.716103301E0
5.556711375E0,-6.636335777E-2,1.595079499E0,-1.633536637E-1,1.604795041E0
5.566665375E0,3.527650054E-1,-1.311629874E-1,2.108148699E0,2.141480286E0
5.576618375E0,-6.565927992E-2,8.021719140E-1,-7.038480592E-1,1.069202044E0
5.586572375E0,-1.782084968E-1,-3.730589660E0,-5.301855204E0,6.485269931E0
5.596526375E0,-3.206260769E-1,-4.471572216E0,-8.614383563E0,9.711094858E0
5.606479375E0,2.122289679E-1,-4.499003259E0,-8.616445876E0,9.722613383E0
5.616433375E0,6.755341234E-2,-5.075897157E0,-5.085079039E0,7.185215671E0
5.626387375E0,1.191259677E0,-3.346595407E-1,7.114442940E0,7.221246081E0
5.636341375E0,5.872541405E-2,1.122996241E1,1.187939979E1,1.634734363E1
5.646294375E0,4.693847249E-1,9.211450939E0,8.342849978E0,1.243681214E1
5.656248375E0,-1.400594383E0,1.892688743E0,-5.061819985E0,5.582647836E0
5.666202375E0,1.109538260E0,-2.583492249E0,-1.014716566E1,1.052950513E1
5.676155375E0,2.154336733E0,-9.049365537E0,-4.277260177E0,1.023851249E1
5.686109375E0,2.041699187E0,-6.207053304E-1,5.433923925E0,5.837922567E0
5.696063375E0,-4.127213314E-2,4.869303918E0,7.772623075E0,9.171995067E0
5.706016375E0,-7.802892941E-1,6.813801915E0,1.978967333E0,7.138141188E0
5.715970375E0,1.337794702E0,2.961385517E0,-4.424345717E0,5.489474826E0
5.725924375E0,1.555171522E0,-5.925362520E0,-1.526485813E0,6.313369813E0
5.735877375E0,1.558289403E0,-6.455038397E0,-1.789324003E-1,6.642876138E0
5.745831375E0,1.006005705E0,-2.189448386E0,-1.913108389E0,3.076640282E0
5.755785250E0,1.221076968E0,5.252863723E-1,-2.463444818E0,2.799199012E0
5.765738250E0,-7.302672413E-1,1.047166741E0,-2.312445152E-1,1.297429171E0
5.775692250E0,2.631526248E0,3.902597203E0,3.350124786E0,5.777415633E0
5.785646250E0,1.151955716E0,3.689307733E0,6.518183064E0,7.577908945E0
5.795600250E0,-6.902395418E-1,-3.511878651E-1,6.208223332E0,6.256340822E0
5.805553250E0,1.893687447E0,-5.902191174E-1,-1.450221456E0,2.457143265E0
5.815507250E0,5.133738033E-1,-3.294099689E0,-8.318568245E0,8.961764507E0
5.825461250E0,1.609692276E0,-7.549897369E0,-8.248964159E0,1.129767539E1
5.835414250E0,1.678840279E0,-6.908471845E0,-4.475360335E0,8.400853411E0
5.845368250E0,1.683396429E0,-4.810354629E0,3.818975879E0,6.368509398E0
5.855322250E0,7.668485188E-1,3.921842728E0,7.764208932E0,8.732230378E0
5.865275250E0,-1.026865063E0,9.359228205E0,8.117164995E0,1.243133026E1
5.875229250E0,1.145154089E0,4.658788952E0,3.046671250E0,5.683123973E0
5.885183250E0,-1.099138183E0,-3.468242635E0,-3.844611534E0,5.293188979E0
5.895136250E0,9.687500247E-1,-3.425693032E0,-1.193209255E1,1.245185456E1
5.905090250E0,4.716314078E-1,-6.560122218E0,3.971241760E-1,6.589032350E0
5.915044250E0,-2.128723443E-1,3.026286687E0,1.064002980E1,1.106408424E1
5.924998250E0,5.832395884E-1,7.818485711E0,5.519931790E0,9.588458385E0
5.934951250E0,8.752934653E-2,-3.281182605E-1,-1.491562148E0,1.529732205E0
5.944905250E0,1.102661788E0,-1.484123320E0,-8.165998601E0,8.372694799E0
5.954859250E0,-6.937825160E-1,-3.527570239E0,-1.535240849E0,3.909226322E0
5.964812250E0,7.203781378E-1,1.006930881E0,8.852756419E0,8.938912164E0
5.974766250E0,-1.876315223E-1,7.029547800E0,1.003375306E1,1.225258946E1
5.984720250E0,1.124831141E0,4.789003521E0,7.999270509E0,9.390853449E0
5.994673250E0,-1.102566844E0,2.304986444E0,-3.943089171E0,4.698570885E0
6.004627250E0,-6.114050415E-1,-4.512302751E0,-7.868609798E0,9.091188723E0
6.014581250E0,-1.261614984E-1,-7.004376122E0,-4.395463980E0,8.270266331E0
6.024534250E0,-2.528698575E-1,-6.455168790E0,-1.558641990E0,6.645488103E0
6.034488250E0,-1.794215199E-1,-4.403695398E0,-5.487363383E0,7.038173210E0
6.044442250E0,-1.295238082E0,-1.250987231E0,-5.013693307E0,5.327263023E0
6.054396250E0,1.498653066E-1,3.220592587E0,5.691966814E0,6.541648297E0
6.064349250E0,-7.104602368E-1,9.366312107E0,9.493755680E0,1.335529682E1
6.074303250E0,-3.762814104E-1,8.576780119E0,2.670335388E0,8.990741682E0
6.084257250E0,4.333385407E-1,-5.931403863E-1,-3.295256268E0,3.376138576E0
6.094210250E0,-5.389579665E-1,-8.248986964E0,-8.540058435E0,1.188565773E1
6.104164250E0,4.463504228E-1,-1.148957060E1,-5.369403409E0,1.269015186E1
6.114118250E0,1.715528049E0,-1.893910811E0,4.185799491E-1,2.589429246E0
6.124071250E0,1.020724609E0,9.342467746E0,1.261151796E1,1.572812664E1
6.134025250E0,1.970758720E-1,1.040358127E1,9.643253782E0,1.418681379E1
6.143979250E0,1.261651382E0,6.579636716E0,2.319125888E0,7.089550649E0
6.153932250E0,-4.418743792E-1,2.053542137E-2,-3.856487229E0,3.881773876E0
6.163886250E0,-3.591894874E-1,-5.586933864E0,-1.682302415E0,5.845766717E0
6.173840250E0,3.966385648E-1,-2.454137220E0,-1.463301385E0,2.884677207E0
6.183794250E0,2.488058965E-1,-5.452341485E-1,-3.257839935E0,3.312507463E0
6.193747250E0,4.255997508E-1,-1.937027010E0,-3.530109100E0,4.049059032E0
6.203701250E0,6.490401334E-1,-1.274803525E0,-6.799766259E0,6.948611249E0
6.213655250E0,7.082122748E-1,-3.723940791E0,-3.157078961E0,4.933198476E0
6.223608250E0,-3.594434027E-1,-1.033417014E0,1.076025090E0,1.534594499E0
6.233562250E0,8.621801341E-1,6.476672511E0,6.118281460E0,8.951201563E0
6.243516250E0,3.064057946E-1,7.116809308E0,7.053727791E0,1.002486583E1
6.253469250E0,3.579202031E-1,1.503232021E0,-6.140161157E-3,1.545267317E0
6.263423250E0,2.173283612E-1,-5.874097642E0,-6.195075867E0,8.539977735E0
6.273377250E0,-7.175551021E-1,-8.766459117E0,-1.762831790E1,1.970084472E1
6.283330250E0,1.885352680E0,-8.159228695E0,-6.982396438E0,1.090327601E1
6.293284250E0,-8.848725202E-1,5.097656985E0,7.942847217E0,9.479342173E0
6.303238250E0,2.595617620E0,1.284095452E1,9.070902001E0,1.593450994E1
6.313191250E0,1.558255489E0,6.590582119E0,3.929788510E0,7.829889563E0
6.323145250E0,-1.461936937E-1,-2.194355369E0,-1.675655301E0,2.764848779E0
6.333099250E0,-7.382416740E-2,-6.307887953E0,-8.443517981E0,1.053982430E1
6.343053250E0,-9.586227203E-1,-5.155881220E0,-3.038702080E0,6.061004785E0
6.353006250E0,-4.089016378E-2,-1.201462483E0,3.668601573E-2,1.202717743E0
6.362960250E0,4.372237962E-1,4.485520749E0,2.274703421E0,5.048300377E0
6.372914250E0,8.567276055E-1,5.625254177E0,2.349067141E0,6.155938854E0
6.382867250E0,-8.566434056E-2,4.627322745E-1,1.689800300E0,1.754105068E0
6.392821250E0,-2.145759306E-1,-2.999674255E-1,-5.695233069E0,5.707162430E0
6.402775250E0,-9.739153820E-1,-1.630441706E0,-6.833292439E0,7.092301240E0
6.412728250E0,-8.090811302E-1,-3.064655532E0,1.153901816E0,3.373161011E0
6.422682250E0,-1.182734436E0,2.414552155E0,8.014493735E0,8.453462763E0
6.432636250E0,-6.527560390E-1,7.105859812E0,8.449550554E0,1.105957679E1
6.442590250E0,-7.355424531E-1,2.218487413E0,3.406294309E0,4.131047085E0
6.452543250E0,-7.991075344E-1,-3.987278334E0,-8.224043326E0,9.174521786E0
6.462497250E0,-1.560693632E0,-4.826352026E0,-1.515495737E1,1.598130694E1
6.472451250E0,-9.373070611E-1,-9.070560524E0,-3.530265221E0,9.778363118E0
6.482404250E0,6.227255434E-1,2.799415889E0,8.783437677E0,9.239766980E0
6.492358250E0,6.273319799E-1,1.215343656E1,9.731101180E0,1.558184507E1
6.502312250E0,-1.545737332E0,8.781070724E0,-2.308995295E-1,8.919070666E0
6.512265250E0,-6.097290833E-1,-1.499579265E0,-6.950878776E0,7.136891711E0
6.522219250E0,-7.565514989E-1,-1.051446786E1,-3.719746875E0,1.117868156E1
6.532173250E0,-2.312932663E-1,-3.614785554E0,-1.892012220E0,4.086548839E0
6.542126250E0,-4.848171350E-2,2.541957722E0,-7.578722388E-1,2.652973778E0
6.552080250E0,-1.606524547E0,3.027192421E0,3.385320346E0,4.817178523E0
6.562034250E0,-1.870481895E-1,1.673104745E0,-1.048495814E0,1.983333049E0
6.571987250E0,-1.184358281E0,-3.270142477E0,-4.174853504E-2,3.478258084E0
6.581941250E0,-5.222808304E-1,-3.265956455E0,2.609149539E0,4.212708173E0
6.591895250E0,-8.681524801E-1,-4.629934697E0,3.201093292E0,5.695347425E0
6.601849250E0,-9.240042070E-1,1.126662562E0,2.898709213E0,3.244328498E0
6.611802250E0,-1.114856376E0,1.238678842E0,9.887442863E-1,1.937742314E0
6.621756250E0,-1.442139581E0,1.137834837E0,9.401650339E-2,1.839367769E0
6.631710250E0,3.034926935E-1,2.507671403E0,3.266830029E0,4.129491751E0
6.641663250E0,-1.748001000E-1,5.554637938E0,2.641153396E0,6.153068256E0
6.651617250E0,-1.501372314E0,1.545843605E0,4.664247912E-1,2.204836357E0
6.661571250E0,5.467989730E-1,-5.636345760E0,-2.345201254E-1,5.667661099E0
6.671524250E0,4.979165426E-1,-7.875601898E0,-3.384346785E0,8.586432863E0
6.681478250E0,-3.375349090E-1,-8.792652889E0,-5.982602084E0,1.064031026E1
6.691432250E0,3.466671634E-1,-3.053725916E0,8.931428951E-1,3.200488138E0
6.701386250E0,5.953785178E-1,3.797130389E0,1.044603673E1,1.113069441E1
6.711339250E0,-1.503730459E-1,8.547324185E0,3.885123968E0,9.390077264E0
6.721293250E0,-1.156551336E0,3.210393289E0,-6.426249046E0,7.276050637E0
6.731247250E0,1.624532948E0,-2.039840357E0,-1.651413329E0,3.086619828E0
6.741200250E0,1.331365981E0,-2.355693498E0,4.820532877E0,5.528052500E0
6.751154250E0,6.861923184E-1,6.803112620E-1,4.284318058E0,4.391931755E0
6.761108125E0,-1.117864330E0,-8.032460475E-1,-1.232779878E0,1.847855811E0
6.771061125E0,-1.323601317E-1,-1.001110563E0,-3.159771896E0,3.317212685E0
6.781015125E0,-3.027079972E-1,-2.169648544E0,-4.563186099E0,5.061785684E0
6.790969125E0,-2.399271553E-1,-3.746957771E0,-5.127824525E0,6.355457649E0
6.800922125E0,7.621645336E-1,-3.844116275E0,1.552276127E0,4.215173293E0
6.810876125E0,-6.036876305E-1,2.278332496E0,3.850369872E0,4.514486224E0
6.820830125E0,-1.151370264E0,6.054908752E0,4.479644005E0,7.619368996E0
6.830784125E0,-4.920278482E-1,3.201675090E0,1.394203668E0,3.526559039E0
6.840737125E0,9.226866100E-1,1.822738502E0,-4.024241508E0,4.513119314E0
6.850691125E0,-4.739040378E-1,-1.103756095E0,3.108153554E0,3.332188630E0
6.860645125E0,1.087619936E-1,8.786669433E-2,8.062861319E0,8.064073559E0
6.870598125E0,-2.842511696E-1,4.029064876E0,4.736497863E0,6.224835300E0
6.880552125E0,-1.321353501E0,2.509310963E0,-2.081180171E0,3.517659376E0
6.890506125E0,-1.368145259E0,-2.446979644E0,-6.099024825E0,6.712498391E0
6.900459125E0,2.881213868E-1,-4.400178298E0,-6.687187477E0,8.010184725E0
6.910413125E0,1.827075382E0,-5.686548784E0,-3.432409143E0,6.888865948E0
6.920367125E0,1.852665575E0,-5.403838246E0,3.532084290E0,6.716357417E0
6.930321125E0,-4.282035890E-1,3.337979534E0,1.759004436E0,3.797309876E0
6.940274125E0,2.708723016E-1,6.590780339E0,4.904574323E-1,6.614552576E0
6.950228125E0,9.599284036E-1,2.038763884E0,2.636066026E0,3.467977049E0
6.960182125E0,-1.298604177E0,3.093527913E-1,-5.396009409E0,5.558685951E0
6.970135125E0,1.298622158E0,-2.175003424E0,-2.442340463E0,3.518818884E0
6.980089125E0,-5.891376749E-1,-1.803910468E0,6.943270964E0,7.197929414E0
6.990043125E0,-8.853062374E-1,2.067686552E0,2.851346766E0,3.631703896E0
6.999996125E0,-1.386189474E0,-4.047869521E-1,-5.394736471E0,5.584671461E0
7.009950125E0,-1.246965662E0,-2.229103033E0,-1.217494613E1,1.243998139E1
7.019904125E0,-4.916942646E-1,-4.912858658E0,-7.854054909E0,9.277075075E0
7.029857125E0,1.171227701E0,-1.740505600E0,6.861263180E-1,2.207238862E0
7.039811125E0,-7.180314126E-2,4.227755603E0,7.469259587E0,8.583059589E0
7.049765125E0,-1.530175698E0,8.206904553E0,7.580197055E0,1.127626301E1
7.059719125E0,-3.318213753E-1,5.727949995E0,3.663522973E0,6.807416334E0
7.069672125E0,7.025697847E-1,-2.333186980E0,-1.051361826E0,2.653813761E0
7.079626125E0,-8.943036405E-1,-6.794057037E0,-1.127835513E1,1.319698013E1
7.089580125E0,2.127808646E0,-8.229577716E0,-5.600958996E0,1.017960022E1
7.099533125E0,-3.327934749E-1,-1.404206500E0,3.550997694E0,3.833031700E0
7.109487125E0,8.567602768E-1,4.413639758E0,2.848875732E0,5.322625952E0
7.119441125E0,-5.615787608E-1,2.155435717E0,-8.591506916E-1,2.387344497E0
7.129394125E0,1.028145018E0,1.984499969E0,-3.332883686E-1,2.259735259E0
7.139348125E0,8.697649229E-1,2.069013870E-1,3.414931816E0,3.530022452E0
7.149302125E0,8.418866412E-1,2.431514343E0,2.543900751E0,3.618351303E0
7.159256125E0,1.384649318E0,2.918803169E0,1.246935110E0,3.462876383E0
7.169209125E0,3.090495766E-1,2.133333827E0,-1.216215886E0,2.475036553E0
7.179163125E0,5.164498407E-1,-1.454370348E0,-1.989337955E0,2.517812353E0
7.189117125E0,3.327346007E-1,-3.189611115E0,-2.192378133E0,3.884694744E0
7.199070125E0,5.426121839E-1,-1.349557253E0,1.293632144E0,1.946591093E0
7.209024125E0,-1.374667609E-1,1.665081781E0,-5.145064455E-1,1.748173712E0
7.218978125E0,-3.270783332E-1,3.779781700E0,-2.630060059E-1,3.803012240E0
7.228931125E0,-5.760087388E-1,-1.284812788E0,-2.033182132E-1,1.422627240E0
7.238885125E0,-6.940550693E-1,1.926455244E0,-8.927365136E0,9.159191587E0
7.248839125E0,-4.313807467E-1,-2.772905198E0,-5.065324221E0,5.790734155E0
7.258793125E0,5.109378533E-1,4.519307131E-1,2.727854741E-1,7.346501032E-1
7.268746125E0,7.542468189E-1,4.102407671E0,6.748530616E0,7.933555473E0
7.278700125E0,-3.220017120E-2,5.334391451E0,7.728853742E0,9.391056872E0
7.288654125E0,1.175786117E0,1.038364928E0,1.423713981E0,2.118404167E0
7.298607125E0,-1.065035102E0,-7.694963865E0,-6.463656024E0,1.010572204E1
7.308561125E0,1.246884678E0,-8.395004802E0,-1.174005830E1,1.448653844E1
7.318515125E0,9.298185320E-1,-5.756134744E0,1.537690247E0,6.030102900E0
7.328468125E0,5.500065728E-1,6.725407802E0,1.352878355E1,1.511825392E1
7.338422125E0,-1.323199321E0,1.058356090E1,7.500642178E0,1.303925807E1
7.348376125E0,-6.874833836E-1,6.591003703E0,-5.412465228E0,8.556210789E0
7.358330125E0,-1.003311162E0,-3.147494790E0,-1.316787352E1,1.357594379E1
7.368283125E0,1.381009280E0,-8.834334766E0,-1.117309122E1,1.431050749E1
7.378237125E0,-2.882429541E-1,-8.754936594E0,1.596763498E-1,8.761135503E0
7.388191125E0,8.974278078E-1,3.590009732E0,1.063604434E1,1.126139360E1
7.398144125E0,-4.583876837E-1,7.175945123E0,1.432475449E1,1.602819075E1
7.408098125E0,-2.050471472E0,3.199016361E0,1.089445034E0,3.952850796E0
7.418052125E0,4.352723063E-2,-3.952606684E0,-6.545850919E0,7.646774383E0
7.428005125E0,2.210482319E-2,-5.213960443E0,-2.689850470E0,5.866955571E0
7.437959125E0,3.612422621E-1,1.775363191E0,-3.052124656E0,3.549348581E0
7.447913125E0,8.933120258E-2,1.401745407E0,-3.560786810E0,3.827802627E0
7.457866125E0,-1.979998782E0,-5.944396377E-1,-3.016601944E0,3.656998899E0
7.467820125E0,5.761361168E-2,-4.959309524E0,-4.277037106E0,6.549130987E0
7.477774125E0,1.482339152E-1,-8.742593706E0,-3.029697953E0,9.253863393E0
7.487728125E0,-8.860325347E-1,-2.935355467E0,4.722211653E0,5.630332874E0
7.497681125E0,8.043455433E-1,7.348778293E0,1.220072534E1,1.426566553E1
7.507635125E0,-2.291108479E-1,6.414192088E0,7.141786859E0,9.602055585E0
7.517589125E0,-1.004522486E0,2.336993517E0,1.022458162E0,2.741536945E0
7.527542125E0,-8.726954743E-2,8.922903711E-1,-3.646725385E0,3.755316779E0
7.537496125E0,9.592984940E-2,8.484070176E-1,1.856817829E0,2.043714621E0
7.547450125E0,-5.363623875E-1,3.189525746E0,-2.626898762E0,4.166696077E0
7.557404125E0,7.078778871E-1,-4.919964194E0,-5.454613128E-1,5.000466660E0
7.567357125E0,-7.673776187E-1,-4.180650433E0,-3.575908586E0,5.554622280E0
7.577311125E0,-1.154415494E0,-1.939424368E0,-7.852553344E-1,2.389700390E0
7.587265125E0,2.553649239E-2,-4.575645053E-1,3.191952925E0,3.224683064E0
7.597218125E0,-2.990119612E0,2.815678166E0,-5.910926914E-1,4.149487847E0
7.607172125E0,2.421733313E-2,-7.572828394E-1,-5.274270380E-1,9.231701135E-1
7.617126125E0,-1.186846345E0,-2.148245981E0,3.171991700E0,4.010622942E0
7.627079125E0,-2.248633574E-3,1.812701756E0,4.630812948E0,4.972959006E0
7.637033125E0,-1.204647169E0,4.946105926E0,2.547299153E0,5.692439864E0
7.646987125E0,-2.799038452E0,4.021805558E0,-1.096968062E0,5.021242389E0
7.656940125E0,3.869256452E-1,-9.191711909E-1,-9.590603113E-2,1.001890762E0
7.666894125E0,6.366603354E-1,-4.768279234E0,-3.590968675E0,6.003072485E0
7.676848125E0,5.339949595E-1,-5.795843185E0,-3.806917459E0,6.954823462E0
7.686802125E0,-1.144514477E0,-1.519658604E0,-1.886881288E0,2.679476937E0
7.696755125E0,4.934213128E-1,-5.104876542E-1,7.182282336E0,7.217287703E0
7.706709125E0,-4.228863504E-1,6.141816503E0,5.896172635E0,8.524411685E0
7.716663125E0,2.678148657E-1,2.863757481E0,-1.338596647E0,3.172486832E0
7.726616125E0,1.137360555E0,-1.954592046E0,-4.211179039E0,4.779963179E0
7.736570125E0,-8.630581666E-3,-3.271827060E-1,-6.075297993E-1,6.900836668E-1
7.746524125E0,5.274847244E-2,2.245626680E0,4.508442127E0,5.037030077E0
7.756477125E0,6.595706765E-2,8.316874892E-1,5.590480785E0,5.652391514E0
7.766430875E0,-1.072145462E0,4.619569337E-1,-2.892453861E0,3.119164863E0
7.776384875E0,8.768461934E-1,-2.269358774E0,-6.884265541E0,7.301503991E0
7.786338875E0,5.440332766E-1,-7.179484443E0,-7.174730072E0,1.016453249E1
7.796291875E0,8.135093728E-1,-8.044896918E0,-1.299871123E0,8.189739242E0
7.806245875E0,5.603556694E-2,1.371286676E0,6.179228159E0,6.329804718E0
7.816199875E0,-7.861764170E-2,1.068274137E1,5.348061656E0,1.194692042E1
7.826152875E0,1.514199935E0,6.528806285E0,8.726694542E-1,6.758673311E0
7.836106875E0,-1.213892056E0,-1.038333938E0,-7.083817563E0,7.261690062E0
7.846060875E0,9.095435310E-1,-4.915402781E0,-9.812166978E0,1.101213307E1
7.856014875E0,-2.535329135E-1,-9.235046793E0,2.437714146E0,9.554727545E0
7.865967875E0,-2.892239342E-2,2.291472943E0,6.375150229E0,6.774527673E0
7.875921875E0,-7.298312583E-1,7.271197436E0,1.684171770E0,7.499293325E0
7.885875875E0,-1.021892883E0,4.003969211E0,-1.328076922E0,4.340486472E0
7.895828875E0,2.377437319E-1,7.842001458E0,-2.026515722E0,8.103102796E0
7.905782875E0,4.497915092E-1,2.081591231E0,2.837156450E0,3.547504923E0
7.915736875E0,-1.530859238E0,8.951309484E-1,-7.852722913E-2,1.775093222E0
7.925689875E0,-1.308805376E0,-2.571480898E0,-5.866873991E0,6.538019268E0
7.935643875E0,1.867142404E-1,-7.406900201E0,-9.206181428E0,1.181739435E1
7.945597875E0,1.523028939E0,-1.201691694E1,-6.958957874E0,1.396971741E1
7.955551875E0,1.437722155E0,-3.015657619E0,6.304356819E0,7.134854643E0
7.965504875E0,-1.638873098E0,1.357282594E1,1.018258926E1,1.704677779E1
7.975458875E0,-7.051315230E-1,1.199088046E1,6.879369668E0,1.384211515E1
7.985412875E0,-2.051139809E0,2.020870820E0,-1.573047191E0,3.281092935E0
7.995365875E0,8.174948350E-1,-4.254825872E0,-1.609795889E1,1.667081646E1
8.005319875E0,2.784164889E0,-1.432216417E1,-5.533974463E0,1.560451326E1
8.015273875E0,1.824580521E-1,-7.523200736E0,9.841302484E-1,7.589489614E0
8.025226875E0,1.343037461E0,2.577692395E-1,4.911033157E0,5.097885961E0
8.035180875E0,-2.781293614E0,8.685946466E0,-4.375418848E-1,9.130865407E0
8.045134875E0,-6.135731891E-1,9.973490489E0,2.485724464E0,1.029688354E1
8.055088875E0,1.190633075E-1,4.416770357E0,1.118476694E1,1.202584916E1
8.065041875E0,-6.622294785E-1,4.232938575E0,3.370992914E0,5.451597021E0
8.074995875E0,-1.259629415E0,-2.664241712E0,-5.477637709E0,6.220077575E0
8.084949875E0,-1.224160205E0,-3.199877071E0,-6.864515986E0,7.671985480E0
8.094902875E0,-8.943721991E-2,-7.700515212E0,-6.998285662E0,1.040586064E1
8.104856875E0,-1.102190356E0,-9.865366116E0,-8.248409843E-1,9.960955518E0
8.114810875E0,6.389737862E-1,1.089359665E-1,2.794965281E0,2.869143682E0
8.124763875E0,-7.361463243E-1,9.551962373E0,6.392957339E0,1.151745632E1
8.134717875E0,-1.768146265E0,1.310080127E1,7.420755179E0,1.515997832E1
8.144671875E0,-6.396507476E-1,5.729842154E0,-2.187899458E0,6.166615622E0
8.154625875E0,-1.884394614E-1,-1.015245739E1,-4.563001034E0,1.113233483E1
8.164578875E0,3.603328008E-1,-9.369918669E0,-7.786939398E0,1.218858650E1
8.174532875E0,-4.373059862E-1,-5.596549026E0,2.458257169E-1,5.618988148E0
8.184486875E0,-1.708509197E0,3.874423563E0,6.840889142E0,8.045366733E0
8.194439875E0,-1.248232461E0,8.709840528E0,2.811288661E0,9.237031462E0
8.204393875E0,-4.084964623E-1,-7.484319091E-2,-8.603560951E-1,9.553446883E-1
8.214347875E0,1.408682690E0,-6.210114906E0,-1.776342600E0,6.610998948E0
8.224300875E0,1.411727774E0,-1.179692130E0,-2.694227988E0,3.262439774E0
8.234254875E0,3.389757725E-1,-5.724178541E-1,-2.284182635E-1,7.033787579E-1
8.244208875E0,2.747300022E-1,3.917697052E0,-1.956343871E0,4.387608473E0
8.254162875E0,6.920486704E-1,3.432221448E0,2.461799996E0,4.280132551E0
8.264115875E0,3.183314102E-1,1.422321759E0,9.897369096E0,1.000411161E1
8.274069875E0,-2.033713498E-1,2.534735826E0,9.007948539E0,9.359988381E0
8.284023875E0,3.249882460E-2,1.333060504E0,2.288841696E0,2.648943712E0
8.293976875E0,5.965002330E-1,-3.614224221E0,-3.045848547E0,4.763992299E0
8.303930875E0,1.662872556E0,-1.025496843E1,-5.567464975E0,1.178669542E1
8.313884875E0,9.717226030E-1,-1.037070120E1,-1.017495630E1,1.456109282E1
8.323838875E0,2.098577246E0,-6.662708693E0,-1.052354859E1,1.263094567E1
8.333791875E0,1.399912013E0,2.449492777E0,6.776280917E0,7.340146563E0
8.343745875E0,4.194628422E-1,1.619624123E1,1.491409886E1,2.202100188E1
8.353699875E0,-6.479057005E-1,1.426622386E1,1.402383455E1,2.001531565E1
8.363652875E0,-7.784383580E-1,2.879320430E0,5.210108882E0,6.003472910E0
8.373606875E0,1.765814981E0,-7.995990806E0,-6.273185313E-2,8.188889229E0
8.383560875E0,-6.367230467E-1,-1.205854912E1,-6.441465256E0,1.368599641E1
8.393513875E0,9.200251767E-1,-4.268000818E0,-1.611975497E1,1.670056219E1
8.403467875E0,6.653152004E-1,4.461133182E-2,-9.528447796E0,9.551751247E0
8.413421875E0,3.579028441E-1,-7.641153109E-1,5.590122936E0,5.653445064E0
8.423375875E0,1.561038033E0,5.161464141E0,7.282967881E0,9.061962976E0
8.433328875E0,-1.384212823E0,5.181232992E0,2.712774187E0,6.010021984E0
8.443282875E0,-2.249886157E-1,2.449805018E0,8.686816531E-1,2.608979172E0
8.453236875E0,-9.088765830E-1,3.840123796E-1,-3.954186017E0,4.075427488E0
8.463189875E0,1.183241829E0,-8.027312002E0,1.006792302E0,8.176272374E0
8.473143875E0,-1.314366224E0,-1.984689419E0,5.725270801E0,6.200425502E0
8.483097875E0,-6.210128208E-1,2.534190865E0,4.147838198E0,4.900238972E0
8.493050875E0,1.382840555E-1,4.518430048E0,6.702403101E-1,4.569962216E0
8.503004875E0,-7.631884541E-1,6.856980679E0,-5.945556464E0,9.107704558E0
8.512958875E0,6.242418726E-1,-2.952857938E0,-2.749673626E-1,3.030619568E0
8.522912875E0,1.034392183E0,-3.450939555E0,5.709710190E0,6.751277024E0
8.532865875E0,4.041788052E-1,9.806879926E-1,-8.548605895E-1,1.362312766E0
8.542819875E0,1.507786052E-1,-9.526277894E-1,-2.067408224E0,2.281317746E0
8.552773875E0,-1.363095019E0,-9.633638620E-1,-4.943024443E0,5.217239558E0
8.562726875E0,2.147531743E-1,-2.809132208E0,-7.756096505E0,8.251931633E0
8.572680875E0,-5.285508728E-1,-3.687430776E0,4.004467978E0,5.469211602E0
8.582634875E0,-3.388139874E-2,5.860211674E0,1.004100010E1,1.162604455E1
8.592588875E0,-1.078554814E0,6.253951482E0,5.993425280E0,8.729051278E0
8.602541875E0,-8.928395708E-1,1.760683756E0,-5.008978112E0,5.383960579E0
8.612495875E0,5.371980459E-2,-3.214782794E0,-1.051323995E1,1.099390415E1
8.622449875E0,6.436663961E-1,-1.010798113E1,-6.425037503E0,1.199444437E1
8.632402875E0,1.649611071E0,-5.176626556E0,6.914566398E-1,5.476932670E0
8.642356875E0,7.033647868E-1,4.840941998E0,5.169729180E0,7.117270632E0
8.652310875E0,-2.641149486E-1,8.053047937E0,3.697508453E0,8.865264042E0
8.662263875E0,-1.007692061E-1,4.122774108E0,-2.394801722E0,4.768909316E0
8.672217875E0,-7.251493927E-1,-6.767283806E0,-2.486566463E0,7.246032330E0
8.682171875E0,6.605662380E-1,-8.898624902E0,7.091029519E-1,8.951240132E0
8.692125875E0,3.752812441E-1,-3.017915813E0,-1.458369843E0,3.372757695E0
8.702078875E0,-9.743558235E-1,1.494954118E0,-3.285770915E0,3.739057046E0
8.712032875E0,8.057108682E-1,2.783051872E0,-1.675195125E0,3.346763575E0
8.721986875E0,-2.873320310E0,2.446010760E0,-7.336241863E0,8.249811083E0
8.731939875E0,7.262114663E-1,3.944227624E0,3.484609576E0,5.312891731E0
8.741893875E0,1.519549699E0,5.120722497E0,1.348129597E1,1.450090243E1
8.751847875E0,-7.719649787E-1,6.451600819E0,5.227894943E0,8.339662379E0
8.761802125E0,-8.867023332E-1,-7.952605051E-1,-6.670338725E0,6.775846737E0
8.771755125E0,1.401155569E0,-8.368923882E0,-5.738324710E0,1.024355868E1
8.781709125E0,5.293018380E-1,-7.571462485E0,3.311384059E0,8.280849532E0
8.791663125E0,5.959159134E-1,5.656812769E-1,1.118363024E0,1.387748874E0
8.801616125E0,-1.413363678E0,3.476854999E0,-4.398456293E0,5.782087454E0
8.811570125E0,-3.325795033E-1,1.465469533E0,-1.292879607E0,1.982359139E0
8.821524125E0,4.053220455E-1,3.866009420E-1,-2.318915096E0,2.385605473E0
8.831478125E0,-9.671891836E-1,-1.352052845E0,1.251086048E0,2.080557164E0
8.841431125E0,5.171145230E-1,5.380023122E-3,1.578473992E0,1.661028753E0
8.851385125E0,-1.116061194E0,5.367521775E-1,-8.815686241E-1,1.520150890E0
8.861339125E0,-5.510922546E-1,2.071288437E0,2.746443039E-1,2.160872036E0
8.871292125E0,-9.230481872E-1,1.999430249E0,5.344690152E0,5.780610011E0
8.881246125E0,-9.184347340E-1,1.936038830E0,7.799916708E0,8.088910271E0
8.891200125E0,8.525538264E-2,2.632525830E0,1.482155147E0,3.022291284E0
8.901153125E0,-9.776092143E-1,-4.098003548E-1,-4.069742786E0,4.205527606E0
8.911107125E0,-1.594737072E-1,-3.717561479E0,-6.544224808E0,7.528118859E0
8.921061125E0,4.702905682E-1,-6.959382382E0,-7.100335363E0,9.953338064E0
8.931015125E0,1.089118321E0,-9.322432262E0,-4.420436853E0,1.037468958E1
8.940968125E0,5.556083516E-1,-3.707497836E0,-2.419483697E0,4.461854122E0
8.950922125E0,-7.234045836E-1,3.548900297E0,6.244234579E0,7.218619881E0
8.960876125E0,-9.882141631E-2,9.313842117E0,7.528539829E0,1.197649083E1
8.970829125E0,-7.656496203E-1,6.254717467E0,5.174131549E0,8.153486813E0
8.980783125E0,-1.769757466E0,-2.333172947E0,7.895699948E-1,3.033011418E0
8.990737125E0,6.509646714E-1,-3.664551206E0,-2.466013500E0,4.464741104E0
9.000690125E0,8.673845945E-1,-3.260388737E0,1.384884961E0,3.646970949E0
9.010644125E0,-9.126561684E-2,2.737262911E-1,4.494047159E-1,5.340600096E-1
9.020598125E0,-4.966040254E-3,2.331985962E0,-2.640051781E0,3.522507146E0
9.030552125E0,5.037411002E-1,-6.075251216E-1,-1.059043021E0,1.320762655E0
9.040505125E0,1.125286347E0,-5.800250816E0,9.798652893E-1,5.989099672E0
9.050459125E0,-1.467753820E-1,-1.050694951E0,1.250497819E0,1.639892584E0
9.060413125E0,-2.661834925E-1,1.603490134E0,3.261241553E0,3.643862063E0
9.070366125E0,-6.445420897E-1,5.484703485E0,1.754104469E0,5.794332516E0
9.080320125E0,-1.491947918E0,4.053747143E0,3.959264324E0,5.859568966E0
9.090274125E0,-1.258124196E0,1.025260733E0,3.234752789E0,3.619069172E0
9.100228125E0,-6.637661268E-1,3.964248490E-1,1.413519360E0,1.611140936E0
9.110181125E0,-1.536012535E0,-3.325722601E0,-4.075406399E0,5.479845129E0
9.120135125E0,-1.327828415E0,-2.699065390E0,-7.449010094E0,8.033419799E0
9.130089125E0,-1.666630269E0,-5.412263499E0,-4.906898006E0,7.493190288E0
9.140042125E0,-2.065269916E-2,-9.074355952E0,-3.398333032E0,9.689841581E0
9.149996125E0,-5.451989190E-1,-3.513842731E0,-1.096931809E-1,3.557578558E0
9.159950125E0,-1.139153530E0,5.052531098E0,8.330062117E0,9.808958973E0
9.169904125E0,2.909192978E-1,9.939225805E0,1.133312951E1,1.507689186E1
9.179857125E0,-2.141026862E0,6.137546282E0,2.916772431E-1,6.506807666E0
9.189811125E0,-6.406677977E-1,-1.670881634E0,-7.218024026E0,7.436542981E0
9.199765125E0,1.538001904E0,-6.695403984E0,-1.067582295E0,6.952238224E0
9.209718125E0,1.633206562E0,-2.026824455E0,5.361355301E0,5.959824805E0
9.219672125E0,1.913142449E-1,7.606292009E-1,2.489366987E0,2.610001134E0
9.229626125E0,-1.339889467E0,4.986890840E0,-4.045144134E0,6.559540769E0
9.239580125E0,1.608888869E0,2.080187899E-1,-9.187367427E-1,1.864369172E0
9.249533125E0,7.641141415E-1,-4.862402449E0,1.844928685E0,5.256480748E0
9.259487125E0,7.661233179E-1,1.604829732E0,-3.024836578E0,3.508854475E0
9.269441125E0,5.157895074E-1,-7.096648693E-2,-1.938227735E0,2.006938418E0
9.279394125E0,-1.498403390E0,1.761990609E0,3.642964455E-1,2.341481481E0
9.289348125E0,-3.560699978E-1,-6.918735462E-1,-8.196094805E-1,1.130148020E0
9.299302125E0,9.270394966E-1,-4.922712970E0,3.388326692E0,6.047583236E0
9.309256125E0,1.101622519E0,4.204849720E-1,3.817439523E0,3.995400393E0
9.319209125E0,-3.821005594E-1,1.408079696E0,2.293987539E0,2.718651889E0
9.329163125E0,-1.298380375E0,1.801210808E0,-2.833235600E0,3.599635529E0
9.339117125E0,5.660726018E-2,3.226391271E0,-2.113226421E0,3.857269879E0
9.349070125E0,1.460823043E0,1.638676339E0,4.745973861E0,5.229104320E0
9.359024125E0,1.583738642E-1,2.094163914E0,6.832117733E-1,2.208479818E0
9.368978125E0,-1.068144651E0,-1.135788896E0,-8.748838533E0,8.886682456E0
9.378932125E0,-4.221773024E-1,-4.798303517E0,-1.305893989E1,1.391897487E1
9.388885125E0,5.859055899E-1,-1.187351983E1,-1.272559246E1,1.741449000E1
9.398839125E0,2.131477336E0,-1.045679561E1,-1.937296566E-1,1.067357959E1
9.408793125E0,3.563851628E-1,7.924990405E0,1.756370265E1,1.927215956E1
9.418746125E0,-2.475053880E0,1.599436845E1,1.242752948E1,2.040561694E1
9.428700125E0,7.295050202E-2,1.342624911E1,4.503382823E0,1.416156573E1
9.438654125E0,6.192753207E-1,-2.684298831E-1,4.475575805E-2,6.764315212E-1
9.448607125E0,-1.490510672E0,-2.233390211E0,-3.909634034E0,4.742878049E0
9.458561125E0,1.898347386E0,-2.396517003E0,-2.106225843E0,3.712573749E0
9.468515125E0,-2.144600680E0,-2.453589921E0,-3.639224284E0,4.885014736E0
9.478469125E0,-7.002235164E-1,-2.373452661E0,-5.960648713E0,6.453907621E0
9.488422125E0,7.517898189E-1,-7.894001917E0,-3.718266653E0,8.758193940E0
9.498376125E0,1.330219342E0,-3.512493194E0,4.449974356E0,5.823174710E0
9.508330125E0,-4.728959779E-1,8.091235517E0,6.448182537E0,1.035716085E1
9.518283125E0,-4.115726751E0,8.327833158E0,8.000555143E-1,9.323738554E0
9.528237125E0,-9.064089849E-1,1.455090140E0,-1.457877800E0,2.250393798E0
9.538191125E0,5.778135550E-1,-8.457517970E0,-1.229470880E1,1.493396609E1
9.548145125E0,1.915868275E0,-1.233316594E1,-4.930503216E0,1.341966450E1
9.558098125E0,3.284758908E-1,-1.364146056E0,4.196027733E0,4.424414042E0
9.568052125E0,-1.934531710E0,6.809552159E0,9.113731102E0,1.154003935E1
9.578006125E0,-2.103651606E0,6.245927348E0,1.373108084E0,6.732190158E0
9.587959125E0,-7.625274264E-1,1.945170427E0,-3.989161722E0,4.503170806E0
9.597913125E0,7.148637018E-1,-2.395332357E0,-2.199945892E0,3.329926297E0
9.607867125E0,1.235699100E0,-1.243425611E0,3.935589532E0,4.308355195E0
9.617821125E0,-1.575924313E0,2.985794719E0,3.897025391E0,5.156094883E0
9.627774125E0,-3.040389002E0,2.555469468E0,-1.618490582E0,4.288811169E0
9.637728125E0,-4.985610154E-1,-1.531698605E0,-4.293689391E0,4.585894928E0
9.647682125E0,-3.993159683E-1,-8.778777446E0,-7.802197123E-1,8.822421974E0
9.657635125E0,8.275498532E-1,-3.263021738E0,-3.422179440E0,4.800360584E0
9.667589125E0,-9.390995251E-1,-3.636114442E-1,-1.098476059E0,1.490225101E0
9.677543125E0,-1.255534610E-1,3.492713233E0,4.903732324E-1,3.529203211E0
9.687497125E0,6.177382339E-1,3.787178428E0,1.690658087E0,4.193166553E0
9.697450125E0,6.644518590E-1,8.988433456E-1,-2.951803100E-1,1.156091280E0
9.707404125E0,2.039732183E0,-2.323437917E-1,3.150552299E0,3.760381737E0
9.717358125E0,9.172224601E-1,7.674710280E-1,5.135206634E0,5.272632739E0
9.727311125E0,2.917672171E-1,3.726825807E0,4.952051960E0,6.204609360E0
9.737265125E0,5.645088736E-1,-1.739254296E-2,1.277116683E0,1.396423930E0
9.747219125E0,6.846487997E-1,-5.295811522E0,-2.008571202E0,5.705148721E0
9.757173125E0,7.098652826E-1,-4.131917984E0,-7.808142571E0,8.862490923E0
9.767126375E0,-3.502192008E-1,-5.645194936E0,-9.067470855E0,1.068690353E1
9.777080375E0,1.208072030E-1,-1.321410511E0,-5.215360851E0,5.381515486E0
9.787034375E0,2.013883689E0,4.517623132E0,9.084337149E0,1.034358872E1
9.796987375E0,-3.807077161E-1,8.050434816E0,1.176798226E1,1.426323405E1
9.806941375E0,-2.615921491E-1,9.691134877E0,4.527547319E0,1.069977618E1
9.816895375E0,4.593394276E-1,-1.857707191E-1,4.932507641E0,4.957331450E0
9.826849375E0,5.124785580E-1,-3.067601359E0,-1.744072694E0,3.565754048E0
9.836802375E0,2.700282780E0,-1.903640578E0,2.058018181E0,3.892404575E0
9.846756375E0,-4.576446487E-1,-2.100966564E0,2.613087346E0,3.384039688E0
9.856710375E0,-2.817301791E-1,-1.288735685E0,-4.556883093E0,4.743985147E0
9.866663375E0,-1.052257254E-1,-5.543650435E0,-6.542166588E0,8.575725991E0
9.876617375E0,6.259029204E-1,-4.162938048E0,-8.840963169E0,9.792059917E0
9.886571375E0,1.142364309E0,-1.696860228E0,1.772238439E0,2.706503267E0
9.896525375E0,1.268745955E0,4.449829345E0,1.400966909E1,1.475403421E1
9.906478375E0,-3.624300874E-1,8.095664198E0,7.963032390E0,1.136138280E1
9.916432375E0,8.558540314E-1,-1.614173582E0,-1.306804751E0,2.246281624E0
9.926386375E0,5.901560406E-1,-7.397698438E0,-1.234216247E1,1.440149995E1
9.936339375E0,2.688144545E0,-7.887624359E0,-2.955855221E-1,8.338351751E0
9.946293375E0,9.747158658E-1,3.651125414E0,6.096854339E0,7.173034270E0
9.956247375E0,-3.799854388E-1,7.009736849E0,1.587316444E0,7.197247607E0
9.966201375E0,-1.742250263E-1,1.325161500E0,-3.829118460E0,4.055681883E0
9.976154375E0,1.190367392E0,-2.944388246E0,-9.119154979E0,9.656364958E0
9.986108375E0,6.900801321E-1,-8.110317906E0,-1.251750000E0,8.235310873E0
9.996062375E0,8.460782909E-1,-1.519783734E0,4.326082966E0,4.662680013E0
1.000601538E1,-2.071766447E-1,3.131146560E0,4.058716399E0,5.130319653E0
1.001596938E1,1.755936110E0,2.434270720E0,3.888599553E0,4.912249184E0
1.002592338E1,-3.133400661E0,3.282884145E-1,-3.843782399E0,4.969973453E0
1.003587738E1,1.118232485E0,-1.625364568E0,-1.888399225E0,2.730989840E0
1.004583038E1,1.122980278E0,-1.250915310E0,5.076688285E0,5.347769419E0
1.005578438E1,-4.520256572E-1,5.528903173E0,2.030515217E0,5.907291218E0
1.006573838E1,4.249659126E-1,4.485813110E0,-3.342468442E0,5.610277227E0
1.007569238E1,-3.774709168E-1,-3.120450248E0,-1.690988162E0,3.569192487E0
1.008564538E1,-3.823814450E-1,-2.087923180E0,-1.654481948E0,2.691272802E0
1.009559938E1,1.370192516E0,7.380852610E-1,1.383258265E0,2.082210559E0
1.010555337E1,6.515014458E-1,2.001130620E0,3.292169523E-1,2.130108376E0
1.011550637E1,-3.282084538E-1,2.329348868E0,-3.961295646E-1,2.385478059E0
1.012546037E1,1.397743280E0,-2.585689048E0,-1.289530322E0,3.209729362E0
1.013541437E1,-7.788671051E-1,-3.350945735E0,3.943823874E0,5.233470936E0
1.014536838E1,-1.651128533E-1,3.385701585E0,4.785682010E0,5.864553672E0
1.015532138E1,4.665462671E-1,4.177499954E0,1.650276338E0,4.515814796E0
1.016527538E1,-2.299888987E-2,3.249760253E0,-5.224457949E0,6.152758041E0
1.017522938E1,6.246736895E-1,-2.346324504E0,-9.475500673E0,9.781644489E0
1.018518238E1,-9.613228914E-1,-7.905311601E0,-8.254673381E0,1.146986163E1
1.019513638E1,4.601378284E-1,-3.405774491E0,1.028118267E0,3.587206975E0
1.020509038E1,2.420097947E0,4.612500054E0,1.142846251E1,1.255952970E1
1.021504438E1,-1.528089412E0,1.264285787E1,7.540168771E0,1.479969788E1
1.022499738E1,-5.042119473E-1,4.594615760E0,3.373289115E0,5.722220122E0
1.023495138E1,4.109475785E-1,-6.618710150E0,3.892409306E0,7.689411692E0
1.024490538E1,-1.978325163E0,-4.149002379E0,-5.615541952E0,7.256879674E0
1.025485838E1,1.854051219E0,-5.479876024E-1,-3.599282831E0,4.085661909E0
1.026481238E1,3.892297771E-2,-4.581369478E-1,-1.605461523E0,1.670003342E0
1.027476638E1,-6.748122481E-1,1.731816638E-1,-5.953104050E0,5.993730999E0
1.028472038E1,-9.297140861E-1,-7.922255078E0,-1.002210424E1,1.280894481E1
1.029467338E1,3.114987195E-1,-7.547110001E0,-4.975225060E0,9.044819800E0
1.030462737E1,1.201618970E0,3.677565354E-1,7.357633317E0,7.464174505E0
1.031458137E1,2.536771753E-1,1.026264232E1,1.023052006E1,1.449309215E1
1.032453437E1,-1.890378216E0,1.163474410E1,3.354428921E0,1.225532510E1
1.033448837E1,-7.044720302E-1,-3.114465623E0,-2.682100278E-1,3.204389735E0
1.034444238E1,1.101426929E0,-1.081389208E1,-5.780442789E0,1.231125185E1
1.035439638E1,-3.231305673E-2,-6.105646212E0,-4.286895511E0,7.460390936E0
1.036434938E1,-1.987562521E-1,5.520683742E-1,3.081496682E0,3.136862340E0
1.037430338E1,1.285351755E0,4.828521928E0,-1.812287481E0,5.315180059E0
1.038425738E1,2.571614580E-2,4.797330540E0,-5.030563109E0,6.951374456E0
1.039421138E1,5.980875693E-1,1.235293888E0,-4.451104038E0,4.657895113E0
1.040416438E1,1.790343612E0,-2.031334412E0,5.506615341E0,6.136323187E0
1.041411838E1,3.393009873E-1,-1.988404155E-2,5.750175846E0,5.760212044E0
1.042407238E1,-6.376479301E-1,5.704631299E-1,-3.629736884E0,3.729210763E0
1.043402538E1,-6.306882634E-2,-1.171938137E0,-4.215437858E0,4.375766563E0
1.044397938E1,-3.568764751E-1,-4.080644919E0,-2.575108511E0,4.838409617E0
1.045393338E1,-6.734618336E-1,-3.771114957E-1,2.279300210E0,2.406444134E0
1.046388738E1,8.788899415E-1,1.971146098E0,3.003210066E0,3.698261101E0
1.047384038E1,-2.070339287E0,3.679021311E0,1.696374325E0,4.549636075E0
1.048379437E1,4.017005176E-2,6.136485012E0,8.865378803E-1,6.200323488E0
1.049374837E1,-5.224505458E-3,-4.357421118E-1,3.558057914E0,3.584644279E0
1.050370137E1,-2.202490271E-1,2.048220586E0,3.825296719E0,4.344722338E0
1.051365537E1,9.468991260E-1,-2.756938791E-1,4.717012017E0,4.819006893E0
1.052360937E1,-1.300399419E0,2.485923854E0,-2.213009741E0,3.573271354E0
1.053356338E1,-1.518814997E0,-3.899536185E0,-5.346364794E0,6.789462274E0
1.054351638E1,2.065880859E-1,-6.945659552E0,9.404565176E-1,7.012084120E0
1.055347038E1,-3.940057463E-1,1.269522904E0,2.871230807E0,3.163999886E0
1.056342438E1,-1.498154591E-1,3.925488467E0,4.209503811E0,5.757762301E0
1.057337838E1,-5.929641659E-1,4.496220569E0,1.127196997E-2,4.535166255E0
1.058333138E1,-1.036909190E0,3.074607493E0,-7.327637100E0,8.013904003E0
1.059328538E1,1.408944353E0,-8.088826464E0,-5.911700501E0,1.011743251E1
1.060323938E1,2.576033248E0,-7.211622494E0,1.696055944E0,7.843471939E0
1.061319238E1,2.200133880E0,-9.406983000E-1,4.275275047E0,4.899334558E0
1.062314638E1,-4.739397790E-1,2.250698555E0,6.139310387E0,6.556019747E0
1.063310038E1,4.268572676E-1,6.183742209E0,1.047504126E0,6.286345499E0
1.064305438E1,1.989794915E0,-5.226201004E0,1.614928458E0,5.820691940E0
1.065300738E1,-1.877238060E0,-8.274649808E0,4.341241872E-1,8.496017655E0
1.066296138E1,1.953555042E0,-2.647827408E0,-2.643652204E0,4.220931682E0
1.067291537E1,-1.381434080E0,3.413721442E-1,-7.907066935E-1,1.627916501E0
1.068286837E1,-1.193278647E0,6.697769183E0,-1.763764654E0,7.028149950E0
1.069282237E1,5.140058508E-1,3.276173880E0,-2.134418193E0,3.943761951E0
1.070277637E1,-7.260324685E-1,-2.737251216E0,1.321927113E0,3.125245375E0
1.071273038E1,1.303186202E0,-2.315267018E0,2.746985076E0,3.821607338E0
1.072268338E1,-4.629057907E-1,1.538650945E0,1.093600650E0,1.943628278E0
1.073263738E1,-7.148734228E-1,-5.803776687E-1,-3.564556802E0,3.681568612E0
1.074259138E1,7.817210214E-2,5.544265562E-1,-5.500784497E0,5.529206975E0
1.075254538E1,1.027465243E-1,-3.112341914E0,1.101820666E0,3.303216284E0
1.076249813E1,5.990770278E-2,-1.710170245E-1,6.111624990E0,6.114310736E0
1.077245212E1,-1.495655199E0,3.049762673E0,3.803685703E0,5.099613884E0
1.078240612E1,3.254655980E-1,4.266251332E0,4.586661208E-1,4.303161964E0
1.079235912E1,-1.119402732E0,3.454527406E0,-5.262587643E-1,3.669301073E0
1.080231312E1,9.787085639E-1,-1.556656861E0,1.066140956E0,2.125489961E0
1.081226713E1,5.856493356E-1,-2.354817000E0,2.402636699E0,3.414793018E0
1.082222113E1,-1.263830347E-1,3.676797030E0,-9.330904877E-1,3.795453455E0
1.083217413E1,-3.912887279E-1,-2.030018204E0,-7.014705813E0,7.313014318E0
1.084212813E1,-5.183019098E-1,-4.266130879E0,-9.948615264E0,1.083713316E1
1.085208213E1,-7.672470796E-1,-4.998053175E0,-7.468641536E0,9.019412953E0
1.086203513E1,1.041547202E0,-2.843705624E-1,8.795312787E0,8.861332531E0
1.087198913E1,-1.344035143E0,9.347524418E0,1.427947131E1,1.711975304E1
1.088194313E1,-1.969837929E0,1.141131380E1,5.483751558E0,1.281287927E1
1.089189713E1,-1.730169185E0,9.357299209E-3,-1.882066106E0,2.556510472E0
1.090185013E1,-6.165896215E-1,-6.810578345E0,-7.650155482E0,1.026104474E1
1.091180413E1,1.416850519E0,-8.303274853E0,-9.489238706E-1,8.476573316E0
1.092175813E1,1.203934540E0,3.697252929E-1,3.226836244E0,3.463903479E0
1.093171213E1,-4.580400302E-1,1.846937204E0,-1.817269017E0,2.631243885E0
1.094166513E1,-9.042664189E-1,9.335530025E-1,-5.923806576E0,6.064709665E0
1.095161913E1,1.018318480E0,-4.416096758E0,-1.727232420E0,4.849970612E0
1.096157312E1,-3.676348402E-1,1.787213159E0,1.255690029E1,1.268877580E1
1.097152712E1,-1.339356493E0,8.752617588E0,9.177304369E0,1.275245490E1
1.098148012E1,1.674364528E0,1.253543049E0,1.039734346E-1,2.094200855E0
1.099143412E1,-3.089004215E0,-2.287643017E0,-1.151044282E1,1.213530187E1
1.100138813E1,1.749725782E0,-9.788750634E0,-1.736129193E1,2.000738955E1
1.101134113E1,1.407803707E0,-1.621672052E1,-2.933138788E0,1.653986816E1
1.102129513E1,-4.541301798E-1,3.959383607E-1,8.359311059E0,8.380995334E0
1.103124913E1,1.098068362E0,1.105047277E1,1.515063628E1,1.878458097E1
1.104120313E1,-9.778790633E-1,1.730810215E1,1.597268112E0,1.740913303E1
1.105115613E1,1.382782302E0,7.413980595E0,-2.998275601E0,8.115962773E0
1.106111013E1,1.728462967E0,-5.375130756E0,2.133372418E0,6.035800921E0
1.107106413E1,-2.101373677E0,-4.144115276E0,-5.025436270E0,6.844302189E0
1.108101713E1,1.936267310E0,-4.078991911E0,-2.099853547E0,4.979627599E0
1.109097113E1,-6.515502700E-1,-1.889632988E0,-6.075440665E0,6.395796265E0
1.110092513E1,-1.083858166E-2,-2.769590997E0,-7.267926503E0,7.777757223E0
1.111087913E1,1.778900903E0,-5.073224979E0,1.408465027E0,5.557506081E0
1.112083213E1,-1.290699034E-1,3.149435481E0,9.211153316E0,9.735550744E0
1.113078613E1,1.230830124E-1,8.231361701E0,5.409564425E0,9.850576235E0
1.114074012E1,-2.545885370E-1,3.581531269E0,-3.040971969E0,4.705283421E0
1.115069412E1,4.297604102E-1,1.822399948E0,-3.628015464E0,4.082686834E0
1.116064712E1,1.886265723E0,-1.652836542E0,4.548373640E0,5.193993625E0
1.117060112E1,-1.346785965E0,-1.241930478E0,9.759131563E0,9.929595793E0
1.118055512E1,5.802214019E-1,-5.986864704E-1,-4.302305263E-1,9.381794449E-1
1.119050813E1,3.229181124E-1,-4.435522377E-1,-6.591847456E0,6.614640397E0
1.120046213E1,-5.597711306E-1,-4.526840099E0,-6.672805665E0,8.082818843E0
1.121041613E1,-8.083375105E-1,-9.188067924E0,4.233848401E0,1.014886565E1
1.122037013E1,5.745964535E-1,-6.320144302E-1,1.575276150E0,1.791953758E0
1.123032313E1,-2.346046907E-1,6.100808226E0,-1.246374654E0,6.231239856E0
1.124027713E1,-5.195146954E-2,6.823662660E0,4.440341068E0,8.141357371E0
1.125023113E1,-7.305493695E-1,6.296125694E0,1.675476961E0,6.556075364E0
1.126018513E1,-1.562270626E0,-1.595687610E0,1.797498411E-1,2.240361235E0
1.127013813E1,-1.909675233E-1,-7.215382254E-1,-1.747565821E0,1.900282164E0
1.128009213E1,5.947446065E-2,-2.198660089E0,-1.028867880E0,2.428211794E0
1.129004613E1,-7.931794810E-1,-5.314278783E0,-2.667836873E0,5.999003772E0
1.129999913E1,-5.859700554E-1,-4.132099248E0,-6.554735178E0,7.770595753E0
1.130995313E1,-1.085874651E0,-4.613187686E0,9.531657332E-1,4.834164799E0
1.131990713E1,-9.039267687E-1,1.518420748E0,3.041590312E0,3.517663543E0
1.132986112E1,-1.484207666E0,6.337522227E0,-1.874305097E0,6.773483592E0
1.133981412E1,-1.845378044E0,3.716134173E0,1.479156110E0,4.404880942E0
1.134976812E1,-2.686985334E0,7.208321157E0,4.984739649E0,9.166646794E0
1.135972212E1,-1.672873195E0,2.655717641E0,1.038310783E1,1.084713183E1
1.136967613E1,-1.503564873E0,-5.826276773E-1,9.824693468E-1,1.888228894E0
1.137962913E1,-1.135949037E0,-7.798967705E0,-6.332072037E0,1.010986715E1
1.138958313E1,-1.434459701E0,-9.764371253E0,-1.004259054E1,1.408027860E1
1.139953713E1,-1.209729058E0,-9.982531453E0,-1.103658563E1,1.493052581E1
1.140949013E1,1.098162794E0,-5.353852154E0,1.537939339E0,5.677583273E0
1.141944413E1,2.779740301E0,5.288186168E0,1.887551847E1,1.979841071E1
1.142939813E1,-1.474761635E0,1.458335930E1,1.594965362E1,2.166196530E1
1.143935213E1,-9.169649633E-1,7.606642258E0,6.366378821E0,9.961556629E0
1.144930513E1,1.683142806E0,-3.842756213E0,2.873569694E0,5.084992409E0
1.145925913E1,2.722202237E0,-1.280303766E1,5.807942829E-1,1.310211740E1
1.146921313E1,6.242963248E-1,-1.324541929E1,-5.994837967E0,1.455228368E1
1.147916713E1,7.512243931E-1,-5.557258660E0,-2.213386302E0,6.028809238E0
1.148912013E1,-9.425460932E-1,5.198291659E-2,2.360132119E0,2.541912465E0
1.149907413E1,-5.891403427E-1,2.114600517E0,3.931773639E0,4.503050704E0
1.150902812E1,9.194232789E-1,5.045334930E0,6.282605177E-1,5.166764461E0
1.151898112E1,8.532214688E-1,6.242976843E0,2.934696486E0,6.950912904E0
1.152893512E1,1.004250371E0,6.231722707E-1,4.557419575E0,4.708177531E0
1.153888912E1,1.027791408E0,-4.061098847E0,3.552960019E0,5.492941281E0
1.154884312E1,1.076367590E0,-5.073561194E0,4.318776870E-1,5.204431642E0
1.155879612E1,9.118275265E-1,-4.659777716E0,-2.344300783E-1,4.753936817E0
1.156875013E1,1.932423058E0,-1.667463936E0,3.428904615E0,4.274585560E0
1.157870413E1,2.651934493E-1,9.166136187E-1,6.923509129E0,6.988954625E0
1.158865813E1,-2.062183043E-1,1.223488945E-1,4.893866317E0,4.899737010E0
1.159861113E1,-8.995698622E-1,1.308951849E-1,3.104687324E0,3.235033673E0
1.160856513E1,-6.167160675E-1,-3.025004393E-1,1.205960162E0,1.387870720E0
1.161851913E1,1.904584318E-1,-2.611176476E0,-1.227527617E0,2.891598356E0
1.162847213E1,-5.394942293E-1,-2.855783633E0,-3.086267425E0,4.239292489E0
1.163842613E1,-1.047648114E0,-3.434427602E0,3.720302653E-1,3.609884492E0
1.164838013E1,1.097512602E-1,-2.268063031E0,3.426630340E0,4.110711707E0
1.165833413E1,-1.105385860E0,1.038250907E0,1.924544958E0,2.450248180E0
1.166828713E1,-5.737839829E-1,5.023015523E-1,4.162491905E0,4.231769579E0
1.167824113E1,7.764338594E-1,-1.527620173E0,6.709050801E0,6.924437564E0
1.168819513E1,-2.455863830E-1,-3.996735620E0,-4.824660426E-1,4.033234654E0
1.169814912E1,2.320267265E-1,-1.621837528E0,-1.162434365E0,2.008842209E0
1.170810212E1,-8.893564575E-1,3.961548831E0,7.633489748E0,8.646096795E0
1.171805612E1,-5.187175371E-1,4.660712101E0,1.015758189E1,1.118784050E1
1.172801012E1,-4.300190033E-1,-1.695204881E0,4.312355458E0,4.653498203E0
1.173796312E1,-1.221303913E0,-3.329573577E0,3.608778709E-1,3.564810835E0
1.174791713E1,1.012481935E-1,-4.662942814E0,1.989780005E0,5.070750570E0
1.175787113E1,1.027253902E0,-6.267286642E0,8.979159772E-1,6.414077138E0
1.176782563E1,8.873059121E-1,-3.568082673E0,1.044223838E0,3.822162891E0
1.177777863E1,8.800149458E-1,9.475366187E-1,3.774198194E0,3.989589447E0
1.178773263E1,1.932072993E-1,1.208020136E0,2.469542002E0,2.755953449E0
1.179768663E1,1.100642745E0,-3.154981565E0,2.527902185E0,4.189941835E0
1.180764063E1,7.357395042E-1,-2.071228795E0,1.845605793E0,2.870115343E0
1.181759363E1,7.190644147E-1,-8.387830853E-1,4.424812033E0,4.560654802E0
1.182754763E1,2.624063008E-1,-1.470820320E-1,6.464300387E0,6.471295827E0
1.183750163E1,8.054712054E-1,1.296842265E-1,5.692525223E0,5.750690853E0
1.184745463E1,1.022955687E0,-2.458692201E0,3.642568307E0,4.512195646E0
1.185740863E1,8.265125571E-1,-1.971786953E0,3.897314828E0,4.445236739E0
1.186736263E1,1.691885125E0,-1.826436866E0,3.869859227E0,4.601538584E0
1.187731662E1,1.601145986E0,-4.041497810E0,2.561184244E0,5.045496779E0
1.188726962E1,1.131332002E0,-3.167137341E0,3.435942324E0,4.807948699E0
1.189722362E1,-7.283370389E-2,2.251411915E-2,3.728374150E0,3.729153447E0
1.190717762E1,-6.840859321E-1,1.164684082E0,2.239824195E0,2.615583109E0
1.191713162E1,-5.165872503E-1,-3.231953727E0,8.605660102E-1,3.384222383E0
1.192708463E1,-7.037163506E-1,-4.553239692E0,-1.520855529E0,4.851825423E0
1.193703863E1,9.069168887E-1,-4.337172210E-2,3.387575325E0,3.507142132E0
1.194699263E1,1.281753817E0,5.673525281E0,5.897029252E0,8.282918324E0
1.195694663E1,6.959737600E-1,5.938204175E0,5.789888965E0,8.322827797E0
1.196689963E1,1.521017643E0,-1.510538701E0,3.239051077E0,3.884156758E0
1.197685363E1,-1.631959058E0,-7.748723166E0,-5.522613907E0,9.654287412E0
1.198680763E1,-1.649881797E-1,-3.063897148E0,-7.138032362E0,7.769568381E0
1.199676063E1,-5.533295455E-1,3.441673472E0,-7.992263791E-1,3.576318313E0
1.200671463E1,1.292075030E0,4.121567827E0,5.079176275E0,6.667444104E0
1.201666863E1,-1.155105027E-1,-1.392022072E0,1.992545153E0,2.433373032E0
1.202662263E1,-7.520969439E-1,-4.374830033E0,-5.347769296E0,6.950066480E0
1.203657563E1,-1.388475443E0,-4.656363527E0,-5.590917572E0,7.407289967E0
1.204652963E1,-9.427918956E-1,6.321916008E-1,2.146296519E-1,1.155243985E0
1.205648363E1,1.342314746E0,3.257057578E0,4.221187718E0,5.498059539E0
1.206643762E1,-1.909978740E-1,4.983213526E0,3.267428200E0,5.961961445E0
1.207639062E1,1.215367162E0,3.758555138E0,4.287676699E0,5.829925003E0
1.208634462E1,6.211025025E-1,-2.184535555E0,2.531940272E0,3.401277032E0
1.209629862E1,2.502554943E-1,-5.587779372E0,5.678982487E-1,5.622136119E0
1.210625162E1,1.049666134E0,-4.020478824E0,-1.767379403E-2,4.155281138E0
1.211620563E1,1.434506772E0,-3.187873322E0,1.563859753E0,3.829621825E0
1.212615963E1,-2.723015804E-1,-3.636042522E0,2.360115454E0,4.343397095E0
1.213611363E1,-1.061873658E0,-3.967583157E0,3.496532926E0,5.393981302E0
1.214606663E1,-1.019347590E0,-9.547333717E-3,5.256369129E0,5.354304537E0
1.215602063E1,-1.757367508E0,3.872861187E0,5.587983440E0,7.022318225E0
1.216597463E1,4.127421256E-1,1.414291193E0,3.850807829E0,4.123020322E0
1.217592863E1,-1.319301128E0,-3.583582472E0,1.965303852E0,4.294768682E0
1.218588163E1,-1.013963474E0,-6.457526972E0,-3.413519713E-1,6.545555568E0
1.219583563E1,-4.394679576E-1,-2.665310583E0,-6.096839136E-1,2.769246660E0
1.220578963E1,-3.847518332E-1,6.867513853E-1,2.292050064E-1,8.198758280E-1
1.221574263E1,8.766587902E-2,3.274732541E0,3.250248495E0,4.614723589E0
1.222569663E1,1.706748016E0,3.139057258E0,5.475940263E0,6.538546552E0
1.223565063E1,-6.274820340E-1,1.017918384E0,3.138297997E0,3.358393345E0
1.224560463E1,1.203659282E0,-4.796336514E-1,-1.860036429E0,2.266843538E0
1.225555762E1,-6.805764332E-2,-3.099473362E0,-2.003485293E0,3.691249150E0
1.226551162E1,2.523033354E-2,-2.511136463E0,-1.038416383E0,2.717489925E0
1.227546562E1,1.264245500E0,-6.057656944E-2,1.603809977E0,2.043084102E0
1.228541962E1,1.144559135E0,1.690325965E0,7.867300022E-1,2.187729777E0
1.229537262E1,8.949479306E-1,5.931333697E-1,9.759757215E-1,1.450954032E0
1.230532663E1,2.223401998E0,-1.876538733E0,4.903141755E-1,2.950478275E0
1.231528063E1,-4.550420165E-1,-3.937288733E0,-1.935409085E0,4.410795181E0
1.232523363E1,8.126950018E-1,-1.144010666E0,-4.542731661E0,4.754539359E0
1.233518763E1,-5.872417152E-1,-2.576903021E-1,-2.555543143E-1,6.903369695E-1
1.234514163E1,-8.732772723E-2,2.549743289E0,2.420875334E0,3.517023508E0
1.235509563E1,3.071554808E-1,1.697346717E0,2.345156230E0,2.911200459E0
1.236504863E1,-8.991850423E-1,2.563173174E0,-1.218538984E0,2.977117350E0
1.237500263E1,-3.881513312E-1,1.978305429E0,1.286210273E0,2.391378408E0
1.238495663E1,1.005897970E-1,2.310995042E-2,3.298440077E0,3.300054442E0
1.239491063E1,-6.673643571E-1,-1.520535101E0,5.338618988E-1,1.744250758E0
1.240486363E1,-1.929689339E-1,-2.933728187E0,-8.367198953E-1,3.056811782E0
1.241481763E1,-5.687088190E-1,-1.897475274E0,1.178608641E-1,1.984372273E0
1.242477163E1,4.775487535E-1,-5.787316775E-1,2.521891247E0,2.631143977E0
1.243472562E1,2.845275602E-1,4.068083346E-2,2.906936537E0,2.921111243E0
1.244467862E1,8.678761992E-1,1.038857263E-1,3.051315694E0,3.174039824E0
1.245463262E1,8.083886737E-1,-6.451168710E-1,2.566378910E0,2.766942127E0
1.246458662E1,4.243550979E-2,-1.462671055E0,1.264356304E0,1.933857351E0
1.247453962E1,1.215098117E0,-2.132695311E0,1.774218891E0,3.028647453E0
1.248449363E1,2.259821673E-1,-1.350571745E0,2.565136669E0,2.907754823E0
1.249444763E1,2.831675709E-1,-1.532085106E0,2.666275081E0,3.088121023E0
1.250440163E1,7.326612376E-2,-2.360568321E0,1.576205272E0,2.839379120E0
1.251435463E1,-5.703672355E-1,-2.372629958E0,2.498539222E0,3.492476191E0
1.252430863E1,3.829402927E-1,-5.324123740E-1,4.135725691E0,4.187401723E0
1.253426263E1,7.292458789E-1,7.511420935E-1,4.046507705E0,4.179741452E0
1.254421663E1,1.122044870E-1,-2.055957037E-1,3.272597723E0,3.280968652E0
1.255416963E1,-2.265677659E-1,-1.684762924E0,2.515558128E0,3.036081645E0
1.256412363E1,-8.689903130E-1,-2.633290645E0,1.891685945E0,3.356760269E0
1.257407763E1,-6.842207835E-1,-2.023073466E0,1.397881275E0,2.552460849E0
1.258403063E1,-8.605380166E-1,-1.623526204E0,1.865837744E0,2.618723639E0
1.259398463E1,-6.963679355E-1,-1.413552690E0,2.691694390E0,3.119018787E0
1.260393863E1,-3.289022990E-1,-1.011969427E0,2.658776904E0,2.863800529E0
1.261389263E1,-6.475143756E-1,-7.970772350E-1,2.566192092E0,2.764045737E0
1.262384563E1,-8.526499034E-1,-4.806306016E-1,2.726286517E0,2.896662874E0
1.263379962E1,-7.576669284E-1,-1.453617226E0,2.524117867E0,3.009689888E0
1.264375362E1,-1.137067536E0,-1.754796195E0,1.095592797E0,2.360626155E0
1.265370762E1,-1.279924370E0,-2.026843750E0,8.822916323E-1,2.554357161E0
1.266366062E1,-6.998335071E-1,-1.635738698E0,1.303694032E0,2.205680429E0
1.267361463E1,-5.286387272E-1,-1.075968372E0,2.106386933E0,2.423640393E0
1.268356863E1,-7.477662036E-1,-4.816129339E-1,2.476190287E0,2.631087921E0
1.269352163E1,-2.045091449E-1,8.726560056E-2,2.704427579E0,2.713552617E0
1.270347563E1,4.638426608E-1,7.290893197E-2,2.651174647E0,2.692432494E0
1.271342963E1,2.633670714E-1,-6.563277376E-1,2.100716596E0,2.216560067E0
1.272338363E1,1.381362306E-1,-1.181929860E0,1.432508486E0,1.862289014E0
1.273333663E1,3.830467120E-2,-1.345353690E0,1.306907077E0,1.876019698E0
1.274329063E1,-7.359904960E-2,-1.211239613E0,1.454529977E0,1.894248049E0
1.275324463E1,-3.693532638E-1,-8.512984657E-1,1.203914513E0,1.520046403E0
1.276319800E1,-3.792710187E-1,-3.856525236E-1,9.359374970E-1,1.080996472E0
1.277315100E1,-2.682515430E-1,-1.644295514E-2,9.886899072E-1,1.024566735E0
1.278310500E1,-1.566086081E-1,4.549151319E-1,4.010505813E-1,6.263510215E-1
1.279305900E1,-1.585545614E-2,6.763953817E-1,-1.885861534E-1,7.023722981E-1
1.280301300E1,4.049299166E-2,1.604768336E-1,-2.697601247E-1,3.164854205E-1
1.281296600E1,1.833219051E-2,2.898464799E-3,-6.841780257E-1,6.844297197E-1
1.282292000E1,6.735510036E-2,-1.365260535E-1,-1.067125335E0,1.077929754E0
1.283287400E1,8.428790599E-2,-1.296351099E-1,-1.184110286E0,1.194163675E0
1.284282800E1,2.279113099E-2,8.566638708E-2,-1.032223012E0,1.036022448E0
1.285278100E1,1.397426069E-2,3.218026829E-1,-7.521919611E-1,8.182572902E-1
1.286273500E1,-1.967402418E-1,6.282225108E-1,-8.177173215E-1,1.049777054E0
1.287268900E1,-1.747627509E-1,7.196133220E-1,-8.047669083E-1,1.093633910E0
1.288264200E1,-1.502675951E-1,3.076951057E-1,-6.219259366E-1,7.099637307E-1
1.289259600E1,-2.100293550E-1,9.150834024E-2,-5.806343615E-1,6.241973791E-1
1.290255000E1,-6.028669372E-2,1.568866432E-2,-3.779868239E-1,3.830857067E-1
1.291250400E1,3.028142886E-1,-4.722737610E-2,2.204309669E-1,3.775138800E-1
1.292245700E1,4.449931379E-1,-9.352796853E-2,4.333374444E-1,6.281303323E-1
1.293241100E1,7.531349708E-1,-2.235630280E-1,5.105513889E-1,9.369393963E-1
1.294236500E1,7.686774547E-1,-1.769291443E-1,4.611111340E-1,9.136697595E-1
1.295231900E1,7.397112255E-1,-1.511207038E-1,5.899337733E-1,9.581398755E-1
1.296227200E1,7.417606746E-1,-9.511607230E-2,6.505688149E-1,9.912092354E-1
1.297222600E1,6.131236844E-1,-8.673174977E-2,5.151455462E-1,8.054923851E-1
1.298218000E1,4.128844687E-1,-5.888146162E-2,4.629801965E-1,6.231302218E-1
1.299213300E1,5.850333680E-1,-1.875395018E-1,4.831706321E-1,7.815938627E-1
1.300208700E1,5.237628803E-1,-1.319739962E-1,1.834990758E-1,5.704529790E-1
1.301204100E1,6.461369178E-1,-7.986828804E-2,4.897335470E-3,6.510728407E-1
1.302199500E1,8.412314607E-1,-1.705281973E-2,-8.312635660E-2,8.455005383E-1
1.303194800E1,8.188304852E-1,1.065245748E-1,-2.533464056E-1,8.637217432E-1
1.304190200E1,7.076385167E-1,2.013307446E-1,-5.385139436E-1,9.117475563E-1
1.305185600E1,6.681632330E-1,2.496825403E-1,-6.574258447E-1,9.700475339E-1
1.306181000E1,6.073958981E-1,3.158133799E-1,-5.710463896E-1,8.914941655E-1
1.307176300E1,5.785606465E-1,2.840296698E-1,-4.660429680E-1,7.953623847E-1
1.308171700E1,4.741792224E-1,2.969718969E-1,-5.492880231E-1,7.840635018E-1
1.309167100E1,4.987891299E-1,1.381042171E-1,-5.028389114E-1,7.216026203E-1
1.310162500E1,3.962517715E-1,5.018314362E-2,-3.897210163E-1,5.580468482E-1
1.311157800E1,3.362391660E-1,7.472566187E-2,-3.616801089E-1,4.994529031E-1
1.312153200E1,3.205471395E-1,9.696847022E-2,-1.581858945E-1,3.703729608E-1
1.313148600E1,3.648285422E-1,1.229464799E-1,1.088541055E-1,4.000811398E-1
1.314143900E1,3.681561926E-1,1.034161949E-1,1.957536703E-1,4.295967772E-1
1.315139300E1,3.110145700E-1,4.385060906E-2,2.232291520E-1,3.853364672E-1
1.316134700E1,2.967925335E-1,-2.706325293E-2,2.607244223E-1,3.959740547E-1
1.317130100E1,3.068887746E-1,-1.242568409E-1,3.465925384E-1,4.793191736E-1
1.318125400E1,2.737873945E-1,-1.113233846E-1,2.995312232E-1,4.207985112E-1
1.319120800E1,2.324268222E-1,-1.270442086E-1,2.123504072E-1,3.394924949E-1
1.320116200E1,2.531534475E-1,-1.006890535E-1,2.423898929E-1,3.646612314E-1
1.321111600E1,2.439448138E-1,-2.076521695E-2,2.015403673E-1,3.171100535E-1
1.322106900E1,2.173876373E-1,9.455766320E-2,1.008036590E-1,2.576041813E-1
1.323102300E1,1.582842739E-1,1.487543356E-1,3.800573230E-2,2.205134903E-1
1.324097700E1,9.313079640E-2,1.227049899E-1,-2.712464869E-2,1.564148534E-1
1.325093100E1,3.820482999E-2,1.495033640E-1,-2.051910764E-1,2.567376924E-1
1.326088400E1,4.961362481E-4,8.646511674E-2,-3.589073592E-1,3.691760489E-1
1.327083800E1,-1.801132455E-2,8.153883755E-2,-3.435674813E-1,3.535698009E-1
1.328079200E1,2.029875532E-2,6.244475484E-2,-3.018630928E-1,3.089218569E-1
1.329074500E1,2.813680172E-3,1.047493601E-1,-3.130777600E-1,3.301484955E-1
1.330069900E1,2.053498283E-2,1.379171062E-1,-2.751962811E-1,3.085057646E-1
1.331065300E1,6.641676843E-2,1.019590688E-1,-1.914863724E-1,2.268785350E-1
1.332060700E1,1.029775076E-1,9.239243925E-2,-1.422101319E-1,1.984047668E-1
1.333056000E1,4.617940888E-2,9.540492475E-2,-1.468601301E-1,1.811147020E-1
1.334051400E1,2.367259875E-2,7.618746579E-2,-1.386257887E-2,8.097587892E-2
1.335046800E1,-2.083509117E-2,8.310589135E-2,9.336307704E-2,1.267176166E-1
1.336042200E1,-9.921818644E-2,5.170458913E-2,1.304806173E-1,1.718802040E-1
1.337037500E1,-1.103188330E-1,6.851708829E-2,1.280133846E-1,1.823520303E-1
1.338032900E1,-1.025030060E-1,1.913852155E-2,1.529023504E-1,1.850737097E-1
1.339028300E1,-9.436528981E-2,3.821155429E-3,1.508800909E-1,1.780005926E-1
1.340023600E1,-8.552444592E-2,-8.009516001E-3,9.519793332E-2,1.282233587E-1
1.341019000E1,-3.561290547E-2,-2.201418221E-2,9.160189569E-2,1.007164860E-1
1.342014400E1,1.476071119E-2,-1.033261478E-2,1.051148111E-1,1.066478552E-1
1.343009800E1,1.822971806E-2,5.201098323E-3,4.771678805E-2,5.134458011E-2
1.344005100E1,-5.240128487E-3,3.180651426E-2,6.118818820E-3,3.281087076E-2
1.345000500E1,-3.922560766E-2,2.691707253E-2,2.761142939E-2,5.500516452E-2
1.345995900E1,-5.690846488E-2,4.672159195E-2,1.274926901E-2,7.472632996E-2
1.346991300E1,-6.308517113E-2,6.699038029E-2,-6.612908542E-2,1.133159557E-1
1.347986600E1,-1.104286145E-1,3.417697549E-2,-8.727466375E-2,1.448427129E-1
1.348982000E1,-1.077713473E-1,3.636909664E-2,-8.771642089E-2,1.436368511E-1
1.349977400E1,-1.417201352E-1,4.278875470E-2,-1.001744986E-1,1.787467606E-1
1.350972800E1,-1.566037841E-1,8.882095993E-2,-1.108404046E-1,2.114225707E-1
1.351968100E1,-1.299597766E-1,7.120096028E-2,-9.758710563E-2,1.774327012E-1
1.352963500E1,-1.346337484E-1,7.576178849E-2,-6.978242576E-2,1.695160221E-1
1.353958900E1,-1.286948776E-1,8.932908297E-2,-1.162698367E-1,1.950915978E-1
1.354954200E1,-1.323176663E-1,5.460422337E-2,-1.149904659E-1,1.836093496E-1
1.355949600E1,-1.038640916E-1,6.581333578E-2,-8.202824950E-2,1.478099402E-1
1.356945000E1,-9.761809587E-2,3.841445267E-2,-8.312109411E-2,1.338434873E-1
1.357940400E1,-9.224421233E-2,4.604506910E-2,-9.231525600E-2,1.383880399E-1
1.358935700E1,-8.925204590E-2,6.236113966E-2,-6.679391384E-2,1.277351415E-1
1.359931100E1,-1.285178532E-1,5.826341093E-2,-3.296747893E-2,1.449079649E-1
1.360926500E1,-1.116395728E-1,4.520190060E-2,-2.253750801E-2,1.225338537E-1
1.361921900E1,-1.508379909E-1,1.923383117E-2,-1.168741465E-2,1.525078209E-1
1.362917200E1,-1.518678318E-1,9.625101686E-3,5.363153905E-2,1.613469023E-1
1.363912600E1,-1.179548581E-1,2.945242524E-3,3.797620386E-2,1.239524710E-1
1.364908000E1,-1.384300531E-1,4.287178516E-3,3.363143027E-2,1.425213409E-1
1.365903400E1,-1.115965958E-1,2.117101371E-2,3.614865661E-2,1.192004085E-1
1.366898700E1,-8.214914069E-2,2.312866151E-2,3.936579466E-2,9.398447791E-2