"Time (s)","Linear Acceleration x (m/s^2)","Linear Acceleration y (m/s^2)","Linear Acceleration z (m/s^2)","Absolute acceleration (m/s^2)"
1.898291637E-3,-2.549254462E-1,-1.899058700E-2,1.241948605E-2,2.559333295E-1
1.185229165E-2,-2.271331917E-1,-3.794842958E-3,3.862085938E-3,2.271977185E-1
2.180629165E-2,-2.186829418E-1,-3.120658994E-3,7.696397603E-3,2.188405860E-1
3.175929165E-2,-2.059405433E-1,2.877473295E-2,2.391014189E-2,2.093112216E-1
4.171329166E-2,-1.985271509E-1,5.618998826E-2,5.208699703E-3,2.063915574E-1
5.166729167E-2,-1.935570176E-1,5.729628146E-2,-1.583425999E-3,2.018655250E-1
6.162029167E-2,-1.812471668E-1,6.423341811E-2,-5.067197084E-3,1.923594135E-1
7.157429168E-2,-1.692532119E-1,4.617019951E-2,-9.888226390E-3,1.757160041E-1
8.152829169E-2,-1.644080628E-1,2.348709583E-2,-3.238188028E-3,1.661088217E-1
9.148229170E-2,-1.597922708E-1,2.904487431E-2,9.935004115E-3,1.627141015E-1
1.014352917E-1,-1.606962503E-1,2.921444356E-2,1.875962198E-2,1.644040511E-1
1.113892917E-1,-1.561905321E-1,4.944873333E-2,2.685976982E-2,1.660183929E-1
1.213432917E-1,-1.782009137E-1,4.049138367E-2,2.000741780E-2,1.838352919E-1
1.312962917E-1,-1.739289379E-1,2.271292448E-2,1.250427067E-2,1.758508151E-1
1.412502916E-1,-1.719933634E-1,1.212303221E-2,1.844679594E-2,1.734040635E-1
1.512042916E-1,-1.750578891E-1,-1.658855081E-2,2.288658679E-2,1.773252390E-1
1.611582916E-1,-1.617812012E-1,-9.863668084E-3,2.915246308E-2,1.646824675E-1
1.711112916E-1,-1.810672188E-1,7.320129275E-3,3.304612398E-2,1.842036056E-1
1.810652916E-1,-1.898183079E-1,3.978562474E-2,3.939035296E-2,1.979027182E-1
1.910192916E-1,-1.850099963E-1,5.069769859E-2,4.904176712E-2,1.980001270E-1
2.009722916E-1,-1.819001547E-1,5.708344281E-2,3.863664687E-2,1.945224311E-1
2.109262916E-1,-1.886878949E-1,2.665804088E-2,2.925946712E-2,1.927949410E-1
2.208802917E-1,-1.755461316E-1,-1.543606460E-2,1.406693906E-2,1.767840354E-1
2.308342917E-1,-1.669739673E-1,-1.647511482E-2,1.643126070E-2,1.685874298E-1
2.407872917E-1,-1.638633947E-1,-9.063184261E-4,1.613773048E-2,1.646586162E-1
2.507412917E-1,-1.784649155E-1,2.153997302E-2,2.261498362E-2,1.811770790E-1
2.606952917E-1,-1.959611003E-1,3.110134006E-2,3.492308021E-2,2.014638124E-1
2.706482917E-1,-1.886963734E-1,3.045814633E-2,1.399209470E-2,1.916501989E-1
2.806022917E-1,-1.785771820E-1,1.692768931E-2,1.175085694E-2,1.797621741E-1
2.905562917E-1,-1.374352956E-1,1.414499938E-2,3.230001926E-3,1.381990390E-1
3.005102917E-1,-8.990766495E-2,-1.901514530E-3,-9.696437716E-3,9.044901812E-2
3.104632917E-1,-8.184610873E-2,3.020086884E-3,1.121466726E-2,8.266604624E-2
3.204172916E-1,-4.597621813E-2,2.515296757E-2,2.465566188E-2,5.791706203E-2
3.303712916E-1,-3.198704705E-2,3.601709425E-2,1.839037031E-2,5.156169099E-2
3.403242916E-1,5.585260391E-3,5.654257536E-2,1.724314660E-2,5.937662896E-2
3.502782916E-1,5.363460883E-2,6.193546236E-2,-4.921016693E-3,8.207855486E-2
3.602322916E-1,8.563232705E-2,6.121333122E-2,-4.387604445E-2,1.140397941E-1
3.701862916E-1,9.964956477E-2,7.033264875E-2,-7.475255907E-2,1.430547529E-1
3.801392916E-1,9.305492878E-2,8.076758981E-2,-8.979832202E-2,1.524675768E-1
3.900932916E-1,9.087611005E-2,1.106755131E-1,-9.525640547E-2,1.719922073E-1
4.000472917E-1,8.342588022E-2,1.293328089E-1,-1.133143616E-1,1.911203743E-1
4.100002917E-1,8.645400703E-2,1.289445537E-1,-1.143265146E-1,1.927992355E-1
4.199542917E-1,4.737852663E-2,1.047423434E-1,-1.096955198E-1,1.588986795E-1
4.299082917E-1,-2.371981502E-2,9.985056281E-2,-9.508069664E-2,1.399039077E-1
4.398622917E-1,-8.089725181E-2,1.110988516E-1,-8.947994113E-2,1.639938415E-1
4.498152917E-1,-1.569606104E-1,1.152877969E-1,-6.664597929E-2,2.058387619E-1
4.597692917E-1,-2.247554214E-1,9.608203232E-2,-1.982381523E-2,2.452340516E-1
4.697232917E-1,-2.968230852E-1,3.976048172E-2,-8.807368577E-3,2.996037543E-1
4.796762917E-1,-3.264829405E-1,1.179909647E-2,1.257560670E-2,3.269380293E-1
4.896302917E-1,-3.562172015E-1,-1.528754532E-2,3.931697041E-2,3.587063254E-1
4.995842917E-1,-4.006788446E-1,-3.466872633E-2,1.030963522E-1,4.151798585E-1
5.095382916E-1,-4.073801192E-1,-1.307203531E-2,1.236206639E-1,4.259242986E-1
5.194912916E-1,-4.538445798E-1,-2.689836144E-2,1.321777716E-1,4.734652974E-1
5.294452916E-1,-5.136952905E-1,-3.616152048E-2,1.020684117E-1,5.249842548E-1
5.393992916E-1,-4.989203998E-1,-2.026878834E-2,1.106269813E-1,5.114398480E-1
5.493522916E-1,-4.901007521E-1,-1.017064691E-2,1.172255641E-1,5.040277990E-1
5.593062916E-1,-4.560691530E-1,1.428357840E-2,8.934779406E-2,4.649581930E-1
5.692602916E-1,-4.190692880E-1,2.338886261E-5,5.017700404E-2,4.220625551E-1
5.792142916E-1,-3.831083270E-1,-5.356634259E-3,3.549376845E-2,3.847862931E-1
5.891672916E-1,-3.558644682E-1,2.528219104E-2,2.487668663E-2,3.576276813E-1
5.991212917E-1,-3.281477889E-1,4.374126613E-2,2.653641880E-2,3.321121065E-1
6.090752917E-1,-3.309823729E-1,5.581342757E-2,-2.316082120E-2,3.364534047E-1
6.190282917E-1,-3.255728213E-1,3.465761662E-2,-3.390507996E-2,3.291631310E-1
6.289822917E-1,-3.358474025E-1,1.685693800E-2,-5.233842731E-2,3.403188874E-1
6.389362917E-1,-2.664527933E-1,-9.932080507E-3,-1.261744353E-1,2.949842800E-1
6.488902917E-1,6.603672134E-1,-2.203903288E-1,-4.390136290E-1,8.230368886E-1
6.588432917E-1,1.770210333E0,-5.374234378E-2,6.747072905E-2,1.772310684E0
6.687972917E-1,2.002862857E-1,7.949237055E-1,2.244611603E-1,8.499418252E-1
6.787512917E-1,-6.837487670E-1,3.322118962E-1,2.948341548E-1,8.153553208E-1
6.887042917E-1,-1.384310179E0,1.198626584E-1,-4.609456578E-1,1.463951034E0
6.986582916E-1,-1.039147797E0,-4.335558379E-1,-2.144551125E-1,1.146206702E0
7.086122916E-1,-8.606516719E-2,-1.152737635E-1,4.918677807E-2,1.520348404E-1
7.185662916E-1,-4.918971629E-1,6.082098305E-2,1.801521295E-1,5.273678040E-1
7.285192916E-1,-1.172871426E0,-2.496211445E-1,2.555961218E-1,1.226078087E0
7.384732916E-1,-6.672770143E-1,1.035617906E-1,-1.484567124E-1,6.913921129E-1
7.484272916E-1,5.455656856E-2,1.692190057E-1,-2.260340613E-1,2.875810980E-1
7.583802916E-1,-1.952932021E-1,3.265652400E-1,-6.097242594E-2,3.853594783E-1
7.683342916E-1,-4.361930783E-1,1.464078480E-1,2.575309655E-1,5.272777804E-1
7.782882917E-1,-7.583218896E-1,-6.637759209E-3,2.733985546E-1,8.061283507E-1
7.882422917E-1,-1.080108346E0,-3.988222075E-1,1.435801345E-1,1.160305325E0
7.981952917E-1,-1.004011513E0,-3.579285353E-1,-1.352589619E-1,1.074451926E0
8.081492917E-1,-1.052810474E0,-3.305319911E-1,3.776131868E-2,1.104122823E0
8.181032917E-1,-8.205758060E-1,-6.240850210E-2,2.311611924E-1,8.547952804E-1
8.280562917E-1,-3.839080799E-1,2.548976719E-1,2.446866792E-1,5.217564643E-1
8.380102917E-1,-2.377325126E-1,1.072888058E-1,3.426295879E-1,4.306073268E-1
8.479642917E-1,-8.810657635E-3,8.905835688E-2,-5.619174242E-4,8.949488460E-2
8.579182917E-1,2.441615262E-1,-1.298882943E-1,6.228804946E-2,2.834883084E-1
8.678712917E-1,2.979615381E-1,-6.104434669E-2,4.839097202E-2,3.079759352E-1
8.778252917E-1,5.165121867E-1,-9.297657609E-3,1.156614339E-1,5.293853537E-1
8.877792916E-1,4.529965143E-1,-9.741051972E-2,1.212104416E-1,4.789432351E-1
8.977332916E-1,3.460399765E-1,-1.103597635E-1,5.506644577E-2,3.673625677E-1
9.076862916E-1,4.364924558E-1,-7.609566450E-2,2.392622173E-2,4.437213970E-1
9.176402916E-1,4.356766230E-1,1.038757861E-2,1.492191893E-1,4.606391083E-1
9.275942916E-1,4.370926724E-1,1.556593126E-1,2.541410422E-1,5.290250422E-1
9.375472916E-1,5.015824910E-1,1.016257775E-1,3.181534356E-1,6.026063412E-1
9.475012916E-1,4.572405696E-1,-2.023838282E-2,1.262624359E-1,4.747849338E-1
9.574552916E-1,3.993041642E-1,-1.623315704E-1,2.419343948E-2,4.317182841E-1
9.674092917E-1,3.880964405E-1,-1.625140035E-1,-2.572336346E-2,4.215345062E-1
9.773622917E-1,1.808426126E-1,-8.179260671E-2,1.308004600E-1,2.377032633E-1
9.873162917E-1,5.022122361E-2,9.561951756E-3,2.408897898E-1,2.462549350E-1
9.972702917E-1,2.713371187E-2,4.823309720E-2,2.540568423E-1,2.600145171E-1
1.007223292E0,-1.959047478E-1,6.205766916E-2,1.461146101E-1,2.521493680E-1
1.017177292E0,-3.216954596E-1,1.787844658E-2,1.498477650E-1,3.553335901E-1
1.027131292E0,-4.144136618E-1,-5.313949585E-3,1.429366484E-1,4.384037028E-1
1.037085292E0,-5.896612199E-1,-7.486833394E-2,2.176669881E-1,6.329964766E-1
1.047038292E0,-6.132773931E-1,-9.991429746E-2,1.558604568E-1,6.406126050E-1
1.056992292E0,-5.662475798E-1,-1.418364948E-1,1.126249748E-1,5.945067685E-1
1.066946292E0,-6.605530818E-1,-1.226172817E-1,1.020567173E-1,6.795446602E-1
1.076899292E0,-6.240846556E-1,-4.236015379E-2,1.466262415E-1,6.424759098E-1
1.086853292E0,-5.297900440E-1,5.250682712E-2,1.557707021E-1,5.547062008E-1
1.096807292E0,-5.592670275E-1,4.360502601E-2,1.959033591E-1,5.941877923E-1
1.106761292E0,-5.378958929E-1,-7.353458405E-3,1.016164219E-1,5.474595529E-1
1.116714292E0,-4.531665952E-1,-7.017418921E-2,7.616583109E-3,4.586309978E-1
1.126668292E0,-5.037967584E-1,-7.115125895E-2,-1.912039518E-3,5.087998932E-1
1.136622292E0,-4.627638495E-1,-2.827888906E-2,5.556199729E-2,4.669445486E-1
1.146575292E0,-3.978694037E-1,5.650866151E-2,5.936151803E-2,4.062229450E-1
1.156529292E0,-4.541148674E-1,7.049929440E-2,5.148473382E-2,4.624296066E-1
1.166483292E0,-4.173746918E-1,5.890192688E-2,1.548459649E-2,4.217947879E-1
1.176437292E0,-3.129822312E-1,2.638029814E-2,-2.428436369E-2,3.150294073E-1
1.186390292E0,-3.417557216E-1,1.438824356E-2,-4.621551543E-2,3.451664362E-1
1.196344292E0,-2.599556597E-1,2.483663321E-2,-5.384993255E-3,2.611949492E-1
1.206298292E0,-1.975936429E-1,4.321852505E-2,3.704211116E-3,2.022988132E-1
1.216251292E0,-2.127283566E-1,2.598210275E-2,1.755684972E-2,2.150271293E-1
1.226205292E0,-1.421803842E-1,3.625858426E-2,-1.327317953E-3,1.467368677E-1
1.236159292E0,-1.038497660E-1,4.336529016E-2,2.591661394E-2,1.154859003E-1
1.246113292E0,-1.327951645E-1,4.608483016E-2,3.897169232E-2,1.458669260E-1
1.256066292E0,-1.057618055E-1,3.482835531E-2,6.507834077E-2,1.289719515E-1
1.266020292E0,-4.575438939E-2,1.566352129E-2,3.498564541E-2,5.968924051E-2
1.275974292E0,-6.049244262E-2,-1.976300418E-2,2.410280764E-2,6.805040253E-2
1.285927292E0,-4.138323024E-2,-2.196389616E-2,3.339227915E-2,5.753284963E-2
1.295881292E0,-4.718929611E-2,3.515346050E-3,6.244095415E-2,7.834577257E-2
1.305835292E0,-1.025019827E-1,3.838463187E-2,9.900505543E-2,1.475873891E-1
1.315789292E0,-7.042591184E-2,4.732970238E-2,1.005656773E-1,1.315802616E-1
1.325742292E0,-7.526799113E-2,2.170954227E-2,6.267338097E-2,1.003221182E-1
1.335696292E0,-1.435654434E-1,-1.500278592E-2,6.113965631E-2,1.567615313E-1
1.345650292E0,-1.274703976E-1,-8.459166884E-3,6.601681888E-2,1.438001396E-1
1.355603292E0,-1.627315199E-1,6.583380103E-3,8.398940563E-2,1.832460333E-1
1.365557292E0,-1.800687336E-1,-6.215590239E-3,7.349131465E-2,1.945876556E-1
1.375511292E0,-1.325894156E-1,-7.900173068E-3,2.773480564E-2,1.356892970E-1
1.385465292E0,-1.904038335E-1,-3.928744197E-3,5.072751939E-3,1.905119094E-1
1.395418292E0,-2.323237650E-1,1.457184613E-2,9.092420340E-5,2.327803230E-1
1.405372292E0,-2.178429893E-1,4.428798079E-2,7.308434844E-3,2.224194381E-1
1.415326292E0,-2.310312380E-1,4.869327307E-2,7.664530277E-3,2.362312697E-1
1.425279292E0,-2.477590987E-1,3.100953877E-2,-1.758053094E-2,2.503102826E-1
1.435233292E0,-2.566080556E-1,4.240166903E-2,-1.654148072E-2,2.606131545E-1
1.445187292E0,-2.930590133E-1,5.031119764E-2,-1.230078757E-2,2.976005901E-1
1.455141292E0,-2.999562427E-1,6.525609612E-2,4.088957906E-3,3.069997153E-1
1.465094292E0,-2.384257000E-1,5.861190498E-2,-8.195457458E-3,2.456610171E-1
1.475048292E0,-2.527711858E-1,3.193515301E-2,-1.944666982E-2,2.555216220E-1
1.485002292E0,-2.520062238E-1,4.076035559E-2,-4.093109429E-2,2.585418688E-1
1.494956292E0,-2.466245927E-1,4.027679086E-2,-2.761873841E-2,2.514134132E-1
1.504909292E0,-2.679977008E-1,5.851484120E-2,-8.460336328E-3,2.744418546E-1
1.514863292E0,-2.370296773E-1,5.684312224E-2,-8.488695323E-3,2.438980656E-1
1.524817292E0,-2.302625484E-1,5.696942210E-2,-1.886370242E-2,2.379541879E-1
1.534770292E0,-2.474974358E-1,3.579782367E-2,-7.556941509E-3,2.501870746E-1
1.544724292E0,-2.533809773E-1,2.406655490E-2,-4.760802984E-3,2.545658735E-1
1.554678292E0,-2.185071599E-1,2.072487116E-2,7.291477919E-3,2.196088906E-1
1.564632292E0,-2.074098024E-1,1.749428451E-2,1.388128996E-2,2.086086439E-1
1.574585292E0,-1.489454665E-1,1.976826668E-2,2.625867605E-2,1.525288642E-1
1.584539292E0,-1.614292719E-1,2.837127507E-2,3.131768703E-2,1.668686208E-1
1.594493292E0,-1.836957615E-1,1.269898295E-2,3.749322385E-2,1.879125828E-1
1.604446292E0,-1.425132369E-1,1.273932874E-2,3.481256783E-2,1.472556555E-1
1.614400292E0,-1.265278264E-1,1.247561932E-2,4.438475221E-2,1.346660245E-1
1.624354292E0,-1.319647868E-1,7.291477919E-3,3.471930474E-2,1.366502862E-1
1.634308292E0,-1.106943704E-1,1.124419570E-2,2.895804316E-2,1.149706217E-1
1.644261292E0,-1.399422893E-1,2.804500043E-2,3.146211326E-2,1.461513974E-1
1.654215292E0,-1.284422779E-1,3.606913447E-2,3.253566206E-2,1.373206850E-1
1.664169292E0,-8.725624502E-2,4.707125545E-2,1.682010055E-2,1.005597890E-1
1.674122292E0,-9.038611338E-2,4.563927233E-2,8.273517787E-3,1.015925379E-1
1.684076292E0,-1.254808094E-1,1.637337327E-2,-4.053874612E-3,1.266094577E-1
1.694030292E0,-1.385802535E-1,2.111721933E-2,-5.857448280E-3,1.403022926E-1
1.703984292E0,-1.567059642E-1,1.695867956E-2,-1.531268835E-2,1.583629832E-1
1.713937292E0,-1.715165229E-1,1.535069525E-2,-2.538393259E-2,1.740629355E-1
1.723891292E0,-1.620408176E-1,2.779649377E-2,-1.721010983E-2,1.653059573E-1
1.733845292E0,-2.130242258E-1,5.552691400E-2,-1.816203654E-2,2.208900598E-1
1.743798292E0,-2.177226828E-1,6.045085430E-2,-1.193007410E-2,2.262737260E-1
1.753752292E0,-2.008107079E-1,5.222557604E-2,-2.402503967E-2,2.088771259E-1
1.763706292E0,-2.154321092E-1,4.403304219E-2,-3.395887434E-2,2.224929383E-1
1.773660292E0,-2.486798159E-1,4.706599295E-2,-2.740706921E-2,2.545741660E-1
1.783613292E0,-2.610793483E-1,6.042571127E-2,1.031741202E-2,2.681793089E-1
1.793567292E0,-3.015474893E-1,4.948498607E-2,1.823161840E-2,3.061242298E-1
1.803521292E0,-3.169615538E-1,2.312573791E-2,3.654597491E-2,3.198984755E-1
1.813475292E0,-3.396711161E-1,2.133181214E-2,7.476542294E-2,3.484557099E-1
1.823428292E0,-4.302317689E-1,6.196879148E-3,1.088874346E-1,4.438403425E-1
1.833382292E0,-5.123559127E-1,9.015237093E-3,1.865489835E-1,5.453351071E-1
1.843336292E0,-6.025591544E-1,-1.232534587E-2,2.833209872E-1,6.659581297E-1
1.853289292E0,-6.749443951E-1,-4.352316499E-2,3.687952933E-1,7.703597671E-1
1.863243292E0,-6.554299707E-1,-9.834256589E-2,4.001477712E-1,7.741950307E-1
1.873197292E0,-7.691018895E-1,-1.996204340E-1,3.923259509E-1,8.861634645E-1
1.883151292E0,-8.770629790E-1,-3.165150458E-1,4.454157454E-1,1.033352036E0
1.893104292E0,-8.666083767E-1,-3.642628241E-1,4.985681051E-1,1.064080654E0
1.903058292E0,-7.513107126E-1,-3.638681370E-1,5.482793784E-1,9.987382464E-1
1.913012292E0,-5.739973332E-1,-3.024606782E-1,5.661437917E-1,8.610889578E-1
1.922965292E0,-4.669269209E-1,-2.599116594E-1,5.985829747E-1,8.024190910E-1
1.932919292E0,-3.865389615E-1,-2.045934910E-1,5.771985376E-1,7.241747145E-1
1.942873292E0,-3.287291484E-1,-1.841136181E-1,5.659967342E-1,6.799360121E-1
1.952827292E0,-3.082489101E-1,-2.252832788E-1,5.321030563E-1,6.549073284E-1
1.962780292E0,-2.840567862E-1,-2.556209725E-1,4.754435366E-1,6.099810619E-1
1.972734292E0,-2.905711692E-1,-2.467899227E-1,3.632869238E-1,5.266063609E-1
1.982688292E0,-2.686014989E-1,-1.891989416E-1,2.754681766E-1,4.287490187E-1
1.992641292E0,-2.732729857E-1,-9.831976175E-2,2.405038735E-1,3.770769330E-1
2.002595292E0,-2.768098202E-1,-5.682324171E-3,2.154260427E-1,3.508052811E-1
2.012549292E0,-2.778560333E-1,1.129272759E-2,1.705580181E-1,3.262231421E-1
2.022503292E0,-1.982752821E-1,3.137557447E-2,7.714407027E-2,2.150551598E-1
2.032456417E0,-1.917208457E-1,5.739626884E-3,3.211817086E-2,1.944772555E-1
2.042410417E0,-1.883860324E-1,-5.828504562E-2,-4.481598437E-2,2.022249149E-1
2.052364417E0,-1.029433013E-1,-3.066221416E-2,-1.250397831E-1,1.648406565E-1
2.062317417E0,-2.005628590E-1,-3.452488482E-2,-1.019348028E-1,2.276139981E-1
2.072271417E0,-2.140987247E-1,8.751001418E-2,-2.014140674E-1,3.066983748E-1
2.082225417E0,-1.975537357E-1,1.402010286E-1,-1.960647422E-1,3.116491457E-1
2.092179417E0,-4.036316885E-1,2.619505835E-1,-1.833683905E-1,5.149374863E-1
2.102132417E0,-4.738987023E-1,2.704688072E-1,-9.273888677E-2,5.534743506E-1
2.112086417E0,-5.858277123E-1,2.267357272E-1,-1.820296705E-1,6.540168189E-1
2.122040417E0,-6.013906614E-1,1.218454492E-1,-2.648929024E-1,6.683451884E-1
2.131994417E0,-4.542064494E-1,9.036053181E-2,-4.182720932E-1,6.240353102E-1
2.141947417E0,-5.025689162E-1,-1.212537110E-2,-4.006292894E-1,6.428268567E-1
2.151901417E0,-3.978854835E-1,6.261198521E-2,-4.993913931E-1,6.415799889E-1
2.161855417E0,-3.409672245E-2,2.470162100E-1,-5.767284214E-1,6.283273562E-1
2.171808417E0,5.576825783E-2,2.954533750E-1,-1.884294480E-1,3.548358103E-1
2.181762417E0,-8.135937189E-1,2.105699301E-1,-4.675699684E-1,9.617151918E-1
2.191716417E0,2.788781266E-1,3.343320966E-1,-7.803325635E-1,8.935714129E-1
2.201670417E0,-1.544901618E-1,7.168744862E-2,-5.962970057E-1,6.201422574E-1
2.211623417E0,-4.396813810E-1,5.852904993E-1,-7.394687122E-1,1.040528069E0
2.221577417E0,-3.868823393E-1,3.593915087E-1,-3.796386623E-1,6.503581436E-1
2.231531417E0,-2.664484079E-1,5.824996233E-1,-5.002868941E-1,8.127653669E-1
2.241484417E0,-2.672487456E-1,4.845786417E-1,-6.977116987E-1,8.905279145E-1
2.251438417E0,4.554386039E-1,1.777307975E-1,-8.497056842E-1,9.803123523E-1
2.261392417E0,1.678903721E-1,2.501321912E-1,-1.187337949E0,1.224959059E0
2.271346417E0,4.362338626E-1,4.097775507E-1,-8.521656078E-1,1.041347131E0
2.281299417E0,5.616421665E-1,4.553975272E-1,-5.850589496E-1,9.301197802E-1
2.291253417E0,2.975314754E-1,7.264130491E-1,-7.522823006E-1,1.087257815E0
2.301207417E0,4.006308974E-1,5.519368118E-1,-8.619708037E-1,1.099151048E0
2.311160417E0,3.519925882E-1,5.273937088E-1,-8.663734648E-1,1.073613472E0
2.321114417E0,3.635579422E-2,7.066611546E-1,-9.938874972E-1,1.220042658E0
2.331068417E0,2.985848513E-1,5.655111229E-1,-8.067768887E-1,1.029487587E0
2.341022417E0,3.731026447E-1,6.627666914E-1,-7.657677341E-1,1.079289346E0
2.350975417E0,-4.233869451E-1,1.957612717E-1,-1.109951220E0,1.203981184E0
2.360929417E0,6.437683569E-1,4.316946691E-1,-1.525219306E0,1.710874605E0
2.370883417E0,-1.834256932E-2,3.269663590E-1,-1.168437994E0,1.213462317E0
2.380837417E0,7.172487080E-2,1.054561130E0,-9.452094269E-1,1.417979018E0
2.390790417E0,2.104678962E-1,8.230453044E-1,-8.489853072E-1,1.201031374E0
2.400744417E0,-1.065714987E-1,8.531596345E-1,-1.260188409E0,1.525553563E0
2.410698417E0,-3.139611281E-1,4.671317196E-1,-1.542273880E0,1.641765012E0
2.420651417E0,-2.748030558E-2,2.916667181E-1,-1.614209250E0,1.640577991E0
2.430605417E0,-3.527986269E-1,5.941864532E-1,-1.685869217E0,1.821998746E0
2.440559417E0,-2.486326727E-1,7.862528694E-1,-1.169419742E0,1.430927780E0
2.450513417E0,-9.535244599E-2,7.643708342E-1,-1.136487054E0,1.372937611E0
2.460466417E0,-7.270398706E-2,8.975277221E-1,-1.389990165E0,1.656174671E0
2.470420417E0,-2.370855913E-2,6.894814503E-1,-1.573118235E0,1.717744960E0
2.480374417E0,-3.081204906E-2,6.875220484E-1,-1.615761101E0,1.756223188E0
2.490327417E0,-3.350849256E-2,7.970532614E-1,-1.685485640E0,1.864746246E0
2.500281417E0,4.039271191E-2,7.311171341E-1,-1.584052235E0,1.745103240E0
2.510235417E0,1.020853686E-1,8.378557169E-1,-1.608763738E0,1.816740045E0
2.520189417E0,2.615710992E-1,7.527945167E-1,-1.444968025E0,1.650167148E0
2.530142417E0,3.604552634E-1,7.215434879E-1,-1.499107980E0,1.702315404E0
2.540096417E0,3.369883405E-1,7.682253188E-1,-1.463647833E0,1.687008079E0
2.550050417E0,4.352325270E-1,6.236774701E-1,-1.482419149E0,1.666123487E0
2.560004417E0,6.043220168E-1,5.014297324E-1,-1.589198370E0,1.772621882E0
2.569957417E0,5.210274066E-1,5.351588112E-1,-1.767705093E0,1.919022097E0
2.579911417E0,5.838292801E-1,5.919136405E-1,-1.648163447E0,1.845985139E0
2.589865417E0,7.609445120E-1,7.490657473E-1,-1.312278037E0,1.691806635E0
2.599818417E0,8.069322784E-1,9.103033036E-1,-1.149871330E0,1.673916331E0
2.609772417E0,9.245838122E-1,8.515282613E-1,-1.337037780E0,1.835109160E0
2.619726417E0,9.352763231E-1,5.660671932E-1,-1.272090417E0,1.677315682E0
2.629680417E0,8.686424768E-1,5.320141786E-1,-1.307979749E0,1.657826850E0
2.639633417E0,8.274599522E-1,5.333105063E-1,-1.275640846E0,1.611325428E0
2.649587417E0,8.115137181E-1,6.664089221E-1,-1.391663345E0,1.743382412E0
2.659541417E0,7.911626302E-1,5.099538034E-1,-1.252612464E0,1.566853271E0
2.669494417E0,6.581475373E-1,3.783698165E-1,-1.242166121E0,1.455781086E0
2.679448417E0,6.588508111E-1,3.561398721E-1,-1.284097089E0,1.486548127E0
2.689402417E0,5.777258103E-1,5.463322556E-1,-1.207390098E0,1.445695990E0
2.699356417E0,4.918246575E-1,7.294594485E-1,-9.685684687E-1,1.308482885E0
2.709309417E0,2.306710495E-1,7.752834928E-1,-1.143053477E0,1.400301710E0
2.719263417E0,-2.453361587E-1,5.540412247E-1,-1.669251430E0,1.775824272E0
2.729217417E0,-4.786532195E-1,1.764777392E-1,-1.656848024E0,1.733608569E0
2.739171417E0,-5.110526414E-1,1.510066831E-1,-1.421089751E0,1.517719967E0
2.749124417E0,-8.436520618E-1,2.253891134E-1,-8.287287980E-1,1.203885574E0
2.759078417E0,-1.126524275E0,-3.936345577E-3,-7.887244874E-1,1.375194079E0
2.769032417E0,-9.474977347E-1,3.569549739E-2,-7.878485745E-1,1.232773906E0
2.778985417E0,-6.871466571E-1,4.455911618E-1,-5.886175650E-1,1.008559691E0
2.788939417E0,-5.746370186E-1,1.054459974E0,-5.103730488E-1,1.304827264E0
2.798893417E0,1.253219113E-2,1.152682087E0,-5.736779290E-1,1.287609962E0
2.808847417E0,6.808660166E-1,1.001102377E0,-5.119529665E-1,1.314488623E0
2.818800417E0,1.296961841E0,6.136255217E-1,-2.031644315E-1,1.449110791E0
2.828754417E0,1.692301446E0,3.038797975E-3,-8.609878868E-2,1.694492969E0
2.838708417E0,1.420977484E0,-4.052839655E-1,-3.330498022E-1,1.514712604E0
2.848661417E0,9.929086733E-1,-6.299527019E-1,-4.139606488E-1,1.246624025E0
2.858615417E0,3.176575917E-1,-9.447112441E-2,-4.648062819E-1,5.708555147E-1
2.868569417E0,-3.215845086E-1,6.129045600E-1,-3.461393791E-1,7.738740632E-1
2.878523417E0,-5.922099482E-1,1.165061227E0,-2.811657035E-1,1.336837476E0
2.888476417E0,-3.204159426E-1,1.262343108E0,-3.033222654E-1,1.337228812E0
2.898430417E0,-1.432154144E-1,9.951200902E-1,-3.801687124E-1,1.074850175E0
2.908384417E0,-1.425207652E-2,3.279299802E-1,-3.563164580E-1,4.844611561E-1
2.918337417E0,1.974530174E-1,-8.676274002E-2,-7.825860804E-1,8.117613199E-1
2.928291417E0,3.448699486E-1,-5.727523148E-2,-1.005355057E0,1.064403365E0
2.938245417E0,5.008841872E-2,7.056536794E-2,-9.998925877E-1,1.003630165E0
2.948199417E0,-2.236601648E-1,3.887819535E-1,-1.023241104E0,1.117227656E0
2.958152417E0,-3.415779662E-1,9.542837209E-1,-1.362750618E0,1.698358671E0
2.968106417E0,-6.532569992E-1,1.314213758E0,-1.124531544E0,1.848911491E0
2.978060417E0,-1.021028884E0,1.301473845E0,-9.515364066E-1,1.908338461E0
2.988014417E0,-1.171125448E0,7.886578292E-1,-1.011684083E0,1.736957302E0
2.997967417E0,-1.429227028E0,2.617839378E-1,-1.210417494E0,1.891119044E0
3.007921417E0,-1.811799823E0,-1.498156053E-1,-1.676066068E0,2.472703132E0
3.017875417E0,-1.908874859E0,-6.086366773E-2,-1.813513935E0,2.633693301E0
3.027828417E0,-1.967277872E0,3.382386214E-1,-1.666709645E0,2.600482385E0
3.037782042E0,-1.801969923E0,7.913832164E-1,-1.498906251E0,2.473884182E0
3.047736042E0,-1.303852346E0,1.060133527E0,-1.294043203E0,2.120957766E0
3.057690042E0,-6.878600905E-1,9.785882574E-1,-1.229108996E0,1.715078834E0
3.067643042E0,-4.327636132E-1,7.254044044E-1,-1.282815964E0,1.535940329E0
3.077597042E0,-5.603667426E-1,3.774348468E-1,-1.644025372E0,1.777438431E0
3.087551042E0,-6.046173743E-1,-2.498795915E-1,-1.679772910E0,1.802675514E0
3.097504042E0,-7.632135972E-1,-1.102720553E-1,-1.551332386E0,1.732422320E0
3.107458042E0,-7.573255241E-1,4.863059092E-1,-8.769876230E-1,1.256639438E0
3.117412042E0,-4.620601371E-1,6.667176551E-1,-1.258651176E0,1.497402680E0
3.127366042E0,-2.332497447E-1,5.168962026E-1,-2.252099547E0,2.322399513E0
3.137319042E0,-2.216245298E-1,4.881466126E-1,-2.232691469E0,2.296152378E0
3.147273042E0,-2.410954656E-1,6.862812692E-1,-1.174416187E0,1.381434901E0
3.157227042E0,-2.342516651E-1,1.327370578E0,-8.512820935E-1,1.594198136E0
3.167181042E0,-2.963515073E-2,8.219740945E-1,-1.016133229E0,1.307305012E0
3.177134042E0,1.114128470E-2,3.818155807E-1,-1.638668738E0,1.682599922E0
3.187088042E0,5.692356531E-1,2.556227267E-1,-1.571854944E0,1.691183068E0
3.197042042E0,9.346690167E-1,3.231042731E-1,-1.245593466E0,1.590441959E0
3.206995042E0,6.956076512E-1,7.923328042E-1,-9.832593057E-1,1.441686561E0
3.216949042E0,8.664967679E-1,1.121373755E0,-4.700094268E-1,1.493052112E0
3.226903042E0,5.184419140E-1,7.545820105E-1,-9.525383270E-1,1.321175724E0
3.236857042E0,2.375409432E-1,7.321941912E-1,-6.274693894E-1,9.931021438E-1
3.246810042E0,5.022100434E-3,1.044228516E0,-3.936170161E-1,1.115962710E0
3.256764042E0,-3.509557307E-1,4.188711405E-1,-5.930515087E-1,8.064322967E-1
3.266718042E0,-2.661183326E-1,-8.055475116E-2,-4.598133445E-1,5.373419271E-1
3.276672042E0,5.184904459E-1,-2.251651651E-1,5.269443503E-1,7.727884849E-1
3.286625042E0,1.267596539E0,-1.365991437E-1,8.442247966E-1,1.529109486E0
3.296579042E0,1.312650359E0,-2.396118808E-1,8.268518418E-1,1.569760742E0
3.306533042E0,1.658808888E0,-2.534241736E-2,7.917743951E-1,1.838258920E0
3.316486042E0,1.494599630E0,-7.590463597E-1,9.757102579E-2,1.679136545E0
3.326440042E0,9.196891080E-1,-1.566242786E0,-3.587635177E-1,1.851392930E0
3.336394042E0,-5.758652993E-1,-1.753688732E0,-8.239545465E-1,2.021372333E0
3.346348042E0,-1.482099745E0,4.984494066E-1,-7.019272488E-1,1.713993386E0
3.356301042E0,-1.698777530E0,9.095338100E-1,-4.451394644E-1,1.977687031E0
3.366255042E0,-2.275097231E0,2.139856396E0,-1.087260514E0,3.307142004E0
3.376209042E0,-2.478396149E0,1.895337532E0,-6.805235159E-1,3.193409476E0
3.386162042E0,-1.599144045E0,1.188022074E0,-1.236834337E0,2.344870423E0
3.396116042E0,-1.677855023E0,1.940690875E-3,-1.285394586E0,2.113632061E0
3.406070042E0,-1.585190981E0,-5.400967848E-1,-1.375432937E0,2.167106538E0
3.416024042E0,-1.340031554E0,-6.168198556E-1,-1.870862549E0,2.382494066E0
3.425977042E0,-1.467569999E0,7.354920208E-2,-2.006702431E0,2.487172257E0
3.435931042E0,-1.122996577E0,1.202001597E0,-1.603775479E0,2.297395250E0
3.445885042E0,-5.962092975E-1,1.917388551E0,-1.073502308E0,2.276895164E0
3.455839042E0,-3.418861145E-1,2.250222006E0,-1.085405778E0,2.521604825E0
3.465792042E0,-4.023473476E-1,1.726801481E0,-1.957761236E0,2.641317058E0
3.475746042E0,-3.502578655E-1,7.428583431E-1,-2.289540439E0,2.432388643E0
3.485700042E0,-7.636811551E-1,5.699023819E-1,-2.842691717E0,2.998148400E0
3.495653042E0,-6.380383048E-1,2.043596023E-1,-3.075286062E0,3.147418004E0
3.505607042E0,-6.595222908E-1,9.074141943E-1,-2.652570670E0,2.880017592E0
3.515561042E0,-5.465429015E-1,1.754085758E0,-1.827889022E0,2.591660523E0
3.525515042E0,-7.566940248E-2,2.582964830E0,-1.801487089E0,3.150045857E0
3.535468042E0,-6.937598580E-1,2.654219584E0,-2.300051978E0,3.580003275E0
3.545422042E0,3.542336798E-1,2.129703875E0,-2.564901611E0,3.352587116E0
3.555376042E0,-9.418234505E-2,1.514932884E0,-2.442508278E0,2.875715327E0
3.565330042E0,-3.721908445E-1,2.757277930E-1,-2.757129995E0,2.795767811E0
3.575283042E0,1.515234308E-1,2.614173174E-2,-3.166217282E0,3.169948677E0
3.585237042E0,-2.875274011E-1,-1.468136448E-1,-2.706147245E0,2.725336523E0
3.595191042E0,-3.101631423E-1,2.890968668E-1,-2.682361064E0,2.715665489E0
3.605144042E0,-5.369317966E-1,1.083165709E0,-2.059763867E0,2.388340616E0
3.615098042E0,-9.213717905E-1,2.239296484E0,-1.709079739E0,2.963836749E0
3.625052042E0,-1.213585077E0,2.262063203E0,-1.767425304E0,3.116650586E0
3.635006042E0,-1.189359332E0,1.605087594E0,-1.915056389E0,2.767367482E0
3.644959042E0,-1.015658508E0,9.912182432E-1,-1.780227490E0,2.276683054E0
3.654913042E0,-9.344533275E-1,7.367544347E-1,-1.616111057E0,2.006944211E0
3.664867042E0,-8.986274372E-1,2.970484954E-1,-1.840263484E0,2.069381253E0
3.674821042E0,-1.103544718E0,5.231562316E-2,-2.030883299E0,2.311933140E0
3.684774042E0,-9.040868363E-1,1.901789349E-1,-1.857476518E0,2.074550566E0
3.694728042E0,-7.902332883E-1,7.946880627E-1,-1.401421471E0,1.794430246E0
3.704682042E0,-7.312991287E-1,1.483639171E0,-1.461074765E0,2.206971471E0
3.714635042E0,-8.926251972E-1,1.817714574E0,-1.623366575E0,2.595416162E0
3.724589042E0,-7.827051444E-1,1.669473040E0,-1.168165514E0,2.182745574E0
3.734543042E0,-7.248214370E-1,9.645058233E-1,-1.364945371E0,1.821733642E0
3.744497042E0,-7.148995891E-1,4.273788393E-2,-2.035243860E0,2.157573990E0
3.754450042E0,-3.868652727E-1,-1.030612689E-1,-2.194637497E0,2.230856362E0
3.764404042E0,-3.732907058E-1,2.391394258E-2,-1.374083984E0,1.424087295E0
3.774358042E0,-9.091220199E-1,6.537099391E-1,-9.303946289E-1,1.455841233E0
3.784312042E0,-1.343633147E0,3.198157990E-1,-4.858258528E-1,1.464123949E0
3.794265042E0,-1.457074100E0,3.579566020E-1,-3.340119615E-1,1.537127793E0
3.804219042E0,-1.190784152E0,-1.258461726E0,3.834568942E-1,1.774466681E0
3.814173042E0,-2.095078272E0,-3.892441759E0,-4.764609522E-1,4.446062398E0
3.824126042E0,-1.231282991E0,-1.674827335E0,2.107258461E0,2.960007200E0
3.834080042E0,-7.834337074E-2,1.490747046E0,2.947226192E0,3.303726179E0
3.844034042E0,4.033504374E-2,1.001262590E0,2.905249908E0,3.073211792E0
3.853988042E0,7.730557036E-1,-9.440312129E-1,2.722400458E0,2.983332751E0
3.863941042E0,1.059020144E0,-1.898058241E0,3.199740247E0,3.868137329E0
3.873895042E0,2.196137893E0,-2.061034759E0,2.787360977E0,4.103689455E0
3.883849042E0,2.800399099E0,-1.621017748E0,1.778621845E0,3.692347399E0
3.893803042E0,3.417022195E0,-9.428073907E-1,1.637171266E0,3.904517411E0
3.903756042E0,3.888577334E0,-2.026130390E-1,1.712002763E0,4.253591328E0
3.913710042E0,4.053022965E0,8.700832307E-2,2.194217375E0,4.609680628E0
3.923664042E0,3.576549734E0,4.011792201E-1,2.561570452E0,4.417498834E0
3.933617042E0,2.937811298E0,3.506224394E-2,2.231707675E0,3.689509958E0
3.943571042E0,1.803273706E0,-1.172184305E0,2.086789990E0,2.996749000E0
3.953525042E0,6.608521669E-1,-1.729499386E0,1.163411435E0,2.186645806E0
3.963479042E0,-5.483622262E-1,-1.229350194E0,1.006754003E0,1.680939217E0
3.973432042E0,-1.028868172E0,8.405138612E-2,2.185683364E0,2.417197989E0
3.983386042E0,-1.546304073E0,4.305731732E-1,1.852395580E0,2.451085255E0
3.993340042E0,-1.725159729E0,-1.073293270E0,6.384212244E-1,2.129722093E0
4.003294042E0,-1.705429907E0,-2.144632986E0,1.257451035E0,3.014817560E0
4.013247042E0,-1.701742946E0,-1.806173925E0,9.361137906E-1,2.652263623E0
4.023201042E0,-1.328444712E0,-1.263332457E0,-2.610922122E-1,1.851740638E0
4.033155042E0,2.750459345E-1,-9.354428226E-1,-8.692353845E-2,9.789071672E-1
4.043108042E0,2.263481664E-1,7.075639647E-1,1.653738767E-1,7.610708086E-1
4.053062042E0,1.480895803E-1,7.185070288E-1,-5.987490356E-1,9.469336206E-1
4.063016042E0,4.512588680E-2,1.434521974E0,-1.287673246E0,1.928209540E0
4.072970042E0,-2.557200463E-1,5.496961588E-1,-1.027261358E0,1.192822076E0
4.082923042E0,-2.510766261E-1,-1.180901334E0,-6.779712063E-1,1.384634389E0
4.092877042E0,-9.501409686E-1,-5.520163339E-1,-1.209747988E0,1.634313338E0
4.102831042E0,-8.328799557E-1,1.183874059E-1,-1.169674680E0,1.440778767E0
4.112785042E0,-1.143853668E0,1.034855429E0,-2.775550479E-1,1.567279100E0
4.122738042E0,-1.146777642E0,1.401508010E0,1.820349330E-1,1.820016587E0
4.132692042E0,-5.864182445E-1,4.993767750E-1,-3.986994159E-1,8.673089099E-1
4.142646042E0,-2.363226210E-1,-2.375226706E-1,-7.779018760E-2,3.439719662E-1
4.152600042E0,-3.520016514E-1,-2.938173240E-1,-1.882727426E-1,4.956615863E-1
4.162553042E0,-1.348644941E0,1.832113928E-1,-2.997534174E-1,1.393650495E0
4.172507042E0,-1.600326352E0,-2.173708266E-1,7.189476165E-1,1.767817916E0
4.182461042E0,-2.010098640E0,-4.087028325E-2,1.360148315E0,2.427379320E0
4.192414042E0,-2.280478131E0,4.893242419E-2,1.078095004E0,2.522947429E0
4.202368042E0,-2.879308736E0,3.072980797E-1,1.143103178E0,3.113123156E0
4.212322042E0,-3.023629712E0,-2.558741570E-2,1.232579026E0,3.265308930E0
4.222276042E0,-2.763471301E0,-5.626752234E-1,1.106476219E0,3.029466399E0
4.232229042E0,-2.342452624E0,-4.514746302E-1,4.596396822E-1,2.429440733E0
4.242183042E0,-1.966531183E0,-6.178828794E-1,8.164584160E-2,2.062932425E0
4.252137042E0,-1.757675072E0,-2.933121246E-1,-2.629785240E-3,1.781982204E0
4.262090042E0,-1.377122051E0,-2.411613929E-1,3.211974961E-1,1.434500538E0
4.272044042E0,-1.150778672E0,-1.060720003E-1,4.513565165E-1,1.240671401E0
4.281998042E0,-7.538284506E-1,2.710821801E-1,-3.989973316E-1,8.949534915E-1
4.291952042E0,-5.118861986E-1,1.684243691E-1,-5.612637055E-1,7.780817409E-1
4.301905042E0,-5.442398295E-1,-2.289787191E-1,-6.521040013E-1,8.796976039E-1
4.311859042E0,-4.215238030E-1,-5.250600851E-1,-1.133451179E0,1.318363374E0
4.321813042E0,-1.708534121E-1,-2.436640012E-1,-1.024222852E0,1.066581213E0
4.331767042E0,-1.205921716E-1,4.077093905E-1,-4.284974116E-1,6.036385100E-1
4.341720042E0,7.115195330E-2,5.159068537E-1,-1.440251076E-1,5.403385177E-1
4.351674042E0,2.567529569E-1,5.568016952E-1,-5.814430314E-1,8.450007145E-1
4.361628042E0,4.682356008E-1,4.731607836E-1,-7.901257727E-1,1.033162350E0
4.371582042E0,6.778655910E-1,3.417346716E-2,-6.833684787E-1,9.631521494E-1
4.381535042E0,7.286398881E-1,7.855207980E-2,-3.017692450E-1,7.925598987E-1
4.391489042E0,5.325078664E-1,8.255449891E-2,-2.668464571E-1,6.013209665E-1
4.401443042E0,3.722513266E-1,-1.501874882E-1,-3.888377944E-1,5.588579087E-1
4.411396042E0,1.412966872E-1,2.627738714E-2,-5.454487413E-1,5.640652305E-1
4.421350042E0,1.950693268E-1,-3.141182721E-2,-7.506006414E-1,7.761701282E-1
4.431304042E0,1.934626216E-2,2.570576334E-1,-4.421170387E-1,5.117815751E-1
4.441258042E0,-5.774839000E-2,5.201566100E-1,2.762835708E-1,5.918026588E-1
4.451211042E0,7.109044790E-3,4.677708203E-1,2.503903458E-1,5.306179455E-1
4.461165042E0,3.684142010E-1,6.471908784E-1,-7.510701728E-1,1.057682117E0
4.471119042E0,6.024453164E-1,5.154577875E-1,-1.088415924E0,1.346583200E0
4.481073042E0,7.418910675E-1,5.435454726E-2,-1.155280589E0,1.374056044E0
4.491026042E0,1.104735576E0,-1.463131231E-1,-1.181459743E0,1.624098319E0
4.500980042E0,8.209081471E-1,4.749810219E-1,-1.480398644E0,1.758145984E0
4.510934042E0,9.141377614E-1,7.026318383E-1,-1.358847309E0,1.782078942E0
4.520888042E0,1.116392147E0,7.059033555E-1,-1.577924353E0,2.057784303E0
4.530841042E0,9.562180529E-1,1.021108040E0,-1.356009071E0,1.948274928E0
4.540795042E0,6.385059359E-1,8.275318730E-1,-5.907503369E-1,1.200618504E0
4.550749042E0,2.136346020E-1,1.033181956E0,-1.122638216E0,1.540591205E0
4.560702042E0,1.236138299E-1,7.492411637E-1,-1.304791555E0,1.509676688E0
4.570656042E0,-3.879037748E-1,9.731526858E-1,-1.529940055E0,1.854241640E0
4.580610042E0,-6.715106908E-1,1.097123598E0,-1.581500803E0,2.038566061E0
4.590564042E0,-6.738223875E-1,1.046715921E-1,-8.107082641E-1,1.059358599E0
4.600517042E0,-1.182842464E0,3.372405016E-1,-1.584488145E0,2.005853966E0
4.610471042E0,-1.118406366E0,-2.817890167E-2,-1.958098328E0,2.255166494E0
4.620425042E0,-1.335988497E0,1.762233853E-2,-1.641151466E0,2.116259423E0
4.630379042E0,-1.339323895E0,-1.030209231E-1,-8.098788366E-1,1.568536112E0
4.640332042E0,-1.270078974E0,6.403361875E-1,-8.943199396E-2,1.425176872E0
4.650286042E0,-1.114424047E0,5.173873687E-1,-5.552282095E-2,1.229924156E0
4.660240042E0,-8.852645760E-1,3.906203181E-1,-5.616238940E-1,1.118793547E0
4.670193042E0,-7.971481325E-1,6.518826842E-1,-9.229525852E-1,1.382836814E0
4.680147042E0,-5.929568934E-1,3.290649247E-1,-8.050540066E-1,1.052612728E0
4.690101042E0,-6.571438627E-1,2.826023644E-1,-9.124691123E-1,1.159440397E0
4.700055042E0,-5.380815420E-1,1.019128758E-1,-1.435620374E0,1.536529804E0
4.710008042E0,-2.603805330E-1,1.876371503E-3,-1.359621481E0,1.384330926E0
4.719962042E0,-5.312590107E-2,2.315614343E-2,-1.286523684E0,1.287828310E0
4.729916042E0,-1.623941356E-1,1.090669441E-1,-8.605622095E-1,8.825161585E-1
4.739870042E0,-2.217767401E-1,6.675760263E-1,-5.367656261E-1,8.848502759E-1
4.749823042E0,-3.966554851E-1,5.925381231E-1,-7.424928921E-1,1.029433192E0
4.759777042E0,-6.060075133E-1,4.838395536E-1,-1.057907492E0,1.311683682E0
4.769731042E0,-7.668094155E-1,6.207228720E-1,-8.859882420E-1,1.325997258E0
4.779684042E0,-7.985102414E-1,6.675596541E-1,-8.990634933E-1,1.375343471E0
4.789638042E0,-7.965551517E-1,4.677053314E-1,-8.660542068E-1,1.266214151E0
4.799592042E0,-6.080622249E-1,2.082211035E-1,-7.708492568E-1,1.003645492E0
4.809546042E0,-6.986753929E-1,-2.134461755E-1,-6.199130327E-1,9.581225092E-1
4.819499042E0,-7.256372698E-1,3.236100572E-1,-3.239298999E-2,7.951869102E-1
4.829453042E0,-6.224163719E-1,7.346669787E-1,1.496156305E-1,9.744344752E-1
4.839407042E0,-5.742565841E-1,5.756975573E-1,3.592020589E-1,8.889456795E-1
4.849361042E0,-8.393323582E-1,4.324963224E-1,2.552075744E-2,9.445544904E-1
4.859314042E0,-1.045516803E0,2.962135130E-1,-2.138613278E-1,1.107512753E0
4.869268042E0,-8.584637900E-1,-1.381445628E-1,-3.455824319E-1,9.356661884E-1
4.879222042E0,-6.812095405E-1,-5.786884081E-1,-3.222818622E-1,9.501538352E-1
4.889176042E0,-5.376553896E-1,-3.509317571E-1,-2.107716590E-2,6.423944762E-1
4.899129042E0,-6.140038365E-1,-3.055281276E-1,4.294078231E-2,6.871623234E-1
4.909083042E0,-3.335054465E-1,-2.688491285E-1,-2.446960348E-1,4.933374972E-1
4.919037042E0,-2.415735851E-1,2.023516685E-1,9.602823794E-2,3.294319615E-1
4.928991042E0,-6.483893383E-2,3.554440534E-1,9.540372607E-1,1.020162564E0
4.938944042E0,2.985965458E-1,6.243662721E-1,1.020047940E0,1.232676332E0
4.948898042E0,3.133015622E-1,5.079599029E-1,8.953338468E-1,1.076012932E0
4.958852042E0,4.334502956E-1,-9.901324153E-2,1.974397150E-1,4.864824990E-1
4.968805042E0,6.403437158E-1,-7.648239934E-1,-4.333049923E-2,9.984354498E-1
4.978759042E0,6.269003092E-1,-1.046614180E0,-6.420242786E-4,1.220002316E0
4.988713042E0,7.224182314E-1,-8.909987211E-1,1.036281565E-1,1.151740256E0
4.998667042E0,7.019392356E-1,-2.115043151E-1,4.454049280E-1,8.578101863E-1
5.008620042E0,6.321251618E-1,3.197742838E-1,4.410408586E-1,8.344787905E-1
5.018574042E0,3.578020528E-1,3.481490672E-1,1.690994301E-1,5.270907884E-1
5.028528042E0,-1.660238313E-2,2.556285739E-1,5.263312697E-2,2.615183607E-1
5.038481917E0,-5.686161406E-3,-2.964006239E-1,-1.110222530E-1,3.165621629E-1
5.048434917E0,-1.486208912E-1,-4.455198258E-1,-4.351942277E-1,6.402890756E-1
5.058388917E0,-1.210076711E-1,-4.147962159E-1,-5.219607684E-1,6.776000302E-1
5.068342917E0,-1.922728046E-1,-3.658427417E-1,-4.548049119E-1,6.145382421E-1
5.078295917E0,-4.176362085E-1,-2.797074080E-2,-5.013893867E-1,6.531413952E-1
5.088249917E0,-2.660846746E-1,5.565321386E-1,-4.802344528E-1,7.817635224E-1
5.098203917E0,-6.726445025E-2,7.099461204E-1,3.190235013E-1,7.812323563E-1
5.108157917E0,-1.987548999E-2,7.061015761E-1,1.421978527E-1,7.205516638E-1
5.118110917E0,4.058824645E-2,2.322712862E-1,-7.358527941E-1,7.727073771E-1
5.128064917E0,3.521203864E-1,-4.363215709E-1,-6.601447999E-1,8.661157178E-1
5.138018917E0,3.722826458E-1,-2.660810566E-1,9.150190830E-2,4.666541506E-1
5.147972917E0,1.253515128E-1,6.465090930E-2,-5.484466088E-1,5.662918192E-1
5.157925917E0,2.926444822E-1,5.318925565E-1,-8.476802087E-1,1.042646738E0
5.167879917E0,2.340692320E-1,7.324193090E-1,-2.331083152E-1,8.034711794E-1
5.177833917E0,8.141209915E-2,8.785231018E-1,3.038394517E-1,9.331394230E-1
5.187787917E0,-2.072339108E-2,7.242799848E-1,9.693397164E-2,7.310315658E-1
5.197740917E0,-9.721756160E-2,3.044142330E-1,-7.608394083E-1,8.252247481E-1
5.207694917E0,3.814838609E-2,-1.468756253E-1,-7.884824127E-1,8.029522176E-1
5.217648917E0,-1.917147061E-1,-3.922212857E-1,-4.633976877E-1,6.366549163E-1
5.227602917E0,-2.629913330E-1,-4.766685283E-1,-1.102767330E-1,5.554622264E-1
5.237555917E0,-3.424870986E-1,-3.166103554E-1,9.305112809E-2,4.756028199E-1
5.247509917E0,-4.541051464E-1,-6.888020039E-2,9.621359468E-2,4.692686030E-1
5.257463917E0,-6.392121334E-1,-1.195317060E-1,4.063268164E-1,7.667994926E-1
5.267417917E0,-7.061200679E-1,1.895567912E-1,3.238211417E-1,7.996233233E-1
5.277370917E0,-7.764130287E-1,3.904747224E-1,2.074580419E-1,8.934912082E-1
5.287324917E0,-6.656367972E-1,5.390021861E-2,-2.266257995E-1,7.052211231E-1
5.297278917E0,-7.011656490E-1,-4.977243519E-1,-5.620922559E-1,1.027283068E0
5.307231917E0,-5.203007804E-1,-8.311214787E-1,-7.500817010E-1,1.234543791E0
5.317185917E0,-2.473835247E-1,-5.327351403E-1,-3.454575938E-1,6.814295908E-1
5.327139917E0,-1.496299927E-1,4.194921148E-1,-4.539523879E-1,6.359524664E-1
5.337093917E0,-6.067706846E-2,8.634191591E-1,-5.518736619E-1,1.026517847E0
5.347046917E0,-7.735409494E-3,9.212568927E-1,-7.738199347E-1,1.203150610E0
5.357000917E0,1.741319277E-1,7.093818641E-1,-1.579218342E0,1.739964117E0
5.366954917E0,1.864756374E-1,3.074156088E-1,-1.832096386E0,1.867044372E0
5.376908917E0,-1.012663747E-2,-1.465025729E-1,-1.762592872E0,1.768699858E0
5.386861917E0,3.899389347E-1,2.037339503E-1,-9.701133031E-1,1.065213460E0
5.396815917E0,1.618186599E-1,5.830089158E-1,-2.430371797E-1,6.520366135E-1
5.406769917E0,3.122455551E-1,1.136375372E0,2.533674556E-1,1.205421644E0
5.416723917E0,2.844192040E-1,1.657924789E0,4.018814707E-1,1.729484780E0
5.426676917E0,1.382488625E-1,1.241929893E0,-5.905518240E-1,1.382119411E0
5.436630917E0,3.803312650E-1,5.254284596E-1,-8.006574851E-1,1.030426779E0
5.446584917E0,4.784839426E-1,1.704147613E-1,-4.989242005E-1,7.119785334E-1
5.456537917E0,4.549447700E-1,1.799463075E-1,-1.149523421E0,1.249303611E0
5.466491917E0,5.448070825E-1,-3.348016280E-1,-2.300344339E0,2.387570096E0
5.476445917E0,8.657963446E-1,-8.580976081E-1,-2.137970961E0,2.461067786E0
5.486399917E0,8.408807009E-1,-6.451355821E-1,-1.349769507E0,1.716146263E0
5.496352917E0,8.646731675E-1,4.549589860E-1,-3.683745861E-2,9.777547566E-1
5.506306917E0,6.789098306E-1,1.640936288E0,1.159409308E0,2.120806546E0
5.516260917E0,6.904326461E-1,1.835387784E0,2.281261951E-1,1.974180112E0
5.526214917E0,5.062254360E-1,1.126566083E0,-9.626581031E-1,1.565926548E0
5.536167917E0,2.782572619E-1,5.399903655E-3,-1.113497556E0,1.147751310E0
5.546121917E0,2.830344188E-1,-5.816932923E-1,-1.126614615E0,1.299128962E0
5.556075917E0,5.081954360E-1,-3.951536644E-1,-8.434184656E-1,1.061020135E0
5.566029917E0,4.905596855E-1,-2.584861082E-1,-7.454936832E-1,9.290988671E-1
5.575982917E0,4.039695479E-1,-6.592852592E-2,-8.439414990E-1,9.379633361E-1
5.585936917E0,7.299275912E-1,5.322416353E-1,-3.509773654E-1,9.691545582E-1
5.595890917E0,9.880484676E-1,9.380044878E-1,-1.790715641E-1,1.374102914E0
5.605844917E0,8.296028837E-1,1.105628958E0,-2.757084972E-1,1.409493353E0
5.615797917E0,7.982406116E-1,4.515032816E-1,-7.707706118E-1,1.197969375E0
5.625751917E0,6.459793353E-1,-1.695148748E-1,-1.392774316E0,1.544618040E0
5.635705917E0,5.872313729E-1,-5.606175882E-1,-1.498702183E0,1.704476752E0
5.645658917E0,6.516342507E-1,1.520948499E-1,-9.884525102E-1,1.193649197E0
5.655612917E0,6.171068808E-1,6.832015407E-1,-5.707467198E-1,1.083206843E0
5.665566917E0,5.259843106E-1,9.994786048E-1,6.738565207E-1,1.315180439E0
5.675520917E0,2.061060743E-1,9.922859448E-1,2.127684832E-2,1.013688223E0
5.685473917E0,3.033028052E-1,1.251976579E-1,-1.164692852E0,1.210031605E0
5.695427917E0,1.494166059E-1,-4.420337158E-1,-8.200260946E-1,9.434839288E-1
5.705381917E0,-1.191895160E-1,-5.506796604E-1,3.835773468E-2,5.647349333E-1
5.715335917E0,-2.545578025E-1,-1.451916271E-1,3.138229877E-1,4.293776322E-1
5.725288917E0,-2.950437181E-2,1.959513062E-1,1.306025317E-1,2.373277136E-1
5.735242917E0,-2.940253753E-1,2.423945707E-1,-3.127044153E-1,4.929402607E-1
5.745196917E0,6.810102464E-3,4.195494175E-2,6.049798286E-1,6.064710938E-1
5.755150917E0,2.963913186E-2,7.238268256E-2,1.007231136E0,1.010263476E0
5.765103917E0,-1.397152620E-1,-2.187133473E-1,3.209334943E-1,4.127398581E-1
5.775057917E0,-7.950335783E-3,-7.735240656E-1,-9.097332001E-2,7.788959063E-1
5.785011917E0,-3.289714332E-2,-1.137367060E0,-2.454292756E-1,1.164010988E0
5.794965917E0,-1.439711396E-1,-7.702116179E-1,7.420929426E-1,1.079192087E0
5.804918917E0,-2.142454716E-1,-2.955592096E-2,1.571871316E0,1.586680216E0
5.814872917E0,-2.297958310E-1,3.797971219E-1,1.593311301E0,1.653993011E0
5.824826917E0,-5.323849652E-1,2.080012482E-1,1.125840443E0,1.262622261E0
5.834780917E0,-8.522569706E-1,-5.684972960E-1,9.715201432E-1,1.411871987E0
5.844733917E0,-8.570437206E-1,-4.875478578E-1,3.563018399E-1,1.048416832E0
5.854687917E0,-7.900270278E-1,-1.137451844E0,1.050873291E-1,1.388878234E0
5.864641917E0,-1.053251646E0,-1.161246504E0,-3.024258873E-1,1.596650835E0
5.874594917E0,-1.112526626E0,-8.333767498E-1,-2.667499781E-3,1.390050149E0
5.884548917E0,-9.922172400E-1,-5.569203937E-1,1.021651831E0,1.529191891E0
5.894502917E0,-1.071047209E0,-2.645432389E-1,9.781052774E-1,1.474386375E0
5.904456917E0,-1.221269707E0,1.237769015E0,1.252963589E0,2.143242774E0
5.914409917E0,-8.855249233E-1,1.358292409E0,1.155188203E0,1.990872282E0
5.924363917E0,-7.043314046E-1,3.262278557E-1,7.131188196E-1,1.054061569E0
5.934317917E0,-8.174335854E-1,-1.193206215E-1,-5.387519252E-1,9.862498234E-1
5.944271917E0,-5.373723112E-1,-7.752326220E-1,-4.955693606E-1,1.065525040E0
5.954224917E0,-7.707042459E-1,-6.978371215E-1,3.161191893E-1,1.086689019E0
5.964178917E0,-5.388725971E-1,-4.799944246E-1,-1.044549528E-1,7.291701864E-1
5.974132917E0,-7.203123567E-1,1.217507243E-2,1.513896757E-1,7.361500917E-1
5.984086917E0,-6.257133244E-1,2.863475060E-1,9.111423790E-1,1.141793542E0
5.994039917E0,-5.280932916E-1,5.342823136E-1,1.599983559E0,1.767565418E0
6.003993917E0,-6.776922210E-1,5.092556459E-1,8.248860079E-1,1.182812320E0
6.013947917E0,-6.830881778E-1,-5.404774386E-1,-4.922124740E-1,1.000499095E0
6.023901917E0,-5.603972212E-1,-4.408069700E-1,-5.204349375E-1,8.827277918E-1
6.033854917E0,-7.591747060E-1,-9.490650809E-1,-8.661039081E-1,1.492382907E0
6.043808708E0,-5.610284282E-1,-7.726627707E-1,-1.176313609E-1,9.620799299E-1
6.053762708E0,-6.339881578E-1,-1.723852730E-1,6.564636853E-1,9.287638218E-1
6.063716708E0,-6.544404025E-1,3.498804277E-1,3.265441900E-1,8.107648625E-1
6.073669708E0,-5.376404792E-1,1.618731487E-1,-3.454777667E-1,6.592534326E-1
6.083623708E0,-3.978527391E-1,9.258071959E-2,-1.173875320E-1,4.250150872E-1
6.093577708E0,-2.414819665E-1,6.705703855E-2,-1.404185450E-1,2.872760943E-1
6.103530708E0,-2.689383351E-1,3.873604953E-2,-7.343117604E-1,7.829700320E-1
6.113484708E0,-3.955124641E-1,-2.698010552E-1,-1.270185394E0,1.357421693E0
6.123438708E0,-3.446830935E-1,-6.221425760E-1,-1.383909060E0,1.555979469E0
6.133392708E0,-4.607662579E-1,-3.158063632E-1,-6.302792689E-1,8.421942533E-1
6.143345708E0,-3.839575620E-1,5.129481626E-1,-3.223920822E-1,7.172697411E-1
6.153299708E0,-4.278758160E-1,1.085114586E0,1.270278364E-2,1.166495924E0
6.163253708E0,-4.863146800E-1,1.272300916E0,9.978039622E-2,1.365726077E0
6.173207708E0,-3.068807347E-1,7.479296333E-1,-2.651156813E-2,8.088741465E-1
6.183160708E0,-1.203487265E-1,6.958788890E-1,-1.325046310E-1,7.185323384E-1
6.193114708E0,-3.633516817E-1,3.921780163E-1,-6.333858946E-1,8.288580895E-1
6.203068708E0,-4.120599382E-1,-3.725670397E-2,-1.702159560E0,1.751721616E0
6.213022708E0,-3.728297990E-1,-8.948350793E-1,-1.902344835E0,2.135099002E0
6.222975708E0,-3.107001360E-1,-7.146168762E-1,-1.307937357E0,1.522469042E0
6.232929708E0,-1.782061031E-1,-7.696105242E-3,1.321967751E-1,2.220194418E-1
6.242883708E0,-2.809359628E-1,7.107319862E-1,7.079846719E-1,1.041780815E0
6.252837708E0,-3.447446720E-1,1.237989455E0,3.413487554E-1,1.329656253E0
6.262790708E0,-2.719265181E-1,1.200790054E0,-7.097680727E-1,1.421130360E0
6.272744708E0,-1.263064362E-2,1.380977851E-1,-4.938991034E-1,5.129979101E-1
6.282698708E0,-1.633810542E-1,1.966418624E-3,-3.787092474E-1,4.124535486E-1
6.292652708E0,-1.582948172E-1,2.170427978E-2,-2.556619030E-1,3.014818959E-1
6.302605708E0,-3.599076717E-1,-2.631323057E-1,-8.918921757E-1,9.971177440E-1
6.312559708E0,-3.014062425E-2,-1.041128907E0,-4.779999393E-1,1.146011256E0
6.322513708E0,4.494347194E-2,-8.241603684E-1,-6.740453857E-1,1.065644129E0
6.332467708E0,-3.016054498E-1,4.589187205E-2,-4.909041595E-1,5.779782047E-1
6.342420708E0,-1.745592495E-1,5.123131549E-1,4.067872846E-1,6.770609982E-1
6.352374708E0,-3.947129670E-1,1.044219160E0,7.902611357E-1,1.367737052E0
6.362328708E0,-5.415870939E-1,7.440997070E-1,-6.032923222E-2,9.223017784E-1
6.372282708E0,-5.445055854E-1,1.381872475E-2,-5.708239031E-1,7.889976033E-1
6.382235708E0,-3.487719418E-1,-2.058249146E-1,-3.630904573E-1,5.439121648E-1
6.392189708E0,-4.010883324E-1,-2.849190313E-1,-3.209647769E-1,5.874258190E-1
6.402143708E0,-4.507559709E-1,-3.360751516E-1,5.801160058E-1,8.078750108E-1
6.412097708E0,-4.107046633E-1,-1.402337730E-1,4.629883826E-1,6.345881136E-1
6.422050708E0,-3.731301266E-1,-2.760260010E-1,-1.034066640E0,1.133450599E0
6.432004708E0,-3.699363043E-1,-5.809255528E-1,-1.136306375E0,1.328728544E0
6.441958708E0,-3.202441806E-1,-5.486372280E-1,-2.018906155E-1,6.665725496E-1
6.451911708E0,-4.809353147E-1,-6.486053199E-1,-1.061965460E-1,8.144110413E-1
6.461865708E0,-5.616384389E-1,-1.675812006E-3,6.707265061E-1,8.748226051E-1
6.471819708E0,-5.011223151E-1,6.163555866E-1,1.363847263E0,1.578320988E0
6.481773708E0,-5.161214465E-1,7.183076388E-1,1.335001194E0,1.601429174E0
6.491726708E0,-6.318064886E-1,1.041950440E-1,2.090230492E-1,6.735923703E-1
6.501680708E0,-3.457300010E-1,-9.960550600E-1,-2.160084254E-1,1.076250229E0
6.511634708E0,-3.565790345E-1,-7.817452508E-1,-9.019622505E-2,8.639500009E-1
6.521588708E0,-4.086821845E-1,-4.277396125E-1,3.088812134E-1,6.673753876E-1
6.531541708E0,-5.987360986E-1,1.520451486E-2,5.306468073E-1,8.001888072E-1
6.541495708E0,-6.866546870E-1,4.965379518E-1,4.000372589E-1,9.370562445E-1
6.551449708E0,-6.085122047E-1,6.306572914E-2,6.974465275E-1,9.277370576E-1
6.561403708E0,-6.172005093E-1,1.039722651E-1,1.080353783E0,1.248563574E0
6.571356708E0,-3.961222556E-1,-2.872134787E-1,7.644488946E-1,9.076268705E-1
6.581310708E0,-2.271098394E-1,-8.747469699E-1,3.243611321E-1,9.601933579E-1
6.591264708E0,-1.561947714E-1,-8.479228681E-1,-2.765285692E-1,9.054490855E-1
6.601218708E0,-8.614231389E-2,-8.974902999E-1,-3.229209629E-1,9.576989532E-1
6.611171708E0,-9.307092640E-2,-4.769263905E-1,8.702577701E-1,9.967294346E-1
6.621125708E0,6.556698984E-2,4.181373149E-1,2.131679942E0,2.173291793E0
6.631079708E0,-4.177252689E-2,6.307181025E-1,1.876532301E0,1.980132255E0
6.641033708E0,-2.178341271E-1,1.207040727E-1,1.044602153E0,1.073878409E0
6.650986708E0,-2.505013880E-1,-2.373840916E-1,5.545610422E-1,6.531769300E-1
6.660940708E0,-3.630521581E-1,-5.785515833E-1,5.400251564E-1,8.707215247E-1
6.670894708E0,-4.338985578E-1,-4.592373937E-1,-3.392928743E-1,7.171377809E-1
6.680848708E0,-3.883103024E-1,-3.616847867E-1,1.050630632E-1,5.409612030E-1
6.690801708E0,-2.673402728E-1,-5.474724627E-1,5.078029051E-1,7.931334751E-1
6.700755708E0,-1.376751959E-1,1.739692837E-1,6.239663225E-1,6.622339035E-1
6.710709708E0,9.184513986E-3,5.149648672E-1,4.218011802E-1,6.657247220E-1
6.720663708E0,1.100578827E-1,-1.387959427E-1,2.925572491E-1,3.420040866E-1
6.730616708E0,1.263075326E-2,-3.677430868E-1,-5.786340290E-1,6.857199526E-1
6.740570708E0,-2.264546954E-1,-2.801395172E-1,-7.903055745E-1,8.685290895E-1
6.750524708E0,-2.169604982E-1,-3.654457158E-1,-1.684106281E-1,4.571483005E-1
6.760478708E0,-3.408410343E-1,1.386865997E-1,5.677324802E-1,6.765550625E-1
6.770431708E0,-3.925913048E-1,1.328461668E0,6.995363224E-1,1.551866426E0
6.780385708E0,-3.704867831E-1,1.496226472E0,1.853883111E-1,1.552521477E0
6.790339708E0,-3.428135194E-1,4.866818851E-1,-9.216615200E-1,1.097196575E0
6.800293708E0,-1.379172706E-1,-6.782764310E-1,-2.369484448E0,2.468508991E0
6.810246708E0,5.458078883E-3,-1.824498514E0,-2.861148453E0,3.393375177E0
6.820200708E0,-3.074171345E-2,-1.831631532E0,-1.922098483E0,2.655236657E0
6.830154708E0,-3.841461712E-1,-1.008065826E0,-9.944242716E-1,1.467189361E0
6.840108708E0,-6.936673989E-1,1.016294028E0,3.191702664E-1,1.271179637E0
6.850061708E0,-6.229599436E-1,2.153900238E0,8.640559208E-1,2.402906149E0
6.860015708E0,-6.719877505E-1,1.690893145E0,1.772120910E0,2.539901511E0
6.869969708E0,-2.060286535E-1,1.215630872E0,1.284692628E0,1.780629487E0
6.879923708E0,-1.066192448E-1,8.066233993E-2,-2.746133137E-1,3.054284671E-1
6.889876708E0,2.448836573E-1,-1.136952492E0,-1.245684098E0,1.704217664E0
6.899830708E0,3.361858832E-1,-1.657352931E0,-1.603543929E0,2.330491969E0
6.909784708E0,3.926449530E-1,-1.087536503E0,-1.283166797E0,1.727258734E0
6.919738708E0,6.206044659E-1,7.854424453E-1,2.614582479E-1,1.034615945E0
6.929691708E0,1.444660790E-1,2.011248057E0,1.543713172E0,2.539495925E0
6.939645708E0,4.654915756E-1,1.952347299E0,1.341654156E0,2.414203442E0
6.949599708E0,2.923007756E-1,7.832368755E-1,-3.807250750E-1,9.186138086E-1
6.959553708E0,-6.829703199E-3,-3.142264456E-1,-1.616662157E0,1.646930914E0
6.969506708E0,1.271194824E-1,-9.686702102E-1,-1.456587904E0,1.753889866E0
6.979460708E0,3.091351653E-1,-7.581926662E-1,-1.083330016E0,1.357948671E0
6.989414708E0,-1.000123297E-2,-2.288073957E-1,-9.130798540E-1,9.413647904E-1
6.999368708E0,-1.488869669E-2,1.802158642E-1,-2.318599346E-1,2.940381953E-1
7.009321708E0,2.720453079E-1,6.311858797E-1,2.739519936E-1,7.399013171E-1
7.019275708E0,5.549440348E-1,1.105773969E0,1.695850414E-1,1.248782622E0
7.029229708E0,1.956357210E-1,1.242204128E0,-6.047541261E-2,1.258968509E0
7.039183917E0,2.872429706E-1,2.965321863E-1,9.537334979E-2,4.237168128E-1
7.049136917E0,2.326306707E-1,-3.113589710E-1,-5.618250382E-1,6.831608971E-1
7.059090917E0,2.713854953E-2,-6.228495044E-1,-9.800202405E-1,1.161515251E0
7.069044917E0,1.936715499E-1,-5.136550909E-1,-7.842873278E-1,9.573175201E-1
7.078998917E0,3.034372363E-2,3.281808257E-2,-3.505791700E-1,3.534169245E-1
7.088951917E0,-9.569215095E-3,4.444608951E-1,1.736465174E-1,4.772736847E-1
7.098905917E0,-1.588906667E-1,8.204818851E-1,-4.376260847E-2,8.368703207E-1
7.108859917E0,-6.665716209E-3,1.035072361E0,7.676107764E-2,1.037936167E0
7.118813917E0,-1.477367374E-1,4.138355184E-1,8.121285528E-2,4.468573684E-1
7.128766917E0,2.669638583E-2,-3.088054919E-1,-1.116350412E-1,3.294478886E-1
7.138720917E0,1.854940727E-1,-5.765582675E-1,1.555122551E-1,6.253091622E-1
7.148674917E0,-8.132773479E-3,-2.411549610E-1,6.991875359E-1,7.396519909E-1
7.158628917E0,-1.320878524E-1,3.549762762E-1,1.218132895E-1,3.978615776E-1
7.168581917E0,8.183863526E-3,7.692479968E-2,-4.396819657E-1,4.464354728E-1
7.178535917E0,-9.022417291E-2,-5.944215113E-1,-3.738867563E-1,7.080032775E-1
7.188489917E0,-2.206673954E-1,-4.129724693E-1,3.045639217E-1,5.585691920E-1
7.198442917E0,-3.018751161E-1,2.618184364E-1,1.011646661E0,1.087706967E0
7.208396917E0,-1.309848574E-1,9.683959758E-1,1.569267551E0,1.848661257E0
7.218350917E0,-3.126167071E-1,9.623423535E-1,7.949470943E-1,1.286768392E0
7.228304917E0,-1.694357364E-1,-1.769425929E-2,-1.592693835E-1,2.332129759E-1
7.238258917E0,1.768362466E-3,-1.116781352E0,-7.544668204E-1,1.347747713E0
7.248211917E0,-2.741545631E-2,-1.411862844E0,-1.277949911E0,1.904537811E0
7.258165917E0,1.211160273E-1,-1.200268482E0,-9.813089669E-3,1.206403671E0
7.268119917E0,9.114453379E-2,-7.970339656E-2,1.769568016E0,1.773705421E0
7.278073917E0,-2.335486288E-1,1.435822980E0,3.209847744E0,3.524096356E0
7.288026917E0,-4.256817215E-1,2.382442755E0,2.838318585E0,3.730052385E0
7.297980917E0,-4.465550023E-1,1.339078458E0,1.568853568E0,2.110413231E0
7.307934917E0,-2.365157801E-1,-3.273873585E-1,2.286658931E-1,4.641231382E-1
7.317888917E0,-5.640416446E-1,-1.747558511E0,-7.105665100E-1,1.969012060E0
7.327841917E0,-6.388767225E-1,-2.899924264E0,-1.438120351E0,3.299380904E0
7.337795917E0,-6.663238451E-1,-2.279594325E0,-2.113641574E0,3.179311003E0
7.347749917E0,-8.691964274E-1,-1.293529817E0,-5.991583407E-1,1.669644434E0
7.357703917E0,-6.045346362E-1,-7.792543370E-1,2.200930856E0,2.411803491E0
7.367656917E0,-1.173350094E0,-1.048405766E-2,1.848997763E0,2.189897962E0
7.377610917E0,-9.690697213E-1,6.435708672E-1,8.628011084E-1,1.448345725E0
7.387564917E0,-1.185032685E0,2.922204494E-1,1.910710446E0,2.267269208E0
7.397518917E0,-9.541395139E-1,8.214513534E-1,1.387677006E0,1.873716097E0
7.407471917E0,-9.634539822E-1,-7.104343629E-1,7.541610110E-1,1.414821328E0
7.417425917E0,-6.799287079E-1,-5.163103116E-1,-6.293650568E-1,1.060650631E0
7.427379917E0,-6.458121049E-1,-1.694049472E0,-7.385524535E-1,1.957635465E0
7.437333917E0,-5.878677693E-1,-8.786593419E-1,-6.187628853E-1,1.224948269E0
7.447286917E0,-4.844329729E-1,-2.733754581E-1,2.226561248E-2,5.566913003E-1
7.457240917E0,-5.676260608E-1,6.194809234E-1,1.057042689E0,1.350294488E0
7.467194917E0,-6.214262921E-1,1.130538096E0,1.446013800E0,1.937844920E0
7.477148917E0,-7.167025781E-1,9.024224263E-1,4.141337264E-1,1.224555252E0
7.487101917E0,-9.204089002E-1,-1.774811214E-1,-3.785183358E-1,1.010904656E0
7.497055917E0,-8.430885364E-1,-6.003751463E-1,1.134047011E-1,1.041205658E0
7.507009917E0,-1.317280623E0,-8.520153344E-2,2.968125603E-1,1.352991218E0
7.516963917E0,-1.427381647E0,4.271391034E-1,1.303350216E-1,1.495611379E0
7.526916917E0,-1.495280246E0,7.236818147E-1,3.337450361E-1,1.694391965E0
7.536870917E0,-1.370580040E0,3.934030080E-1,1.046296676E0,1.768613102E0
7.546824917E0,-1.466177338E0,1.985036159E-1,1.927943945E-1,1.492062114E0
7.556778917E0,-1.561321038E0,-2.061488503E-1,-6.679321218E-1,1.710658953E0
7.566731917E0,-1.322736075E0,-6.722052670E-1,-2.619111148E-1,1.506681146E0
7.576685917E0,-9.979915117E-1,-8.626718849E-1,2.146583033E-1,1.336513384E0
7.586639917E0,-9.036772388E-1,-6.987732607E-1,-1.407810724E-1,1.150971734E0
7.596593917E0,-1.044501727E0,2.174649668E-1,-6.191727751E-1,1.233551699E0
7.606546917E0,-9.836048761E-1,5.782282323E-1,-2.617880309E-1,1.170623515E0
7.616500917E0,-9.971896391E-1,5.676915497E-1,7.415851119E-1,1.366239126E0
7.626454917E0,-9.558946288E-1,7.719692910E-1,1.341402726E0,1.819074600E0
7.636408917E0,-1.187186360E0,7.992962533E-1,1.198497945E0,1.866730639E0
7.646361917E0,-1.217099181E0,2.471670681E-1,5.516731024E-1,1.358957390E0
7.656315917E0,-8.870451263E-1,-7.559619534E-1,-1.297555625E-2,1.165545321E0
7.666269917E0,-6.640197498E-1,-1.398163403E0,-3.134663075E-1,1.579254335E0
7.676223917E0,-6.455263223E-1,-1.356128939E0,-9.261843413E-1,1.764541687E0
7.686176917E0,-4.964698318E-1,-1.357850944E0,-1.057909831E0,1.791483935E0
7.696130917E0,-5.050574912E-1,-9.735380173E-1,-8.677960923E-1,1.398545458E0
7.706084917E0,-4.649034553E-1,-1.032577354E-1,-1.224450812E-1,4.917216495E-1
7.716038917E0,-5.028668684E-1,1.026663480E0,7.307312179E-1,1.356790736E0
7.725991917E0,-7.755868171E-1,1.966305773E0,1.122498467E0,2.393302344E0
7.735945917E0,-9.272013183E-1,1.310304894E0,-8.064509064E-2,1.607204042E0
7.745899917E0,-7.373167176E-1,2.426921940E-1,-1.420803237E-1,7.891275318E-1
7.755853917E0,-5.395787215E-1,-7.576208085E-1,-5.088358158E-1,1.060211476E0
7.765806917E0,-7.974378620E-1,-4.987271494E-1,-5.378596401E-1,1.083479998E0
7.775760917E0,-1.084933176E0,-3.709233874E-1,-5.460743934E-1,1.269984803E0
7.785714917E0,-8.382743045E-1,-7.721949935E-2,-2.133900422E-1,8.684480242E-1
7.795668917E0,-1.004589291E0,4.242727983E-1,-1.268263999E-1,1.097857908E0
7.805621917E0,-7.629232098E-1,5.239760113E-1,3.504876611E-1,9.896687754E-1
7.815575917E0,-8.740897429E-1,8.816069233E-1,1.872357389E-1,1.255516176E0
7.825529917E0,-8.657024237E-1,2.691005588E-1,-4.862778425E-2,9.078658813E-1
7.835483917E0,-7.832318323E-1,-4.155423206E-1,3.699466100E-1,9.607226539E-1
7.845436917E0,-6.300592674E-1,-4.298539656E-1,3.712859148E-1,8.482937833E-1
7.855390917E0,-7.334278075E-1,-1.061246252E-1,2.345546240E-1,7.772995925E-1
7.865344917E0,-9.901999506E-1,4.937359661E-1,2.300627929E-1,1.130132751E0
7.875298917E0,-7.059752762E-1,2.004542470E-2,3.022305903E-1,7.682097626E-1
7.885251917E0,-5.631181134E-1,-3.528081286E-1,4.359128505E-1,7.947298903E-1
7.895205917E0,-7.618511228E-1,-4.056926858E-1,-8.033665001E-1,1.179152841E0
7.905159917E0,-4.890497882E-1,-8.438572991E-1,4.994551277E-1,1.095773818E0
7.915113917E0,-4.625327383E-1,-3.429620022E-1,1.585380138E0,1.686709712E0
7.925066917E0,-5.900890169E-1,4.386522710E-1,1.289988744E0,1.484820468E0
7.935020917E0,-6.924962747E-1,4.244306731E-1,1.459681666E0,1.670437983E0
7.944974917E0,-4.593333612E-1,4.209352076E-1,1.467220189E0,1.594022794E0
7.954928917E0,-2.548202694E-1,1.697914481E-1,3.699048024E-1,4.802000296E-1
7.964882917E0,-5.327020670E-1,-4.355935925E-1,3.867243183E-1,7.893471786E-1
7.974835917E0,-4.127093081E-1,-7.527717125E-1,-7.595562369E-2,8.618372706E-1
7.984789917E0,-4.377967868E-1,-1.617521113E-1,8.850696445E-2,4.750402665E-1
7.994743917E0,-5.573760380E-1,1.299543679E-2,2.355100590E-1,6.052288137E-1
8.004697917E0,-1.906550262E-1,-1.008966882E0,5.643375868E-1,1.171682730E0
8.014650917E0,-1.856201532E-1,-7.310376120E-1,5.969162259E-1,9.618626784E-1
8.024604917E0,-1.648376231E-2,-1.080841441E0,9.944195938E-1,1.468795515E0
8.034558917E0,2.513885660E-2,-7.395768857E-1,6.746529114E-1,1.001380289E0
8.044512583E0,2.675550300E-1,-1.733833927E-1,9.634837300E-1,1.014863731E0
8.054465583E0,-2.972169637E-2,4.420506728E-1,6.827062815E-2,4.482778772E-1
8.064419583E0,2.592458305E-2,5.030418098E-2,-1.688681728E-1,1.780984402E-1
8.074373583E0,3.269001758E-1,-5.323386991E-1,2.385108501E-1,6.686820180E-1
8.084327583E0,3.855560080E-1,-4.962958771E-1,1.109641317E0,1.275251695E0
8.094280583E0,3.117369935E-1,-3.218371814E-1,1.036552876E0,1.129247975E0
8.104234583E0,3.886646437E-1,1.214215261E-1,6.573311198E-1,7.732319143E-1
8.114188583E0,4.064492425E-1,2.172913045E-1,3.249122322E-1,5.639011051E-1
8.124142583E0,3.771464328E-1,-5.456914008E-2,5.922223735E-1,7.042333154E-1
8.134095583E0,2.920235993E-1,-1.023566794E-1,1.829751652E-1,3.594921188E-1
8.144049583E0,1.412490415E-1,-6.655417800E-2,-1.193972200E-1,1.965615590E-1
8.154003583E0,1.283031690E-1,7.030399740E-2,-7.712185085E-2,1.653848092E-1
8.163957583E0,2.439777957E-1,-6.133787692E-2,1.334141654E-1,2.847575099E-1
8.173910583E0,1.469925878E-1,-8.265565574E-2,4.658511794E-1,4.954352628E-1
8.183864583E0,-1.091976659E-1,1.495326000E-1,5.314201015E-1,5.627534567E-1
8.193818583E0,-1.481668184E-1,2.438885343E-1,2.262083083E-1,3.641499993E-1
8.203772583E0,8.834247496E-2,-5.469888979E-1,-6.673485696E-2,5.580813457E-1
8.213725583E0,1.363025437E-1,-8.255812418E-1,-1.575611195E-1,8.514624341E-1
8.223679583E0,-1.209305244E-1,-5.848396790E-1,1.291421896E-1,6.110150137E-1
8.233633583E0,-2.231188040E-1,5.865926743E-3,1.417435241E-1,2.644005227E-1
8.243587583E0,-1.861229042E-2,3.813407868E-1,1.308893377E-1,4.036077697E-1
8.253541583E0,-2.136375987E-1,4.444994867E-2,1.187794617E-1,2.484459338E-1
8.263494583E0,-2.799157150E-1,-2.646707082E-1,-8.642038554E-2,3.948061224E-1
8.273448583E0,-1.265386072E-1,-2.736602175E-1,-3.229978538E-1,4.418478780E-1
8.283402583E0,-6.524539755E-2,-2.885893285E-1,1.821030530E-1,3.474223429E-1
8.293356583E0,-1.323116363E-1,-3.731453294E-1,6.481053829E-2,4.011785286E-1
8.303309583E0,9.034641626E-2,-7.534002882E-1,1.327914369E-1,7.703298222E-1
8.313263583E0,3.897481693E-2,-1.816671431E-1,2.878671974E-1,3.426215267E-1
8.323217583E0,-2.566621606E-2,2.971631008E-1,5.132849622E-1,5.936548792E-1
8.333171583E0,3.975567603E-3,3.369446325E-1,1.730238182E0,1.762745488E0
8.343124583E0,-1.377925422E-1,9.888360876E-1,1.507218068E0,1.807896539E0
8.353078583E0,-1.991185968E-1,5.611941236E-1,3.922364885E-1,7.130473497E-1
8.363032583E0,-4.838980258E-2,-3.257618326E-1,-2.629165435E-1,4.214112640E-1
8.372986583E0,-1.591928216E-1,-1.732389665E-1,-1.121801187E0,1.146207659E0
8.382939583E0,-1.145582562E-1,-5.554194134E-1,-7.226945123E-1,9.186412123E-1
8.392893583E0,-1.179439494E-1,-7.605964565E-1,3.116624415E-2,7.703175187E-1
8.402847583E0,4.384121697E-2,1.738909310E-1,-3.386868104E-1,3.832347371E-1
8.412801583E0,-1.634332955E-1,6.913923204E-2,-9.457462013E-2,2.010846445E-1
8.422754583E0,-7.251438196E-2,-3.155970329E-1,2.126521236E-1,3.874025664E-1
8.432708583E0,2.182239354E-2,-1.465651381E-1,-5.429905719E-1,5.628466200E-1
8.442662583E0,-4.791438740E-2,-4.473745626E-1,3.507969788E-1,5.705245903E-1
8.452616583E0,-1.301679009E-1,1.971412146E-1,5.808738050E-1,6.270747310E-1
8.462569583E0,2.978034440E-2,3.646797305E-1,2.943634540E-1,4.696041075E-1
8.472523583E0,3.400063626E-2,1.029788232E-1,3.013502920E-1,3.202696985E-1
8.482477583E0,1.462288867E-1,-5.539242804E-2,3.706026676E-1,4.022406564E-1
8.492431583E0,1.036778578E-1,-3.489501357E-2,2.551227897E-1,2.775867396E-1
8.502385583E0,3.823092319E-1,-8.083424807E-2,-8.234341443E-3,3.908482171E-1
8.512338583E0,2.287770267E-1,1.593991917E-1,-3.831002140E-1,4.738278213E-1
8.522292583E0,1.901807256E-1,9.294734001E-2,-1.172039294E-1,2.419600742E-1
8.532246583E0,2.022991714E-1,1.792920041E-1,1.978113055E-1,3.349625204E-1
8.542200583E0,-1.755701417E-1,4.517055953E-1,1.286808443E-1,5.014195640E-1
8.552153583E0,2.006916074E-2,2.301218498E-1,1.900134587E-1,2.991052515E-1
8.562107583E0,1.042507662E-1,7.082030654E-2,5.279451013E-2,1.366418617E-1
8.572061583E0,-1.348444948E-1,-4.712657011E-1,-2.628498852E-2,4.908821645E-1
8.582015583E0,-1.069288640E-1,-6.537590557E-1,2.415321064E-1,7.051045620E-1
8.591968583E0,-2.229396234E-2,-3.007655704E-1,2.906072026E-1,4.188191678E-1
8.601922583E0,-5.225492176E-3,-1.264232343E-1,4.888321987E-1,5.049426288E-1
8.611876583E0,7.729333872E-2,5.641627550E-2,6.761234862E-1,6.828616440E-1
8.621830583E0,2.109739727E-1,-2.622710109E-2,4.445123506E-1,4.927363471E-1
8.631783583E0,3.698132204E-1,-4.497327447E-2,-5.349208295E-2,3.763586273E-1
8.641737583E0,4.813747329E-1,2.871509135E-2,2.160420468E-1,5.284130543E-1
8.651691583E0,6.272032680E-1,-1.446963680E-1,5.243666053E-1,8.302296761E-1
8.661645583E0,6.221894999E-1,-3.211173892E-1,8.655399442E-2,7.054982249E-1
8.671598583E0,6.415558436E-1,-8.578508556E-2,-4.454993606E-2,6.487971009E-1
8.681552583E0,6.252265437E-1,-1.781494582E-1,1.023346939E0,1.212387899E0
8.691506583E0,5.827780239E-1,-8.374499202E-2,1.135485718E0,1.279050923E0
8.701460583E0,5.053114066E-1,-4.981886208E-2,1.192197570E0,1.295822744E0
8.711414583E0,5.165158046E-1,-3.062180990E-1,8.851035583E-1,1.069563654E0
8.721367583E0,4.891157155E-1,-4.075743198E-1,3.079667088E-1,7.072443023E-1
8.731321583E0,3.368047379E-1,-9.727369487E-1,-3.323066211E-1,1.081703422E0
8.741275583E0,4.101095995E-1,-1.371717616E0,-1.616345823E-2,1.431803184E0
8.751229583E0,3.164005865E-1,-8.209040540E-1,1.153228801E-1,8.872948573E-1
8.761182583E0,1.468066281E-1,-6.622959906E-1,4.593397200E-1,8.192564578E-1
8.771136583E0,1.541825983E-1,-5.882205391E-1,6.544238842E-1,8.933343699E-1
8.781090583E0,9.355550526E-2,-9.404076934E-2,7.361039320E-1,7.479607593E-1
8.791044583E0,1.142198760E-2,4.989779949E-2,6.752665767E-1,6.772039588E-1
8.800997583E0,-1.173053421E-1,3.938982671E-1,1.016149601E-1,4.233698008E-1
8.810951583E0,-1.622069516E-1,-4.351264000E-2,-7.868510395E-2,1.854610217E-1
8.820905583E0,-1.827588914E-1,-4.489556497E-1,-4.084630966E-2,4.864467173E-1
8.830859583E0,-1.424611053E-1,-7.705671287E-1,3.361575973E-1,8.526844648E-1
8.840812583E0,-1.207484019E-1,-3.453207690E-1,3.267070350E-1,4.904733395E-1
8.850766583E0,-5.858056756E-2,-1.019327563E-1,3.514258468E-1,3.705699603E-1
8.860720583E0,-1.135435176E-1,2.592830837E-1,1.407477432E-1,3.161167112E-1
8.870674583E0,7.028079126E-3,2.568711072E-1,4.579784882E-1,5.251442233E-1
8.880627583E0,-1.036267312E-1,5.495721978E-1,7.552544403E-1,9.397751697E-1
8.890581583E0,-1.319567651E-1,1.041773854E0,5.326915786E-1,1.177482768E0
8.900535583E0,1.655491653E-1,3.473292875E-1,5.011666077E-1,6.318323581E-1
8.910489583E0,-1.532163094E-1,-9.020616531E-2,3.861980689E-1,4.251603675E-1
8.920443583E0,-3.232184765E-1,-4.491339898E-1,8.675835460E-2,5.601058261E-1
8.930396583E0,-1.489564849E-1,-4.220216203E-1,-4.506185979E-2,4.498009044E-1
8.940350583E0,-8.092199285E-2,-4.422822225E-1,-1.190054566E-1,4.651066888E-1
8.950304583E0,-4.570704156E-1,-3.015549445E-1,-1.951914605E-1,5.813333430E-1
8.960258583E0,-3.426668639E-1,-5.586318737E-1,3.237369418E-1,7.309553731E-1
8.970211583E0,-2.459477227E-1,-3.264933193E-1,3.583407640E-1,5.435956889E-1
8.980165583E0,-2.532784317E-1,-2.142653704E-2,6.159515440E-1,6.663372758E-1
8.990119583E0,-2.939809364E-1,2.947809452E-1,9.025253373E-1,9.939177940E-1
9.000073583E0,-2.718392849E-1,-6.326102614E-3,9.450524291E-1,9.833924498E-1
9.010026583E0,-3.042253679E-1,-4.851773965E-1,5.700611338E-1,8.080345765E-1
9.019980583E0,-2.931395221E-1,-6.679923481E-1,-2.253718641E-1,7.635031327E-1
9.029934583E0,-3.235982166E-1,-7.300196117E-1,-2.063476557E-1,8.247568092E-1
9.039889417E0,-2.329189933E-1,-6.119894707E-1,1.174661770E-1,6.652673692E-1
9.049842417E0,-3.352631195E-1,-4.353152651E-1,1.738783595E-1,5.763110473E-1
9.059796417E0,-3.164991852E-1,1.409079570E-1,5.844897231E-1,6.794520020E-1
9.069750417E0,-4.465132678E-1,4.389896554E-1,9.017020494E-1,1.097794426E0
9.079704417E0,-2.876985052E-1,2.355287701E-1,4.218801177E-1,5.623407020E-1
9.089658417E0,-3.486561304E-1,9.079614937E-2,-2.503538007E-1,4.387277784E-1
9.099611417E0,-4.396638759E-1,-1.554628462E-1,3.798573482E-1,6.014687234E-1
9.109565417E0,-6.962281139E-1,4.468687785E-1,1.483076084E-1,8.404882144E-1
9.119519417E0,-5.881519439E-1,4.029415709E-1,-2.873684299E-1,7.686775873E-1
9.129473417E0,-5.377031540E-1,-2.207587034E-1,-1.083227690E0,1.229325553E0
9.139426417E0,-6.063244324E-1,-7.177480602E-1,-8.875471097E-1,1.292490413E0
9.149380417E0,-5.563681242E-1,-3.615731049E-1,4.272981477E-1,7.892175282E-1
9.159334417E0,-5.536005274E-1,4.065358543E-1,8.456167263E-1,1.089409286E0
9.169288417E0,-3.995018366E-1,7.887502152E-1,9.265030146E-2,8.889953306E-1
9.179241417E0,-5.981873740E-1,5.885128999E-1,-5.329783845E-1,9.941033780E-1
9.189195417E0,-4.508509516E-1,-2.169387174E-1,-9.019376922E-1,1.031416787E0
9.199149417E0,-4.531998878E-1,-8.859648532E-1,-7.300438777E-1,1.234215509E0
9.209103417E0,-4.938795883E-1,-5.887719315E-1,-8.534329918E-1,1.148441251E0
9.219057417E0,-2.581394048E-1,-1.941749221E-1,4.002945364E-2,3.254876493E-1
9.229010417E0,-3.146521229E-1,-2.810259551E-1,3.145293313E-1,5.262226203E-1
9.238964417E0,-4.552582539E-1,4.533287823E-1,9.808786118E-1,1.172556998E0
9.248918417E0,-4.337782513E-1,5.740474731E-1,1.068426633E0,1.288110842E0
9.258872417E0,-3.246771010E-1,8.281791598E-1,1.561242247E0,1.796878765E0
9.268825417E0,-2.270575068E-1,4.404456121E-1,3.753076297E-1,6.216134373E-1
9.278779417E0,-1.518958984E-1,-5.929573685E-1,1.990199250E-1,6.436456598E-1
9.288733417E0,-2.658382510E-1,-9.811832517E-1,-1.420218515E-1,1.026431077E0
9.298687417E0,-1.173378124E-1,-8.484064329E-1,-7.061313969E-1,1.110037471E0
9.308640417E0,-1.292541090E-1,-7.188929451E-1,-6.861795276E-1,1.002175651E0
9.318594417E0,-8.513482036E-2,-2.248687112E-1,2.150418806E-1,3.225784949E-1
9.328548417E0,-3.362348399E-2,3.123874962E-2,8.208303791E-1,8.221124676E-1
9.338502417E0,-2.447907414E-1,3.424924707E-1,1.318381946E0,1.383963350E0
9.348455417E0,-3.639897591E-1,3.376813817E-1,7.626409355E-1,9.100211298E-1
9.358409417E0,-2.335153910E-1,7.009115875E-2,6.378058049E-1,6.828165589E-1
9.368363417E0,-3.579890540E-1,-5.445892006E-1,2.421045488E-1,6.952324595E-1
9.378317417E0,-3.852260789E-1,-6.550097752E-1,-7.025464690E-1,1.034895395E0
9.388271417E0,-3.291424369E-1,-7.527886695E-1,-4.711165971E-1,9.470883658E-1
9.398224417E0,-2.506950953E-1,-5.549358487E-1,3.887264049E-1,7.224334190E-1
9.408178417E0,-2.217935326E-1,-1.186411750E-1,6.224612492E-1,6.713613828E-1
9.418132417E0,-2.350041104E-1,-7.869416714E-2,3.577776772E-1,4.352293305E-1
9.428086417E0,-2.741373503E-1,-1.153351593E-1,-7.198858023E-2,3.059997410E-1
9.438039417E0,-8.926995300E-2,-1.527023757E-1,7.029665914E-1,7.248787269E-1
9.447993417E0,-1.972310607E-1,-1.696411747E-1,1.177661392E0,1.206053305E0
9.457947417E0,-3.165584613E-1,-6.692723036E-2,6.044187883E-1,6.855731800E-1
9.467901417E0,-4.620036018E-1,-6.325120282E-1,3.948390841E-1,8.771640076E-1
9.477854417E0,-5.965775259E-1,-6.728086996E-1,2.878385460E-1,9.441542878E-1
9.487808417E0,-3.910596632E-1,-3.468661880E-1,6.221139246E-1,8.125697187E-1
9.497762417E0,-3.404838791E-1,1.447296971E-1,2.023573403E0,2.057115766E0
9.507716417E0,-5.179668643E-1,9.579288751E-1,1.966757762E0,2.248122216E0
9.517670417E0,-5.434910204E-1,1.177576607E-1,5.721617460E-2,5.590376075E-1
9.527623417E0,-3.925514341E-1,-1.535779377E0,-7.872688231E-1,1.769889015E0
9.537577417E0,-3.809874323E-1,-2.275225870E0,-6.479095012E-1,2.396161703E0
9.547531417E0,-2.743824583E-1,-1.174023839E0,3.480338770E-1,1.254888556E0
9.557485417E0,-1.182332221E-1,8.948526210E-1,1.387925513E0,1.655619986E0
9.567438417E0,-2.705074902E-1,1.504837666E0,1.423729184E0,2.089190152E0
9.577392417E0,-6.570676296E-1,1.362587773E0,3.930206001E-1,1.562961452E0
9.587346417E0,-3.140667069E-1,3.943882638E-1,8.225588161E-1,9.647709598E-1
9.597300417E0,-5.316768308E-1,1.098859636E0,2.243555596E0,2.554156312E0
9.607253417E0,-1.755746952E0,-4.739337856E-1,-1.739601036E0,2.516639099E0
9.617207417E0,-8.788939615E-1,-2.320663413E0,-3.249248037E0,4.088465003E0
9.627161417E0,-6.710600167E-1,-3.083505201E0,-3.270852329E0,4.544975339E0
9.637115417E0,1.020789367E-1,-2.377017124E0,3.968861943E-1,2.412083988E0
9.647069417E0,-8.126860117E-1,1.114952928E0,2.882636971E0,3.195805765E0
9.657022417E0,-8.232431596E-1,2.651715807E0,2.482984751E0,3.724854265E0
9.666976417E0,-7.943527249E-1,2.445695595E0,5.609374309E-1,2.631933509E0
9.676930417E0,-1.034077165E0,6.498712420E-1,9.015532377E-1,1.518040333E0
9.686884417E0,-3.208119453E-1,-5.225767726E-1,3.989473379E-1,7.315502483E-1
9.696837417E0,-1.073805121E0,-6.458319855E-1,-2.966251570E-1,1.287688967E0
9.706791417E0,-1.189310581E0,2.100542057E-1,-8.949356514E-1,1.503160752E0
9.716745417E0,-8.600969904E-1,-5.340034014E-1,-5.727692717E-1,1.163181458E0
9.726699417E0,-1.385385628E0,-1.996935242E0,-7.598828039E-1,2.546461383E0
9.736652417E0,-7.157569371E-1,-1.261485906E0,-1.584630233E0,2.148187063E0
9.746606417E0,-8.471855342E-1,-8.656761843E-1,2.309106392E-1,1.233060545E0
9.756560417E0,-7.371174737E-1,3.639505827E-1,1.739773821E0,1.924218061E0
9.766514417E0,-8.333904907E-1,1.919453788E-1,2.215912884E0,2.375216337E0
9.776468417E0,-7.763231277E-1,-2.549678385E-2,7.523670852E-1,1.081380560E0
9.786421417E0,-8.591207246E-1,-5.523467016E-1,-1.885767978E-1,1.038622408E0
9.796375417E0,-1.015134086E0,-5.217260027E-1,1.744025624E-1,1.154604473E0
9.806329417E0,-4.294657471E-1,-6.177676892E-1,1.479394384E0,1.659724522E0
9.816283417E0,-3.956121591E-1,-3.072764450E-1,1.894000858E0,1.959124050E0
9.826236417E0,-6.661676513E-1,1.466733116E-1,9.677507356E-1,1.183990661E0
9.836190417E0,-7.186169565E-1,3.013181323E-1,-2.873377320E-1,8.305214743E-1
9.846144417E0,-7.405489122E-1,-3.360026461E-1,-3.142746851E-1,8.718251242E-1
9.856098417E0,-3.245362927E-1,-8.156672877E-1,4.781426114E-1,9.996285742E-1
9.866051417E0,-5.711729453E-1,-3.061216199E-1,3.766293928E-1,7.495323070E-1
9.876005417E0,-7.399337120E-1,-7.369772136E-2,5.705713034E-2,7.457806437E-1
9.885959417E0,-6.162170807E-1,-4.211082852E-1,-5.068547791E-1,9.021959020E-1
9.895913417E0,-9.135153253E-1,-7.803126830E-1,-1.720917428E-1,1.213677758E0
9.905867417E0,-9.626437774E-1,2.989330530E-1,-2.575806668E-1,1.040380609E0
9.915820417E0,-1.092226262E0,1.232385483E0,3.600715399E-1,1.685640443E0
9.925774417E0,-1.466028965E0,1.358621607E0,1.469174913E0,2.480638733E0
9.935728417E0,-1.175350792E0,8.837189376E-1,1.481510199E0,2.087410145E0
9.945682417E0,-1.264385248E0,4.173093492E-1,7.036919385E-1,1.505987879E0
9.955635417E0,-1.462768996E0,3.355986035E-1,-1.514390847E-1,1.508394297E0
9.965589417E0,-1.343926677E0,2.293687284E-2,-1.005785412E0,1.678770177E0
9.975543417E0,-9.090943918E-1,-3.565088314E-1,-4.990370518E-1,1.096626253E0
9.985497417E0,-6.901127303E-1,-6.260841841E-1,-8.851573527E-2,9.359871909E-1
9.995451417E0,-1.007007333E0,-4.651237857E-1,7.686457336E-2,1.111895709E0
1.000540442E1,-8.609096803E-1,2.324344236E-1,2.723761690E-1,9.324054999E-1
1.001535842E1,-9.275971017E-1,6.147353232E-2,6.435615116E-1,1.130657684E0
1.002531242E1,-8.167546505E-1,2.050677001E-1,1.517454203E0,1.735456188E0
1.003526642E1,-7.512679549E-1,1.646137387E-1,1.151032587E0,1.384332778E0
1.004521946E1,-1.021043209E0,-4.097383744E-1,-5.331812829E-2,1.101479729E0
1.005517346E1,-8.777656681E-1,-1.563572947E0,-5.663233012E-1,1.880413521E0
1.006512746E1,-6.514455318E-1,-2.747793161E0,1.412301385E-1,2.827489079E0
1.007508146E1,-6.783213814E-1,-2.411169541E0,8.162558100E-1,2.634413027E0
1.008503446E1,-1.099293938E0,-9.012734485E-1,5.931719613E-1,1.540322683E0
1.009498846E1,-1.539626845E0,2.739373755E-1,4.266496915E-1,1.620963438E0
1.010494246E1,-1.342809566E0,4.331430244E-1,3.387373888E-1,1.451031850E0
1.011489646E1,-1.489338744E0,3.266897857E-2,5.848829484E-1,1.600401581E0
1.012485046E1,-1.754233547E0,1.862729949E-1,6.003497109E-1,1.863451835E0
1.013480346E1,-1.899080773E0,6.552074111E-1,4.692022187E-1,2.062996669E0
1.014475746E1,-1.779504189E0,4.735449457E-1,3.053076875E-1,1.866572463E0
1.015471146E1,-1.616981269E0,1.443578142E-1,7.239203811E-2,1.625025603E0
1.016466546E1,-1.456239995E0,1.912676865E-1,4.818854141E-1,1.545778705E0
1.017461846E1,-1.450636316E0,2.765405560E-1,2.757459193E-1,1.502283666E0
1.018457246E1,-1.353920738E0,9.642117083E-2,-4.964730477E-1,1.445297164E0
1.019452646E1,-1.336638853E0,1.818881679E-1,1.243582901E0,1.834716644E0
1.020448046E1,-1.636345201E0,1.132014518E0,2.476665958E0,3.176941414E0
1.021443446E1,-1.955657993E0,2.315629545E0,1.913843384E0,3.584624789E0
1.022438746E1,-2.205349158E0,1.987518886E0,-2.895134810E-1,2.982886905E0
1.023434146E1,-2.361524633E0,5.538658082E-2,-1.944977469E0,3.059869870E0
1.024429546E1,-2.466221661E0,-2.536208155E0,-3.332612960E0,4.860134795E0
1.025424946E1,-2.057420011E0,-4.667081473E0,-3.191430476E0,6.016631537E0
1.026420246E1,-2.000468130E0,-2.516599517E0,-1.682487187E0,3.628485773E0
1.027415646E1,-2.378703022E0,2.368605904E0,3.302783681E0,4.709235824E0
1.028411046E1,-2.600692418E0,4.839618773E0,5.177810032E0,7.549518373E0
1.029406446E1,-2.557981431E0,2.186558692E0,2.490216003E0,4.186344904E0
1.030401846E1,-3.584048788E0,-6.384715104E-1,-3.987875919E0,5.399648686E0
1.031397146E1,-1.645806727E0,-3.430860216E0,-1.112247421E0,3.964413693E0
1.032392546E1,-1.017649120E0,-2.629876456E0,1.050575083E0,3.009247067E0
1.033387946E1,-1.758747743E0,-7.523360950E-1,4.368139064E-1,1.962144137E0
1.034383346E1,-2.478802530E0,4.936774939E-1,2.228058136E-1,2.537286322E0
1.035378646E1,-1.727180380E0,1.921726601E0,1.537214869E0,3.006528687E0
1.036374046E1,-8.778895560E-1,5.925685287E-2,2.297763378E0,2.460471091E0
1.037369446E1,-3.789323187E0,-8.458699107E-1,-1.206006355E0,4.065577136E0
1.038364846E1,-1.059744249E0,-5.298922241E-1,-1.250883150E0,1.722948721E0
1.039360246E1,-2.057294588E0,-1.721075302E-1,2.958060498E0,3.607243259E0
1.040355546E1,-1.789744272E0,1.138125443E0,2.135118397E0,3.009525653E0
1.041350946E1,-1.750212416E0,-2.458508599E-1,8.663994849E-2,1.769517626E0
1.042346346E1,-2.607321991E0,-2.036667073E-1,-1.397590376E0,2.965276876E0
1.043341746E1,-2.073965438E0,-6.735928112E-1,9.055717367E-1,2.361169220E0
1.044337046E1,-1.376556333E0,-2.191513038E-1,1.650480114E0,2.160328502E0
1.045332446E1,-1.774312301E0,8.721613312E-1,6.755639076E-1,2.089314749E0
1.046327846E1,-2.629128013E0,7.265381795E-1,1.412810093E-1,2.731324250E0
1.047323246E1,-2.216977808E0,3.450588137E-1,8.725566030E-1,2.407366032E0
1.048318646E1,-1.442243661E0,2.622563928E-1,1.090362462E0,1.826947042E0
1.049313946E1,-1.672015555E0,-1.941661513E-1,1.354636145E0,2.160642403E0
1.050309346E1,-2.039148485E0,-7.442336082E-3,8.165981644E-1,2.196591563E0
1.051304746E1,-2.038302978E0,2.507695377E-2,2.923274535E-1,2.059311347E0
1.052300146E1,-1.695311593E0,3.553119063E-2,3.929708987E-1,1.740623449E0
1.053295446E1,-1.002722494E0,4.756493586E-1,1.056014163E0,1.531946678E0
1.054290846E1,-1.762146584E0,8.894614881E-1,1.247868618E0,2.335268381E0
1.055286246E1,-1.792131836E0,8.851257777E-1,1.849872506E0,2.723455976E0
1.056281646E1,-1.457515858E0,2.170620936E-1,1.613034545E0,2.184799503E0
1.057277046E1,-1.385438107E0,-1.038405274E0,1.861980920E0,2.542576884E0
1.058272346E1,-1.333160637E0,-1.164354883E0,9.879958427E-1,2.027110102E0
1.059267746E1,-2.267020034E0,-5.366399109E-1,4.924636120E-1,2.381151536E0
1.060263146E1,-2.335230728E0,8.252847880E-1,3.913251999E-1,2.507495353E0
1.061258546E1,-1.615442867E0,6.730788410E-1,1.302069384E0,2.181301323E0
1.062253846E1,-2.243094543E0,2.013675821E-1,3.034090966E-1,2.272461025E0
1.063249246E1,-2.532026518E0,-7.677768373E-1,-9.122147584E-1,2.798709582E0
1.064244646E1,-2.667315593E0,-1.625980865E0,-7.703735858E-1,3.217430918E0
1.065240046E1,-1.977315641E0,-1.694794992E0,-4.810972095E-2,2.604692257E0
1.066235446E1,-1.869021991E0,-6.794441199E-1,5.997389692E-1,2.077155350E0
1.067230746E1,-2.438108833E0,1.129699021E0,6.827580294E-1,2.772499429E0
1.068226146E1,-2.459693245E0,1.861155294E0,1.391337948E0,3.383756961E0
1.069221546E1,-2.447658798E0,1.180665107E0,2.175099611E0,3.480813411E0
1.070216946E1,-2.198576036E0,6.945030391E-2,1.401350428E0,2.608130164E0
1.071212246E1,-2.492053490E0,-9.427822477E-1,4.696837369E-1,2.705507675E0
1.072207646E1,-2.722891624E0,-7.747654295E-1,4.240827638E-1,2.862559424E0
1.073203046E1,-2.266010951E0,-2.021809298E-1,7.318644083E-1,2.389834360E0
1.074198446E1,-2.743658010E0,5.453411525E-1,1.073364022E0,2.996192012E0
1.075193846E1,-2.853213197E0,9.183625209E-1,1.060303096E0,3.179380116E0
1.076189146E1,-3.033401579E0,1.015822157E0,1.005049247E0,3.353139392E0
1.077184546E1,-3.241464223E0,9.718756539E-1,9.603847057E-1,3.517665615E0
1.078179946E1,-2.651453267E0,3.684617096E-1,1.125124452E0,2.903768842E0
1.079175346E1,-2.334656385E0,5.855875379E-1,1.373706254E0,2.771389917E0
1.080170646E1,-2.166273531E0,6.608903199E-1,8.451606435E-1,2.417398093E0
1.081166046E1,-2.511569157E0,4.304626608E-1,1.350203955E-1,2.551765710E0
1.082161446E1,-2.217991277E0,-1.337082803E-1,-3.886860591E-1,2.255757092E0
1.083156846E1,-2.185210032E0,-2.947511244E-1,3.986941534E-1,2.240753921E0
1.084152246E1,-2.414027806E0,7.334104121E-1,1.588914195E0,2.981621941E0
1.085147546E1,-2.140764176E0,1.519155158E0,1.792856306E0,3.178842146E0
1.086142946E1,-2.686347988E0,1.310675608E0,9.414204311E-1,3.133785010E0
1.087138346E1,-2.820196309E0,2.042876816E-1,2.762724611E-1,2.841050361E0
1.088133746E1,-2.159969648E0,-6.075216132E-1,3.246426755E-1,2.267144516E0
1.089129046E1,-2.234886075E0,-5.778633660E-1,8.742581427E-2,2.310040067E0
1.090124446E1,-2.420204512E0,-3.809659803E-1,4.172856680E-1,2.485287164E0
1.091119846E1,-2.506796660E0,4.309608436E-1,4.663096011E-1,2.585962371E0
1.092115246E1,-2.506817710E0,5.601597512E-1,5.508851901E-1,2.627049385E0
1.093110646E1,-2.577546800E0,7.001988119E-1,9.117946360E-1,2.822303198E0
1.094105946E1,-3.000626766E0,5.534851545E-1,8.418932194E-1,3.165263180E0
1.095101346E1,-3.121289324E0,2.759792233E-1,1.434126703E0,3.446060210E0
1.096096746E1,-2.665377826E0,2.069826633E-1,1.212252058E0,2.935410675E0
1.097092146E1,-2.882505993E0,-4.472201961E-1,8.320622957E-1,3.033343760E0
1.098087446E1,-3.034316669E0,-3.666718769E-1,4.336909086E-1,3.087007242E0
1.099082846E1,-3.172304526E0,2.289594233E-1,4.231898940E-1,3.208586622E0
1.100078246E1,-3.181724390E0,1.791867542E-1,1.148752758E0,3.387493305E0
1.101073646E1,-3.014305158E0,6.702493733E-1,1.214766653E0,3.318271813E0
1.102069046E1,-3.072554535E0,6.158457094E-1,1.399753845E0,3.432079273E0
1.103064346E1,-3.419243845E0,8.082249516E-1,8.034243876E-1,3.604156877E0
1.104059679E1,-3.103573430E0,6.036431551E-1,5.770383239E-1,3.213958046E0
1.105055079E1,-3.315492020E0,1.378036702E-1,2.953241515E-1,3.331470177E0
1.106050479E1,-3.319044788E0,-2.022288769E-1,1.650148576E-1,3.329291926E0
1.107045779E1,-3.151213619E0,2.782549596E-1,5.862549976E-1,3.217338655E0
1.108041179E1,-3.346346315E0,1.015012903E0,1.472563082E0,3.794301897E0
1.109036579E1,-2.932726851E0,1.660437922E0,2.262719553E0,4.059290659E0
1.110031979E1,-2.953723618E0,1.447251363E0,1.897393413E0,3.797251833E0
1.111027379E1,-3.069795234E0,6.030683738E-1,6.372997284E-1,3.192723788E0
1.112022679E1,-2.904322247E0,-4.380693036E-1,-1.520577201E-1,2.941107611E0
1.113018079E1,-2.501378045E0,-1.436221175E0,-9.716838652E-1,3.043647963E0
1.114013479E1,-2.055333139E0,-1.723553937E0,-4.302147388E-1,2.716637114E0
1.115008879E1,-2.261667639E0,-1.002654228E0,-1.710322273E-1,2.479860486E0
1.116004279E1,-2.572510301E0,-1.973043519E-1,8.654370332E-1,2.721345166E0
1.116999579E1,-2.685029733E0,8.220109320E-1,1.491769139E0,3.179695238E0
1.117994979E1,-2.640672755E0,1.184189224E0,1.867492506E0,3.444268424E0
1.118990379E1,-2.779546466E0,6.939457995E-1,1.764345283E0,3.364573317E0
1.119985779E1,-2.415996271E0,-2.372022432E-1,1.544748714E0,2.877420976E0
1.120981079E1,-2.470335762E0,-5.670202893E-1,1.350611506E0,2.871971836E0
1.121976479E1,-2.511091440E0,-1.810181022E-1,1.113593450E0,2.752896319E0
1.122971879E1,-2.544994181E0,1.093446869E-1,1.093319984E0,2.772057039E0
1.123967279E1,-2.946752568E0,5.744000602E-1,2.091113421E0,3.658693956E0
1.124962679E1,-2.742836184E0,1.137476403E0,2.342255719E0,3.781952505E0
1.125957979E1,-2.803223011E0,5.900986648E-1,2.695769899E0,3.933630770E0
1.126953379E1,-2.759321532E0,1.459581971E-1,1.860639569E0,3.331236815E0
1.127948779E1,-2.862572250E0,-3.914664102E-1,1.315681994E-1,2.892209541E0
1.128944179E1,-2.797495079E0,-1.167309482E0,-2.636135316E-1,3.042709687E0
1.129939479E1,-2.112942247E0,-9.022557807E-1,7.896489322E-1,2.429431182E0
1.130934879E1,-2.319137582E0,-1.872512341E-2,1.370865676E0,2.694071725E0
1.131930279E1,-2.611626711E0,4.337990820E-1,1.116470280E0,2.873200587E0
1.132925679E1,-2.595833674E0,4.875718313E-1,9.779634824E-1,2.816467882E0
1.133921079E1,-2.022214656E0,-1.800942421E-3,4.858451486E-2,2.022799005E0
1.134916379E1,-1.877233382E0,-2.774644160E-1,5.963078231E-1,1.989114048E0
1.135911779E1,-2.299429250E0,-5.140983099E-1,3.697115520E-1,2.385028004E0
1.136907179E1,-2.688107708E0,-5.157203275E-1,2.951645225E-1,2.753000654E0
1.137902579E1,-2.411159162E0,-3.338035083E-1,1.083459824E-2,2.434179672E0
1.138897979E1,-2.805220420E0,2.412795067E-2,9.439695248E-1,2.959885509E0
1.139893279E1,-2.419838769E0,1.764624195E0,3.001272591E0,4.239947569E0
1.140888679E1,-2.651387486E0,2.812757481E0,2.542148926E0,4.626443711E0
1.141884079E1,-3.351343053E0,1.623836691E0,6.069339681E-1,3.773157126E0
1.142879479E1,-2.760975709E0,-2.312281430E-2,-1.059071088E0,2.957220502E0
1.143874779E1,-2.803951282E0,-1.663339895E0,-9.848941872E-1,3.405709759E0
1.144870179E1,-2.445403381E0,-1.293637991E0,-5.929649699E-1,2.829329320E0
1.145865579E1,-2.443516776E0,-1.664427477E-1,4.152797806E-1,2.484136615E0
1.146860979E1,-2.640682696E0,9.611179465E-1,7.681343946E-1,2.913242739E0
1.147856379E1,-2.016132675E0,2.006803588E0,1.278993347E0,3.118954245E0
1.148851679E1,-1.957608478E0,1.655252611E0,1.219040383E0,2.838688362E0
1.149847079E1,-1.689985803E0,8.770765007E-1,3.301297027E-1,1.932433912E0
1.150842479E1,-1.854106914E0,1.802872002E-1,-8.544846135E-1,2.049477952E0
1.151837879E1,-1.746400324E0,-1.939755321E-1,-1.081699520E0,2.063398762E0
1.152833279E1,-1.436897260E0,-8.048692346E-3,-5.518450105E-1,1.539243786E0
1.153828579E1,-1.974155806E0,6.437217253E-1,5.768786949E-1,2.155100423E0
1.154823979E1,-2.368328161E0,1.721655346E0,1.336537843E0,3.218603551E0
1.155819379E1,-2.526171409E0,2.189879326E0,2.466124597E0,4.154381299E0
1.156814779E1,-2.482790624E0,2.101109821E0,1.637871763E0,3.641639146E0
1.157810079E1,-2.681609697E0,4.619160032E-1,3.647674388E-1,2.745442085E0
1.158805479E1,-2.926168322E0,-1.574178627E0,-8.549453741E-1,3.430951907E0
1.159800879E1,-2.500400391E0,-3.059981852E0,-1.638699728E0,4.277946686E0
1.160796279E1,-2.073614898E0,-2.465910004E0,9.517659098E-1,3.359531104E0
1.161791679E1,-6.515781905E-1,-1.904739270E0,4.493891331E0,4.924189793E0
1.162786979E1,-1.956617229E0,-1.628100480E0,5.120659931E0,5.718410643E0
1.163782379E1,-4.580504674E0,2.253081295E0,4.515815758E0,6.815422977E0
1.164777779E1,-2.613529980E0,2.682515430E-1,6.860259798E0,7.346132475E0
1.165773179E1,-1.864059021E0,4.462378639E-1,6.991693511E0,7.249663607E0
1.166768579E1,-2.067057099E0,-1.855142017E0,2.194265322E0,3.539643663E0
1.167763879E1,-1.681522689E0,-3.285051708E0,5.840315938E-2,3.690866322E0
1.168759279E1,-2.796941348E0,-2.968393990E0,-6.705586910E-3,4.078515508E0
1.169754679E1,-1.191933568E0,-7.795800269E-2,4.838607498E0,4.983864524E0
1.170750079E1,-1.730443711E0,2.952493656E0,4.809691847E0,5.902947559E0
1.171745379E1,-3.066342453E0,8.990479982E-1,3.013396208E0,4.392186250E0
1.172740779E1,-2.335562850E0,-2.689315742E-1,-1.492229315E0,2.784587285E0
1.173736179E1,-9.004956226E-1,-3.889562590E0,-2.457810441E0,4.688328238E0
1.174731579E1,-2.362072664E0,-3.892310196E0,-9.070551753E-2,4.553865767E0
1.175726979E1,-1.971190683E0,-1.008276325E-1,2.576441676E0,3.245583249E0
1.176722279E1,-2.110953463E0,3.100011891E0,5.619428596E0,6.756047364E0
1.177717679E1,-1.876156325E0,5.646746203E0,7.139280742E0,9.293817017E0
1.178713079E1,2.864363837E-1,3.624396622E-1,5.271478334E0,5.291681409E0
1.179708479E1,-2.321238779E0,-9.271327597E-1,-1.599219621E0,2.967360447E0
1.180703879E1,-1.036566032E0,-3.872153674E0,-7.269357902E-1,4.073877620E0
1.181699179E1,-1.283868317E0,-3.385747193E0,-2.390394384E-1,3.628876102E0
1.182694579E1,-2.872026613E-1,-1.085287664E0,1.990330228E0,2.285114679E0
1.183689979E1,-2.301576494E0,1.168468400E0,3.039564837E0,3.987671897E0
1.184685379E1,-3.473655403E0,2.621714913E0,3.261295640E0,5.438356387E0
1.185680779E1,-1.593552061E0,2.265427691E-1,3.972540719E0,4.286234893E0
1.186676079E1,-6.371016540E-1,-2.192667278E0,2.944901047E0,3.726409865E0
1.187671479E1,-9.051140459E-1,-3.439802948E0,-3.113063461E-1,3.570488397E0
1.188666879E1,-2.466811645E0,-1.916006854E0,1.547293130E0,3.485736362E0
1.189662279E1,-1.707178225E0,-6.396444619E-2,3.428052091E0,3.830155360E0
1.190657579E1,-7.175685507E-1,2.574755339E0,3.716364554E0,4.577732537E0
1.191652979E1,-1.057693776E0,-4.712399733E-1,2.186170729E0,2.473888780E0
1.192648379E1,-9.452689223E-1,-1.363661907E0,-4.309947574E-1,1.714311411E0
1.193643779E1,-3.573348968E-1,-3.719703898E0,-1.061680993E0,3.884720305E0
1.194639179E1,-5.552853660E-1,-3.430870156E0,-6.549489641E-1,3.536689131E0
1.195634479E1,2.847693425E-1,-1.701995253E0,6.920337600E-1,1.859245047E0
1.196629879E1,9.609855071E-2,-3.148702240E-1,2.842190318E0,2.861192757E0
1.197625279E1,-5.515829091E-1,2.416893965E-1,2.274794638E0,2.353157053E0
1.198620679E1,-4.224657894E-1,5.635031891E-1,1.305435333E0,1.483298553E0
1.199616079E1,-5.119982824E-2,-6.245902205E-1,1.112902894E0,1.277218547E0
1.200611379E1,4.436235007E-1,-1.126922763E0,1.942520176E0,2.289135505E0
1.201606779E1,5.247427274E-1,-1.386515749E0,1.930380480E0,2.433957610E0
1.202602179E1,3.861260019E-1,-1.327452439E0,2.251575929E0,2.642123660E0
1.203597579E1,6.823854156E-1,-9.711307186E-1,2.347267075E0,2.630286572E0
1.204592896E1,3.971168670E-1,-2.413601983E-1,2.809014094E0,2.847194537E0
1.205588296E1,-3.533014143E-1,3.607872391E-1,2.411900443E0,2.464194202E0
1.206583696E1,-2.939579496E-1,1.534987664E-1,2.325460177E0,2.348986629E0
1.207579096E1,-5.688642088E-1,-4.609938973E-1,2.628162053E0,2.728251755E0
1.208574496E1,-1.899900699E-1,-7.725721389E-1,2.176906108E0,2.317732543E0
1.209569796E1,-6.595103040E-1,-1.797120681E0,1.131626263E0,2.223774850E0
1.210565196E1,-3.665996638E-1,-2.440481633E0,8.943433285E-1,2.624918266E0
1.211560596E1,2.883723237E-1,-1.391160192E0,9.882250535E-1,1.730628220E0
1.212555996E1,8.541383853E-1,-1.174599205E0,1.567469824E0,2.136866239E0
1.213551396E1,1.493978217E0,-9.872123158E-1,1.580369659E0,2.388331495E0
1.214546696E1,1.222818854E0,-1.045062913E0,1.678097683E0,2.324533130E0
1.215542096E1,1.203848878E0,-6.537561321E-1,1.864288232E0,2.313486506E0
1.216537496E1,1.221922622E0,-4.735735971E-1,2.750974631E0,3.047167253E0
1.217532896E1,9.659935742E-1,-1.007533729E-2,3.185547885E0,3.328807658E0
1.218528296E1,6.944906138E-1,-4.264082015E-2,3.030732325E0,3.109577766E0
1.219523596E1,2.653395566E-1,-7.900488818E-1,2.925358775E0,3.041760391E0
1.220518996E1,1.368584678E-2,-1.615870444E0,2.114348210E0,2.661145044E0
1.221514396E1,-5.103225800E-1,-1.257431447E0,1.618289437E0,2.111971515E0
1.222509796E1,-6.866475973E-1,-1.626163298E0,2.216251438E0,2.833312978E0
1.223505096E1,-2.427146692E-1,-8.589887238E-1,2.470039893E0,2.626379468E0
1.224500496E1,-6.759622492E-1,-8.008510280E-1,2.104718138E0,2.351196668E0
1.225495896E1,-4.913653221E-1,-1.650504672E0,1.848094076E0,2.526075467E0
1.226491296E1,-4.623321423E-1,-1.156094522E0,1.505391690E0,1.953588926E0
1.227486696E1,-2.356722096E-1,-1.435372744E0,1.790149630E0,2.306614837E0
1.228481996E1,1.840315744E-1,-1.957766499E0,1.333762754E0,2.376055633E0
1.229477396E1,1.140555692E-1,-1.562241536E0,8.869600493E-1,1.800084837E0
1.230472796E1,-1.567679081E-1,-2.145742788E0,1.158681038E0,2.443630503E0
1.231468196E1,8.304749228E-2,-1.367685376E0,1.265698825E0,1.865329378E0
1.232463596E1,8.862507820E-2,-8.706135732E-1,1.751162151E0,1.957649426E0
1.233458896E1,3.967166982E-1,-9.457777762E-1,2.350161447E0,2.564203301E0
1.234454296E1,1.939322992E-1,-1.363453746E-1,1.878572395E0,1.893471426E0
1.235449696E1,1.820219595E-1,-1.618673015E-1,1.607160432E0,1.625514586E0
1.236445096E1,1.967638865E-1,-1.815037719E0,1.759106178E0,2.535257875E0
1.237440496E1,-1.222194517E-1,-1.360038972E0,1.362920480E0,1.929299312E0
1.238435796E1,-5.725640710E-1,-9.051419663E-1,1.654934523E0,1.971273667E0
1.239431196E1,-6.057750499E-1,-1.391312805E0,1.982387370E0,2.496512451E0
1.240426596E1,-8.194719978E-1,-1.126178412E0,1.951488928E0,2.397523975E0
1.241421996E1,-6.954632981E-1,-6.175776547E-1,2.174209372E0,2.364795499E0
1.242417396E1,-5.616461134E-1,-5.571256310E-1,2.482138367E0,2.605157615E0
1.243412696E1,-3.427018742E-1,-3.246906227E-1,1.997866704E0,2.052885759E0
1.244408096E1,-2.094353144E-1,-1.017830091E0,2.049190347E0,2.297612309E0
1.245403496E1,3.939821016E-2,-1.482966741E0,1.769558076E0,2.309129350E0
1.246398896E1,5.976892278E-2,-1.544087101E0,1.667548428E0,2.273432441E0
1.247394196E1,1.448680568E-1,-1.567570104E0,1.636828327E0,2.271006331E0
1.248389596E1,-1.303397725E-1,-9.726480711E-1,2.507513528E0,2.692704370E0
1.249384996E1,2.638027256E-1,-9.143308657E-1,3.030483819E0,3.176385522E0
1.250380396E1,8.936369117E-2,-5.533179241E-1,2.296006290E0,2.363427908E0
1.251375796E1,-7.748229515E-2,-9.562115479E-1,2.126550472E0,2.332929690E0
1.252371096E1,-7.341420449E-2,-1.687966613E0,2.340445129E0,2.886573112E0
1.253366496E1,-2.213118865E-1,-1.138601992E0,2.382816685E0,2.650133732E0
1.254361896E1,1.333262744E-1,-9.816194540E-1,2.876007398E0,3.041836814E0
1.255357296E1,-2.246153441E-1,-7.828603148E-1,2.849896656E0,2.963989419E0
1.256352696E1,1.121583670E-2,-1.093084926E0,2.447518465E0,2.680542312E0
1.257347996E1,6.494663224E-2,-1.447649558E0,2.395680559E0,2.799855826E0
1.258343396E1,-5.531791259E-2,-1.366453367E0,2.453770600E0,2.809135994E0
1.259338796E1,-4.104230102E-2,-1.217481515E0,2.453431754E0,2.739210303E0
1.260334196E1,-4.087918563E-1,-1.408601267E0,3.017045163E0,3.354672835E0
1.261329596E1,-4.677301456E-1,-1.409827428E0,2.385452317E0,2.810118792E0
1.262324896E1,-8.655547815E-1,-1.236082678E0,2.329131936E0,2.775237114E0
1.263320296E1,-1.046336656E0,-1.629212621E0,2.497063385E0,3.159822734E0
1.264315696E1,-8.494296956E-1,-1.237567286E0,1.931982032E0,2.446560477E0
1.265311096E1,-1.260457235E0,-7.456831330E-1,2.010166907E0,2.487079968E0
1.266306496E1,-1.258262482E0,-1.216179925E0,2.624057307E0,3.154044203E0
1.267301796E1,-1.146391360E0,-1.095961756E0,2.229652671E0,2.736182807E0
1.268297196E1,-1.008761937E0,-5.609567267E-1,2.059215983E0,2.360644734E0
1.269292596E1,-6.825945997E-1,-5.727067065E-1,2.265085336E0,2.434037785E0
1.270287996E1,-5.878217224E-1,-7.765383053E-1,2.367284433E0,2.559801106E0
1.271283396E1,-2.142843007E-1,-1.057544965E0,2.346990210E0,2.583153530E0
1.272278696E1,6.925387401E-2,-9.896260464E-1,2.428686630E0,2.623485193E0
1.273274096E1,2.803980372E-1,-1.045483328E0,2.553587249E0,2.773529572E0
1.274269496E1,3.456129836E-1,-1.490172265E0,2.627367416E0,3.040250196E0
1.275264896E1,1.872737824E-1,-1.584556265E0,2.521443935E0,2.983884975E0
1.276260296E1,2.267086107E-1,-1.184587419E0,2.791128046E0,3.040565723E0
1.277255596E1,4.181797803E-1,-8.437976575E-1,3.236068413E0,3.370312684E0
1.278250996E1,5.641859246E-1,-9.567313653E-1,2.957381929E0,3.159073999E0
1.279246396E1,7.573538100E-1,-1.045247685E0,2.391332862E0,2.717462120E0
1.280241796E1,9.319183403E-1,-1.052868361E0,1.779013023E0,2.267573795E0
1.281237096E1,8.540619329E-1,-1.121301835E0,1.718866224E0,2.222890165E0
1.282232496E1,7.095861512E-1,-1.959824134E0,1.653835538E0,2.660750858E0
1.283227896E1,1.989149675E-1,-3.022751461E0,1.274099520E-1,3.031967489E0
1.284223296E1,1.558513936E-1,-1.178859487E0,-5.389770430E-1,1.305563326E0
1.285218696E1,-3.481395654E-2,1.517914964E0,1.844570836E0,2.389083384E0
1.286213996E1,-3.749135274E-1,1.687010593E0,3.142952673E0,3.586741752E0
1.287209396E1,-1.050372404E0,-3.555288380E-1,7.176065576E-1,1.320849013E0
1.288204796E1,-1.456781740E0,-7.726908374E-1,-1.324874402E0,2.115314716E0
1.289200196E1,-1.151932255E0,7.171838039E-1,-2.486528456E-1,1.379539331E0
1.290195596E1,-1.413156395E0,5.199981505E-1,1.107831896E0,1.869411828E0
1.291190896E1,-1.095970819E0,-8.514311975E-1,-5.052462101E-2,1.388754787E0
1.292186296E1,-9.970740104E-1,-1.632479460E0,-1.626053663E0,2.510616714E0
1.293181696E1,-7.344257080E-1,-5.603474468E-1,-1.575352163E0,1.826226936E0
1.294177096E1,-5.161456393E-1,1.378997399E0,8.792993197E-1,1.714994881E0
1.295172496E1,2.779886189E-1,1.371477295E0,1.991854304E0,2.434278376E0
1.296167796E1,-1.967780294E-1,-5.965914130E-2,2.491282243E-1,3.230258165E-1
1.297163196E1,-5.752900795E-1,-1.106273321E0,-9.235337985E-1,1.551681028E0
1.298158596E1,6.236168783E-1,-5.017180002E-1,2.383225697E-1,8.351147286E-1
1.299153996E1,1.154100110E0,9.975232959E-2,2.245119726E0,2.526353137E0
1.300149396E1,-5.530018821E-2,-3.890012240E-1,1.691205971E0,1.736248167E0
1.301144696E1,6.370626238E-1,-1.518845256E0,8.241247004E-1,1.841716922E0
1.302140096E1,4.107725275E-1,-4.326284695E-1,1.169383197E0,1.312767505E0
1.303135496E1,7.446068799E-1,-3.832826471E-1,3.517426197E0,3.615747785E0
1.304130904E1,3.538848934E-1,-1.019395391E0,2.629126551E0,2.841954943E0
1.305126304E1,-6.236600746E-1,-1.360479267E0,1.371081439E0,2.029709348E0
1.306121604E1,2.928806732E-1,-1.972905525E0,1.728432854E0,2.639245239E0
1.307117004E1,2.401979180E-1,-2.325346448E0,2.202649937E0,3.211946122E0
1.308112404E1,-1.086715262E-1,-1.155635515E0,1.905281307E0,2.231008696E0
1.309107804E1,5.056387044E-1,-4.950498354E-1,2.714891464E0,2.805598064E0
1.310103204E1,4.315363558E-1,-1.481357002E-1,2.554483627E0,2.594909327E0
1.311098504E1,-5.625752360E-1,7.401405573E-3,1.389249030E0,1.498852409E0
1.312093904E1,3.879822736E-1,-8.731413245E-2,1.322386704E0,1.380891233E0
1.313089304E1,-9.691029042E-1,-1.329218298E-1,5.802651098E-1,1.137337351E0
1.314084704E1,-9.301232450E-1,7.058583319E-1,-2.175471202E-1,1.187725551E0
1.315080104E1,-4.679131269E-1,3.745083153E-2,-1.003428984E-1,4.800145376E-1
1.316075404E1,-8.658228763E-1,3.124483073E-1,-1.039309253E0,1.388321620E0
1.317070804E1,-7.251749743E-1,-3.063765585E-2,-1.274278445E0,1.466493424E0
1.318066204E1,-4.142913088E-2,4.153774291E-1,-1.825586096E0,1.872703761E0
1.319061604E1,-4.096491312E-1,5.873779553E-1,-1.612843341E0,1.764678133E0
1.320057004E1,3.461054653E-1,7.817914438E-1,-1.718508082E0,1.919441816E0
1.321052304E1,6.914009450E-1,7.766751301E-1,-1.773101781E0,2.055516833E0
1.322047704E1,3.296495001E-1,7.976426607E-1,-1.788952998E0,1.986266708E0
1.323043104E1,8.418097503E-2,5.214973766E-1,-1.928901426E0,1.999926665E0
1.324038504E1,6.079149116E-1,3.322078031E-1,-1.736435938E0,1.869527301E0
1.325033904E1,6.511802875E-2,5.733633488E-1,-1.328220763E0,1.448156167E0
1.326029204E1,1.933150160E-1,2.499754858E-1,-5.567128175E-1,6.401465458E-1
1.327024604E1,8.654851265E-2,3.598084152E-2,-3.016157556E-1,3.158438380E-1
1.328020004E1,-2.640759002E-1,-1.640091366E-1,-7.816236287E-2,3.205377246E-1
1.329015404E1,3.755042423E-1,-3.794650000E-1,3.241102865E-1,6.245355075E-1
1.330010804E1,5.016332155E-1,-2.308194226E-1,6.928994402E-1,8.860153063E-1
1.331006104E1,6.083640508E-1,1.904046375E-1,1.146039065E0,1.311398598E0
1.332001504E1,8.864821856E-1,2.495895696E-1,1.490385103E0,1.751968429E0
1.332996904E1,9.377745460E-1,2.231490451E-1,1.381011473E0,1.684164268E0
1.333992304E1,1.050791723E0,-2.004466456E-1,1.471764937E0,1.819459847E0
1.334987604E1,1.099640678E0,-4.846821374E-1,1.185906843E0,1.688342808E0
1.335983004E1,6.342693358E-1,-4.408052158E-1,7.292097723E-1,1.062239954E0
1.336978404E1,5.813347849E-1,-4.791652894E-1,5.617882007E-1,9.397635283E-1
1.337973804E1,5.602978186E-1,-3.073933893E-1,1.799948394E-1,6.639446389E-1
1.338969204E1,4.808180049E-1,1.610568774E-1,-1.870845884E-1,5.404867388E-1
1.339964604E1,5.716792776E-1,3.777634603E-1,-3.956848839E-1,7.912578314E-1
1.340959904E1,6.478986108E-1,6.145686775E-1,-8.338451117E-1,1.221787600E0
1.341955304E1,5.814627658E-1,4.282383800E-1,-9.876941264E-1,1.223530443E0
1.342950704E1,5.957945837E-1,1.735868758E-1,-1.289101136E0,1.430694003E0
1.343946104E1,9.250155560E-1,5.928375006E-2,-1.468517978E0,1.736580950E0
1.344941504E1,7.247986329E-1,-1.633337831E-1,-1.271024469E0,1.472248004E0
1.345936804E1,4.146998830E-1,-7.188099146E-2,-9.519729012E-1,1.040862755E0
1.346932204E1,5.856851133E-1,5.952769589E-1,-6.762875006E-1,1.074591314E0
1.347927604E1,5.134672491E-1,1.020023966E0,-2.380942360E-1,1.166527485E0
1.348923004E1,-2.448003345E-1,1.265991186E0,-1.656940117E-1,1.300044381E0
1.349918404E1,-3.381432386E-1,1.049390438E0,-4.774745670E-1,1.201475386E0
1.350913704E1,-9.490718783E-1,3.004235083E-1,-6.872501528E-1,1.209671231E0
1.351909104E1,-1.364463121E0,1.577461839E-2,-9.717709887E-1,1.675215599E0
1.352904504E1,-9.040903446E-1,-2.681018543E-1,-5.816810131E-1,1.107975973E0
1.353899904E1,-9.909982418E-1,-1.548471344E-1,-5.921574694E-1,1.164777068E0
1.354895304E1,-9.554111371E-1,-1.501974285E-1,-7.261355987E-1,1.209397625E0
1.355890604E1,-7.093029267E-1,-1.492022324E-1,-6.991606387E-1,1.007073754E0
1.356886004E1,-9.381608277E-1,1.925394559E-1,-5.869303510E-1,1.123256167E0
1.357881404E1,-1.169251123E0,3.550762635E-1,-1.006469536E-1,1.226114656E0
1.358876804E1,-1.254582537E0,2.852137309E-1,1.461631420E-1,1.294869831E0
1.359872204E1,-1.392147202E0,-1.010667837E-1,1.177202386E-1,1.400766356E0
1.360867504E1,-1.287957713E0,-4.777116716E-1,1.184783301E-1,1.378796804E0
1.361862904E1,-1.356533274E0,-5.956313002E-1,2.410967812E-1,1.501028590E0
1.362858304E1,-1.343688695E0,-3.409622544E-1,5.359853151E-1,1.486282216E0
1.363853704E1,-9.984707641E-1,-1.578835934E-1,8.396215761E-1,1.314091126E0
1.364849104E1,-8.206722850E-1,1.278101939E-1,5.927328354E-1,1.020377704E0
1.365844404E1,-6.831531550E-1,1.994116884E-1,2.977010447E-1,7.714202270E-1
1.366839804E1,-3.213153905E-1,2.158616602E-1,1.908279759E-1,4.315728825E-1
1.367835204E1,-3.444454408E-1,3.976375616E-1,-3.794579834E-2,5.274449503E-1
1.368830604E1,-3.080376063E-1,3.352442622E-1,-1.874804449E-1,4.923665296E-1
1.369826004E1,-1.167910429E-1,1.382831419E-1,-5.297343493E-1,5.598043013E-1
1.370821304E1,-1.235174605E-1,8.854438663E-3,-8.717110956E-1,8.804630590E-1
1.371816704E1,-2.682863340E-2,7.386670589E-2,-9.201663870E-1,9.235162400E-1
1.372812104E1,5.877613865E-2,4.192944789E-1,-8.615112126E-1,9.599291973E-1
1.373807504E1,-6.193787433E-2,5.820833015E-1,-8.531672359E-1,1.034674636E0
1.374802904E1,-2.197678196E-1,3.846263373E-1,-7.771654192E-1,8.945509503E-1
1.375798204E1,-3.554859341E-1,3.689938062E-1,-8.569176400E-1,9.984160055E-1
1.376793604E1,-2.907924863E-1,2.885840660E-1,-6.173537064E-1,7.409228246E-1
1.377789004E1,-2.657890613E-1,2.732655305E-1,-3.823108399E-1,5.398883714E-1
1.378784404E1,-2.695952332E-1,2.121194422E-1,-2.319947129E-1,4.141229218E-1
1.379779804E1,-1.815792156E-1,6.402233362E-2,-1.186879528E-1,2.261784713E-1
1.380775104E1,-1.420173199E-1,4.856288016E-2,4.949668050E-2,1.580417473E-1
1.381770504E1,-7.317344539E-2,2.180029106E-1,1.863431615E-1,2.959787086E-1
1.382765904E1,-9.459588937E-2,1.142288661E-1,2.609740984E-1,3.001734435E-1
1.383761304E1,-3.185221025E-1,-1.151784539E-2,1.458763361E-2,3.190639272E-1
1.384756704E1,-2.326788372E-1,-2.140630567E-1,-1.318892115E-1,3.425743680E-1
1.385752004E1,-2.723489794E-1,-2.847289968E-1,-1.638085771E-1,4.267057746E-1
1.386747404E1,-3.700081520E-1,-1.278078550E-1,5.605199397E-2,3.954525336E-1
1.387742804E1,-3.337381656E-1,-2.542954087E-2,3.192854565E-1,4.625700244E-1
1.388738204E1,-3.114536228E-1,8.960097849E-2,2.616456512E-1,4.165214776E-1
1.389733604E1,-3.222225130E-1,1.868202943E-1,-1.581379473E-2,3.727992037E-1
1.390728904E1,-1.013457689E-1,1.566276115E-1,-2.150079668E-2,1.877909951E-1
1.391724304E1,-7.572721682E-2,2.557139432E-1,-3.218482912E-2,2.686263117E-1
1.392719704E1,5.496236533E-3,1.830324680E-1,-2.432441711E-2,1.847234966E-1
1.393715104E1,1.607023899E-1,3.553060591E-2,-2.194471729E-1,2.743077538E-1
1.394710504E1,2.489580703E-1,-4.862719953E-2,-3.696922562E-1,4.483492941E-1
1.395705804E1,2.801053110E-1,-4.080888748E-2,-3.383000171E-1,4.411023148E-1
1.396701204E1,3.437520341E-1,1.818934304E-1,-3.532835072E-1,5.254140438E-1
1.397696604E1,1.800851789E-1,3.668648350E-1,-3.884720510E-1,5.638537162E-1
1.398692004E1,4.053282581E-2,3.104298484E-1,-3.973989952E-1,5.059007433E-1
1.399687404E1,-5.527131759E-2,2.123615170E-1,-5.574624306E-1,5.990965648E-1
1.400682704E1,-1.055656314E-1,1.805778068E-1,-5.669825748E-1,6.043357402E-1
1.401678104E1,-1.322868222E-1,1.091546524E-1,-4.127438432E-1,4.469586352E-1
1.402673504E1,-3.680975743E-2,1.327756494E-1,-2.860440356E-1,3.174988529E-1
1.403668904E1,8.637039185E-2,7.586879253E-2,-1.921365827E-1,2.239026232E-1
1.404664279E1,1.965882873E-1,8.302870810E-2,-2.056044745E-1,2.963341374E-1
1.405659579E1,3.672049968E-1,1.500208426E-1,-1.633843616E-1,4.289990821E-1
1.406654979E1,4.316399246E-1,9.090841591E-2,-7.105068684E-2,4.467947679E-1
1.407650379E1,3.439186797E-1,1.278522938E-1,-3.177698582E-2,3.682879908E-1
1.408645779E1,1.710280611E-1,1.712210923E-1,2.817831695E-2,2.436416994E-1
1.409641179E1,-2.858542934E-2,1.290457106E-1,5.720448017E-2,1.440217856E-1
1.410636479E1,-2.757187298E-1,1.009761518E-1,-3.764671326E-2,2.960308704E-1
1.411631879E1,-4.325429539E-1,5.382537425E-2,-1.502184784E-1,4.610381429E-1
1.412627279E1,-5.370721664E-1,3.914360046E-2,-1.975130975E-1,5.735766357E-1
1.413622679E1,-4.905034060E-1,1.401934272E-1,-2.061415413E-1,5.502200681E-1
1.414618079E1,-4.555368371E-1,1.837826657E-1,-2.030463177E-1,5.315239273E-1
1.415613479E1,-3.775543492E-1,2.304329216E-1,-3.466863862E-1,5.619947227E-1
1.416608779E1,-3.050032669E-1,2.399404943E-1,-3.930270320E-1,5.523302287E-1
1.417604179E1,-3.341798497E-1,2.013944793E-1,-3.757362306E-1,5.416766778E-1
1.418599579E1,-5.332979348E-1,1.608036929E-1,-3.880031043E-1,6.788305561E-1
1.419594979E1,-6.843424787E-1,9.343967557E-2,-3.728672943E-1,7.849112180E-1
1.420590379E1,-8.450951546E-1,3.166033387E-2,-4.067179951E-1,9.384070144E-1
1.421585679E1,-9.306386040E-1,6.592618704E-2,-4.056020540E-1,1.017323695E0
1.422581079E1,-8.799396629E-1,1.510639858E-1,-3.073126978E-1,9.442220249E-1
1.423576479E1,-8.880939706E-1,2.183952588E-1,-1.670900345E-1,9.296915990E-1
1.424571879E1,-8.309110520E-1,2.071691895E-1,-1.005621690E-1,8.622325668E-1
1.425567279E1,-6.717432638E-1,6.952222466E-2,-1.040810233E-1,6.833046258E-1
1.426562579E1,-6.031641950E-1,-3.241813302E-2,-1.227570301E-1,6.163824056E-1
1.427557979E1,-4.770675277E-1,-5.770266294E-2,-3.391940564E-2,4.817401264E-1
1.428553379E1,-3.539608341E-1,3.427930176E-2,3.717484295E-2,3.575546273E-1
1.429548779E1,-3.741520006E-1,1.187417471E-1,2.018868148E-2,3.930609430E-1
1.430544179E1,-3.902189798E-1,1.335843194E-1,-2.761347592E-2,4.133740759E-1
1.431539479E1,-3.467665661E-1,1.249661082E-1,-6.742482841E-2,3.747128061E-1
1.432534879E1,-3.192390443E-1,1.369312656E-1,-1.247254953E-1,3.690801919E-1
1.433530279E1,-2.713417234E-1,1.349654317E-1,-1.579011351E-1,3.417232317E-1
1.434525679E1,-1.955141538E-1,1.167472619E-1,-2.279613036E-1,3.222143129E-1
1.435521079E1,-1.224550214E-1,9.758593619E-2,-2.964485711E-1,3.352610960E-1
1.436516379E1,-3.628168076E-2,1.359091723E-1,-3.535828847E-1,3.805371464E-1
1.437511779E1,4.064779669E-2,2.142308718E-1,-3.709982318E-1,4.303333566E-1
1.438507179E1,6.863198608E-2,2.490837854E-1,-3.567485672E-1,4.404799903E-1
1.439502579E1,2.891521230E-2,2.330893117E-1,-3.881159556E-1,4.536526333E-1
1.440497979E1,1.823965833E-2,2.128503442E-1,-4.786808476E-1,5.241882372E-1
1.441493279E1,2.870347001E-2,1.701867199E-1,-4.525838470E-1,4.843754199E-1
1.442488679E1,-8.805175871E-4,1.300531858E-1,-3.646879166E-1,3.871845593E-1
1.443484079E1,1.020587638E-2,1.449203163E-1,-3.250373626E-1,3.560271690E-1
1.444479479E1,3.835985430E-2,1.337053567E-1,-2.857616150E-1,3.178180320E-1
1.445474879E1,8.661517091E-2,1.202327871E-1,-2.402205759E-1,2.822481816E-1
1.446470179E1,1.340425218E-1,9.040672481E-2,-2.051384515E-1,2.611944827E-1
1.447465579E1,1.658497670E-1,5.929310560E-2,-1.319514844E-1,2.200750140E-1
1.448460979E1,1.571842664E-1,1.181272048E-1,-6.047950566E-2,2.057150960E-1
1.449456379E1,1.515495971E-1,1.196702850E-1,-1.227184385E-2,1.934912288E-1
1.450451779E1,1.076188081E-1,1.196720392E-1,-3.370276630E-2,1.644356447E-1
1.451447179E1,4.982763290E-2,1.149854958E-1,-3.253332317E-2,1.294715195E-1
1.452442479E1,2.300594307E-2,1.199988985E-1,-3.941608071E-2,1.283847206E-1
1.453437879E1,-1.233974464E-2,1.274079055E-1,-8.810175240E-2,1.553929292E-1
1.454433279E1,-8.347923607E-2,9.693572581E-2,-1.414412230E-1,1.907116603E-1
1.455428679E1,-8.159219339E-2,8.972493947E-2,-2.133444339E-1,2.454051716E-1
1.456424079E1,-7.330149941E-2,1.084968406E-1,-2.815217990E-1,3.104822016E-1
1.457419379E1,-6.637064852E-2,1.489227355E-1,-3.036801150E-1,3.446805135E-1
1.458414779E1,-8.817462333E-2,1.848778492E-1,-3.517734638E-1,4.070616085E-1
1.459410179E1,-1.253221305E-1,1.775664908E-1,-3.725907210E-1,4.313459637E-1
1.460405579E1,-1.389076976E-1,1.704451668E-1,-3.982526886E-1,4.549198911E-1
1.461400979E1,-2.026468798E-1,1.803100044E-1,-4.189617723E-1,4.991056223E-1
1.462396279E1,-2.420077774E-1,1.888334906E-1,-3.832826471E-1,4.910513609E-1
1.463391679E1,-2.673906136E-1,1.735658258E-1,-3.242433107E-1,4.547049160E-1
1.464387079E1,-2.860850392E-1,1.858291912E-1,-2.892693597E-1,4.472738539E-1
1.465382479E1,-2.845213475E-1,1.654627544E-1,-2.769849443E-1,4.301755219E-1
1.466377879E1,-2.729901997E-1,1.174150139E-1,-2.365222120E-1,3.798061234E-1
1.467373179E1,-2.556529129E-1,1.099481195E-1,-1.747808772E-1,3.286264687E-1
1.468368579E1,-2.481874803E-1,9.873666823E-2,-1.204807091E-1,2.930214264E-1
1.469363979E1,-2.607851603E-1,1.186967236E-1,-1.057685298E-1,3.054255947E-1
1.470359379E1,-2.519394924E-1,1.034430921E-1,-1.011305183E-1,2.905191266E-1
1.471354779E1,-2.744435982E-1,7.842344105E-2,-7.264112949E-2,2.945271777E-1
1.472350179E1,-2.802316108E-1,8.784038186E-2,-8.756263912E-2,3.064521238E-1
1.473345479E1,-2.818587448E-1,7.990337133E-2,-8.453027308E-2,3.049168212E-1
1.474340879E1,-2.935653821E-1,7.566998720E-2,-7.897220224E-2,3.132781341E-1
1.475336279E1,-2.729388173E-1,9.287074149E-2,-1.227807114E-1,3.133618925E-1
1.476331679E1,-2.605375307E-1,1.329645145E-1,-1.701253241E-1,3.383814311E-1
1.477327079E1,-2.542268501E-1,1.585542691E-1,-2.123773044E-1,3.672531375E-1
1.478322379E1,-2.476368919E-1,2.033462799E-1,-2.419367337E-1,4.015060683E-1
1.479317779E1,-2.812019563E-1,1.953285778E-1,-2.891658640E-1,4.481569930E-1
1.480313179E1,-3.093098143E-1,1.869232053E-1,-3.301583540E-1,4.895072876E-1
1.481308579E1,-2.877568312E-1,1.638951159E-1,-3.713771313E-1,4.975807237E-1
1.482303979E1,-2.707906964E-1,1.372838527E-1,-3.922242093E-1,4.959982740E-1