"Time (s)","Linear Acceleration x (m/s^2)","Linear Acceleration y (m/s^2)","Linear Acceleration z (m/s^2)","Absolute acceleration (m/s^2)"
1.206083340E-3,-1.850431792E-1,1.058053672E-2,4.623393416E-3,1.854030790E-1
1.116008335E-2,-1.652990323E-1,5.211155534E-2,1.874558866E-2,1.743295195E-1
2.111408336E-2,-1.678241524E-1,6.034677386E-2,1.096148282E-2,1.786808142E-1
3.106808336E-2,-1.542613895E-1,5.883585334E-2,1.549746037E-2,1.658264310E-1
4.102108337E-2,-1.379154982E-1,3.669829488E-2,1.325271428E-2,1.433285872E-1
5.097508337E-2,-1.242562562E-1,2.933372676E-2,-4.761972427E-3,1.277605617E-1
6.092908338E-2,-1.218610905E-1,1.538168550E-2,3.184393644E-3,1.228692882E-1
7.088208338E-2,-1.298156427E-1,1.250544012E-2,9.945529103E-3,1.307952624E-1
8.083608339E-2,-1.460007356E-1,2.289184928E-3,8.486648798E-3,1.462650962E-1
9.079008340E-2,-1.349642622E-1,1.769952178E-2,-7.192075253E-4,1.361217926E-1
1.007440834E-1,-1.351309079E-1,2.138151348E-2,-1.285510361E-3,1.368180687E-1
1.106970834E-1,-1.263567223E-1,3.314611137E-2,8.641892374E-3,1.309174101E-1
1.206510834E-1,-1.335172226E-1,4.147196174E-2,1.064953387E-2,1.402147813E-1
1.306050834E-1,-1.222201096E-1,4.035163522E-2,-1.271857113E-2,1.293358871E-1
1.405590833E-1,-1.164040303E-1,3.299116015E-2,-1.930750608E-3,1.210043087E-1
1.505120833E-1,-1.307994367E-1,3.217664301E-2,-1.171548128E-2,1.352075497E-1
1.604660833E-1,-1.360242163E-1,4.346410811E-2,9.566629529E-3,1.431196580E-1
1.704200833E-1,-1.312221904E-1,4.761153817E-2,1.919816315E-2,1.409066758E-1
1.803730833E-1,-1.304801787E-1,3.687254190E-2,3.331772715E-2,1.396235379E-1
1.903270833E-1,-1.434532499E-1,1.791645348E-2,3.830569446E-2,1.495565460E-1
2.002810834E-1,-1.511993489E-1,5.077722073E-3,1.439759910E-2,1.519681454E-1
2.102350834E-1,-1.293583904E-1,-5.717407465E-3,1.547641039E-2,1.304062928E-1
2.201880834E-1,-1.420559116E-1,-8.839235902E-3,2.022785783E-2,1.437608442E-1
2.301420834E-1,-1.499869287E-1,5.193496943E-3,3.943800777E-2,1.551721871E-1
2.400960834E-1,-1.314271353E-1,2.327016413E-2,3.643750906E-2,1.383556450E-1
2.500490834E-1,-1.398889334E-1,2.482026100E-2,2.693402946E-2,1.446042911E-1
2.600030834E-1,-1.285720861E-1,2.267374814E-2,2.151775360E-2,1.323173983E-1
2.699570834E-1,-1.319802819E-1,2.446825862E-2,2.389669329E-2,1.363398051E-1
2.799110834E-1,-1.399620236E-1,2.269889116E-2,1.144241631E-2,1.422516665E-1
2.898640834E-1,-1.468319173E-1,1.876956224E-2,2.647414595E-2,1.503754927E-1
2.998180834E-1,-1.540149294E-1,1.317903936E-2,-1.568924904E-2,1.553719347E-1
3.097720834E-1,-1.382161912E-1,1.276037872E-2,-7.910990417E-3,1.390292291E-1
3.197250834E-1,-1.426659223E-1,2.302282691E-2,4.032532275E-3,1.445678985E-1
3.296790834E-1,-1.268832640E-1,3.579490006E-2,3.820863068E-3,1.318910026E-1
3.396330833E-1,-1.131658423E-1,3.744615376E-2,2.496176362E-3,1.192264786E-1
3.495870417E-1,-9.793691531E-2,4.508671045E-2,-1.581087112E-3,1.078283389E-1
3.595400417E-1,-8.403501391E-2,3.351799428E-2,-2.365783453E-3,9.050379238E-2
3.694940417E-1,-9.254622102E-2,2.417765200E-2,-3.493038923E-2,1.018307123E-1
3.794480417E-1,-8.797486782E-2,1.911864102E-2,-2.557104349E-2,9.358941216E-2
3.894010417E-1,-7.419108018E-2,4.416109622E-2,-3.557972252E-2,9.338327180E-2
3.993550417E-1,-5.790599987E-2,7.791648746E-2,-3.785721302E-2,1.041981402E-1
4.093090417E-1,-3.954778925E-2,9.313678980E-2,-4.078432918E-2,1.090956037E-1
4.192630417E-1,-3.001375794E-3,1.203690273E-1,-5.818476588E-2,1.337279999E-1
4.292160417E-1,3.373682633E-2,1.244082838E-1,-9.497983217E-2,1.601148433E-1
4.391700417E-1,5.156761810E-2,9.559963703E-2,-1.008785033E-1,1.482396110E-1
4.491240417E-1,6.035262108E-2,7.664647222E-2,-1.026162958E-1,1.415882225E-1
4.590770417E-1,5.148502618E-2,7.981157005E-2,-9.475003660E-2,1.341572364E-1
4.690310417E-1,3.437110305E-2,7.103197575E-2,-1.048069552E-1,1.311922717E-1
4.789850417E-1,2.843003958E-2,6.028771698E-2,-8.312167883E-2,1.065461846E-1
4.889390417E-1,1.227082059E-2,5.881363392E-2,-6.175069034E-2,8.615546605E-2
4.988920417E-1,-5.249776393E-3,4.743553698E-2,-3.019151330E-2,5.647315996E-2
5.088460417E-1,-2.372990146E-2,3.393723965E-2,2.889986336E-3,4.151140180E-2
5.188000418E-1,-1.869778767E-2,5.040299892E-3,1.147223711E-3,1.939917547E-2
5.287530418E-1,-3.377892628E-2,-1.639442325E-2,8.705334663E-3,3.854316834E-2
5.387070418E-1,-3.556525066E-2,-1.182073116E-2,4.165117890E-2,5.603068305E-2
5.486610417E-1,-5.385431796E-2,9.180713296E-3,7.194618791E-2,9.033729582E-2
5.586150417E-1,-4.789775938E-2,1.911045492E-2,8.981060117E-2,1.035632605E-1
5.685680417E-1,-5.620416775E-2,1.516007602E-2,8.844030619E-2,1.058792904E-1
5.785220417E-1,-7.697961733E-2,-4.516974092E-3,8.630987316E-2,1.157396161E-1
5.884760417E-1,-1.075340965E-1,-1.447361290E-2,1.063710853E-1,1.519469486E-1
5.984290417E-1,-1.315209831E-1,-2.945067108E-2,1.077790949E-1,1.725730116E-1
6.083830417E-1,-1.561267975E-1,-3.007456899E-2,1.249479818E-1,2.022178399E-1
6.183370417E-1,-1.838541479E-1,-3.999261618E-2,1.012766987E-1,2.136790274E-1
6.282910417E-1,-2.098597857E-1,-2.800290048E-2,1.144873130E-1,2.406919960E-1
6.382440417E-1,-2.019068415E-1,-2.907352567E-2,1.221483350E-1,2.377642915E-1
6.481980417E-1,-2.288195287E-1,-3.777359784E-2,1.397262347E-1,2.707556870E-1
6.581520417E-1,-2.624744940E-1,-3.479561090E-2,1.205239785E-1,2.909117115E-1
6.681060417E-1,-2.933094934E-1,-6.951111495E-2,9.982512742E-2,3.175331637E-1
6.780590417E-1,-3.266696128E-1,-6.437725961E-2,9.651297212E-2,3.466586524E-1
6.880130417E-1,-3.695000289E-1,-4.814480424E-2,9.755611539E-2,3.851822805E-1
6.979670417E-1,-3.847726639E-1,-4.195318758E-2,1.189224261E-1,4.049106275E-1
7.079200418E-1,-3.992782903E-1,-3.497570515E-2,1.262320304E-1,4.202153954E-1
7.178740418E-1,-4.150188486E-1,-1.075419903E-2,1.183195782E-1,4.316894950E-1
7.278280417E-1,-4.072590087E-1,-1.415377021E-2,1.015152651E-1,4.199590200E-1
7.377820417E-1,-3.916672620E-1,-1.457535446E-2,9.665535182E-2,4.036804951E-1
7.477350417E-1,-3.822456434E-1,-1.733991802E-2,8.695102036E-2,3.923937877E-1
7.576890417E-1,-3.965748301E-1,-2.891389668E-2,8.686097324E-2,4.070042235E-1
7.676430417E-1,-3.838274615E-1,-2.788244784E-2,8.141867727E-2,3.933572830E-1
7.775960417E-1,-3.879132034E-1,-2.980793595E-2,6.224565715E-2,3.940046805E-1
7.875500417E-1,-3.862034775E-1,-2.111312628E-2,6.605482578E-2,3.923800838E-1
7.975040417E-1,-3.904411009E-1,-5.798099041E-3,7.256920874E-2,3.971701918E-1
8.074580417E-1,-3.540053460E-1,6.260029078E-3,6.320313871E-2,3.596576285E-1
8.174110417E-1,-3.251775496E-1,1.864092350E-3,6.777419955E-2,3.321705220E-1
8.273650417E-1,-3.068362959E-1,3.763267994E-3,3.630770087E-2,3.089998767E-1
8.373190417E-1,-2.778172955E-1,1.584069192E-2,1.121320546E-2,2.784943683E-1
8.472720417E-1,-2.427645533E-1,2.615342617E-2,1.033436894E-2,2.443878663E-1
8.572260417E-1,-2.266601519E-1,4.991943419E-2,1.865671098E-2,2.328408195E-1
8.671800417E-1,-1.896288581E-1,6.878255188E-2,1.434322000E-2,2.022272762E-1
8.771340417E-1,-1.664800237E-1,6.985142291E-2,-1.352694869E-2,1.810463971E-1
8.870870417E-1,-1.273779385E-1,3.888339937E-2,-2.774503827E-2,1.360398659E-1
8.970410418E-1,-1.025106074E-1,2.335670292E-2,-4.130648553E-2,1.129609930E-1
9.069950418E-1,-5.632228151E-2,-2.081024051E-3,-3.720495611E-2,6.753324230E-2
9.169480418E-1,-1.164019838E-2,-3.911202550E-3,-4.158978313E-2,4.336475279E-2
9.269020417E-1,3.624265060E-2,-5.570057631E-3,-4.768609017E-2,6.015412255E-2
9.368560417E-1,3.449886471E-2,5.371427715E-2,-8.004224271E-2,1.023824001E-1
9.468100417E-1,-3.870710582E-3,1.120724130E-1,-1.397461152E-1,1.791764071E-1
9.567630417E-1,3.953653336E-2,1.262443095E-1,-1.091923669E-1,1.715334841E-1
9.667170417E-1,-2.404667437E-3,1.065888941E-1,-1.437488267E-1,1.789712266E-1
9.766710417E-1,1.382679391E-1,1.366231173E-1,-6.081396639E-2,2.036718873E-1
9.866240417E-1,1.988219967E-1,1.095756519E-1,-1.341146618E-2,2.274134501E-1
9.965780417E-1,2.354163574E-1,6.254006445E-2,-1.225848296E-1,2.726887629E-1
1.006532042E0,2.328450443E-1,2.547573388E-2,-1.983232293E-1,3.069168143E-1
1.016486042E0,3.078200899E-1,4.028731585E-2,-1.558908623E-1,3.473877323E-1
1.026439042E0,2.675906615E-1,1.183803892E-1,-7.637457669E-2,3.024099116E-1
1.036393042E0,2.618896262E-1,1.079156274E-1,-5.807162225E-2,2.891440338E-1
1.046347042E0,1.785181251E-1,8.395783067E-2,-7.714933276E-2,2.118245922E-1
1.056300042E0,1.978374718E-1,6.127063394E-2,-6.742599785E-2,2.178073025E-1
1.066254042E0,1.209540412E-1,9.471436858E-2,-6.030876696E-2,1.650389017E-1
1.076208042E0,3.319844395E-2,7.908710003E-2,-5.251559794E-2,1.005723327E-1
1.086162042E0,-1.147749960E-2,7.786737084E-2,-1.076115721E-1,1.333240822E-1
1.096115042E0,-2.712102342E-1,-9.138613343E-3,-1.080036280E-1,2.920672680E-1
1.106069042E0,-5.849794275E-1,-1.024338627E-1,-8.441245168E-2,5.998492217E-1
1.116023042E0,-4.903290859E-1,8.313278854E-2,-1.397624874E-1,5.165919336E-1
1.125976042E0,-2.083544201E-1,6.066018462E-2,5.790409952E-2,2.245976560E-1
1.135930042E0,-2.538130134E-2,1.565416574E-1,-1.173296446E-1,1.972707441E-1
1.145884042E0,-3.523269027E-2,4.179472804E-2,-4.627895772E-2,7.162320632E-2
1.155838042E0,-4.635106851E-1,1.230745339E-1,-9.674130589E-2,4.892324360E-1
1.165791042E0,-4.693253025E-1,1.185113668E-2,4.140004098E-2,4.712967775E-1
1.175745042E0,-2.374457797E-1,5.235187590E-2,-3.121272951E-2,2.451437368E-1
1.185699042E0,-2.077696985E-1,-1.278201342E-2,-7.010168374E-2,2.196494333E-1
1.195652042E0,-4.190728694E-2,2.716207087E-2,-6.241961181E-2,7.993876864E-2
1.205606042E0,-1.137207431E-1,1.697388232E-2,2.086695850E-2,1.168586755E-1
1.215560042E0,-2.103503671E-1,1.992497206E-2,-4.060306549E-3,2.113309432E-1
1.225514042E0,-1.575690132E-1,7.293582916E-2,-6.321074009E-2,1.847788591E-1
1.235467042E0,-3.561816797E-2,5.343770385E-3,-4.181168497E-2,5.518538548E-2
1.245421042E0,-1.627970088E-1,-8.497758508E-3,-5.385227144E-2,1.716832697E-1
1.255375042E0,-8.126738057E-2,1.107871950E-2,-1.016643691E-1,1.306245349E-1
1.265328042E0,-1.026297444E-1,7.583897173E-2,-7.930695534E-2,1.502464883E-1
1.275282042E0,-3.079757720E-2,1.167127633E-1,9.069031477E-3,1.210479542E-1
1.285236042E0,-5.941735893E-2,1.230178159E-1,-3.898981869E-2,1.420704457E-1
1.295190042E0,-1.234114797E-1,9.433722317E-2,-1.379638839E-1,2.077593277E-1
1.305143042E0,-1.085246149E-1,3.602001786E-2,-8.700423002E-2,1.436828792E-1
1.315097042E0,-2.038943101E-1,3.252162874E-2,-1.156205034E-1,2.366403323E-1
1.325051042E0,-1.397101548E-1,7.289606810E-2,-1.805865777E-1,2.396753557E-1
1.335004042E0,-1.016927281E-1,3.781160474E-2,-7.957358837E-2,1.345477029E-1
1.344958042E0,-2.927525461E-2,2.470758516E-1,-1.058854741E-1,2.703983184E-1
1.354912417E0,-1.920810342E-2,1.193785089E-1,-9.412175328E-2,1.532288617E-1
1.364866417E0,-5.450920612E-2,1.170425463E-1,-2.574453038E-1,2.880074576E-1
1.374819417E0,1.414894626E-2,7.604187012E-2,-1.592383933E-1,1.770294456E-1
1.384773417E0,-3.788966507E-2,1.107655603E-1,-1.350239038E-1,1.787067169E-1
1.394727417E0,-5.686358750E-2,1.146954739E-1,-1.696721649E-1,2.125492010E-1
1.404680417E0,-2.111387180E-1,1.357185531E-1,-2.476465398E-1,3.526016060E-1
1.414634417E0,-1.951604703E-1,1.070555019E-1,-2.444294018E-1,3.305967666E-1
1.424588417E0,-1.410205159E-1,8.658790827E-2,-2.055986273E-1,2.639224267E-1
1.434541417E0,-2.655800964E-1,1.255841589E-1,-2.141133428E-1,3.635226157E-1
1.444495417E0,-1.926847592E-1,1.406810850E-1,-2.030612281E-1,3.132929084E-1
1.454449417E0,-2.950217043E-1,1.221986210E-1,-1.844586039E-1,3.687753863E-1
1.464403417E0,-2.464823592E-1,1.072502142E-1,-2.550412211E-1,3.705430964E-1
1.474356417E0,-2.076602094E-1,1.106953937E-1,-3.101462585E-1,3.893159827E-1
1.484310417E0,-1.516234182E-1,1.877418154E-1,-3.027308196E-1,3.871467413E-1
1.494264417E0,-1.463100533E-1,1.812297714E-1,-2.085339296E-1,3.126295916E-1
1.504217417E0,-1.871417449E-1,2.376039469E-1,-2.183467269E-1,3.730321185E-1
1.514171417E0,-1.055406345E-1,1.825594282E-1,-2.213580430E-1,3.057223472E-1
1.524125417E0,-1.506444481E-1,1.403594881E-1,-2.501801383E-1,3.240133289E-1
1.534079417E0,-1.205861051E-1,9.639427364E-2,-2.421039641E-1,2.871361945E-1
1.544032417E0,-3.700015739E-2,1.203830606E-1,-2.313538581E-1,2.634116561E-1
1.553986417E0,-8.240919560E-2,1.194954532E-1,-1.617252141E-1,2.173142511E-1
1.563940417E0,-4.315318242E-2,1.258899683E-1,-1.283855599E-1,1.849143944E-1
1.573893417E0,-1.751372650E-2,8.695394397E-2,-9.300581217E-2,1.285215938E-1
1.583847417E0,-3.802780554E-2,7.991681993E-2,-7.281362236E-2,1.146064383E-1
1.593801417E0,1.118835479E-2,4.438621402E-2,-4.391288191E-2,6.343229836E-2
1.603755417E0,-2.170924991E-3,-5.390548110E-3,-6.171443760E-3,8.476888718E-3
1.613708417E0,-3.531338185E-2,-7.370532274E-2,3.581858128E-2,8.923273112E-2
1.623662417E0,-1.128581326E-1,-1.242071396E-1,1.672069788E-2,1.686533526E-1
1.633616417E0,-9.425974756E-2,-1.169063061E-1,5.454107344E-2,1.597708144E-1
1.643569417E0,-5.624349028E-2,-1.904613554E-2,1.176307762E-1,1.317690593E-1
1.653523417E0,-7.777030706E-2,8.169554293E-2,1.592725995E-1,1.951669628E-1
1.663477417E0,-9.629194736E-2,9.888050973E-2,2.075635841E-1,2.492631858E-1
1.673431417E0,-1.262193127E-1,8.928522885E-2,2.225564298E-1,2.709880651E-1
1.683384417E0,-2.070580924E-1,1.008410811E-2,1.903549361E-1,2.814422579E-1
1.693338417E0,-2.238888641E-1,-6.850188553E-2,1.362372011E-1,2.708861509E-1
1.703292417E0,-2.413036264E-1,-9.484534621E-2,5.756349921E-2,2.655873421E-1
1.713245417E0,-3.175073183E-1,-1.105269939E-1,8.877359748E-2,3.477180828E-1
1.723199417E0,-4.168909809E-1,-7.078288436E-2,8.500506699E-2,4.313167839E-1
1.733153417E0,-3.920180950E-1,-1.467241824E-2,8.226798534E-2,4.008260072E-1
1.743107417E0,-3.929863939E-1,-1.528579116E-2,9.541194141E-2,4.046917342E-1
1.753060417E0,-3.695326272E-1,-1.351350009E-2,1.044710326E-1,3.842540486E-1
1.763014417E0,-3.977540673E-1,-2.308129907E-2,6.276869059E-2,4.033372695E-1
1.772968417E0,-4.427897608E-1,-2.349937499E-2,2.896652162E-2,4.443580227E-1
1.782921417E0,-4.485561387E-1,-1.851170003E-2,1.486596107E-2,4.491840262E-1
1.792875417E0,-4.190781319E-1,7.466309667E-3,4.092904776E-2,4.211382355E-1
1.802829417E0,-3.752207986E-1,5.127774239E-2,1.624970466E-2,3.790568657E-1
1.812783417E0,-3.355872014E-1,4.753903270E-2,5.589938164E-3,3.389837412E-1
1.822736417E0,-3.314980973E-1,6.159924746E-2,2.881215513E-2,3.384015309E-1
1.832690417E0,-2.923865104E-1,3.644452572E-2,3.590892076E-2,2.968291183E-1
1.842644417E0,-2.743042883E-1,2.972432077E-2,2.446708918E-2,2.769928091E-1
1.852597417E0,-2.317409438E-1,-1.548635066E-2,1.927885473E-2,2.330565732E-1
1.862551417E0,-1.900119969E-1,-1.102258623E-2,2.703694046E-2,1.922421716E-1
1.872505417E0,-2.001364508E-1,-8.790704012E-3,7.241074920E-2,2.130145348E-1
1.882459417E0,-2.439986081E-1,4.353252053E-3,1.428308138E-1,2.827629979E-1
1.892412417E0,-2.881116110E-1,1.076472402E-2,2.648198122E-1,3.914763244E-1
1.902366417E0,-3.474797072E-1,5.818564296E-3,3.021384966E-1,4.605037174E-1
1.912320417E0,-3.931178100E-1,-4.941949725E-2,3.468965936E-1,5.266128995E-1
1.922273417E0,-3.499577571E-1,-1.194258714E-1,4.100441837E-1,5.521496203E-1
1.932227417E0,-2.578296120E-1,-1.766169029E-1,4.825958508E-1,5.749507757E-1
1.942181417E0,-1.757089765E-1,-2.358065128E-1,5.322509909E-1,6.080867317E-1
1.952134417E0,-2.006444277E-1,-3.064017016E-1,5.892660213E-1,6.938116696E-1
1.962088417E0,-3.467846194E-1,-3.513463247E-1,6.333268377E-1,8.029985651E-1
1.972042417E0,-5.090949936E-1,-3.605539352E-1,6.299486089E-1,8.865732358E-1
1.981996417E0,-6.197886331E-1,-3.490185481E-1,6.280479714E-1,9.488920651E-1
1.991949417E0,-5.686101472E-1,-3.679319519E-1,6.237985075E-1,9.207692429E-1
2.001903417E0,-4.252516222E-1,-2.696268082E-1,5.750075859E-1,7.643109849E-1
2.011857417E0,-6.117767783E-1,-2.163002014E-1,4.216918373E-1,7.738737683E-1
2.021810417E0,-7.112841095E-1,-2.586691260E-1,8.674309337E-1,1.151204250E0
2.031764417E0,-3.900617628E-1,-1.576374257E-1,6.477144966E-1,7.723547150E-1
2.041718417E0,-5.011898504E-1,-3.488653511E-1,4.868175405E-1,7.809542990E-1
2.051672417E0,-5.469291101E-1,-2.474910039E-1,3.797102907E-1,7.103260895E-1
2.061625417E0,-5.513269472E-1,-1.970844966E-1,4.394185486E-1,7.320466942E-1
2.071579417E0,-3.764327802E-1,-1.488917452E-1,4.738039774E-1,6.231858461E-1
2.081533417E0,-3.093410969E-1,-1.020076007E-1,4.213866127E-1,5.326012975E-1
2.091486417E0,-4.470367397E-1,-2.987015033E-1,3.290011901E-1,6.303223126E-1
2.101440417E0,-5.126768517E-1,-2.973543048E-1,3.007907134E-1,6.646293630E-1
2.111394417E0,-7.189490783E-1,-1.225213873E-1,3.024750039E-1,7.895507555E-1
2.121348417E0,-6.524805620E-1,1.176091415E-1,4.366025296E-1,7.938416485E-1
2.131301417E0,-2.725306816E-1,-1.481520724E-1,1.764888489E-1,3.568897908E-1
2.141255417E0,1.259791383E-1,-3.527455634E-1,-3.571052474E-1,5.175174717E-1
2.151209417E0,2.698722450E-1,-1.230523145E-1,-6.607339069E-1,7.242528540E-1
2.161162417E0,5.418272683E-1,1.337310845E-1,-4.627533245E-1,7.249837453E-1
2.171116417E0,5.690855259E-1,3.434748030E-1,-2.784011400E-1,7.206528088E-1
2.181070417E0,5.492650728E-1,5.068009847E-1,-5.038127652E-1,9.013138525E-1
2.191024417E0,5.653361450E-1,6.256526595E-1,-1.218338717E0,1.481686687E0
2.200977417E0,7.837012906E-1,6.537444377E-1,-1.606571032E0,1.903323405E0
2.210931417E0,8.231233647E-1,7.419648886E-1,-1.537080675E0,1.894903948E0
2.220885417E0,5.750527556E-1,1.238042080E0,-1.318069997E0,1.897562220E0
2.230838417E0,7.735620725E-1,1.091879815E0,-1.682343346E0,2.149622977E0
2.240792417E0,5.784507188E-1,4.115282071E-1,-1.875283044E0,2.005155154E0
2.250746417E0,7.108945388E-1,6.011855704E-1,-2.585127130E0,2.747667632E0
2.260699417E0,1.284894357E0,9.730602998E-1,-2.067328702E0,2.621382807E0
2.270653417E0,8.459245822E-1,1.501041654E0,-1.910396451E0,2.572611328E0
2.280607417E0,9.480194525E-1,1.244360581E0,-1.904280848E0,2.464439020E0
2.290561417E0,5.378077461E-1,1.037222382E0,-2.522402294E0,2.779852653E0
2.300514417E0,5.348413074E-1,1.194420682E0,-3.023254906E0,3.294353687E0
2.310468417E0,3.226895593E-1,1.253716711E0,-2.591364940E0,2.896740650E0
2.320422417E0,2.744580701E-2,1.363382995E0,-2.064046075E0,2.473833597E0
2.330375417E0,-3.573704186E-1,1.296895475E0,-2.099624044E0,2.493606347E0
2.340329417E0,-3.510102560E-1,1.275396432E0,-2.575750535E0,2.895571632E0
2.350282542E0,-2.564050841E-1,1.084115297E0,-2.724014874E0,2.943009782E0
2.360236542E0,-8.014500752E-2,1.286308506E0,-2.623553570E0,2.923020035E0
2.370189542E0,-2.908112705E-3,1.274720494E0,-2.195900788E0,2.539074845E0
2.380143542E0,-1.802510937E-1,1.513263504E0,-2.297056742E0,2.756615056E0
2.390097542E0,8.497729272E-2,1.267404458E0,-2.230244409E0,2.566617487E0
2.400050542E0,1.388058829E-1,1.016639013E0,-2.296798003E0,2.515572106E0
2.410004542E0,4.364215583E-3,7.799805611E-1,-2.453315687E0,2.574324490E0
2.419958542E0,1.055505748E-1,7.889712399E-1,-2.174893789E0,2.315983492E0
2.429912542E0,2.189270630E-2,1.044825516E0,-1.972671636E0,2.232391775E0
2.439865542E0,5.406847224E-2,1.031148879E0,-1.675484562E0,1.968105670E0
2.449819542E0,4.451748401E-2,9.309398818E-1,-1.672417113E0,1.914578248E0
2.459773542E0,1.378337833E-1,6.182003832E-1,-1.732554848E0,1.844699479E0
2.469726542E0,1.794640584E-1,4.763229579E-1,-1.569663700E0,1.650131824E0
2.479680542E0,3.433715996E-1,7.102297103E-1,-1.363576537E0,1.575332114E0
2.489634542E0,3.348581998E-1,7.586499184E-1,-1.246833661E0,1.497422416E0
2.499588542E0,2.407323535E-1,5.046106178E-1,-1.069176831E0,1.206533479E0
2.509541542E0,1.570642523E-1,3.544845253E-1,-1.100021770E0,1.166351728E0
2.519495542E0,1.864614214E-1,2.627446353E-1,-1.100963172E0,1.147136658E0
2.529449542E0,2.221944872E-1,3.711543524E-1,-9.161575359E-1,1.013148841E0
2.539402542E0,3.212928057E-2,4.096734703E-1,-7.952075878E-1,8.951087926E-1
2.549356542E0,-2.482429558E-1,2.499123359E-1,-7.678543130E-1,8.447964173E-1
2.559310542E0,-4.362994976E-1,3.170757937E-1,-8.699528378E-1,1.023578161E0
2.569263542E0,-5.987360255E-1,3.587676108E-1,-1.059769538E0,1.268980102E0
2.579217542E0,-5.124195743E-1,1.479813337E-1,-5.469058675E-1,7.639229824E-1
2.589171542E0,-4.529435970E-1,2.998306006E-1,-3.681287107E-1,6.561821689E-1
2.599125542E0,-7.140637296E-1,-6.405566275E-2,-4.246265548E-1,8.332453714E-1
2.609078542E0,-1.213856680E0,1.447846609E-1,-5.627459747E-1,1.345768803E0
2.619032542E0,-1.266613037E0,7.042386532E-2,-9.480342168E-1,1.583678308E0
2.628986542E0,-1.304921655E0,-2.225216389E-2,-1.273437030E0,1.823446614E0
2.638940542E0,-1.087052938E0,4.179402637E-1,-1.221679232E0,1.687856125E0
2.648893542E0,-8.535844347E-1,9.232800293E-1,-1.253983929E0,1.775817584E0
2.658847542E0,-7.366733046E-1,1.040579268E0,-8.620903793E-1,1.539055747E0
2.668801542E0,-7.764008957E-1,7.042468393E-1,-1.048063997E0,1.482295552E0
2.678754542E0,-1.138449818E0,1.738599408E-1,-1.437201753E0,1.841695997E0
2.688708542E0,-1.432141865E0,1.115952802E-1,-1.744688113E0,2.259960274E0
2.698662542E0,-6.022661358E-1,5.509498018E-1,-1.808901943E0,1.984539348E0
2.708615542E0,6.523226872E-2,1.194679129E0,-1.438344884E0,1.870922092E0
2.718569542E0,9.174162953E-1,1.640044588E0,-1.193985064E0,2.226431953E0
2.728523542E0,1.201176262E0,1.221586846E0,-1.604861307E0,2.347483471E0
2.738477542E0,1.534733164E0,9.085321820E-1,-1.797590212E0,2.532225737E0
2.748430542E0,1.461685799E0,8.273003232E-1,-1.364135239E0,2.163750483E0
2.758384542E0,8.303571014E-1,1.197854751E0,-9.154196173E-1,1.721145548E0
2.768338542E0,3.681829436E-1,1.347128904E0,-8.483020601E-1,1.633992457E0
2.778291542E0,-4.671662182E-1,1.750521880E0,-1.311559707E0,2.236685046E0
2.788245542E0,-3.177074392E-1,1.960752672E0,-1.623352834E0,2.565299881E0
2.798199542E0,-2.906747380E-1,1.406377571E0,-1.494587497E0,2.072723200E0
2.808153542E0,-5.612021635E-1,8.680267650E-1,-1.464199517E0,1.792288637E0
2.818106542E0,-8.091727853E-2,6.607885784E-1,-1.386101766E0,1.537682431E0
2.828060542E0,1.535341421E-1,6.333095884E-1,-1.296305491E0,1.450883073E0
2.838014542E0,8.333773345E-2,9.844114995E-1,-1.731114679E0,1.993180677E0
2.847967542E0,8.237437543E-1,1.003075227E0,-2.000130161E0,2.384372946E0
2.857921542E0,2.567199567E-1,1.031148294E0,-2.009046580E0,2.272760459E0
2.867875542E0,-2.400559768E-2,5.776031649E-1,-1.081966738E0,1.226724788E0
2.877829542E0,-5.923688462E-1,8.592360610E-1,-1.275386200E0,1.647967663E0
2.887782542E0,-2.955571631E-1,5.605257869E-1,-1.840076081E0,1.946130309E0
2.897736542E0,-2.012364583E-1,4.378880399E-1,-2.257520501E0,2.308384903E0
2.907690542E0,-2.230804134E-1,1.012147767E0,-1.928725718E0,2.189564081E0
2.917643542E0,-3.285107549E-1,1.282309595E0,-1.389211608E0,1.918891895E0
2.927597542E0,-5.277335782E-1,5.388636070E-1,-8.039143842E-1,1.102340716E0
2.937551542E0,-4.610923498E-1,-3.162203461E-1,-3.344493333E-1,6.515042739E-1
2.947505542E0,-5.854547330E-1,-3.584764194E-1,-8.307858485E-1,1.077714115E0
2.957458542E0,-5.094046037E-1,-3.546114099E-1,-9.751559418E-1,1.155928810E0
2.967412542E0,-7.098531497E-1,9.311924815E-2,-1.049985099E0,1.270838856E0
2.977366542E0,-5.541697904E-1,2.710283858E-1,-6.602073652E-1,9.035675445E-1
2.987319542E0,-5.394617041E-1,6.577474415E-2,-2.792688668E-1,6.110125589E-1
2.997273542E0,-4.573075933E-1,-9.660921729E-1,1.710722807E-1,1.082464802E0
3.007227542E0,1.404278128E0,-1.380882542E0,-2.162735966E-1,1.981314696E0
3.017180542E0,1.638512617E0,2.574412107E-1,5.378239721E-1,1.743632473E0
3.027134542E0,3.504679998E-1,8.590664917E-1,2.900619498E-1,9.720900117E-1
3.037088542E0,2.867105450E-1,1.251526344E0,-6.425879502E-1,1.435771709E0
3.047042542E0,5.980451039E-1,8.737318933E-2,-2.744148007E-1,6.637736839E-1
3.056995542E0,-8.504912576E-1,-8.272167081E-1,-8.441020051E-1,1.456066982E0
3.066949542E0,-1.175466201E0,-1.097762699E0,-4.455063772E-1,1.668915715E0
3.076903542E0,-6.228296969E-1,3.782961416E-1,-1.762537909E-1,7.497267508E-1
3.086856542E0,-8.714345223E-1,3.299946320E-1,-1.344055023E0,1.635475004E0
3.096810542E0,-1.263845550E0,8.081109309E-1,-8.616287416E-1,1.729957496E0
3.106764542E0,-7.857723013E-1,7.485547006E-1,1.073551717E-1,1.090549120E0
3.116718542E0,-1.184250912E0,1.242198865E0,-5.307108343E-1,1.796430414E0
3.126671542E0,-1.303301392E0,1.039427367E0,-1.236906258E0,2.075798849E0
3.136625542E0,-2.820034634E-1,1.511534482E-1,-9.110324514E-1,9.655845099E-1
3.146579542E0,1.462485114E-1,-1.574526536E-1,-1.379849046E0,1.396482494E0
3.156532542E0,2.324074533E-1,2.340634578E-1,-1.340315144E0,1.380305623E0
3.166486542E0,3.731875024E-1,1.715473670E0,-1.310474756E0,2.190767653E0
3.176440542E0,2.786313010E-1,1.894984360E0,-6.229816514E-1,2.014126923E0
3.186394542E0,-6.153326894E-1,1.076529120E0,-1.307577168E0,1.802028667E0
3.196347542E0,-1.117447642E0,2.208054811E-1,-1.879358261E0,2.197596816E0
3.206301542E0,-1.419002441E0,-4.982938707E-2,-1.454755387E0,2.032821716E0
3.216255542E0,-1.846925802E0,3.418557090E-1,-9.893623370E-1,2.122931482E0
3.226208542E0,-1.454255742E0,5.950869244E-1,-1.189089775E0,1.970513310E0
3.236162542E0,-6.514590535E-1,1.175990843E0,-1.277821273E0,1.854772375E0
3.246116542E0,-6.222588625E-2,4.259708297E-1,-1.091048341E0,1.172906514E0
3.256070542E0,-3.897025976E-1,7.426952058E-1,-1.385660301E0,1.619727988E0
3.266023542E0,-3.132594623E-2,6.926845551E-1,-1.742880739E0,1.875746912E0
3.275977542E0,-3.519543986E-1,7.502410376E-1,-1.727614244E0,1.916085720E0
3.285931542E0,-9.124939629E-1,4.780981725E-1,-1.142495652E0,1.538349574E0
3.295884542E0,-4.076483968E-1,5.992612517E-1,-7.697666448E-1,1.057275721E0
3.305838542E0,-6.749582823E-1,4.211772823E-1,-1.473904141E0,1.674918626E0
3.315792542E0,-9.323793932E-1,1.735172939E-1,-1.625703707E0,1.882113739E0
3.325746542E0,-1.109843704E0,5.970907652E-1,-1.433002283E0,1.908341157E0
3.335699542E0,-1.335494115E0,6.503653318E-1,-1.284222804E0,1.963605817E0
3.345653542E0,-1.275407688E0,1.209293075E0,-1.455355604E0,2.281910262E0
3.355607917E0,-6.950005641E-1,6.283295149E-1,-1.497252658E0,1.766235909E0
3.365560917E0,1.501852955E-1,2.636193788E-1,-1.458701965E0,1.489920207E0
3.375514917E0,2.283787948E-1,4.451730859E-1,-1.623492582E0,1.698841992E0
3.385468917E0,2.136091666E-1,8.481099790E-1,-1.592434219E0,1.816801077E0
3.395422917E0,9.452579588E-2,1.653365715E0,-1.758363289E0,2.415449186E0
3.405375917E0,-1.925683631E-1,1.618864219E0,-1.940792617E0,2.534655778E0
3.415329917E0,7.846524864E-3,8.814180583E-1,-1.889739992E0,2.085204210E0
3.425283917E0,4.301061999E-2,9.603946459E-1,-1.979892363E0,2.200950149E0
3.435236917E0,-5.845025139E-1,1.176068026E0,-2.061632345E0,2.444403223E0
3.445190917E0,-1.074410746E0,1.209779563E0,-2.253532115E0,2.774226385E0
3.455144917E0,-5.402673043E-1,1.182012305E0,-1.981590102E0,2.369755511E0
3.465097917E0,6.900668297E-2,1.084779541E0,-2.053021443E0,2.323016491E0
3.475051917E0,3.643200902E-1,8.300549465E-1,-2.142096464E0,2.326004644E0
3.485005917E0,2.420070099E-1,9.100945580E-1,-2.304615438E0,2.489596717E0
3.494959917E0,2.442318938E-1,7.831573534E-1,-1.472279492E0,1.685405459E0
3.504912917E0,-9.911160266E-2,6.095523512E-1,-9.909004471E-1,1.167587630E0
3.514866917E0,-7.035432000E-2,4.627708662E-1,-1.281462334E0,1.364277214E0
3.524820917E0,-5.270552281E-1,5.737083346E-1,-1.518722464E0,1.706882067E0
3.534773917E0,-7.734779457E-1,8.130027115E-1,-1.132938378E0,1.594613091E0
3.544727917E0,-8.089173350E-1,7.483816230E-1,-6.922553694E-1,1.301399172E0
3.554681917E0,-3.073501930E-1,4.689221370E-1,-7.339349073E-1,9.235867907E-1
3.564635917E0,-9.960887181E-2,3.062654614E-1,-1.036092700E0,1.084992416E0
3.574588917E0,1.522024022E-1,3.265471137E-1,-8.028747493E-1,8.800036657E-1
3.584542917E0,3.666340893E-1,3.730523586E-3,-4.157879037E-1,5.543591373E-1
3.594496917E0,2.122678153E-1,-1.921044230E-2,-4.846511471E-1,5.294463154E-1
3.604449917E0,2.463305874E-1,-2.622189707E-1,-2.875119790E-1,4.605439012E-1
3.614403917E0,5.791147432E-1,-9.846594214E-2,-1.006289442E0,1.165198639E0
3.624357917E0,9.102239276E-1,2.140110165E-1,-9.343113863E-1,1.321834362E0
3.634311917E0,1.053449282E0,1.590588838E-1,-7.127758804E-1,1.281836407E0
3.644264917E0,1.340724595E0,-3.950554311E-2,-8.026727280E-1,1.563133595E0
3.654218917E0,1.605749352E0,1.115847552E-1,-6.599126655E-1,1.739645615E0
3.664172917E0,1.186495219E0,4.325998181E-1,-1.841910937E-1,1.276260110E0
3.674125917E0,1.136256966E0,1.564305604E-1,5.578272969E-2,1.148330146E0
3.684079917E0,1.043837702E0,1.383591557E-1,2.213030791E-1,1.075971867E0
3.694033917E0,7.325486787E-1,3.761209774E-1,1.729404661E-1,8.414291183E-1
3.703987917E0,4.930234829E-1,-1.110586812E0,-1.358308196E-3,1.215103727E0
3.713940917E0,5.993950067E-1,-1.201212807E0,-1.191856970E0,1.795190692E0
3.723894917E0,1.550327542E0,1.236678509E0,2.556224343E-1,1.999557964E0
3.733848917E0,1.677848884E0,1.665046113E0,1.169868223E0,2.637450870E0
3.743801917E0,1.432609496E0,1.082319617E-1,3.432227880E-1,1.477120851E0
3.753755917E0,6.323147578E-1,-2.523005726E0,1.468829343E-1,2.605178390E0
3.763709917E0,2.172671847E-2,-4.068903126E0,9.918140745E-1,4.188095015E0
3.773663917E0,5.718803488E-1,-2.534620636E0,2.190971586E0,3.398779985E0
3.783616917E0,5.657548787E-1,2.989687210E-1,3.183028319E0,3.246710668E0
3.793570917E0,2.457304072E-1,4.315525818E-1,3.371774102E0,3.408149301E0
3.803524917E0,-2.097275473E-1,1.083752185E-1,2.818807011E0,2.828675272E0
3.813477917E0,4.099416382E-1,-7.296126455E-1,3.091168562E0,3.202453721E0
3.823431917E0,1.662574933E0,-1.269826959E0,2.580626528E0,3.322085067E0
3.833385917E0,2.611536080E0,-1.581895198E0,1.612863221E0,3.453091496E0
3.843339917E0,3.410552251E0,-1.475695728E0,1.173041507E0,3.896866808E0
3.853292917E0,3.751235301E0,-6.695880532E-1,7.577982715E-1,3.885147702E0
3.863246917E0,3.780166740E0,2.091087109E-1,1.286307337E0,3.998496417E0
3.873200917E0,3.267957373E0,8.876032430E-1,1.813963293E0,3.841594426E0
3.883153917E0,2.212470043E0,6.102429074E-1,1.321889690E0,2.648549122E0
3.893107917E0,6.820171872E-1,-4.668264949E-1,6.585806698E-1,1.056788966E0
3.903061917E0,-9.510921644E-1,-1.263037173E0,6.890996271E-1,1.724731139E0
3.913015917E0,-2.028652294E0,-1.452164778E0,7.640451443E-1,2.609210159E0
3.922968917E0,-2.480008226E0,-1.084448588E0,6.838839108E-1,2.791803493E0
3.932922917E0,-2.798193529E0,-5.481255966E-1,7.480535942E-1,2.947865817E0
3.942876917E0,-2.260283310E0,6.952573299E-2,5.737551123E-1,2.333004372E0
3.952829917E0,-1.515281232E0,1.829420115E0,-1.149676326E0,2.639054911E0
3.962783917E0,-1.815911293E0,1.474353792E0,-1.292509478E0,2.672420940E0
3.972737917E0,-7.522733105E-1,1.242102971E0,1.095066547E-2,1.452189671E0
3.982691917E0,5.529650812E-1,-7.782000840E-2,-1.719727519E-1,5.842952697E-1
3.992644917E0,4.042678656E-1,-2.285600585E0,-1.179116179E0,2.603404983E0
4.002598917E0,7.303725643E-1,-2.118429859E0,-1.015662528E0,2.460235664E0
4.012552917E0,-4.543024168E-1,-5.701099581E-1,-5.553276122E-2,7.310950265E-1
4.022505917E0,-1.366512278E0,1.082781547E-1,1.145796406E0,1.786597148E0
4.032459917E0,-1.592222550E0,1.026014439E0,1.415913795E0,2.364886922E0
4.042413917E0,-1.367771476E0,7.810810071E-1,5.879267165E-1,1.681232933E0
4.052367917E0,-2.627213342E0,-7.216101462E-1,1.309293911E0,3.022783765E0
4.062320917E0,-2.445248429E0,-1.293380713E0,1.364938354E0,3.084660477E0
4.072274917E0,-2.122256861E0,-8.825775611E-1,-1.494200411E-1,2.303311461E0
4.082228917E0,-2.387033112E0,-2.036304545E-1,-3.874979049E-1,2.426838904E0
4.092181917E0,-1.582047079E0,-4.451239693E-1,5.890280396E-1,1.745841442E0
4.102135917E0,-1.437749345E0,-3.783335638E-1,1.272732148E0,1.957065810E0
4.112089917E0,-1.327298219E0,1.800457102E-1,4.778104895E-1,1.422125129E0
4.122043917E0,-1.031387957E0,5.211886436E-1,2.468685678E-1,1.181669501E0
4.131996917E0,-1.089242355E0,1.425130177E-1,7.658794159E-1,1.339152773E0
4.141950917E0,-1.156613828E0,1.948233783E-2,4.604644319E-1,1.245055260E0
4.151904917E0,-8.777824058E-1,-5.715360940E-2,-1.100197479E-1,8.864946880E-1
4.161857917E0,-7.911059853E-1,-2.153751719E-1,2.288044721E-2,8.202186656E-1
4.171811917E0,-6.396114982E-1,-1.165502107E-1,-2.005831781E-1,6.803825627E-1
4.181765917E0,-5.102665564E-1,-4.926904839E-1,-2.963889295E-1,7.687407034E-1
4.191719917E0,-3.499498999E-1,-1.847386855E-1,2.102951109E-2,3.962771186E-1
4.201672917E0,-1.415896327E-1,3.592693019E-1,-1.976008058E-2,3.866684835E-1
4.211626917E0,-3.365483375E-1,6.655534744E-2,1.074969667E-1,3.595135541E-1
4.221580917E0,-5.164792230E-1,-1.150439680E-1,-2.893319249E-2,5.299273837E-1
4.231533917E0,-4.990287561E-1,7.111091316E-2,-3.747129679E-2,5.054607397E-1
4.241487917E0,-6.137969913E-1,6.718860090E-2,-4.062250748E-1,7.391074793E-1
4.251441917E0,-6.750340768E-1,-3.403968287E-1,-7.228713906E-1,1.045984729E0
4.261395917E0,-7.380368753E-1,-5.401950181E-2,-2.603782672E-1,7.844828729E-1
4.271348917E0,-8.276422392E-1,1.122940224E-1,2.008278841E-1,8.590305365E-1
4.281302917E0,-1.095467813E0,6.420400661E-1,-4.244143009E-1,1.338802702E0
4.291256917E0,-1.126220732E0,6.951801467E-1,-8.364254880E-1,1.565648802E0
4.301209917E0,-1.070095794E0,2.618061572E-1,-6.041512781E-1,1.256441896E0
4.311163917E0,-1.043994188E0,-8.270594180E-2,-9.902084291E-2,1.051935961E0
4.321117917E0,-1.045926035E0,1.017006218E-1,-2.909287995E-1,1.090387020E0
4.331071917E0,-1.426718134E0,-2.509624958E-1,-5.766249257E-1,1.559167442E0
4.341024917E0,-1.166242730E0,-3.160238796E-1,-3.612833753E-1,1.261157752E0
4.350978917E0,-8.746196468E-1,-7.141672254E-2,-2.271675441E-1,9.064573724E-1
4.360932833E0,-9.641255350E-1,4.444375062E-1,1.127772948E-1,1.067605481E0
4.370885833E0,-8.803162236E-1,7.863668901E-1,-6.441643596E-2,1.182150167E0
4.380839833E0,-6.807862021E-1,3.542067826E-1,-7.172045615E-1,1.050387872E0
4.390793833E0,-5.372980151E-1,2.782976443E-1,-1.304491008E0,1.437997053E0
4.400747833E0,-4.582232307E-1,5.726113969E-1,-1.380614154E0,1.563313079E0
4.410700833E0,-5.115065315E-1,1.026326680E0,-1.438110411E0,1.839333287E0
4.420654833E0,-5.094012050E-1,1.382811538E0,-1.282047640E0,1.953280187E0
4.430608833E0,-5.551115210E-1,1.246431080E0,-1.689936540E0,2.172009380E0
4.440561833E0,-1.077187955E-1,7.764102513E-1,-2.370284347E0,2.496530413E0
4.450515833E0,3.163106125E-2,3.583091891E-1,-2.566781783E0,2.591863176E0
4.460469833E0,1.537845856E-1,4.937692952E-1,-2.787405416E0,2.834975621E0
4.470423833E0,6.395571922E-1,7.101104271E-1,-2.108342242E0,2.314821209E0
4.480376833E0,6.300648223E-1,9.535364467E-1,-1.613621313E0,1.977368751E0
4.490330833E0,3.937430236E-1,1.249980340E0,-1.341317064E0,1.875264218E0
4.500284833E0,2.596862127E-1,1.537497289E0,-1.330699983E0,2.049901775E0
4.510237833E0,3.301531281E-1,1.279204139E0,-1.325312651E0,1.871314495E0
4.520191833E0,2.823187196E-1,8.805520856E-1,-1.223790661E0,1.533864211E0
4.530145833E0,3.982501670E-1,4.180753344E-1,-1.559128771E0,1.662610209E0
4.540099833E0,4.676261017E-1,1.284276599E-1,-1.726703247E0,1.793508277E0
4.550052833E0,-5.181987064E-2,3.441945952E-1,-1.883223855E0,1.915120703E0
4.560006833E0,-1.850270811E-1,2.794261569E-1,-2.275052500E0,2.299603852E0
4.569960833E0,-3.890905768E-1,6.632841700E-1,-2.085912031E0,2.223143353E0
4.579913833E0,-3.486283927E-1,1.071756622E0,-1.029023708E0,1.526136890E0
4.589867833E0,-6.184138796E-1,1.202828978E0,-1.083835216E0,1.733185521E0
4.599821833E0,-8.920523163E-1,9.497860426E-1,-1.949699095E0,2.345032500E0
4.609775833E0,-1.511686656E0,7.363158935E-1,-1.749751802E0,2.426723925E0
4.619728833E0,-1.720351856E0,6.031256765E-1,-1.607287901E0,2.430379700E0
4.629682833E0,-1.574165617E0,8.142019755E-1,-1.519831974E0,2.334697298E0
4.639636833E0,-1.854500724E0,1.109308611E0,-1.974504446E0,2.927184028E0
4.649589833E0,-1.504803314E0,7.296488982E-1,-1.677595991E0,2.368786364E0
4.659543833E0,-1.326865525E0,8.310337704E-1,-1.078304334E0,1.901033794E0
4.669497833E0,-1.146277632E0,8.032144725E-1,-7.299120229E-1,1.578568167E0
4.679451833E0,-1.274755870E0,7.145350152E-1,-1.045942335E0,1.797097155E0
4.689404833E0,-1.200887337E0,3.917435682E-1,-1.326197042E0,1.831499935E0
4.699358833E0,-1.153691170E0,7.969111741E-2,-1.109122669E0,1.602344247E0
4.709312833E0,-1.001322159E0,4.552700579E-2,-6.537245572E-1,1.196693181E0
4.719265833E0,-1.015147608E0,1.343877268E-1,-5.453999171E-1,1.160192138E0
4.729219833E0,-1.144867722E0,1.713789672E-1,-4.297072005E-1,1.234804085E0
4.739173833E0,-1.182159801E0,1.679905057E-3,1.134693128E-1,1.187594166E0
4.749127833E0,-1.545749611E0,5.225188851E-2,3.330173501E-1,1.582078593E0
4.759080833E0,-1.894398615E0,-9.966988385E-2,2.058193597E-1,1.908151411E0
4.769034833E0,-2.018364995E0,-2.164820498E-1,1.953572291E-1,2.039320029E0
4.778988833E0,-2.097739778E0,-5.480601078E-1,1.625245285E-1,2.174234643E0
4.788942833E0,-1.887176719E0,-5.707016963E-1,2.916944924E-1,1.993043419E0
4.798895833E0,-1.875180571E0,-3.810010636E-1,-3.902753323E-2,1.913893188E0
4.808849833E0,-1.984164193E0,-7.961101055E-2,-1.072572309E-1,1.988655216E0
4.818803833E0,-1.898906672E0,3.407687116E-1,2.209136546E-1,1.941847756E0
4.828756833E0,-1.920582300E0,3.295666158E-1,6.933131307E-1,2.068316616E0
4.838710833E0,-1.944552522E0,1.543676627E-1,7.549989170E-1,2.091682876E0
4.848664833E0,-1.607413031E0,-5.091556585E-1,1.097805968E-1,1.689694623E0
4.858618833E0,-1.078446495E0,-1.009236438E0,-3.885667759E-1,1.527281627E0
4.868571833E0,-5.041623921E-1,-7.517946428E-1,9.230005324E-2,9.098869174E-1
4.878525833E0,-2.791718395E-1,5.175487518E-2,5.287871003E-1,6.001927029E-1
4.888479833E0,3.696142415E-2,6.628199011E-1,8.697961324E-1,1.094185396E0
4.898432833E0,3.097705018E-1,7.519817537E-1,5.452174839E-1,9.791304441E-1
4.908386833E0,8.032334029E-1,2.841612321E-1,1.470136195E-1,8.646065635E-1
4.918340833E0,8.788148048E-1,5.574501514E-2,1.108269560E-1,8.875277922E-1
4.928294833E0,7.219036033E-1,1.184762836E-1,2.250865200E-1,7.654053721E-1
4.938247833E0,5.788983963E-1,3.703714103E-1,3.718829155E-2,6.882450899E-1
4.948201833E0,4.919341831E-1,5.420263660E-1,-5.225188851E-2,7.338406379E-1
4.958155833E0,3.410568331E-1,-2.073475295E-1,-5.364718035E-1,6.686664021E-1
4.968108833E0,1.805119891E-1,-6.044120640E-1,-7.423548979E-1,9.741608264E-1
4.978062833E0,5.300585408E-1,-6.601401222E-1,-6.609148782E-1,1.074037017E0
4.988016833E0,3.017057661E-1,-9.871210992E-1,1.944906718E-1,1.050362345E0
4.997970833E0,7.117667241E-1,-1.516387671E-1,4.370507187E-1,8.488931122E-1
5.007923833E0,5.863026524E-1,1.384772694E-1,7.890589482E-1,9.927440647E-1
5.017877833E0,4.829529330E-1,7.871971947E-1,6.472420415E-1,1.127761153E0
5.027831833E0,1.824144355E-1,5.802092689E-1,2.860443279E-1,6.721154511E-1
5.037784833E0,4.437817044E-1,-7.003444076E-2,-2.321473253E-1,5.057068367E-1
5.047738833E0,-4.259283643E-2,-5.472362351E-1,-2.953118724E-1,6.232902604E-1
5.057692833E0,-4.488171986E-4,-7.918656117E-1,-4.052763641E-1,8.895506055E-1
5.067646833E0,1.904933141E-1,-5.090545017E-1,-1.942129290E-1,5.771852824E-1
5.077599833E0,-1.030044048E-1,1.475837231E-2,-1.580052155E-1,1.891913452E-1
5.087553833E0,-2.798375999E-2,2.445024920E-1,2.361216778E-1,3.410542568E-1
5.097507833E0,1.230853239E-1,6.065843046E-1,4.235190922E-1,7.499752909E-1
5.107460833E0,5.600085824E-2,6.268718040E-1,7.303768766E-1,9.641341902E-1
5.117414833E0,8.846322910E-2,1.596482831E-1,1.534101811E-1,2.384281881E-1
5.127368833E0,2.070800742E-1,-4.463173860E-1,-8.655346817E-1,9.956061728E-1
5.137322833E0,2.652692986E-1,-7.912054610E-1,-1.039288495E0,1.332852002E0
5.147275833E0,2.343264181E-1,-4.728853798E-1,-3.774816245E-1,6.488619495E-1
5.157229833E0,2.925489168E-1,1.100405055E-1,8.701387793E-2,3.244459840E-1
5.167183833E0,2.593811707E-1,8.338404340E-1,-8.902268887E-2,8.777775915E-1
5.177137833E0,2.829448103E-1,6.958286029E-1,-1.171553975E-1,7.602371982E-1
5.187090833E0,1.210759739E-1,2.847535551E-1,-3.866757864E-1,4.952394798E-1
5.197044833E0,3.509754285E-1,1.237551498E-1,-1.155647795E0,1.214092630E0
5.206998833E0,3.429826867E-1,-6.712252736E-2,-1.104913259E0,1.158868356E0
5.216951833E0,4.303853131E-2,-3.238989097E-1,-1.050656360E0,1.100291600E0
5.226905833E0,-1.726325188E-1,-5.878615201E-2,-1.216897671E0,1.230486790E0
5.236859833E0,-3.224561823E-1,7.214622116E-1,-7.188485062E-1,1.068283149E0
5.246813833E0,-3.763310752E-1,1.372261407E0,3.670238793E-2,1.423402091E0
5.256766833E0,-5.257190297E-1,1.783508947E0,-3.263661423E-1,1.887802829E0
5.266720833E0,-6.354417756E-1,1.521685833E0,-5.789392537E-1,1.747708410E0
5.276674833E0,-7.299680831E-1,8.236791426E-1,-9.146992403E-1,1.431074922E0
5.286627833E0,-7.004042684E-1,2.114242083E-1,-1.154606405E0,1.366887811E0
5.296581833E0,-6.433165864E-1,-3.530782700E-2,-2.047921793E0,2.146878326E0
5.306535833E0,-8.358761421E-1,-3.749205440E-1,-2.080852727E0,2.273588004E0
5.316489833E0,-9.153135634E-1,-2.901698309E-1,-1.419969132E0,1.714149872E0
5.326442833E0,-8.845389365E-1,4.190056264E-1,-6.167099279E-1,1.156851754E0
5.336396833E0,-9.481352274E-1,1.078555180E0,-1.754457057E-2,1.436157894E0
5.346350833E0,-8.991917666E-1,9.176667023E-1,-1.714198977E-1,1.296164647E0
5.356304417E0,-7.021673501E-1,6.005768752E-1,-7.280201563E-1,1.176326876E0
5.366258417E0,-6.247817168E-1,3.038932461E-1,-9.185087013E-1,1.151677704E0
5.376212417E0,-4.661733609E-1,-1.605943626E-1,-9.538004485E-1,1.073705475E0
5.386166417E0,-2.823155585E-1,-2.445323128E-1,-8.401481178E-1,9.194275319E-1
5.396119417E0,-1.838877512E-1,-4.884986150E-1,-8.744095856E-1,1.018350492E0
5.406073417E0,-1.486332617E-1,-7.246039206E-1,-9.616930202E-1,1.213258486E0
5.416027417E0,-1.099531445E-1,5.103332877E-2,-2.990236849E-1,3.226596639E-1
5.425981417E0,-2.472842317E-3,5.368176663E-1,1.142200953E-1,5.488401880E-1
5.435934417E0,-1.589525193E-1,9.886998475E-1,2.022622061E-1,1.021617977E0
5.445888417E0,-4.201182054E-1,8.244574070E-1,2.423530555E-1,9.565376762E-1
5.455842417E0,-6.617536613E-1,3.617906213E-1,1.165525496E-2,7.542852291E-1
5.465795417E0,-5.484174458E-1,7.316620946E-2,-4.216599700E-1,6.956379226E-1
5.475749417E0,-5.371941539E-1,-5.512696445E-2,-4.853779560E-1,7.260911109E-1
5.485703417E0,-3.611866404E-1,2.637737453E-2,-1.633402151E-1,3.972802298E-1
5.495657417E0,-2.190312166E-1,9.154517770E-2,-3.967329973E-1,4.623334993E-1
5.505610417E0,-2.483743720E-1,2.747945774E-1,-1.020976478E-1,3.842210537E-1
5.515564417E0,-1.337130860E-1,4.444369215E-1,-5.751561052E-1,7.390588013E-1
5.525518417E0,1.338794393E-1,6.380452484E-1,-3.053722993E-1,7.199150536E-1
5.535471417E0,9.980873695E-2,4.324144614E-1,-3.299642265E-2,4.450087800E-1
5.545425417E0,6.286398193E-2,-5.329912484E-2,-3.687625489E-1,3.778604165E-1
5.555379417E0,1.187568951E-1,8.502143919E-2,-5.733659801E-1,5.916759184E-1
5.565333417E0,9.689384513E-2,-1.649598938E-1,-2.899499756E-1,3.473775643E-1
5.575286417E0,-1.290372686E-2,2.203546607E-1,-4.612014735E-1,5.113017522E-1
5.585240417E0,1.022933651E-1,4.870765722E-1,-2.060602650E-1,5.386727694E-1
5.595194417E0,1.206729911E-1,2.263819706E-1,4.100389212E-2,2.597923913E-1
5.605148417E0,1.398203931E-1,2.804441571E-1,-1.541033685E-1,3.492084131E-1
5.615101417E0,2.160264969E-1,1.155035591E-1,-7.360820049E-1,7.757739603E-1
5.625055417E0,1.622395681E-1,-9.444188833E-2,-3.639248550E-1,4.094902292E-1
5.635009417E0,1.370798397E-1,-4.189939320E-2,3.725535911E-1,3.991774291E-1
5.644962417E0,1.372246496E-2,6.104083836E-2,1.968260497E-1,2.065303460E-1
5.654916417E0,-6.534510171E-2,-8.337837160E-2,-1.684962898E-1,1.990299848E-1
5.664870417E0,-3.350217026E-2,-3.056731385E-1,2.727717331E-1,4.110509474E-1
5.674824417E0,-2.577854656E-3,-2.176626027E-1,9.003761932E-1,9.263157902E-1
5.684777417E0,-7.762182433E-2,2.201429915E-1,1.145149996E0,1.168698677E0
5.694731417E0,-3.481898149E-2,1.171331781E-1,1.419167186E0,1.424418494E0
5.704685417E0,-7.726784851E-2,-1.344391823E-1,1.117961613E0,1.128663981E0
5.714639417E0,5.497460794E-3,-2.029100776E-2,9.340348130E-1,9.342713626E-1
5.724592417E0,-6.575319168E-2,-1.547670275E-1,1.028237550E0,1.041896720E0
5.734546417E0,3.336660622E-2,-3.106111121E-1,1.260127306E0,1.298273245E0
5.744500417E0,-7.144400345E-2,-2.796179456E-1,6.795370907E-1,7.382825331E-1
5.754453417E0,-3.479299793E-1,-9.248254484E-1,-2.050332016E-1,1.009156080E0
5.764407417E0,-3.207786161E-1,-1.206236150E0,2.657442570E-1,1.276136584E0
5.774361417E0,-5.293361904E-1,-8.373125106E-1,7.776907915E-1,1.259401449E0
5.784315417E0,-8.447855446E-1,-1.857987857E-1,8.792861634E-1,1.233421243E0
5.794268417E0,-1.195749900E0,1.863156796E-2,8.855596411E-1,1.488079580E0
5.804222417E0,-1.250704810E0,-2.506426531E-1,7.850682235E-1,1.497803851E0
5.814176417E0,-1.441698116E0,-2.318555492E-1,5.457352549E-1,1.558870560E0
5.824129417E0,-1.487264152E0,-5.846730334E-1,8.851807415E-2,1.600510126E0
5.834083417E0,-1.362221884E0,-4.038537365E-1,-1.835014147E-1,1.432626633E0
5.844037417E0,-1.048757111E0,-1.429170603E-1,-4.108411592E-1,1.135388578E0
5.853991417E0,-8.781227137E-1,-2.848517883E-1,-4.653465647E-1,1.033821777E0
5.863944417E0,-8.924263919E-1,-2.007670730E-1,-5.436401975E-1,1.064085028E0
5.873898417E0,-2.995997635E-1,3.366399926E-1,-1.981215003E-1,4.922790182E-1
5.883852417E0,-2.446286274E-1,5.793544060E-1,2.836051619E-1,6.898743226E-1
5.893806417E0,-2.196783937E-1,4.224513906E-1,2.817948639E-1,5.532920743E-1
5.903759417E0,-2.379835226E-1,2.537738371E-1,-1.873295867E-1,3.951324986E-1
5.913713417E0,-4.781006028E-2,-1.028893608E-1,-7.775039729E-1,7.857381564E-1
5.923667417E0,-5.341856335E-2,-3.808811957E-1,-7.546401903E-1,8.469981375E-1
5.933620417E0,-2.629357479E-1,-8.975359082E-2,-3.676454383E-1,4.608189264E-1
5.943574417E0,-3.507583871E-2,-7.253120184E-2,1.188639539E-1,1.435957146E-1
5.953528417E0,-3.940019821E-1,-1.800878102E-1,-5.875516176E-2,4.371742791E-1
5.963482417E0,-4.655340045E-1,-3.632582724E-2,-6.125899798E-1,7.702648625E-1
5.973435417E0,-2.893813704E-1,-1.342368686E-1,-6.957134128E-1,7.653615271E-1
5.983389417E0,-2.535293138E-1,-2.281981158E-1,-1.017254725E-1,3.559488233E-1
5.993343417E0,-4.384981604E-1,4.142576873E-2,4.417419398E-1,6.238049954E-1
6.003296417E0,-4.614479336E-1,3.511393332E-1,5.751672149E-2,5.827016390E-1
6.013250417E0,-2.620271089E-1,3.521906626E-1,-2.048490143E-1,4.844167496E-1
6.023204417E0,-2.720066980E-1,4.589409399E-1,-6.321600258E-2,5.372249930E-1
6.033158417E0,-2.468416706E-1,1.963033086E-1,-6.305719221E-1,7.050437917E-1
6.043111417E0,4.857799156E-2,7.272936398E-1,-1.815209627E-2,7.291401500E-1
6.053065417E0,7.508213189E-2,7.284940732E-1,-9.251961619E-2,7.381739771E-1
6.063019417E0,1.925793266E-1,-1.212145346E-1,-9.366163588E-1,9.638620046E-1
6.072973417E0,1.224053932E-1,-2.498562026E-1,-1.745695589E0,1.767728568E0
6.082926417E0,2.810401894E-1,-2.291348398E-2,-1.221807286E0,1.253922509E0
6.092880417E0,1.272525705E-1,5.465643901E-1,5.575670958E-2,5.639456178E-1
6.102834417E0,-4.464270579E-2,8.927932316E-1,-6.447783172E-2,8.962310619E-1
6.112787417E0,-1.846058806E-1,7.867206466E-1,-8.212607342E-1,1.152162272E0
6.122741417E0,-3.221759911E-1,1.949490935E-1,-1.143743448E0,1.204139358E0
6.132695417E0,-3.557449657E-1,-2.379962951E-1,-4.781642461E-1,6.417458713E-1
6.142649417E0,-4.254730855E-1,-4.743787587E-2,-4.246268472E-1,6.029806447E-1
6.152602417E0,-2.976018613E-1,1.330007672E-2,-7.252102768E-1,7.840112917E-1
6.162556417E0,-2.011953816E-1,-3.413873470E-1,-9.096782362E-1,9.922395859E-1
6.172510417E0,2.915281026E-2,-2.238799471E-1,-4.255083150E-1,4.816943462E-1
6.182464417E0,-1.104042023E-2,2.414204246E-1,-4.206054246E-1,4.850923990E-1
6.192417417E0,4.019560592E-2,2.978963417E-1,-3.034459341E-1,4.271268571E-1
6.202371417E0,2.763920367E-2,6.135138398E-1,2.498901165E-1,6.630295827E-1
6.212325417E0,-2.135973443E-1,5.922440082E-1,-9.299177885E-2,6.364151645E-1
6.222278417E0,-2.503442807E-1,1.663532853E-2,-4.401868728E-1,5.066690004E-1
6.232232417E0,-2.628333303E-1,3.113677418E-1,-5.820394474E-1,7.104935950E-1
6.242186417E0,-3.374737325E-1,6.229418904E-1,-2.619973612E-1,7.553725810E-1
6.252140417E0,-4.293963479E-1,8.044505739E-1,1.874570560E-1,9.309468821E-1
6.262093417E0,-2.777988585E-1,1.829646403E-1,-3.789568770E-1,5.042386141E-1
6.272047417E0,-4.855632031E-2,-6.715205580E-1,-1.075591226E0,1.268934223E0
6.282001417E0,-2.954630412E-1,-5.739977717E-1,-7.172121629E-1,9.649689825E-1
6.291955417E0,-3.218661252E-1,1.215051413E-3,1.195767295E-1,3.433625972E-1
6.301908417E0,-3.033059115E-1,7.311346757E-1,1.244945010E0,1.475276404E0
6.311862417E0,-5.849289221E-1,8.753083026E-1,6.916484284E-1,1.259636462E0
6.321816417E0,-7.674267353E-1,5.772230959E-1,-5.171330148E-1,1.090668076E0
6.331769417E0,-7.162831865E-1,-1.630203724E-3,-5.916598713E-1,9.290455663E-1
6.341723417E0,-6.057791430E-1,-2.142028052E-1,-2.509385222E-1,6.897980529E-1
6.351677417E0,-7.113323490E-1,-2.210645127E-1,-7.139093632E-1,1.031760538E0
6.361631542E0,-6.996257848E-1,-4.545596212E-1,-1.071737911E0,1.358205742E0
6.371584542E0,-5.259062137E-1,-5.246689063E-1,-1.059590321E0,1.294058134E0
6.381538542E0,-6.595187093E-1,-5.495821381E-1,-3.799602592E-1,9.388158781E-1
6.391492542E0,-6.829672135E-1,-8.623181283E-2,2.937348783E-2,6.890159230E-1
6.401446542E0,-6.768763883E-1,1.571222860E-1,3.283094645E-2,6.956485670E-1
6.411399542E0,-7.506493194E-1,-4.819918334E-2,2.257914019E-1,7.853529902E-1
6.421353542E0,-6.868934727E-1,-1.706620985E-1,3.787709355E-1,8.027550164E-1
6.431307542E0,-6.765713829E-1,-4.213445127E-1,2.435955888E-1,8.334379673E-1
6.441260542E0,-6.387925225E-1,-8.403442919E-2,3.402711135E-1,7.286302923E-1
6.451214542E0,-7.628854953E-1,2.405947977E-1,6.163766366E-1,1.009851620E0
6.461168542E0,-5.735843005E-1,1.066982371E-1,9.343797988E-1,1.101566644E0
6.471122542E0,-3.722977024E-1,-1.623233843E-1,1.047417587E0,1.123404674E0
6.481075542E0,-4.424208015E-1,-3.866798794E-1,4.428961802E-1,7.358087531E-1
6.491029542E0,-2.923547344E-1,-6.220952135E-1,-1.578052408E-1,7.052490620E-1
6.500983542E0,-1.357853118E-1,-6.908029211E-1,-3.899323931E-1,8.047941338E-1
6.510937542E0,-1.462711693E-1,-7.046508819E-1,6.742956465E-1,9.862062357E-1
6.520890542E0,-1.082072572E-1,-9.557332456E-2,1.467677441E0,1.474761046E0
6.530844542E0,-1.469100690E-1,4.650068414E-1,1.140688570E0,1.240558078E0
6.540798542E0,-1.513386588E-1,4.768579781E-1,6.870934474E-1,8.499378368E-1
6.550751542E0,-1.213862509E-1,2.207551950E-1,9.543065250E-1,9.869997070E-1
6.560705542E0,-2.907149285E-2,-7.741473788E-1,2.182765603E-3,7.746961212E-1
6.570659542E0,6.182990184E-2,-6.963934439E-1,-2.188606972E-1,7.325890869E-1
6.580613542E0,8.858365433E-2,-3.684441680E-1,-4.048828465E-1,5.545523313E-1
6.590566542E0,-1.327058392E-1,3.716665685E-2,1.069163382E-2,1.382263042E-1
6.600520542E0,6.935572977E-2,4.358397603E-2,-4.661692679E-1,4.733112787E-1
6.610474542E0,2.924862237E-2,-1.856795025E-1,-3.722834498E-1,4.170459525E-1
6.620428542E0,-2.416174575E-1,5.640224218E-3,-4.746126473E-2,2.462993697E-1
6.630381542E0,-3.141438171E-1,-1.709293163E-1,2.843255389E-1,4.568853040E-1
6.640335542E0,-1.230970092E-1,-5.599819958E-1,8.079244047E-2,5.790165177E-1
6.650289542E0,-1.568135712E-1,-4.278647429E-1,-2.653565866E-1,5.273261347E-1
6.660243542E0,-5.205817026E-1,6.347450799E-1,3.742700413E-1,9.022110004E-1
6.670196542E0,-2.613010674E-1,9.306095141E-1,6.554828149E-1,1.167891278E0
6.680150542E0,-4.169642173E-1,5.440033096E-1,1.163313787E0,1.350221362E0
6.690104542E0,-3.544555085E-1,3.950185937E-1,7.588276738E-1,9.260117901E-1
6.700057542E0,-1.482285065E-1,1.477006674E-2,4.214193571E-1,4.469721686E-1
6.710011542E0,-1.974313827E-1,-1.893076998E-1,1.993210566E-1,3.384456229E-1
6.719965542E0,-2.551936507E-1,-2.253820968E-1,-4.293844342E-2,3.431684700E-1
6.729919542E0,-4.148084220E-1,-2.981237984E-1,-3.725959834E-1,6.322749346E-1
6.739872542E0,-3.109713371E-1,-6.095839262E-2,-1.839376169E-1,3.664043464E-1
6.749826542E0,-4.655832672E-1,2.592480004E-1,-6.038255882E-1,8.053462891E-1
6.759780542E0,-5.763580003E-1,3.309377879E-1,-6.020673305E-1,8.967683282E-1
6.769734542E0,-5.928091050E-1,5.018787986E-1,-3.245271930E-1,8.417973999E-1
6.779687542E0,-7.299072721E-1,6.100388396E-1,-4.774836302E-1,1.064378987E0
6.789641542E0,-7.852141115E-1,2.159838670E-1,-1.308830811E0,1.541508458E0
6.799595542E0,-5.893285499E-1,3.482484698E-2,-1.724901720E0,1.823131058E0
6.809548542E0,-5.595964450E-1,7.875497818E-2,-8.235990357E-1,9.988322680E-1
6.819502542E0,-5.165694163E-1,1.711661285E-1,-5.359271353E-1,7.637798765E-1
6.829456542E0,-2.807822724E-1,4.008804274E-1,-6.081896576E-1,7.806653964E-1
6.839410542E0,-3.470242821E-1,5.436027753E-1,-1.064197634E0,1.244365876E0
6.849363542E0,-3.463994341E-1,6.571685672E-2,-9.753699499E-1,1.037139244E0
6.859317542E0,-3.168171275E-1,-7.995014906E-2,-8.209946859E-1,8.836274061E-1
6.869271542E0,-3.227665233E-1,-1.556470335E-2,-9.128620452E-1,9.683685260E-1
6.879225542E0,-4.290922196E-1,6.659160018E-2,-4.078491390E-1,5.957310587E-1
6.889178542E0,-4.292406293E-1,8.836312294E-3,3.973592341E-2,4.311664897E-1
6.899132542E0,-5.152618327E-1,-9.060143709E-2,-1.512955356E-1,5.446041826E-1
6.909086542E0,-6.853552164E-1,2.216843176E-1,2.488925815E-1,7.621044721E-1
6.919040542E0,-4.200866304E-1,3.971487343E-1,8.681545267E-1,1.043020698E0
6.928993542E0,-4.226733290E-1,6.247714841E-1,2.952762043E-1,8.100494968E-1
6.938947542E0,-3.889263066E-1,3.303203219E-1,-2.906031096E-1,5.872183191E-1
6.948901542E0,-3.166857114E-1,8.988924623E-2,-6.301544309E-2,3.351728844E-1
6.958854542E0,-1.783516439E-1,1.656598055E-1,3.159683311E-1,3.988589554E-1
6.968808542E0,-3.934962711E-1,2.695408541E-1,-2.543632364E-1,5.405480954E-1
6.978762542E0,-3.919501211E-1,2.629352546E-1,-1.540425575E-1,4.964765403E-1
6.988716542E0,-3.946978008E-1,-7.356557429E-2,-9.310112178E-2,4.121481124E-1
6.998669542E0,-6.472186527E-1,2.226029152E-1,-3.808776873E-1,7.832699757E-1
7.008623542E0,-7.695234738E-1,3.975147700E-1,1.716254273E-1,8.829720586E-1
7.018577542E0,-7.006393996E-1,2.889126796E-1,8.409617579E-1,1.132070132E0
7.028531542E0,-7.564276110E-1,3.172073561E-1,-5.847531402E-1,1.007342778E0
7.038484542E0,-7.432030365E-1,-9.375776410E-2,-1.248108939E0,1.455650093E0
7.048438542E0,-5.217576507E-1,-8.247456747E-1,-8.468367478E-1,1.292118010E0
7.058392542E0,-1.072658921E-1,-8.111900747E-1,-4.206644815E-1,9.200510393E-1
7.068345542E0,-1.763697119E-1,-4.629299104E-2,-1.305162853E-1,2.242405339E-1
7.078299542E0,-7.157446945E-2,5.097848189E-1,8.372642711E-1,9.828605831E-1
7.088253542E0,-5.006159462E-2,9.081298935E-1,1.096763994E0,1.424814839E0
7.098207542E0,-4.518106990E-3,7.377075309E-1,2.668868029E-1,7.845134670E-1
7.108160542E0,7.131041285E-2,5.795052642E-1,-4.706248462E-2,5.857699238E-1
7.118114542E0,7.745283980E-2,2.069762313E-1,3.408444330E-1,4.062179590E-1
7.128068542E0,1.226223066E-1,-1.502787048E-1,-3.214214444E-3,1.939851808E-1
7.138022542E0,4.311720377E-2,-4.267660511E-1,-8.688260794E-1,9.689412324E-1
7.147975542E0,1.439590341E-1,-5.496856338E-1,-5.639025539E-1,8.005401862E-1
7.157929542E0,2.146676588E-1,3.500669539E-2,5.927761048E-1,6.314199735E-1
7.167883542E0,3.024296332E-1,8.035974652E-1,1.541949652E0,1.764891299E0
7.177837542E0,1.122658462E-1,7.823492682E-1,1.082915741E0,1.340664201E0
7.187790542E0,1.323169171E-1,2.051361126E-1,7.866434634E-2,2.564696290E-1
7.197744542E0,2.294309647E-1,-8.393654680E-1,-4.095039010E-1,9.616997460E-1
7.207698542E0,2.469473407E-1,-1.073390334E0,5.804823339E-2,1.102959381E0
7.217651542E0,-4.711098910E-2,-6.463085335E-1,6.115187699E-1,8.910046979E-1
7.227605542E0,-7.961112932E-2,8.266676545E-2,1.140778618E0,1.146537213E0
7.237559542E0,-2.508860069E-1,2.559016389E-1,1.169521776E0,1.223196886E0
7.247513542E0,-5.611868877E-1,5.739276052E-2,7.282707095E-1,9.211964385E-1
7.257466542E0,-6.102328940E-1,-4.226887876E-1,6.536918128E-1,9.891223292E-1
7.267420542E0,-4.392195240E-1,-5.500686264E-1,6.976909411E-1,9.910912841E-1
7.277374542E0,-7.977824092E-1,-2.515437090E-1,1.168624520E-1,8.446228997E-1
7.287328542E0,-9.598498316E-1,-6.060808593E-1,-8.047253931E-1,1.391484339E0
7.297281542E0,-8.885970504E-1,-9.629726833E-1,-4.747883561E-1,1.393680412E0
7.307235542E0,-9.792629530E-1,-4.921028388E-1,9.001876205E-2,1.099647449E0
7.317189542E0,-1.174154525E0,-1.516533852E-1,4.894031793E-1,1.281074966E0
7.327143542E0,-1.084801468E0,2.382974267E-1,7.834003052E-1,1.359152650E0
7.337096542E0,-8.436346664E-1,-7.827082872E-2,6.123859119E-1,1.045400535E0
7.347050542E0,-6.112722366E-1,-2.113329917E-1,-1.154409939E-1,6.569946756E-1
7.357004167E0,-3.009414620E-1,-6.984966874E-2,-1.355162394E-1,3.373564745E-1
7.366958167E0,-1.548710531E-1,2.205148745E-1,6.930096602E-1,7.435551373E-1
7.376911167E0,-3.665037055E-2,9.089935273E-1,7.766236746E-1,1.196142472E0
7.386865167E0,-1.942855076E-1,4.196839035E-1,4.254442880E-1,6.283981854E-1
7.396819167E0,-5.599353095E-2,-7.477185488E-2,1.347411910E-1,1.639551595E-1
7.406772167E0,-2.948568494E-1,-5.157378691E-1,8.734015256E-2,6.004618335E-1
7.416726167E0,-4.019234975E-1,-6.000465328E-1,-4.505496007E-1,8.512304518E-1
7.426680167E0,-2.096720901E-1,-6.383446258E-1,-3.865915865E-1,7.751769485E-1
7.436634167E0,-2.796084073E-1,-8.308308721E-2,1.907753509E-1,3.485382265E-1
7.446587167E0,-4.520566109E-1,2.400738108E-1,7.313752887E-1,8.926927954E-1
7.456541167E0,-1.547049008E-1,3.897677940E-1,1.015401158E-1,4.314660296E-1
7.466495167E0,-1.563738789E-1,-4.637836039E-1,-6.965802625E-1,8.513354705E-1
7.476449167E0,1.447816825E-1,-1.431436983E0,-3.004053819E-1,1.469767657E0
7.486402167E0,1.213565306E-1,-1.517906193E0,4.790565312E-2,1.523503059E0
7.496356167E0,-1.275621440E-1,-1.013717160E0,-3.996899343E-1,1.097108301E0
7.506310167E0,-2.828700024E-1,-5.155367249E-1,-4.278816998E-1,7.272388205E-1
7.516264167E0,-3.195129132E-1,-1.599155009E-1,-1.423387706E-2,3.575808613E-1
7.526217167E0,-3.969460552E-1,-1.015538567E-1,5.732329559E-1,7.046100896E-1
7.536171167E0,-3.349188647E-1,7.027809423E-1,9.321028930E-1,1.214449465E0
7.546125167E0,-4.300983793E-1,1.146805050E0,1.243419764E0,1.745347859E0
7.556079167E0,-2.852342327E-1,8.828640747E-1,1.329336412E0,1.621093100E0
7.566032167E0,-6.550718836E-2,5.519403201E-1,6.479679734E-1,8.536930380E-1
7.575986167E0,-2.721812009E-1,-2.466706395E-2,-9.544512436E-1,9.928082627E-1
7.585940167E0,-1.359887127E-1,-8.186335802E-2,-6.045483041E-1,6.250385519E-1
7.595893167E0,-1.299031865E-1,3.293151855E-1,3.917850834E-1,5.280330301E-1
7.605847167E0,-4.092866039E-1,4.495608366E-1,-4.110662770E-1,7.338909687E-1
7.615801167E0,-4.994097387E-1,-4.954111934E-2,-1.097091438E0,1.206430285E0
7.625755167E0,-4.549490458E-1,-9.872029603E-2,-8.677718264E-1,9.847600082E-1
7.635708167E0,-4.342325800E-1,1.548167288E-1,-6.056844181E-1,7.611699990E-1
7.645662167E0,-5.738647841E-1,2.120796812E-1,-4.157460961E-1,7.396914208E-1
7.655616167E0,-5.172200652E-1,-3.212138683E-1,-7.273936272E-1,9.485760032E-1
7.665570167E0,-4.637349989E-1,-6.864403135E-1,-8.327569449E-1,1.174621038E0
7.675523167E0,-5.699453224E-1,-8.260747468E-1,-1.091314389E0,1.482634228E0
7.685477167E0,-3.696491329E-1,-5.135925257E-1,-6.371664119E-1,8.979971049E-1
7.695431167E0,-4.304461424E-1,-2.992622513E-1,1.275926775E-1,5.395569181E-1
7.705385167E0,-3.703181275E-1,8.886130571E-2,7.199322876E-1,8.144534032E-1
7.715338167E0,-3.910482612E-1,1.621877874E0,2.411643750E0,2.932478842E0
7.725292167E0,-5.458707641E-1,2.172085664E0,1.442729711E0,2.664094600E0
7.735246167E0,-3.995776677E-1,-4.327366430E-1,-1.734280654E0,1.831571102E0
7.745200167E0,-4.290550898E-1,-9.988500291E-1,-1.530530332E0,1.877315303E0
7.755153167E0,-3.500004418E-1,-1.984647319E0,-2.016452079E0,2.850860269E0
7.765107167E0,-1.092192824E-1,-1.718029488E0,-4.122129160E-1,1.770162044E0
7.775061167E0,-5.988528237E-1,-2.017230928E-1,7.456217372E-1,9.773784761E-1
7.785014167E0,-8.044494776E-1,2.205669147E-1,1.592738859E0,1.797944882E0
7.794968167E0,-8.823012071E-1,1.899770890E0,8.203839442E-1,2.249580999E0
7.804922167E0,-6.703036062E-1,1.301429991E0,1.197150747E0,1.891083513E0
7.814876167E0,-5.245365034E-1,1.203963338E0,2.039908477E0,2.426085913E0
7.824829167E0,-9.764522696E-1,3.227195263E-1,4.362163210E-1,1.117090688E0
7.834783167E0,-4.909238939E-1,-4.193190372E-1,-1.379797006E0,1.523376021E0
7.844737167E0,-5.802476778E-1,-5.016074878E-1,-9.067347479E-1,1.187630137E0
7.854691167E0,-3.115234605E-1,-2.087742501E-1,9.727506897E-1,1.042534152E0
7.864644167E0,-3.840398616E-1,2.858366933E0,4.488332090E0,5.335060739E0
7.874598167E0,-9.839789517E-1,3.080220235E0,1.644035313E0,3.627509253E0
7.884552167E0,-7.205382784E-1,1.458155251E-1,-2.486120905E0,2.592534423E0
7.894506167E0,-1.138436004E0,-4.306531631E0,-8.408935794E0,9.515905233E0
7.904459167E0,-6.693896133E-1,-8.256189564E0,-8.328059446E0,1.174603434E1
7.914413167E0,5.750802375E-1,-3.887248262E0,2.647626556E0,4.738284786E0
7.924367167E0,-1.125229190E0,5.337727287E0,9.105332746E0,1.061435621E1
7.934321167E0,-1.973225075E0,8.807664446E0,8.026952398E0,1.207892938E1
7.944274167E0,-9.871409067E-1,5.223983740E0,4.965006466E0,7.274320758E0
7.954228167E0,-1.071635877E0,-5.156873492E0,-1.022995814E0,5.365469979E0
7.964182167E0,8.314413214E-1,-5.964022556E0,-8.980586493E0,1.081257571E1
7.974135167E0,5.117563904E-1,-5.129123191E0,-4.495358397E0,6.839447816E0
7.984089167E0,6.944877633E-1,1.293369019E-1,4.923008839E0,4.973435163E0
7.994043167E0,4.452956582E-1,5.102356977E0,8.596344318E0,1.000647143E1
8.003997167E0,-8.808735363E-1,2.456581941E0,1.918189035E0,3.238855075E0
8.013950167E0,-3.665658596E-1,-1.589449216E0,-2.800836763E0,3.241204392E0
8.023904167E0,8.113329660E-1,-1.488995805E0,-2.626443556E0,3.126271812E0
8.033858167E0,7.814740131E-1,-2.292011472E0,-1.918871405E0,3.089674043E0
8.043812167E0,-3.347605148E-1,-7.175703049E-1,1.010575451E0,1.283835849E0
8.053765167E0,5.345570231E-1,-7.329484820E-2,2.145640461E0,2.212441261E0
8.063719167E0,-1.074659838E0,1.703655277E0,2.135952795E-1,2.025575971E0
8.073673167E0,1.031063144E0,9.948411781E-1,-5.912549517E-1,1.549962127E0
8.083627167E0,-6.306139489E-1,-1.660658947E0,-1.123065355E0,2.101603645E0
8.093580167E0,6.865410317E-1,-1.630342888E0,-1.347321278E0,2.223652658E0
8.103534167E0,-1.338901561E-1,-2.743559192E0,1.468805661E0,3.114872981E0
8.113488167E0,-8.807418278E-1,1.084163244E0,1.178000531E-1,1.401782066E0
8.123442167E0,-4.154501539E-1,6.049266189E-1,3.195152521E-2,7.345447193E-1
8.133395167E0,-3.280118412E-1,8.812180835E-1,-1.589705908E-1,9.536292400E-1
8.143349167E0,-6.252100984E-1,-7.712851667E-1,-4.848879594E-1,1.104936563E0
8.153303167E0,-8.452236472E-1,-5.326515251E-1,-2.133280032E0,2.355632475E0
8.163257167E0,-3.861993479E-1,-5.478256345E-1,-1.723905647E0,1.849625244E0
8.173210167E0,-2.528640103E-1,-6.578164387E-1,1.748744912E0,1.885410152E0
8.183164167E0,-3.124016026E-1,3.746328610E-1,1.978616500E0,2.037858631E0
8.193118167E0,-7.260659438E-1,9.855557996E-1,1.810996708E-1,1.237452658E0
8.203072167E0,-6.755539674E-1,1.696000103E0,-5.214342266E-2,1.826337441E0
8.213025167E0,-2.875829679E-3,7.560841602E-1,-8.651744932E-2,7.610235192E-1
8.222979167E0,2.618223467E-1,-1.730439034E0,1.625816266E0,2.388775569E0
8.232933167E0,1.543143068E-1,-1.607548687E0,7.211221960E-1,1.768627408E0
8.242887167E0,-6.317940267E-2,-5.939630896E-1,-1.140702311E0,1.287627878E0
8.252840167E0,-1.188061213E-1,-1.061687717E0,-5.923106664E-1,1.221526761E0
8.262794167E0,-7.072957237E-1,1.829406667E-1,7.897834182E-1,1.075868196E0
8.272748167E0,-7.158499809E-1,2.844263449E0,-4.558889857E-1,2.968183035E0
8.282701167E0,-9.698532481E-1,2.277033244E0,3.285170406E-1,2.496681631E0
8.292655167E0,-7.886342210E-1,4.797465026E-2,-1.851228476E-2,7.903089309E-1
8.302609167E0,-2.287200712E-1,-9.609249884E-1,-1.141180906E0,1.509299031E0
8.312563167E0,1.126375190E-1,-2.334817184E0,-1.734983197E0,2.911052247E0
8.322516167E0,6.160757243E-1,-1.165174078E0,-4.997381330E-2,1.318968276E0
8.332470167E0,6.381297407E-1,1.344719267E-1,4.234971651E-1,7.775873673E-1
8.342424167E0,3.704658793E-1,1.556253403E0,5.894431919E-2,1.600826054E0
8.352378167E0,6.080504208E-1,1.166831764E0,-1.361182103E-1,1.322781103E0
8.362330958E0,8.876494360E-1,-1.255379659E-1,1.767636096E0,1.981973428E0
8.372284958E0,2.136757335E-1,8.121724069E-2,7.391512084E-1,7.736911969E-1
8.382238958E0,2.872976055E-1,-6.288329601E-1,-4.652240655E-1,8.333092085E-1
8.392192958E0,1.796457607E-1,-9.480581903E-1,-8.948052585E-2,9.690684682E-1
8.402145958E0,7.224313054E-2,2.799196619E-1,-4.873092914E-1,5.666078295E-1
8.412099958E0,5.707856404E-2,4.260012352E-1,-5.012946618E-1,6.603267016E-1
8.422053958E0,-1.813653171E-1,-1.271564752E-1,5.443787009E-1,5.877161878E-1
8.432007958E0,3.888309330E-2,3.755385947E-1,3.021472675E-1,4.835639589E-1
8.441960958E0,3.417960217E-2,1.774045229E-1,-1.619117403E-1,2.426026001E-1
8.451914958E0,-2.413819060E-1,-3.946075344E-1,-7.558362383E-1,8.861539087E-1
8.461868958E0,-1.379737876E-1,-9.834186423E-1,-6.045442110E-1,1.162593091E0
8.471822958E0,-1.305259789E-2,-4.513617790E-1,-2.635533053E-1,5.228366576E-1
8.481775958E0,5.108530504E-2,4.975278854E-2,1.333551085E-1,1.512237856E-1
8.491729958E0,-4.150108818E-1,1.982761592E-1,-9.912784696E-2,4.705037697E-1
8.501683958E0,-3.065376493E-1,-3.960933119E-1,-1.920898050E-1,5.364268220E-1
8.511637958E0,-4.797376405E-2,-5.387425697E-1,-5.510895503E-1,7.721688487E-1
8.521590958E0,-1.348565638E-1,1.905724525E-2,4.334248602E-3,1.362653922E-1
8.531544958E0,2.535804952E-2,5.445184493E-1,7.337773249E-1,9.140965675E-1
8.541498958E0,-1.466193071E-1,4.793699419E-1,-4.879384518E-2,5.036602047E-1
8.551452958E0,-1.961929790E-1,-3.995858538E-1,-1.390825439E0,1.460327341E0
8.561405958E0,-1.436609814E-1,-8.152527201E-1,-1.123434314E0,1.395485626E0
8.571359958E0,-2.432433306E-1,-5.793877351E-1,3.876224506E-1,7.383147227E-1
8.581313958E0,-3.297179856E-1,4.861971509E-1,1.390145116E0,1.509173636E0
8.591267958E0,-3.447995628E-1,1.531025591E0,1.294346673E0,2.034271223E0
8.601220958E0,-5.738403720E-1,1.570373844E0,8.238729778E-1,1.863902751E0
8.611174958E0,-5.582713198E-1,-2.901622295E-2,-7.212476188E-1,9.125277724E-1
8.621128958E0,4.887091879E-2,-9.239852035E-1,-4.160001576E-1,1.014491574E0
8.631082958E0,3.809594022E-1,-1.745614312E0,-1.263601429E0,2.188375645E0
8.641035958E0,3.065782144E-1,-2.214783202E0,-1.186255045E0,2.531097759E0
8.650989958E0,4.063586106E-1,-1.329691338E0,-9.146220571E-1,1.664253551E0
8.660943958E0,3.226315622E-1,-7.291033530E-1,4.426055735E-1,9.119114639E-1
8.670896958E0,3.666094579E-2,5.234029841E-1,1.294494023E0,1.396785411E0
8.680850958E0,-2.386453360E-1,1.098360869E0,1.656069467E0,2.001478022E0
8.690804958E0,-3.637248802E-1,9.953943247E-1,1.930890942E0,2.202599709E0
8.700758958E0,-6.341722720E-1,-2.457584739E-3,1.216336631E0,1.371734416E0
8.710711958E0,-4.572725466E-1,-3.214167666E-1,1.450013003E-1,5.774359677E-1
8.720665958E0,-7.369085088E-1,-6.854667521E-1,-1.239527857E-1,1.014033092E0
8.730619958E0,-4.802167650E-1,-6.172583967E-1,7.358028004E-1,1.073788541E0
8.740573958E0,-7.237078348E-1,-2.801944810E-1,3.737078315E-1,8.613475028E-1
8.750526958E0,-6.077876981E-1,-6.618615425E-1,5.955739975E-1,1.078042195E0
8.760480958E0,-5.184716983E-1,-7.998347819E-2,7.664214528E-1,9.287691327E-1
8.770434958E0,-5.438387105E-1,2.281297034E-1,1.110938814E0,1.257771344E0
8.780388958E0,-4.989402073E-1,3.360008919E-1,6.177407920E-1,8.622306049E-1
8.790341958E0,-4.598219691E-1,1.546120763E-2,5.278372201E-1,7.002052722E-1
8.800295958E0,-5.768580835E-1,4.634678543E-2,1.158929837E-1,5.902071303E-1
8.810249958E0,-5.166432374E-1,2.680468905E-1,-4.047100613E-1,7.089143841E-1
8.820203958E0,-4.627884809E-1,-2.002542722E-1,-1.001967472E0,1.121701282E0
8.830156958E0,-4.586792039E-1,-5.353780818E-1,-9.480184293E-1,1.181420858E0
8.840110958E0,-2.467142378E-1,-5.692901784E-1,-2.720092562E-1,6.774572000E-1
8.850064958E0,-3.673199311E-1,3.667432129E-2,2.086298239E-1,4.240228073E-1
8.860018958E0,-4.911874206E-1,7.153957254E-1,1.439549410E-1,8.796471742E-1
8.869971958E0,-4.956340088E-1,7.114734131E-1,-2.732286930E-2,8.675217735E-1
8.879925958E0,-2.894214787E-1,-5.850782454E-2,-4.575188971E-1,5.445286944E-1
8.889879958E0,-3.296924040E-1,-1.754591542E-1,-5.336364886E-1,6.513454522E-1
8.899833958E0,-4.119844361E-1,-4.385008281E-1,-3.008041620E-1,6.726791923E-1
8.909786958E0,-5.271995813E-2,-3.827254075E-1,1.860876381E-1,4.288201728E-1
8.919740958E0,-1.490575595E-1,-2.676329076E-1,1.443332559E-1,3.386408393E-1
8.929694958E0,-2.539538034E-1,-3.103526652E-1,-1.176898330E-1,4.179260794E-1
8.939648958E0,-1.503992122E-1,2.225935596E-1,7.025429606E-1,7.521531941E-1
8.949601958E0,2.591650659E-2,7.447236049E-1,1.966967677E0,2.103389350E0
8.959555958E0,-2.067615837E-1,7.478629750E-1,1.354732039E0,1.561200909E0
8.969509958E0,-4.624904556E-2,3.944824040E-1,1.501278466E-1,4.246100701E-1
8.979463958E0,1.022955578E-1,-6.845124865E-1,-5.537243056E-1,8.863590310E-1
8.989416958E0,1.531047280E-1,-1.197695707E0,-8.291410267E-1,1.464715299E0
8.999370958E0,-5.475571194E-2,-5.602281636E-1,-1.001737969E0,1.149057327E0
9.009324958E0,-2.728242301E-2,-6.534497380E-2,-4.466404447E-1,4.522189548E-1
9.019278958E0,1.543465761E-2,4.666271049E-1,-7.664120972E-2,4.731310164E-1
9.029231958E0,-1.866043493E-1,6.800621706E-1,-2.179953092E-1,7.381244434E-1
9.039185958E0,-1.046686046E-1,7.734217393E-1,1.539036861E-1,7.955017588E-1
9.049139958E0,-2.027997114E-2,6.021983081E-1,4.814305007E-1,7.712518438E-1
9.059093958E0,9.636165714E-3,3.469544810E-1,-5.372129381E-2,3.512210771E-1
9.069046958E0,-1.377054826E-1,-3.050141573E-1,-6.188605338E-1,7.035515592E-1
9.079000958E0,-1.787914094E-2,-2.616284019E-1,-9.188987106E-1,9.555856449E-1
9.088954958E0,-1.085706800E-1,-5.507088965E-1,-1.307593248E0,1.422978561E0
9.098908958E0,-1.599032583E-2,-2.816194475E-1,-7.902041253E-1,8.390397866E-1
9.108861958E0,-1.960979069E-1,6.004067212E-1,2.929457965E-1,6.962469818E-1
9.118815958E0,-3.829101795E-1,9.613863337E-1,3.839427978E-1,1.103764450E0
9.128769958E0,-2.975943147E-1,5.299963045E-1,-2.850391915E-1,6.713462591E-1
9.138723958E0,-3.715113980E-1,-1.780506402E-1,-4.697120959E-1,6.247817238E-1
9.148676958E0,-2.051291507E-1,-2.170960075E-1,2.212276500E-1,3.716857787E-1
9.158630958E0,-3.142632830E-1,5.409259200E-2,-1.320660898E-1,3.451505058E-1
9.168584958E0,-2.603745944E-1,2.263866484E-2,-9.154985547E-2,2.769274536E-1
9.178538958E0,-1.114671165E-1,-5.094386637E-2,-5.864231050E-2,1.358643300E-1
9.188491958E0,-9.892600838E-2,8.464604795E-2,9.645800829E-2,1.620353540E-1
9.198445958E0,1.246980499E-1,4.277442902E-1,4.634701931E-1,6.428992156E-1
9.208399958E0,2.745954797E-2,3.373609543E-1,-5.272580534E-2,3.425586823E-1
9.218353958E0,-1.377381448E-1,-2.623101872E-1,-3.946165976E-1,4.934578908E-1
9.228306958E0,-9.890344178E-2,-7.830369008E-1,-7.184511879E-1,1.067286648E0
9.238260958E0,-3.826131044E-2,-6.252339989E-1,3.246695727E-2,6.272444377E-1
9.248214958E0,-1.618705174E-1,1.996765673E-2,1.023552761E0,1.036465642E0
9.258168958E0,-2.514383861E-1,1.213583761E0,1.550179315E0,1.984707212E0
9.268121958E0,-5.760453570E-1,1.705979546E0,1.141908884E0,2.132170341E0
9.278075958E0,-5.877659912E-1,6.789851135E-1,8.427913517E-1,1.231579030E0
9.288029958E0,-2.818012228E-1,-3.853607476E-2,4.411437696E-1,5.248854958E-1
9.297983958E0,-3.923974331E-1,-2.705296183E-1,-8.183342028E-1,9.470126120E-1
9.307936958E0,-3.560947754E-1,-5.670694059E-1,-3.319446784E-1,7.473676938E-1
9.317890958E0,-2.511844525E-1,-4.282904202E-1,-6.766924202E-2,5.011042202E-1
9.327844958E0,-2.294514482E-1,-7.256289375E-1,-7.813938332E-1,1.090761956E0
9.337798958E0,-3.427551934E-2,-1.778290308E-1,-3.751903930E-1,4.166122975E-1
9.347751958E0,4.589435712E-2,1.683588803E-1,9.465808913E-1,9.625312402E-1
9.357706292E0,2.238167971E-3,4.526464123E-1,1.583449095E0,1.646877294E0
9.367660292E0,-8.989673797E-3,3.641154742E-1,1.049625496E0,1.111024110E0
9.377614292E0,-1.650637002E-1,1.732559234E-1,1.244082838E-2,2.396213979E-1
9.387567292E0,-2.420611515E-1,-3.196602631E-1,-5.287987947E-1,6.636297538E-1
9.397521292E0,5.283818152E-2,-6.564008278E-1,3.030936393E-1,7.249273580E-1
9.407475292E0,-1.808102337E-1,-2.847518009E-1,1.043021358E0,1.096206861E0
9.417429292E0,-1.759756096E-2,1.960647422E-1,1.201417167E0,1.217437583E0
9.427382292E0,-6.179702953E-2,8.178734422E-2,6.434615242E-1,6.515756101E-1
9.437336292E0,1.695496657E-1,-1.016801566E-1,-1.444697884E-1,2.448621309E-1
9.447290292E0,3.195707641E-1,-3.563766843E-1,8.341228545E-1,9.617124054E-1
9.457244292E0,-1.677669593E-1,-2.084064603E-1,5.804981214E-1,6.391846950E-1
9.467197292E0,2.344792680E-1,-6.890768230E-1,-6.051084673E-1,9.465535655E-1
9.477151292E0,3.757125859E-1,-7.462538213E-1,-4.547350377E-1,9.512300812E-1
9.487105292E0,1.170146989E-1,-1.073006172E0,-3.193041676E-1,1.125606431E0
9.497059292E0,7.367042217E-2,-1.289544355E0,-7.003210187E-3,1.291665986E0
9.507012292E0,4.099917781E-2,-2.368087256E-1,9.464934754E-1,9.765291620E-1
9.516966292E0,1.903081219E-1,6.928576326E-1,1.067275901E0,1.286602786E0
9.526920292E0,-1.883005534E-1,4.935242969E-1,9.355299461E-1,1.074355439E0
9.536874292E0,-1.594415110E-1,-1.558996332E-1,6.227284670E-4,2.229947955E-1
9.546827292E0,-6.700693522E-2,-3.985403717E-1,-6.054329878E-1,7.279240757E-1
9.556781292E0,-3.740787642E-1,-8.742172122E-1,-7.003353444E-1,1.180957345E0
9.566735292E0,-1.539871917E-1,-1.036680345E0,-7.367199361E-1,1.281083314E0
9.576689292E0,-3.239321292E-1,-6.544414258E-1,-6.469792092E-1,9.756063249E-1
9.586642292E0,-2.176725795E-1,-5.683131087E-1,-1.134991336E-1,6.190663896E-1
9.596596292E0,-1.921994403E-2,5.458907908E-1,7.123013788E-1,8.976298881E-1
9.606550292E0,2.405639171E-1,1.970376604E0,1.631042215E0,2.569154271E0
9.616504292E0,4.228908454E-1,2.219060440E0,2.042105568E0,3.045202958E0
9.626457292E0,3.277990391E-1,1.842359419E0,1.520205903E0,2.410967944E0
9.636411292E0,5.253763829E-1,8.592460012E-1,2.183250922E-1,1.030528932E0
9.646365292E0,5.529872276E-1,-8.131021142E-2,-1.116548341E0,1.248633822E0
9.656319292E0,5.429576447E-1,-1.322267128E0,-1.627578909E0,2.166150149E0
9.666272292E0,6.286185135E-1,-1.946170301E0,-1.583142409E0,2.586325571E0
9.676226292E0,2.590982020E-1,-1.324846335E0,-1.435975592E0,1.970881932E0
9.686180292E0,-9.268132824E-2,-5.890338868E-1,-3.201517215E-1,6.767923413E-1
9.696134292E0,-6.141202692E-2,8.268986195E-1,1.368559827E0,1.600152731E0
9.706087292E0,-9.766589686E-2,1.855921451E0,1.740933616E0,2.546533510E0
9.716041292E0,-1.268925099E-1,1.563789294E0,1.582722579E0,2.228575650E0
9.725995292E0,-1.290713652E-1,4.379073358E-1,8.094873655E-1,9.293503359E-1
9.735949292E0,9.621191360E-2,-2.381424755E-1,-6.226927990E-1,6.735836198E-1
9.745902292E0,1.394723376E-1,-1.035673454E0,-9.379267198E-1,1.404200331E0
9.755856292E0,2.218715381E-1,-7.793128091E-1,8.726063043E-2,8.149661659E-1
9.765810292E0,1.404392478E-1,2.318017548E-1,3.453456196E-1,4.389975317E-1
9.775764292E0,3.013741376E-1,6.551395833E-1,8.474369645E-3,7.211837903E-1
9.785717292E0,2.727411814E-1,2.582089502E-1,2.470448613E-3,3.755871631E-1
9.795671292E0,9.974083615E-2,-4.820234084E-1,4.369837680E-1,6.582169963E-1
9.805625292E0,-3.704229388E-2,-7.407422358E-1,4.692975283E-2,7.431511240E-1
9.815579292E0,4.205286434E-2,-7.420555204E-1,-9.684611723E-1,1.220791498E0
9.825532292E0,-1.396006292E-2,-5.277123821E-1,-5.812196678E-1,7.851697548E-1
9.835486292E0,-6.976468312E-2,-2.392750812E-1,-3.077699500E-1,3.960328492E-1
9.845440292E0,-7.844465548E-2,3.980234778E-1,2.038666821E-1,4.540240929E-1
9.855394292E0,1.178944856E-3,7.656385106E-1,7.399335659E-1,1.064756029E0
9.865347292E0,4.180751882E-2,4.442767078E-1,-1.579069823E-2,4.465187654E-1
9.875301292E0,7.639630275E-2,-5.225978225E-1,-1.566545964E0,1.653182125E0
9.885255292E0,2.534891873E-1,-1.171226531E0,-1.191306162E0,1.689745166E0
9.895209292E0,2.553652665E-1,-6.345451051E-1,-1.237738609E-2,6.841141055E-1
9.905162292E0,-1.633021351E-2,-3.109976131E-1,-1.784728092E-1,3.589411300E-1
9.915116292E0,2.915114380E-1,3.677173591E-1,-1.589606506E-1,4.954426940E-1
9.925070292E0,3.201388211E-1,4.205703413E-1,-1.035483420E-1,5.386005347E-1
9.935024292E0,1.731143111E-1,3.943789083E-1,5.861751831E-1,7.273957886E-1
9.944977292E0,8.106811842E-2,6.731916922E-1,3.249742126E-1,7.519091256E-1
9.954931292E0,2.492359957E-1,5.155156749E-1,5.241765708E-2,5.749979161E-1
9.964885292E0,2.366047126E-1,2.083690381E-1,-2.663909590E-1,4.127512436E-1
9.974839292E0,2.818886935E-1,-5.340051556E-1,-4.102763182E-1,7.300338341E-1
9.984792292E0,3.266441774E-1,-8.586256117E-1,1.412365705E-1,9.294525962E-1
9.994746292E0,2.109630091E-1,-4.397246504E-1,6.448230484E-1,8.084923767E-1
1.000470029E1,3.990806909E-1,-2.521161515E-1,1.371475249E0,1.450438661E0
1.001465429E1,3.048735683E-1,2.183291852E-2,1.380829624E0,1.414254228E0
1.002460729E1,1.142272764E-1,-3.103877485E-2,3.377477476E-1,3.578893924E-1
1.003456129E1,4.827269381E-2,-2.972157258E-1,-2.232864547E-1,3.748656846E-1
1.004451529E1,-7.190368596E-2,-7.323462188E-2,-4.517646521E-2,1.121354668E-1
1.005446929E1,-7.380529186E-2,9.416356087E-3,3.350843409E-1,3.432453996E-1
1.006442229E1,-8.649554053E-2,-3.401237637E-1,7.774425772E-1,8.529845333E-1
1.007437629E1,9.204516945E-2,-3.455008632E-1,1.148393154E0,1.202767640E0
1.008433029E1,-1.397953415E-1,-1.277938217E-1,7.953713098E-1,8.176120833E-1
1.009428429E1,-2.891728989E-1,-3.324411070E-1,9.467071912E-1,1.044218637E0
1.010423729E1,-2.195124790E-1,-3.325025028E-1,8.403074545E-1,9.299786346E-1
1.011419129E1,-2.191898223E-1,3.182037216E-1,2.151798749E0,2.186214912E0
1.012414529E1,-4.200141250E-1,6.758761489E-1,1.719167941E0,1.894401975E0
1.013409929E1,-3.753446133E-1,1.514613626E0,2.053631600E0,2.579213206E0
1.014405229E1,2.047974491E-1,1.311031119E0,6.096160859E-1,1.460265853E0
1.015400629E1,6.373885330E-3,-4.997030497E-1,-1.031807275E0,1.146459776E0
1.016396029E1,-1.226077617E-1,-8.941696662E-1,-1.250329711E0,1.542042944E0
1.017391429E1,-3.780501931E-1,-8.037032998E-1,1.510628164E-3,8.881797254E-1
1.018386729E1,1.446727781E-1,8.737611294E-2,3.557802683E-1,3.938837356E-1
1.019382129E1,-8.271253819E-2,-3.189176667E-1,-1.392656203E0,1.431097880E0
1.020377529E1,-5.698979599E-2,-9.005747062E-1,-2.167976825E0,2.348277273E0
1.021372929E1,1.882539219E-1,-1.479052030E0,-9.380252454E-1,1.761512364E0
1.022368229E1,-3.634811975E-3,-1.300304986E0,2.962295929E-1,1.333625975E0
1.023363629E1,8.612225063E-2,2.258779407E-2,1.211175001E0,1.214443137E0
1.024359029E1,-1.546382060E-2,3.452260441E-1,1.709389934E0,1.743970785E0
1.025354429E1,-2.617630706E-1,9.377863866E-1,2.111095696E0,2.324798540E0
1.026349829E1,-1.168303837E-1,1.300578636E-1,6.320018587E-1,6.557367885E-1
1.027345129E1,-2.234923498E-1,-1.267413229E-1,2.259387517E-1,3.421410716E-1
1.028340529E1,-8.343355469E-2,2.005097955E-1,4.963847548E-1,5.418146924E-1
1.029335929E1,-1.826399371E-1,-3.981410068E-1,7.497814465E-1,8.683581205E-1
1.030331329E1,-2.552339599E-1,1.423358470E-1,7.634738714E-2,3.020476637E-1
1.031326629E1,-3.834506084E-1,-4.453286219E-1,-1.355276415E0,1.477202123E0
1.032322029E1,-2.683686884E-1,-9.598853534E-1,-8.606145421E-1,1.316836753E0
1.033317429E1,-3.991387611E-1,-6.991650242E-1,2.512112948E-1,8.433567432E-1
1.034312829E1,-4.169117020E-1,-2.701185590E-1,5.908079320E-1,7.719024651E-1
1.035308129E1,-2.129082316E-1,9.597029203E-1,2.965226553E0,3.123928316E0
1.036303504E1,-4.704706259E-1,2.727120330E0,3.198140448E0,4.229258828E0
1.037298904E1,-5.718843322E-1,1.124271635E0,-6.135728967E-1,1.402679614E0
1.038294304E1,8.990861513E-3,-2.065196807E0,-5.865158418E0,6.218134926E0
1.039289604E1,-8.717449363E-3,-5.870746602E0,-6.574524495E0,8.814199567E0
1.040285004E1,2.519047381E-1,-4.197495677E0,9.679948568E-2,4.206161682E0
1.041280404E1,2.265315497E-2,1.674974100E0,5.436307250E0,5.688540052E0
1.042275804E1,-7.628574286E-1,5.962387674E0,4.238051965E0,7.354801336E0
1.043271104E1,-1.057861811E-2,4.063648233E0,3.141577700E0,5.136424760E0
1.044266504E1,-1.616756005E0,-6.197855633E-1,-2.323174793E0,2.897442880E0
1.045261904E1,1.352358508E0,-2.361721392E0,-4.589721348E0,5.335929490E0
1.046257304E1,6.166265320E-1,-2.659577973E0,5.278877985E-1,2.780692144E0
1.047252604E1,3.438124066E-1,2.514876342E0,2.757450715E0,3.747845306E0
1.048248004E1,4.112372350E-2,2.282547169E0,2.810666809E0,3.620988905E0
1.049243404E1,7.417649869E-1,1.518399698E0,1.451687938E0,2.227813010E0
1.050238804E1,-2.917313847E-1,-2.360994583E-1,-3.481759644E-1,5.119342313E-1
1.051234104E1,1.642921418E0,1.343859726E-1,5.406394064E-1,1.734802970E0
1.052229504E1,8.798150441E-1,1.655157886E0,1.832894531E0,2.621664452E0
1.053224904E1,-3.943414130E-1,2.827017671E-1,-2.679268764E0,2.722848976E0
1.054220304E1,1.353983011E0,-3.581502618E0,-1.935863414E0,4.290454306E0
1.055215604E1,-2.665097489E-1,-3.534940070E0,-3.079152533E0,4.695530755E0
1.056211004E1,9.612754924E-2,-1.398279178E0,-2.354263853E0,2.739887490E0
1.057206404E1,-1.750863577E-1,5.159150398E-1,1.379697311E0,1.483370564E0
1.058201804E1,1.782248324E-1,1.977746435E0,2.403784508E0,3.117919981E0
1.059197104E1,-3.516069643E-1,1.163845591E0,9.947227719E-1,1.570871545E0
1.060192504E1,1.332936762E-2,3.228727233E-1,-1.343370899E0,1.381690935E0
1.061187904E1,8.134719506E-2,-9.901768541E-1,-9.164487273E-1,1.351645604E0
1.062183304E1,4.186859665E-1,-2.376262248E0,1.598830488E-1,2.418156901E0
1.063178604E1,2.610474262E-1,-2.178518770E0,-5.209945160E-1,2.255110879E0
1.064174004E1,2.123284071E-1,-6.547273546E-1,-6.036726835E-1,9.155173238E-1
1.065169404E1,1.698443289E-1,-1.464540410E-1,1.588656333E0,1.604407937E0
1.066164804E1,2.658415035E-1,1.029291803E0,7.192355919E-1,1.283515936E0
1.067160204E1,-4.353701558E-2,-3.214799166E-2,2.854066890E-1,2.904925872E-1
1.068155504E1,-2.325231551E-1,-5.501083875E-1,6.247463411E-1,8.642882889E-1
1.069150904E1,-3.287927003E-1,-5.895063418E-1,-1.511780065E-1,6.917204323E-1
1.070146304E1,9.083183566E-2,-1.670836025E-1,1.715105295E-2,1.909489755E-1
1.071141704E1,1.599569613E-1,-9.310141414E-1,9.269029641E-1,1.323451044E0
1.072137004E1,-1.108617835E-1,-2.028728893E0,2.150546568E0,2.958526964E0
1.073132404E1,-6.236045992E-1,3.517369187E-1,-3.150570425E-1,7.822163998E-1
1.074127804E1,-9.368006922E-2,1.766003553E0,1.646480033E0,2.416286615E0
1.075123204E1,-8.243058179E-1,5.178539765E-1,1.570641646E0,1.847854974E0
1.076118504E1,-1.676383206E-1,1.031999649E0,-3.389850184E-1,1.099107240E0
1.077113904E1,9.798442394E-2,5.203413820E-1,2.399212570E0,2.456944659E0
1.078109304E1,1.157258995E-1,-2.742928863E-2,3.180849062E0,3.183071725E0
1.079104704E1,-1.317847656E-1,3.854455322E-1,6.906023616E-1,8.017899379E-1
1.080100004E1,-8.357372342E-2,-1.632565414E0,-4.351096185E0,4.648041782E0
1.081095404E1,-6.772650819E-2,-4.032291369E0,-3.811819764E0,5.549227918E0
1.082090804E1,-9.454202921E-1,-6.225439873E0,-2.737140996E0,6.865993153E0
1.083086204E1,-2.675691364E-1,-1.966571236E0,4.205440581E0,4.650239365E0
1.084081504E1,-2.486048619E-1,5.772841408E0,7.210129116E0,9.239776197E0
1.085076904E1,-5.261509197E-1,8.398914251E0,6.696487473E0,1.075460552E1
1.086072304E1,1.786430363E-1,2.573362532E0,5.185226056E0,5.791431370E0
1.087067704E1,-9.000985967E-1,-1.630413639E0,-4.748574117E0,5.100723700E0
1.088063004E1,-4.881566625E-1,-5.128774697E0,-4.597045863E0,6.904741667E0
1.089058404E1,-1.591022555E0,-3.407279565E0,-9.940909803E-2,3.761753444E0
1.090053804E1,-3.919138683E-1,2.248821598E0,6.573034040E0,6.958129889E0
1.091049204E1,-7.336846465E-1,5.530739198E0,2.921705727E0,6.297915020E0
1.092044504E1,-1.542119440E-1,2.050328507E0,5.970445722E-1,2.141048933E0
1.093039904E1,-1.824053102E0,-2.232267546E0,-2.466966889E0,3.794221099E0
1.094035304E1,-2.680296704E0,-4.241691272E0,-1.085966409E1,1.196278560E1
1.095030704E1,-1.786080991E0,-7.838148143E0,-9.462709304E0,1.241650188E1
1.096026104E1,2.679062832E-1,-4.151359391E0,1.983147216E0,4.608517272E0
1.097021404E1,-8.653637968E-1,3.310009963E0,7.911835340E0,8.619870005E0
1.098016804E1,-2.242414804E0,7.512064714E0,2.921654856E0,8.366337760E0
1.099012204E1,-3.012999876E-2,6.408519704E0,1.766766030E0,6.647668374E0
1.100007604E1,2.234205935E-1,-5.316890734E-1,2.903224432E0,2.959953063E0
1.101002904E1,-1.043293034E0,-4.096698450E0,-3.711238300E0,5.625361167E0
1.101998304E1,1.614539033E0,-3.348079430E0,-1.905203539E0,4.176861583E0
1.102993704E1,-7.571467455E-1,-4.651564717E0,-7.763739985E-1,4.776304230E0
1.103989104E1,2.158561931E0,-4.180549276E0,1.452237868E-1,4.707172380E0
1.104984404E1,1.141259332E0,-2.912359537E0,1.830536056E0,3.624247948E0
1.105979804E1,1.169151135E0,-1.895902373E0,3.870169422E0,4.465374736E0
1.106975204E1,7.080605395E-1,-1.468104873E0,5.189023823E0,5.438993462E0
1.107970604E1,8.147417466E-1,2.259070013E0,6.626900344E0,7.048617568E0
1.108965904E1,8.099176657E-2,3.335823081E0,8.942350965E0,9.544627603E0
1.109961304E1,-1.093807569E-1,3.449017575E0,5.781601122E0,6.733097201E0
1.110956704E1,5.787136973E-1,6.692945230E-1,1.968951053E0,2.158618297E0
1.111952104E1,-1.687596192E0,-1.046557462E0,-3.066570495E0,3.653370776E0
1.112947404E1,-3.589904628E-1,-2.545883542E0,-1.546136258E0,3.000155745E0
1.113942804E1,-6.733480322E-1,-3.434883100E0,1.980382360E0,4.021658088E0
1.114938204E1,-2.787481357E-1,-1.483656712E0,1.161674227E0,1.904842454E0
1.115933604E1,5.016432654E-1,-2.668739390E-1,-2.231464139E-1,6.104604714E-1
1.116929004E1,-8.313389220E-1,1.368712147E0,-1.408197809E0,2.132491129E0
1.117924304E1,1.559707938E0,-2.875148442E0,-8.122314638E-1,3.370294848E0
1.118919704E1,7.260945951E-1,-3.781496104E0,-4.341360571E0,5.802959396E0
1.119915104E1,5.674614983E-1,-3.737452537E0,-6.976101910E0,7.934517117E0
1.120910504E1,-1.495406765E-1,-4.287543967E0,-1.980874403E0,4.725384544E0
1.121905804E1,-8.187445311E-1,-5.692673743E-2,5.143043658E0,5.208116869E0
1.122901204E1,-3.495129668E-1,3.737832021E0,9.624053864E0,1.033034173E1
1.123896604E1,-5.874476103E-1,3.275702595E0,7.863971786E0,8.539167081E0
1.124892004E1,-7.622483680E-1,3.633705389E0,6.308801873E0,7.320233500E0
1.125887304E1,-5.543029607E-1,-3.814255714E-2,1.793090487E0,1.877200075E0
1.126882704E1,3.588479369E-1,-2.277753037E0,-1.674285006E0,2.849589623E0
1.127878104E1,3.572133843E-1,-3.172406268E0,9.266176200E-1,3.324211657E0
1.128873504E1,2.740877769E-3,-3.870405357E0,2.953917161E0,4.868847064E0
1.129868804E1,-1.855248583E0,-1.048964760E0,9.282530862E-1,2.324635060E0
1.130864204E1,-1.096211140E0,-4.045805454E-2,2.858033642E0,3.061318672E0
1.131859604E1,-3.769955381E-1,1.126033401E0,3.646012024E0,3.834511773E0
1.132855004E1,-9.085231188E-1,-1.867730488E0,3.819072358E0,4.347314701E0
1.133850304E1,5.393971655E-1,-3.000665942E0,-1.275570095E-2,3.048787974E0
1.134845704E1,5.450900512E-1,-5.674767230E0,-4.802791840E-1,5.721081573E0
1.135841079E1,2.384622451E-1,-1.716744270E0,4.334476644E-1,1.786603484E0
1.136836479E1,5.720289777E-1,8.002125120E-1,3.876054937E0,3.998919740E0
1.137831779E1,1.204330031E0,4.951784742E0,2.920916938E0,5.873869143E0
1.138827179E1,8.137089090E-1,2.755137264E0,5.352099159E0,6.074361607E0
1.139822579E1,3.140509377E-2,6.765602732E-1,2.282292522E0,2.380667814E0
1.140817979E1,1.686846067E-1,-4.691914013E0,-2.509101925E0,5.323354588E0
1.141813279E1,2.814594530E-1,-5.434074783E0,-4.191266638E-1,5.457477012E0
1.142808679E1,7.428031600E-1,-2.815894513E0,5.059857659E0,5.838079990E0
1.143804079E1,8.092786930E-1,-7.036135858E-1,5.791583489E0,5.890029150E0
1.144799479E1,3.542170152E-1,-1.129587924E0,2.020187865E0,2.341494732E0
1.145794879E1,1.070628292E-1,-1.735780465E0,1.944958173E0,2.609072358E0
1.146790179E1,6.363849315E-1,-1.551175096E0,2.927624571E0,3.373739111E0
1.147785579E1,2.632116086E-1,-6.072649205E-1,2.536015489E0,2.620958907E0
1.148780979E1,3.805572599E-1,5.995752472E-1,1.843072779E0,1.975153557E0
1.149776379E1,-1.858001196E-1,9.173410124E-1,1.287421231E0,1.591693954E0
1.150771679E1,-3.388079574E-1,-1.343128824E-1,1.912935312E0,1.947344933E0
1.151767079E1,-1.895558958E-1,-2.046616695E0,2.730456752E0,3.417596437E0
1.152762479E1,-1.142357073E0,-2.251137096E-1,2.789815346E0,3.023032506E0
1.153757879E1,-1.113750667E0,-8.821594852E-1,3.730384423E0,3.991793312E0
1.154753179E1,-1.354953356E0,-1.819773379E0,4.171239632E0,4.748338006E0
1.155748579E1,-1.833322547E0,-3.049380850E0,3.559522934E0,5.032891679E0
1.156743979E1,-1.586725144E0,-2.121166356E0,2.522141216E0,3.657627606E0
1.157739379E1,-1.611985993E0,-5.003649545E-1,1.459096652E0,2.231104428E0
1.158734679E1,-9.004882405E-1,-6.126244783E-1,2.725378445E0,2.934940458E0
1.159730079E1,5.587664145E-2,-1.181659718E0,3.553514920E0,3.745251684E0
1.160725479E1,1.129875534E0,-2.032612029E0,3.187196800E0,3.945421881E0
1.161720879E1,1.296940498E0,-2.109956658E0,2.016674858E0,3.193892490E0
1.162716279E1,1.776862856E0,-3.633589615E0,2.830505535E0,4.936798222E0
1.163711579E1,1.702509077E0,-3.123469166E0,3.770707114E0,5.183900937E0
1.164706979E1,1.465895064E0,-2.003435007E0,3.966765132E0,4.679511276E0
1.165702379E1,1.310792406E0,-9.843512732E-1,2.004778697E0,2.589645108E0
1.166697779E1,1.031790538E0,-1.164246710E0,1.448933607E0,2.125904681E0
1.167693079E1,9.161817288E-1,-2.558214151E0,2.280942108E0,3.547752176E0
1.168688479E1,1.141509666E0,-2.100337989E0,2.273257697E0,3.298812596E0
1.169683879E1,1.208380032E0,-1.533372079E0,1.362236940E0,2.380567519E0
1.170679279E1,1.070763911E0,-1.265462598E0,6.651751596E-1,1.786165987E0
1.171674579E1,1.364882952E0,-4.884173387E-1,1.445469131E0,2.047153628E0
1.172669979E1,1.526146674E0,9.477722615E-1,1.889095921E0,2.606929100E0
1.173665379E1,1.408792179E0,3.151370324E0,1.952322449E0,3.965777764E0
1.174660779E1,1.051444272E0,3.184106546E0,2.374215138E0,4.108645406E0
1.175656079E1,3.073124785E-1,5.860716873E-1,2.046321411E0,2.150663223E0
1.176651479E1,2.986156588E-2,-2.102785048E0,1.050767457E0,2.350895345E0
1.177646879E1,-5.570929231E-1,-2.723570486E0,-1.011522992E0,2.958271029E0
1.178642279E1,-1.036564862E0,-2.567047539E0,-1.058633424E0,2.963933958E0
1.179637579E1,-1.244757168E0,-2.056050593E0,-4.086964005E-1,2.437990401E0
1.180632979E1,-1.244793714E0,-1.239900325E0,7.238622013E-1,1.900221222E0
1.181628379E1,-7.075801907E-1,4.548934972E-1,8.749329114E-1,1.213715543E0
1.182623779E1,-1.205148349E0,1.914642114E0,1.306819954E0,2.612664418E0
1.183619179E1,-9.401413527E-1,2.145770854E0,2.439375340E0,3.382122170E0
1.184614479E1,-5.511067265E-1,1.246305365E0,2.123270769E0,2.522949552E0
1.185609879E1,-6.124204471E-1,1.656674069E-1,-7.629680872E-2,6.390036750E-1
1.186605279E1,-6.713735736E-1,-1.115638222E0,-5.010081482E-1,1.395134503E0
1.187600679E1,-6.320875204E-1,-5.012540821E0,-2.521661451E-1,5.058526256E0
1.188595979E1,-7.907389994E-1,-6.169859165E0,-2.979039431E0,6.896891054E0
1.189591379E1,-4.136889725E-1,-1.174262406E0,-1.665329702E0,2.079267607E0
1.190586779E1,3.351023211E-1,4.275056069E0,3.827639991E0,5.747975805E0
1.191582179E1,1.936532043E-2,5.200987226E0,5.448993369E0,7.532739998E0
1.192577479E1,-8.745618325E-1,1.373039671E0,2.787802442E0,3.228302773E0
1.193572879E1,2.430539174E-1,-1.941038200E0,-1.295879813E0,2.346488651E0
1.194568279E1,-1.181444541E-1,-2.017284138E0,-1.637423866E0,2.600874914E0
1.195563679E1,-5.824611779E-1,-7.224708563E-1,4.104441333E-1,1.014736196E0
1.196558979E1,1.067895048E0,-1.806575044E0,1.333828828E0,2.486606636E0
1.197554379E1,6.476302966E-1,-2.549398304E0,-1.592730381E0,3.075003541E0
1.198549779E1,1.220730375E0,-1.655119879E0,-2.166300429E0,2.987049047E0
1.199545179E1,1.922918263E0,1.383803810E0,2.382414396E0,3.359825291E0
1.200540579E1,1.155705755E0,2.628536859E0,4.557787072E0,5.386862241E0
1.201535879E1,2.751243896E0,9.452141047E-2,3.811831459E0,4.701950270E0
1.202531279E1,7.445589327E-1,-1.182370155E0,-7.476948676E-1,1.584744397E0
1.203526679E1,2.111918546E0,-4.263655168E-1,4.299098065E-1,2.197000214E0
1.204522079E1,5.963603018E-1,-9.105833852E-1,3.184262959E0,3.365165420E0
1.205517379E1,6.914586863E-1,-2.584193330E0,3.459945436E0,4.373487476E0
1.206512779E1,9.242914514E-1,-3.831302102E0,-7.915141940E-2,3.942011597E0
1.207508179E1,1.603207860E0,1.127927899E-2,4.558381149E-1,1.666790644E0
1.208503579E1,1.529520225E0,-6.135231954E-1,6.324269512E0,6.535459257E0
1.209498879E1,2.596503619E-1,-2.966368514E-1,3.937741308E0,3.957425721E0
1.210494279E1,4.791729639E-1,-1.589138728E0,2.385009098E0,2.905724871E0
1.211489679E1,6.871888302E-1,-1.955118295E0,1.753890461E0,2.714930531E0
1.212485079E1,-3.759506772E-1,-5.530600619E-1,2.815630218E0,2.893957130E0
1.213480379E1,-4.466022916E-1,-2.742942311E0,3.531340524E0,4.493723626E0
1.214475779E1,-6.810893802E-1,-1.561592495E0,1.270035705E0,2.124957543E0
1.215471179E1,-1.002013007E0,-2.681512048E0,3.355585501E0,4.410724542E0
1.216466579E1,-1.382289966E0,-7.833508962E-1,3.300461167E0,3.662978036E0
1.217461979E1,-1.811381163E0,-9.621944189E-1,3.783871243E0,4.304021538E0
1.218457279E1,-7.275158340E-1,-1.371124123E0,2.859359205E0,3.253489775E0
1.219452679E1,-8.988681963E-1,-1.038862526E0,2.607680133E0,2.947404801E0
1.220448079E1,-1.077755573E0,-1.113128012E0,3.050210570E0,3.421168743E0
1.221443479E1,-1.306282887E0,-1.920602181E0,2.923288568E0,3.733725187E0
1.222438779E1,-7.788682745E-1,-2.507985983E0,2.335217426E0,3.514238169E0
1.223434179E1,-3.962490671E-1,-2.262505252E0,1.921531888E0,2.994700008E0
1.224429579E1,-4.494057392E-1,-1.491832289E0,2.692724961E0,3.110996113E0
1.225424979E1,-2.224933530E-1,-4.295142424E-1,3.435803452E0,3.469687470E0
1.226420279E1,-3.967052230E-1,-2.690865254E-1,4.240152285E0,4.267162288E0
1.227415679E1,-4.867109750E-1,-1.358653767E0,3.239221524E0,3.546178748E0
1.228411079E1,-6.107957616E-1,-2.321135868E0,1.828869308E0,3.017533119E0
1.229406479E1,-1.107075632E0,-2.524412566E0,1.737638418E0,3.258475492E0
1.230401779E1,-1.007428479E0,-1.908521249E0,2.893658388E0,3.609795612E0
1.231397179E1,-7.058506574E-1,-5.480092371E-1,3.491342061E0,3.603887992E0
1.232392579E1,-4.434494729E-1,-4.128128403E-1,3.355557726E0,3.409813709E0
1.233387979E1,-2.726411209E-1,-3.300899416E-1,2.614796779E0,2.649614075E0
1.234383379E1,-9.840454638E-2,-4.939604992E-1,2.819848984E0,2.864477042E0
1.235378679E1,-2.740852370E-1,-9.846904117E-1,2.771890706E0,2.954338507E0
1.236374092E1,-5.162557863E-2,-1.128438361E0,2.143257721E0,2.422724086E0
1.237369492E1,5.131488682E-1,-1.286315523E0,1.966083578E0,2.404872974E0
1.238364892E1,3.817319655E-1,-1.695740486E0,2.057832239E0,2.693683095E0
1.239360192E1,4.380935696E-1,-9.672873437E-1,1.226957805E0,1.622650991E0
1.240355592E1,4.825650068E-1,-1.436678427E-1,1.872963746E0,1.939459365E0
1.241350992E1,3.701036078E-1,1.603745073E-1,2.492004958E0,2.524437636E0
1.242346392E1,1.919066410E-1,-3.501505691E-1,2.050979010E0,2.089485219E0
1.243341692E1,8.169757484E-1,-7.273819327E-1,1.256757263E0,1.666125046E0
1.244337092E1,8.898840956E-1,-6.892662728E-1,9.502456337E-1,1.473074493E0
1.245332492E1,4.919655754E-1,-1.004994868E0,1.490090111E0,1.863441266E0
1.246327892E1,5.732871889E-1,-1.127822649E0,1.377151433E0,1.870077057E0
1.247323192E1,7.631967133E-1,-1.588275679E0,1.407995496E0,2.255557619E0
1.248318592E1,3.984712283E-1,-1.462983297E0,1.498539630E0,2.131835000E0
1.249313992E1,-1.253347751E-1,-8.177991825E-1,2.210757979E0,2.360498919E0
1.250309392E1,-3.135467067E-1,-6.331330025E-1,3.436600428E0,3.508474232E0
1.251304692E1,-7.322028159E-1,-4.970501679E-1,3.242988885E0,3.361570576E0
1.252300092E1,-9.998537037E-1,-1.562480687E0,2.304099421E0,2.958027632E0
1.253295492E1,-4.209106493E-1,-1.261684127E0,2.851252918E0,3.146212932E0
1.254290892E1,1.809650387E-1,-1.644248736E0,3.308875018E0,3.699318334E0
1.255286292E1,1.321764999E0,-1.604362539E0,3.212066177E0,3.826017642E0
1.256281592E1,1.194469213E-1,-1.390597690E0,2.152261848E0,2.565201857E0
1.257276992E1,1.091460716E0,-1.622779514E0,3.122075189E0,3.684026782E0
1.258272392E1,-1.099273619E-1,-1.714274991E-1,2.225404669E0,2.234702968E0
1.259267792E1,6.687270507E-2,-7.139280742E-1,2.255742947E0,2.366968842E0
1.260263092E1,-9.195242165E-1,-3.520485753E-1,1.197348967E0,1.550195966E0
1.261258492E1,-8.418628138E-1,4.792962670E-3,3.661602455E-1,9.180573485E-1
1.262253892E1,-6.982220145E-1,-3.859150636E-1,2.758368436E-1,8.441151474E-1
1.263249292E1,-9.011024174E-1,-1.098194808E-1,-6.217894042E-1,1.100303571E0
1.264244592E1,-4.950344865E-1,-9.938220084E-2,-8.096411473E-1,9.541775265E-1
1.265239992E1,-1.267193958E-2,-1.180242938E-1,-9.495439678E-1,9.569347203E-1
1.266235392E1,4.858065569E-1,-8.334211886E-2,-1.015849932E0,1.129116913E0
1.267230792E1,7.767507054E-1,2.104711121E-1,-6.056791556E-1,1.007217448E0
1.268226092E1,9.887882866E-1,6.086425245E-2,4.357485437E-1,1.082258530E0
1.269221492E1,5.811549099E-1,3.845748818E-1,2.790066192E-1,7.506554220E-1
1.270216892E1,4.815050527E-1,3.800280869E-2,5.861974025E-1,7.595516598E-1
1.271212292E1,-3.437453829E-1,9.143291116E-2,3.408306921E-1,4.926321408E-1
1.272207692E1,-6.042287537E-1,-5.227410793E-2,6.794482130E-1,9.107550951E-1
1.273202992E1,-8.790606071E-1,-2.093244731E-2,7.090123200E-1,1.129550436E0
1.274198392E1,-1.004405323E0,-4.014838600E-1,6.957321239E-1,1.286103623E0
1.275193792E1,-8.926944137E-1,-3.787662578E-1,2.614968395E-1,1.004364372E0
1.276189192E1,-3.542237395E-1,-7.740140623E-1,6.225173825E-1,1.054561576E0
1.277184492E1,-1.563427059E-1,-3.243462217E-1,6.839037913E-1,7.728957944E-1
1.278179892E1,4.147168399E-1,-2.226058388E-1,1.027144121E0,1.129853292E0
1.279175292E1,6.282125705E-1,-2.250184000E-1,1.124732981E0,1.307787671E0
1.280170692E1,6.945037700E-1,-2.039520514E-1,9.959568268E-1,1.231203447E0
1.281165992E1,5.769655260E-1,-4.471506143E-1,9.318815759E-1,1.183738215E0
1.282161392E1,5.110807081E-1,-4.666832381E-1,6.771561044E-1,9.682650075E-1
1.283156792E1,1.198933563E-1,-3.694855571E-1,7.102987075E-1,8.095790558E-1
1.284152192E1,1.260190456E-1,1.360997915E-1,9.362941772E-1,9.544897796E-1
1.285147492E1,-1.650170504E-1,8.732173383E-2,8.153126541E-1,8.364152294E-1
1.286142892E1,-2.021366371E-1,-3.376691025E-1,-1.121624601E-1,4.092188416E-1
1.287138292E1,3.985709234E-1,-5.515169817E-1,-7.624535322E-2,6.847211958E-1
1.288133692E1,3.535301135E-1,-1.994912106E-1,-1.335480666E-1,4.273351967E-1
1.289129092E1,7.680747530E-1,2.817363918E-2,1.398519498E-1,7.812113338E-1
1.290124392E1,8.767275681E-1,-5.315119028E-3,2.067169073E-1,9.007837470E-1
1.291119792E1,6.168159087E-1,-6.806275964E-2,1.807570240E-1,6.463493685E-1
1.292115192E1,8.480522378E-1,3.068098372E-1,-4.663037539E-2,9.030499799E-1
1.293110592E1,5.896440437E-1,3.152824527E-1,1.857163399E-1,6.939551010E-1
1.294105892E1,3.596569723E-1,3.052305043E-1,2.690505651E-1,5.430534090E-1
1.295101292E1,2.410383090E-1,9.532891095E-2,1.337316692E-1,2.916697225E-1
1.296096692E1,-7.589685917E-4,6.567230093E-1,-2.356872296E-1,6.977350194E-1
1.297092092E1,-3.036179884E-1,7.425086796E-1,-6.924570984E-1,1.059716875E0
1.298087392E1,-4.694912173E-1,4.617704076E-1,-1.489070649E0,1.628184667E0
1.299082792E1,-4.290890037E-1,3.676758438E-1,-2.064559461E0,2.140492622E0
1.300078192E1,-3.977241004E-1,5.906898183E-1,-2.126997784E0,2.243037782E0
1.301073592E1,-4.176031718E-1,9.837127572E-1,-2.050546609E0,2.312320175E0
1.302068892E1,-2.995427714E-1,7.759752184E-1,-1.816338140E0,1.997735631E0
1.303064292E1,-2.443150887E-1,5.512778306E-1,-1.914562884E0,2.007273810E0
1.304059692E1,-9.832575515E-2,6.029742336E-1,-2.036142285E0,2.125822496E0
1.305055092E1,3.035903603E-2,9.211902344E-1,-1.796244768E0,2.018912674E0
1.306050392E1,-3.289127509E-1,7.472525257E-1,-1.133900830E0,1.397247661E0
1.307045792E1,-4.738438846E-1,3.999764478E-1,-8.065552792E-1,1.017369453E0
1.308041192E1,-5.575574479E-1,6.383171439E-2,-5.578758287E-1,7.913091910E-1
1.309036592E1,-5.804191840E-1,-8.565469265E-2,-2.352019107E-1,6.320942132E-1
1.310031992E1,-6.004646087E-1,-2.182549256E-1,6.031806403E-1,8.786465977E-1
1.311027292E1,-7.558306834E-1,-1.766566640E-1,1.300501453E0,1.514526866E0
1.312022692E1,-7.131654511E-1,-2.504450172E-1,1.632132720E0,1.798661971E0
1.313018092E1,-5.808963168E-1,-1.909267938E-1,1.550871041E0,1.667061654E0
1.314013492E1,-5.482413715E-1,-5.550954777E-1,1.531665276E0,1.718923532E0
1.315008792E1,-4.468462667E-1,-6.984388000E-1,1.377240896E0,1.607569852E0
1.316004192E1,-3.833550064E-1,-6.991743797E-1,1.342794948E0,1.561699122E0
1.316999592E1,-2.679935347E-1,-4.899680203E-1,1.335628016E0,1.447684839E0
1.317994992E1,-2.323667420E-1,-3.403705162E-1,1.244775149E0,1.311225214E0
1.318990292E1,-2.630257402E-1,-2.938576698E-1,8.100340801E-1,9.009384447E-1
1.319985692E1,-3.352015775E-1,-1.751422352E-1,3.627700299E-1,5.240581978E-1
1.320981092E1,-3.990790464E-1,4.222976089E-2,-2.583767653E-2,4.021380652E-1
1.321976492E1,-4.406574275E-1,1.540174145E-1,-3.933936524E-1,6.104579413E-1
1.322971792E1,-3.732128647E-1,1.481807238E-1,-6.745190102E-1,7.849976206E-1
1.323967192E1,-3.674362542E-1,3.308413088E-2,-8.573833707E-1,9.333864178E-1
1.324962592E1,-3.765409537E-1,1.331966490E-1,-9.102278745E-1,9.940016200E-1
1.325957992E1,-1.442856011E-1,3.660842317E-1,-9.566378099E-1,1.034404127E0
1.326953392E1,2.152067721E-2,4.928863657E-1,-8.683109397E-1,9.986811288E-1
1.327948692E1,1.760345203E-1,4.283629256E-1,-8.286206245E-1,9.492602845E-1
1.328944092E1,3.007730256E-1,2.242763883E-1,-7.808819094E-1,8.663376176E-1
1.329939492E1,2.417845599E-1,1.993193024E-1,-6.597135678E-1,7.303491968E-1
1.330934892E1,2.119316004E-1,1.125419444E-1,-2.784435323E-1,3.675751531E-1
1.331930192E1,1.893093078E-1,5.934105277E-2,1.179845327E-1,2.308240120E-1
1.332925592E1,6.059074894E-2,-3.807589889E-2,4.264222348E-1,4.323851700E-1
1.333920992E1,-5.602524295E-2,-1.361541706E-1,6.038761666E-1,6.215651299E-1
1.334916392E1,-5.533907220E-2,-1.543600613E-1,7.018816406E-1,7.207824074E-1
1.335911692E1,-4.381508723E-2,-2.412087554E-1,7.954405993E-1,8.323624046E-1
1.336907071E1,-4.365735859E-2,-2.755225557E-1,8.694344822E-1,9.130908840E-1
1.337902471E1,2.207090020E-2,-3.032459593E-1,8.683688271E-1,9.200595939E-1
1.338897871E1,1.547364758E-1,-2.127357388E-1,7.750197834E-1,8.184470271E-1
1.339893171E1,1.871214259E-1,-1.196737933E-1,6.403432041E-1,6.777725754E-1
1.340888571E1,1.358071384E-1,-1.283294266E-1,5.203080529E-1,5.528403843E-1
1.341883971E1,9.712327525E-2,-5.585786641E-2,3.238302049E-1,3.426646078E-1
1.342879371E1,-5.309417993E-3,-4.277121305E-2,9.917053163E-2,1.081312209E-1
1.343874771E1,-1.211401288E-1,-3.852145672E-3,-1.393265775E-1,1.846663614E-1
1.344870071E1,-1.963594419E-1,-2.983015537E-2,-2.666742566E-1,3.325086882E-1
1.345865471E1,-3.772157224E-1,2.825023770E-2,-3.747951213E-1,5.325046103E-1
1.346860871E1,-3.814705950E-1,1.999554795E-1,-4.381134501E-1,6.143658550E-1
1.347856271E1,-2.716616392E-1,2.781532180E-1,-4.399012363E-1,5.870965480E-1
1.348851571E1,-2.058791475E-1,2.705652863E-1,-4.336309746E-1,5.510241552E-1
1.349846971E1,-2.213741228E-1,1.530596405E-1,-4.125041074E-1,4.925377086E-1
1.350842371E1,-1.371642771E-1,7.581441343E-2,-3.044001997E-1,3.423760298E-1
1.351837771E1,-1.146935736E-1,6.543560565E-2,-1.510815275E-1,2.006540860E-1
1.352833071E1,-1.384589969E-1,-3.514527440E-2,5.470479548E-2,1.529663322E-1
1.353828471E1,-1.661287522E-1,-5.242555082E-2,1.833663440E-1,2.529237371E-1
1.354823871E1,-2.458749796E-1,-8.630490303E-2,2.685386413E-1,3.741871775E-1
1.355819271E1,-2.770532106E-1,-5.218873858E-2,4.041630542E-1,4.927777596E-1
1.356814571E1,-2.521842715E-1,-4.243792176E-2,4.927986574E-1,5.552012255E-1
1.357809971E1,-2.689533551E-1,-8.902853608E-2,6.009195220E-1,6.643540166E-1
1.358805371E1,-2.937101738E-1,-1.433895153E-1,5.775499552E-1,6.636189947E-1
1.359800771E1,-3.293697108E-1,-2.327975357E-1,4.873016900E-1,6.325678114E-1
1.360796071E1,-3.403827953E-1,-2.177310151E-1,4.516336745E-1,6.060034804E-1
1.361791471E1,-3.808640926E-1,-1.904128236E-1,4.166819429E-1,5.957670199E-1
1.362786871E1,-4.409886722E-1,-1.016865885E-1,3.282995242E-1,5.590990511E-1
1.363782271E1,-4.360828583E-1,-4.529428661E-2,2.152734303E-1,4.884285838E-1
1.364777671E1,-5.114954218E-1,-4.949609578E-2,1.194451672E-1,5.275837166E-1
1.365772971E1,-5.623245366E-1,-1.126992345E-2,2.941383362E-2,5.632060629E-1
1.366768371E1,-5.649300559E-1,1.007650673E-2,-2.786782980E-2,5.657067438E-1
1.367763771E1,-5.228504223E-1,7.103899240E-2,-8.203818977E-2,5.339937894E-1
1.368759171E1,-4.475862318E-1,8.603359222E-2,-1.677156866E-1,4.856580746E-1
1.369754471E1,-3.443670881E-1,9.186209679E-2,-2.026212251E-1,4.099788983E-1