"Time (s)","Linear Acceleration x (m/s^2)","Linear Acceleration y (m/s^2)","Linear Acceleration z (m/s^2)","Absolute acceleration (m/s^2)"
6.200333242E-3,-5.044773012E-2,3.112180531E-2,-7.067880392E-2,9.224442294E-2
1.615333324E-2,-5.078993842E-2,3.782739222E-2,-8.736675739E-2,1.079049570E-1
2.610733325E-2,-2.345230490E-2,5.921592236E-2,-9.000911415E-2,1.102641224E-1
3.606033325E-2,-3.615845069E-2,6.892814755E-2,-7.351119518E-2,1.070626868E-1
4.601433326E-2,-2.931706220E-2,7.999400318E-2,-6.005090475E-2,1.042335927E-1
5.596733326E-2,-2.549941510E-2,6.064088881E-2,-4.157194912E-2,7.781879285E-2
6.592133327E-2,-4.070100635E-2,4.083753884E-2,-5.497289032E-2,7.966363767E-2
7.587433327E-2,-3.516047716E-2,4.228881776E-2,-5.941560477E-2,8.096182651E-2
8.582833328E-2,-3.445881128E-2,2.741233170E-2,-5.663408428E-2,7.173747352E-2
9.578133328E-2,-3.653998151E-2,3.420387268E-2,-6.057773888E-2,7.857949862E-2
1.057353333E-1,-4.325653195E-2,5.487027168E-2,-5.195484996E-2,8.706997591E-2
1.156883333E-1,-3.466375619E-2,6.323412895E-2,-2.356135547E-2,7.586348614E-2
1.256423333E-1,-3.062172219E-2,5.575086236E-2,-3.449067861E-2,7.235644708E-2
1.355953333E-1,-2.530938059E-2,4.996036470E-2,-2.709131956E-2,6.221368324E-2
1.455493333E-1,-2.550102308E-2,4.663329899E-2,-3.604925394E-2,6.422239067E-2
1.555023333E-1,-3.262746334E-2,2.295850754E-2,-5.014718324E-2,6.408107692E-2
1.654563333E-1,-2.928300217E-2,2.922672272E-2,-4.045454621E-2,5.786420177E-2
1.754093333E-1,-4.707973391E-2,2.435014486E-2,-4.251042724E-2,6.794532599E-2
1.853623333E-1,-4.625176817E-2,4.533931017E-2,-2.850985408E-2,7.076503999E-2
1.953163333E-1,-4.309266374E-2,6.282190025E-2,-1.915810972E-2,7.855317936E-2
2.052693333E-1,-6.298723027E-2,5.578009844E-2,-2.960094452E-2,8.919095512E-2
2.152233333E-1,-7.343971297E-2,4.770801723E-2,-3.196848214E-2,9.322784026E-2
2.251763333E-1,-5.372217089E-2,3.837410688E-2,-4.197716117E-2,7.823506748E-2
2.351303333E-1,-6.167555362E-2,3.567444742E-2,-4.056798220E-2,8.198964137E-2
2.450833333E-1,-7.220361158E-2,3.894596457E-2,-3.788294077E-2,9.036186631E-2
2.550373332E-1,-5.459706053E-2,5.760501444E-2,-5.089738101E-2,9.428531222E-2
2.649903332E-1,-7.265603989E-2,4.488030374E-2,-4.634298474E-2,9.716385146E-2
2.749443332E-1,-5.919735745E-2,4.079426944E-2,-5.410019338E-2,8.997405444E-2
2.848973332E-1,-5.380680934E-2,2.811984479E-2,-5.954599768E-2,8.503895720E-2
2.948513333E-1,-5.895542890E-2,2.797366440E-2,-5.344530523E-2,8.434849819E-2
3.048043333E-1,-5.508793429E-2,3.974878728E-2,-5.834994972E-2,8.955089741E-2
3.147583333E-1,-5.711414069E-2,6.564902902E-2,-4.716247201E-2,9.897534462E-2
3.247113333E-1,-5.851922661E-2,5.669343352E-2,-5.822481930E-2,1.001437710E-1
3.346653333E-1,-7.488646030E-2,4.507384658E-2,-6.410945714E-2,1.083958305E-1
3.446183333E-1,-1.039643714E-1,5.337279975E-2,-5.842947185E-2,1.306569916E-1
3.545723333E-1,-1.260463813E-1,4.995802581E-2,-5.788685024E-2,1.474258526E-1
3.645253333E-1,-1.216448897E-1,4.446515143E-2,-7.589364320E-2,1.501148692E-1
3.744793333E-1,-1.131366062E-1,4.825940967E-2,-8.629934818E-2,1.502545832E-1
3.844323333E-1,-1.170502938E-1,4.786881566E-2,-8.788715959E-2,1.540011286E-1
3.943863333E-1,-1.180038285E-1,4.975571215E-2,-9.128322244E-2,1.572678007E-1
4.043393333E-1,-1.245600191E-1,4.460606933E-2,-8.237908244E-2,1.558563858E-1
4.142933333E-1,-1.054978037E-1,5.783773363E-2,-7.985834777E-2,1.444034131E-1
4.242463333E-1,-9.190975159E-2,8.499746561E-2,-8.620257676E-2,1.519962363E-1
4.342002916E-1,-6.543268204E-2,9.598789215E-2,-1.001780069E-1,1.533973415E-1
4.441532916E-1,-5.199490339E-2,1.038377792E-1,-1.062225661E-1,1.573816632E-1
4.541062916E-1,-3.111771226E-2,1.238568914E-1,-9.303563297E-2,1.580014891E-1
4.640602916E-1,-1.042733967E-2,1.206882852E-1,-1.011714488E-1,1.578291914E-1
4.740132916E-1,-1.851857051E-2,1.033027589E-1,-1.035056573E-1,1.474035907E-1
4.839672917E-1,1.207830101E-2,7.479348958E-2,-1.233277184E-1,1.447400344E-1
4.939202917E-1,1.615761101E-2,6.694009423E-2,-1.238288248E-1,1.416884697E-1
5.038742917E-1,2.698840857E-2,7.136643648E-2,-1.201550192E-1,1.423333098E-1
5.138272917E-1,3.864059374E-2,8.057638586E-2,-9.388640285E-2,1.296159947E-1
5.237812917E-1,2.148793280E-2,7.821995795E-2,-6.905737102E-2,1.065317491E-1
5.337342917E-1,3.627554119E-2,7.765160859E-2,-6.343351901E-2,1.066278507E-1
5.436882916E-1,3.722103596E-2,5.211740255E-2,-6.853024453E-2,9.379778026E-2
5.536412916E-1,1.531415015E-2,3.599779844E-2,-3.597908735E-2,5.314940653E-2
5.635952916E-1,1.424557149E-2,7.744052410E-3,-9.210826457E-3,1.864794838E-2
5.735482916E-1,1.036740571E-2,1.118396938E-2,1.638886839E-2,2.238658704E-2
5.835022916E-1,3.087329865E-3,5.525618792E-3,2.319765866E-2,2.404569475E-2
5.934552916E-1,1.022517219E-2,-1.491624713E-3,6.698921084E-2,6.778151267E-2
6.034092916E-1,-1.373364776E-3,3.360979557E-3,1.009653345E-1,1.010305948E-1
6.133622916E-1,-3.602761924E-2,-1.141844273E-2,1.304548895E-1,1.358191753E-1
6.233162916E-1,-4.031962171E-2,-1.798077285E-2,1.265606439E-1,1.340394594E-1
6.332692916E-1,-9.063622802E-2,-5.029248655E-2,1.391602242E-1,1.735218373E-1
6.432232916E-1,-1.055233853E-1,-8.828477025E-2,1.294523844E-1,1.889108396E-1
6.531762916E-1,-1.275926775E-1,-8.853210747E-2,1.284264904E-1,2.015221795E-1
6.631302916E-1,-1.478427547E-1,-9.551953018E-2,1.422648033E-1,2.263199837E-1
6.730832916E-1,-1.476411720E-1,-9.936056614E-2,1.634963357E-1,2.416640014E-1
6.830372916E-1,-1.641477156E-1,-9.575985074E-2,1.631431639E-1,2.504598041E-1
6.929902916E-1,-1.706188291E-1,-8.866542399E-2,1.896673036E-1,2.700852242E-1
7.029432916E-1,-1.784694470E-1,-7.213183701E-2,1.767133820E-1,2.613081798E-1
7.128972916E-1,-1.954377745E-1,-6.468248427E-2,1.867545131E-1,2.779514268E-1
7.228502916E-1,-2.252788934E-1,-7.233415067E-2,1.848281479E-1,3.002403261E-1
7.328042916E-1,-2.513842262E-1,-8.071554959E-2,1.820150524E-1,3.206844375E-1
7.427572916E-1,-2.614393906E-1,-8.112543941E-2,1.766554946E-1,3.257898950E-1
7.527112917E-1,-2.618340777E-1,-8.843387425E-2,1.689494491E-1,3.239159624E-1
7.626642917E-1,-1.826795885E-1,-8.265448630E-2,1.476743549E-1,2.490207045E-1
7.726182917E-1,5.029269120E-1,-1.873038590E-1,-2.751495034E-1,6.030965624E-1
7.825712917E-1,1.800663509E0,-2.389663482E-1,2.178964913E-1,1.829473386E0
7.925252917E-1,4.619027008E-1,6.260356522E-1,3.318628174E-1,8.458177536E-1
8.024782917E-1,-3.594743930E-1,1.435280943E-1,4.914473659E-1,6.255738697E-1
8.124322916E-1,-1.093480344E0,6.690208733E-2,-3.630723310E-1,1.154121601E0
8.223852916E-1,-1.128186200E0,-4.292838621E-1,-2.194302160E-1,1.226881557E0
8.323392916E-1,-5.007795221E-1,-2.602893895E-1,5.491237164E-2,5.670503192E-1
8.422922916E-1,-4.428714757E-1,2.570237195E-1,1.688246110E-1,5.391642474E-1
8.522462916E-1,-4.926086229E-1,-1.991678596E-2,2.800000611E-1,5.669743980E-1
8.621992916E-1,1.147627169E-1,1.718350500E-1,-2.755225557E-1,3.443986706E-1
8.721532916E-1,3.024608244E-1,-1.153246343E-2,-4.310766184E-1,5.267282022E-1
8.821062916E-1,1.835207105E-1,1.650990576E-1,-2.545357293E-1,3.545786055E-1
8.920602916E-1,1.329162750E-1,1.188861734E-1,2.783023220E-1,3.305341750E-1
9.020132916E-1,-1.845778871E-1,8.603593111E-2,1.523187983E-1,2.543072829E-1
9.119672916E-1,-6.305251443E-1,-2.143004537E-1,-1.268208450E-1,6.779160485E-1
9.219202916E-1,-7.596866298E-1,-1.807672566E-1,-3.184914047E-1,8.433488906E-1
9.318742916E-1,-1.000544698E0,-5.595142186E-2,-7.231602430E-2,1.004713821E0
9.418272916E-1,-7.325554030E-1,1.091172302E-1,3.113197947E-1,8.034077438E-1
9.517802916E-1,-4.084648508E-1,4.312806863E-1,1.596845359E-1,6.150981350E-1
9.617342916E-1,-2.969724816E-1,1.659790635E-1,1.420832473E-1,3.686859823E-1
9.716872916E-1,-1.063757631E-1,-9.194337308E-2,-1.197857675E-1,1.847106303E-1
9.816412916E-1,2.472451285E-2,-1.937586004E-1,-3.295432270E-1,3.830828046E-1
9.915942916E-1,1.545065340E-1,-1.776600462E-1,-1.381749684E-1,2.729975878E-1
1.001548292E0,2.005210514E-1,1.599628633E-1,3.807122111E-3,2.565371394E-1
1.011501292E0,-1.241928139E-1,7.638100863E-2,1.200544471E-1,1.888676356E-1
1.021455292E0,-2.612448245E-1,-1.346262932E-2,-1.183944225E-2,2.618592621E-1
1.031408292E0,-2.796318327E-1,1.554657698E-2,-1.725285298E-1,3.289403464E-1
1.041362292E0,-5.967051414E-1,4.850557745E-2,-3.275171667E-2,5.995685880E-1
1.051315292E0,-5.648058026E-1,1.830470860E-1,9.149547637E-2,6.007355928E-1
1.061269292E0,-5.410321932E-1,1.350929010E-1,1.297695959E-1,5.725435127E-1
1.071222292E0,-5.260925572E-1,-5.565555274E-2,2.128415734E-2,5.294562632E-1
1.081176292E0,-2.530337258E-1,-8.278780282E-2,-1.829903680E-1,3.230562822E-1
1.091129292E0,-5.106738880E-2,-2.132654965E-2,-1.978025347E-1,2.053984972E-1
1.101083292E0,-3.320882276E-2,7.686691225E-2,3.950788200E-2,9.258628866E-2
1.111036292E0,-4.589567274E-2,2.093829453E-1,1.045581561E-1,2.384953638E-1
1.120990292E0,7.022125930E-2,9.796015799E-2,-5.786404610E-3,1.206677268E-1
1.130943292E0,-7.118166447E-2,1.424732566E-2,-2.464355814E-1,2.569052577E-1
1.140897292E0,-2.559827690E-1,-5.284128785E-2,-2.298306584E-1,3.480538913E-1
1.150850292E0,-2.617117247E-1,3.438981414E-2,-5.489482999E-2,2.696092145E-1
1.160803292E0,-4.726627471E-1,1.303052008E-1,2.679135740E-2,4.910267759E-1
1.170757292E0,-4.364174652E-1,1.245731753E-1,-1.131728590E-2,4.539898247E-1
1.180710292E0,-2.820926334E-1,6.373523533E-2,-1.309080487E-1,3.174513368E-1
1.190664292E0,-3.916160989E-1,5.058777094E-2,-2.171609116E-1,4.506452629E-1
1.200617292E0,-2.778089632E-1,8.973429501E-2,-1.718824124E-1,3.387825666E-1
1.210571292E0,-3.631296337E-2,1.478643894E-1,-1.073724210E-1,1.863098112E-1
1.220524292E0,-3.247923642E-2,1.067841911E-1,-8.677794278E-2,1.413795446E-1
1.230478292E0,-1.544483542E-2,5.853121340E-2,-1.869062483E-1,1.964647336E-1
1.240431292E0,5.155007645E-2,5.382478952E-2,-2.863369811E-1,2.958773142E-1
1.250385292E0,4.674556553E-2,9.040087759E-2,-1.862209547E-1,2.122161882E-1
1.260338292E0,-1.932504773E-4,1.517498642E-1,-8.775910556E-2,1.752989425E-1
1.270292292E0,-1.025630862E-2,1.940685028E-1,-1.033770186E-1,2.201240187E-1
1.280245292E0,-6.945819765E-2,1.226663983E-1,-1.180143535E-1,1.838447011E-1
1.290199292E0,-1.299971987E-1,6.123145759E-2,-1.918021220E-1,2.396593772E-1
1.300152292E0,-2.413467497E-2,4.162340462E-2,-1.989371869E-1,2.046728968E-1
1.310106292E0,-2.476237357E-2,7.185584843E-2,-1.575269133E-1,1.749033062E-1
1.320059292E0,-1.680562869E-2,1.300333053E-1,-1.044976375E-1,1.676628935E-1
1.330013292E0,5.152712613E-2,1.164946622E-1,-8.946590781E-2,1.556605271E-1
1.339966292E0,4.976842985E-2,1.140487719E-1,-1.479936129E-1,1.933549286E-1
1.349920292E0,1.098571953E-1,7.909996390E-2,-2.020411813E-1,2.431996024E-1
1.359873292E0,1.362341313E-1,7.745981991E-2,-1.669207576E-1,2.289591700E-1
1.369827292E0,1.358819827E-1,1.175354666E-1,-1.107187825E-1,2.110382618E-1
1.379780292E0,1.345473558E-1,1.274985373E-1,-8.282756388E-2,2.030253021E-1
1.389734292E0,9.922271803E-2,8.786669433E-2,-8.092546463E-2,1.552888746E-1
1.399687292E0,1.518459047E-1,4.135384798E-2,-1.132409790E-1,1.938835704E-1
1.409640292E0,1.645657915E-1,2.014716625E-2,-1.246907043E-1,2.074501863E-1
1.419594292E0,6.429057464E-2,7.873802125E-2,-9.515934169E-2,1.392417117E-1
1.429548083E0,8.292506620E-2,1.046452796E-1,-1.813747823E-2,1.347448302E-1
1.439502083E0,9.159926444E-2,9.193401754E-2,5.515386164E-3,1.298949896E-1
1.449455083E0,4.027401343E-2,6.006026030E-2,-6.519265383E-2,9.736176425E-2
1.459409083E0,5.138869330E-2,3.750521064E-2,-9.802126139E-2,1.168572048E-1
1.469362083E0,6.263259664E-2,5.637768388E-2,-5.492582023E-2,1.005889215E-1
1.479316083E0,2.884226829E-2,5.350260794E-2,3.915880322E-3,6.090763183E-2
1.489269083E0,7.017623574E-2,4.570359170E-2,-1.669643193E-2,8.539492488E-2
1.499223083E0,1.197452755E-1,2.753103018E-2,-6.441965193E-2,1.387327654E-1
1.509176083E0,5.799633935E-2,-3.336421251E-3,-7.479933679E-2,9.470822493E-2
1.519130083E0,1.701174304E-2,3.497862875E-2,-4.949668050E-2,6.295097498E-2
1.529083083E0,1.023803607E-2,5.931766391E-2,9.271929860E-3,6.090460834E-2
1.539037083E0,-7.642866343E-2,6.149926007E-2,5.755706728E-2,1.137379250E-1
1.548990083E0,-8.734453797E-2,4.483411074E-2,3.426000595E-2,1.039851615E-1
1.558944083E0,-1.125346354E-1,3.211290836E-2,5.485857725E-3,1.171553570E-1
1.568897083E0,-2.010246429E-1,8.470861316E-3,2.300528526E-2,2.025139642E-1
1.578851083E0,-1.791813456E-1,2.389289260E-2,3.798614413E-2,1.847153812E-1
1.588804083E0,-1.428667742E-1,2.749711633E-2,3.521807224E-2,1.496907452E-1
1.598757083E0,-1.700197819E-1,-3.103702068E-3,3.759262651E-2,1.741538537E-1
1.608711083E0,-1.553058484E-1,-1.694289207E-2,1.619444847E-2,1.570644081E-1
1.618664083E0,-1.475807995E-1,-2.930098236E-2,2.400428206E-2,1.523641870E-1
1.628618083E0,-1.705578719E-1,-1.229435563E-2,6.470002592E-2,1.828311576E-1
1.638571083E0,-1.634828871E-1,-3.448103070E-3,7.279257238E-2,1.789896712E-1
1.648525083E0,-1.613224871E-1,-1.047645628E-2,8.463727713E-2,1.824778608E-1
1.658478083E0,-1.876139076E-1,-2.780526459E-2,6.714854747E-2,2.011990022E-1
1.668432083E0,-1.914029033E-1,-2.304972410E-2,4.683882862E-2,1.983941457E-1
1.678385083E0,-1.105101831E-1,-8.075004816E-4,6.297977507E-2,1.271990751E-1
1.688339083E0,-1.127099057E-1,-6.560575962E-3,1.179067647E-1,1.632438947E-1
1.698292083E0,-9.671382397E-2,-3.321803212E-3,1.030867043E-1,1.413911834E-1
1.708246083E0,-7.275807381E-2,1.174588680E-2,5.777429134E-2,9.364599244E-2
1.718199083E0,-5.679385945E-2,-2.841512918E-2,6.510757685E-2,9.095030842E-2
1.728153083E0,-6.079218552E-2,-1.571088374E-2,1.004908329E-1,1.184944268E-1
1.738106083E0,-5.915774256E-2,-1.067701578E-2,1.142142481E-1,1.290679342E-1
1.748060083E0,-7.410293341E-2,-1.717911959E-2,1.249520749E-1,1.462852963E-1
1.758013083E0,-9.044005394E-2,-8.114765882E-3,1.162534645E-1,1.475131208E-1
1.767967083E0,-1.280413051E-1,-3.010789812E-2,1.449878517E-1,1.957614325E-1
1.777920083E0,-1.144061829E-1,-3.216553330E-2,1.755971485E-1,2.120324381E-1
1.787873083E0,-1.171818562E-1,-6.492806733E-2,2.024814767E-1,2.427879522E-1
1.797827083E0,-1.231964484E-1,-7.429998457E-2,2.334302044E-1,2.742034152E-1
1.807780083E0,-1.498480573E-1,-8.186101913E-2,2.778737211E-1,3.261433299E-1
1.817734083E0,-1.902676664E-1,-8.403735280E-2,3.254747343E-1,3.862613937E-1
1.827687083E0,-1.792712465E-1,-6.633841574E-2,3.798509163E-1,4.252360331E-1
1.837641083E0,-1.719857620E-1,-7.195934415E-2,4.567581743E-1,4.933409362E-1
1.847594083E0,-2.345799132E-1,-1.248924333E-1,5.165266585E-1,5.808835034E-1
1.857548083E0,-3.275921573E-1,-2.146144491E-1,5.489711040E-1,6.743480232E-1
1.867501083E0,-3.579263426E-1,-3.201333028E-1,5.580562153E-1,7.362223426E-1
1.877455083E0,-4.570248073E-1,-3.499377304E-1,5.822815222E-1,8.187672812E-1
1.887408083E0,-5.580912986E-1,-3.902203685E-1,5.916335589E-1,9.020909608E-1
1.897362083E0,-4.680140644E-1,-4.186144477E-1,6.316133112E-1,8.906237113E-1
1.907315083E0,-3.797186230E-1,-3.972481370E-1,5.745000476E-1,7.950110815E-1
1.917269083E0,-5.813342732E-1,-4.831922668E-1,5.023500842E-1,9.076232208E-1
1.927222083E0,-6.520507917E-1,-2.992581582E-1,5.698860097E-1,9.162400036E-1
1.937176083E0,-2.743333782E-1,-9.114171982E-2,6.373120075E-1,6.998086956E-1
1.947129083E0,-7.756544986E-1,-2.845149887E-1,5.032742366E-1,9.674056219E-1
1.957083083E0,-2.533217011E-1,-2.612179273E-1,3.513910559E-1,5.058481630E-1
1.967036083E0,-3.882346541E-1,-2.930671263E-1,3.477613968E-1,5.979569184E-1
1.976990083E0,-1.147440935E0,-3.628583229E-1,5.078172308E-1,1.306202588E0
1.986943083E0,-2.990231001E-1,1.185031807E-1,3.527540419E-1,4.773816422E-1
1.996896083E0,-2.774920441E-1,-2.914135337E-2,5.047632301E-1,5.767468868E-1
2.006850083E0,-1.887144998E-1,6.566423178E-3,1.024011183E-1,2.148075170E-1
2.016803083E0,5.206273109E-2,-1.891574264E-1,1.230391583E-1,2.315808593E-1
2.026757083E0,-1.254775934E-1,-8.776904583E-2,8.834236532E-2,1.767834986E-1
2.036710083E0,-5.479441868E-1,-1.632320416E-1,1.829836437E-1,6.003087082E-1
2.046664083E0,1.290800630E-1,2.231250715E-1,1.815578002E-1,3.152930304E-1
2.056617083E0,5.046405847E-1,2.332045019E-1,5.553071469E-2,5.586860655E-1
2.066571083E0,-3.323115912E-1,5.958312750E-4,-3.686418039E-1,4.963145456E-1
2.076524083E0,4.274738565E-1,1.744633734E-2,-3.710397470E-1,5.663115455E-1
2.086478083E0,-9.054661945E-2,2.278478676E-1,-3.311529654E-1,4.120383812E-1
2.096431083E0,-2.973885110E-1,2.424717540E-1,-2.439110461E-1,4.546702941E-1
2.106385083E0,3.383722302E-1,2.405275548E-1,-5.248820373E-1,6.692162759E-1
2.116338083E0,3.799115811E-1,3.013929766E-1,-8.753620970E-1,1.000714413E0
2.126292083E0,3.307761124E-1,5.128522682E-1,-7.445674843E-1,9.627102493E-1
2.136245083E0,2.597454523E-1,8.634530729E-1,-8.823846030E-1,1.261594823E0
2.146199083E0,4.758613202E-1,8.344736874E-1,-6.746926725E-1,1.173882674E0
2.156152083E0,5.064166765E-1,9.636316645E-1,-1.463109596E0,1.823659378E0
2.166105083E0,3.279232559E-1,4.213117683E-1,-1.304633680E0,1.409647582E0
2.176059083E0,3.579095319E-1,1.515001881E-1,-1.828495671E0,1.869344259E0
2.186012083E0,5.670080101E-1,2.963111615E-1,-1.719602389E0,1.834756323E0
2.195966083E0,4.524759659E-1,9.565822613E-1,-1.667326527E0,1.974781474E0
2.205919083E0,5.060718369E-1,9.549140507E-1,-1.484646061E0,1.836339695E0
2.215873083E0,5.166247456E-1,9.643555498E-1,-1.981869307E0,2.263777529E0
2.225826083E0,4.714914036E-1,1.109405674E0,-2.464133620E0,2.743180561E0
2.235780083E0,6.941962065E-1,1.526102820E0,-2.483515678E0,2.996455959E0
2.245733083E0,1.011349183E0,1.554535491E0,-2.045736689E0,2.761240005E0
2.255687083E0,6.611049128E-1,1.319289141E0,-2.038825865E0,2.516822292E0
2.265640083E0,7.796614493E-1,9.954054344E-1,-2.330213671E0,2.651150638E0
2.275594083E0,9.589708489E-1,8.813274264E-1,-2.616731623E0,2.922951849E0
2.285547083E0,9.126525687E-1,9.709167105E-1,-2.603847576E0,2.925001909E0
2.295501083E0,9.074241346E-1,1.124107329E0,-2.371804623E0,2.777137558E0
2.305454083E0,9.960894124E-1,1.453666343E0,-2.163183863E0,2.790108309E0
2.315408083E0,9.440364754E-1,1.702684640E0,-2.067456756E0,2.839844589E0
2.325361083E0,9.171514164E-1,1.651529104E0,-2.301302990E0,2.977366379E0
2.335314083E0,7.475839166E-1,1.358843216E0,-2.383763056E0,2.843881662E0
2.345268083E0,3.976732296E-1,1.127989295E0,-2.293935206E0,2.587014220E0
2.355221083E0,1.971901850E-1,9.060611486E-1,-2.236700613E0,2.421293127E0
2.365175083E0,2.138987499E-1,9.223222554E-1,-2.392228948E0,2.572778723E0
2.375128083E0,3.649739917E-1,8.888247263E-1,-2.328436994E0,2.518895441E0
2.385082083E0,3.928757353E-1,9.638339782E-1,-2.218021390E0,2.450091053E0
2.395035083E0,5.024689288E-1,1.169676434E0,-1.854907251E0,2.249733072E0
2.404989083E0,5.811978869E-1,1.632887011E0,-1.445372360E0,2.256814621E0
2.414942083E0,6.844930445E-1,1.795066554E0,-1.362623734E0,2.355321231E0
2.424896083E0,6.384840819E-1,1.255541042E0,-1.658805087E0,2.176161655E0
2.434848542E0,3.445816809E-1,5.520467395E-1,-2.168413905E0,2.263959143E0
2.444802542E0,-9.736783504E-2,5.374292850E-2,-2.454499748E0,2.457018073E0
2.454755542E0,-3.137735787E-1,5.982929528E-2,-2.231016534E0,2.253767552E0
2.464709542E0,-4.578657831E-1,6.037805647E-1,-1.709287316E0,1.869720614E0
2.474662542E0,-3.138642105E-1,1.010503530E0,-1.129439989E0,1.547663664E0
2.484616542E0,1.182419564E-1,9.689871293E-1,-8.343362778E-1,1.284147282E0
2.494569542E0,3.115139222E-1,7.469052011E-1,-1.011677066E0,1.295530312E0
2.504523542E0,2.466763406E-1,6.359174466E-1,-3.233928332E-1,7.548663063E-1
2.514476542E0,1.789363472E-1,1.030209816E0,-1.985050777E-1,1.064309517E0
2.524429542E0,1.355733959E-1,6.356695247E-1,-9.608969218E-1,1.160077060E0
2.534383542E0,-1.136143237E-2,-3.511650610E-1,-1.192768258E0,1.243439625E0
2.544336542E0,1.464208581E-1,-2.499889344E-1,-1.630251086E0,1.655793508E0
2.554290542E0,-2.187406830E-1,-2.433587766E-1,-7.734357727E-1,8.398058555E-1
2.564243542E0,-7.491103323E-1,-2.263971734E-1,-7.958879113E-1,1.116180782E0
2.574197542E0,-6.991122530E-1,-7.434834105E-1,-8.401767692E-1,1.321901104E0
2.584150542E0,-5.173017070E-1,-6.268694651E-1,-1.455401504E0,1.666961284E0
2.594104542E0,-2.268370302E-1,-2.794255722E-1,-2.092002198E0,2.122735708E0
2.604057542E0,-3.565757820E-1,-1.653294379E-1,-1.861140383E0,1.902189170E0
2.614011542E0,-7.268659160E-1,-5.676710844E-2,-1.218645111E0,1.420088896E0
2.623964542E0,-7.509275007E-1,5.443401092E-1,-6.031566668E-1,1.106343631E0
2.633918542E0,-9.350120290E-1,1.550608501E0,-1.088552749E-1,1.813969043E0
2.643871542E0,-4.483380376E-1,2.174456125E0,-2.986436158E-1,2.240190716E0
2.653825542E0,-2.896827579E-2,1.624427260E0,-1.813667132E0,2.434952063E0
2.663778542E0,3.627451792E-2,7.803126830E-1,-2.390985537E0,2.515355952E0
2.673732542E0,-3.239319465E-1,8.002663064E-1,-1.444787054E0,1.683082796E0
2.683685542E0,-9.765950878E-1,1.037010128E0,-3.932878178E-1,1.477769697E0
2.693639542E0,-5.351288442E-1,8.794925702E-1,-3.949355632E-1,1.102653237E0
2.703592542E0,-3.528149991E-1,2.532645446E-1,-9.660149896E-1,1.059153583E0
2.713545542E0,6.380429095E-1,-6.797358960E-1,-1.955981344E0,2.166795482E0
2.723499542E0,1.592626300E0,-4.269578397E-1,-2.431623101E0,2.937948678E0
2.733452542E0,2.497946899E0,3.425334013E-1,-1.352957994E0,2.861391825E0
2.743406542E0,3.739459301E0,1.328411967E0,-1.449954531E0,4.224997321E0
2.753359542E0,2.130510937E0,1.073241230E0,-1.714474965E0,2.937745394E0
2.763313542E0,9.839615563E-1,3.444594741E-1,-9.124635574E-1,1.385432213E0
2.773266542E0,5.309793676E-1,9.257153946E-1,-1.177775413E-1,1.073666443E0
2.783220542E0,4.252720875E-1,1.208951012E0,-1.289161947E-1,1.288036601E0
2.793173542E0,1.228452938E0,6.006020182E-1,-2.475135157E-1,1.389633889E0
2.803127542E0,1.948471180E0,-2.860440356E-1,3.195357174E-2,1.969614724E0
2.813080542E0,1.498895872E0,-8.597476923E-1,9.665827543E-2,1.730663963E0
2.823034542E0,1.585390371E0,2.771773177E-1,7.923374820E-1,1.793903169E0
2.832987542E0,8.371464497E-1,1.516501692E0,2.182420617E-1,1.745915564E0
2.842941542E0,-6.865230516E-2,1.650749670E0,-7.340825495E-1,1.807917255E0
2.852894542E0,-2.941507615E-1,8.306010765E-1,-6.910832950E-1,1.119829871E0
2.862847542E0,-9.710918346E-1,-2.925923324E-1,-5.506551021E-1,1.154058346E0
2.872801542E0,-1.391352274E0,-7.215850031E-1,8.604329860E-1,1.787985176E0
2.882754542E0,-1.682796797E0,-5.195069844E-1,1.233336241E0,2.150072290E0
2.892708542E0,-1.888758245E0,1.908998966E-1,-4.492819244E-1,1.950821551E0
2.902661542E0,-2.358643418E0,6.967442769E-1,-1.476704957E0,2.868677202E0
2.912615542E0,-2.378189052E0,6.673959321E-1,-1.123334327E0,2.713499679E0
2.922568542E0,-2.453170676E0,9.803856915E-1,1.372095931E-1,2.645378790E0
2.932522542E0,-2.738152564E0,7.276514894E-1,9.878134096E-1,3.000455214E0
2.942475542E0,-2.054676643E0,-1.396782875E-2,-2.862802631E-1,2.074571666E0
2.952429542E0,-1.826078432E0,-9.687292671E-1,-1.145153212E0,2.363128162E0
2.962382542E0,-1.659092331E0,-6.710907876E-1,-2.275582550E0,2.895034741E0
2.972336542E0,-1.748557508E0,-6.529123789E-1,-2.475643864E0,3.100412953E0
2.982289542E0,-2.427958651E0,1.607054597E-1,-2.525346659E0,3.506876845E0
2.992243542E0,-2.460104889E0,-2.036368865E-1,-1.940636496E0,3.140008607E0
3.002196542E0,-2.469793140E0,-1.813133866E-1,-8.053130382E-1,2.604089436E0
3.012150542E0,-2.632224113E0,6.306379956E-1,2.952966696E-1,2.722775824E0
3.022103542E0,-2.451248696E0,1.244440103E0,1.115286219E-1,2.751306957E0
3.032057542E0,-2.197739153E0,1.266526791E0,-9.376308507E-1,2.704311208E0
3.042010542E0,-1.466929290E0,1.441978344E0,-7.013065669E-1,2.173249637E0
3.051963542E0,-1.146899337E0,1.134724703E0,6.595942846E-1,1.742998239E0
3.061917542E0,-1.590028090E0,-8.041558743E-2,2.535960817E-1,1.612131188E0
3.071870542E0,-1.293894684E0,-1.534023458E0,-1.657762236E0,2.602991943E0
3.081824542E0,-9.993767171E-1,-2.007725109E0,-1.665389344E0,2.793427215E0
3.091777542E0,-1.089265671E0,-1.707673484E0,-9.020967364E-1,2.217301728E0
3.101731542E0,-1.197519340E0,-7.813236666E-1,-1.490188052E0,2.065231143E0
3.111684542E0,-1.140988606E0,1.313679907E0,-1.775415816E0,2.485902496E0
3.121638542E0,5.576679602E-2,2.552825357E0,-1.457208002E-1,2.557589058E0
3.131591542E0,1.170784774E0,2.536771826E0,1.714123548E0,3.277829743E0
3.141545542E0,1.427293646E0,1.692092409E0,1.266132689E-1,2.217289966E0
3.151498542E0,1.627133059E0,-4.138074517E-3,-1.356537074E0,2.118436204E0
3.161452542E0,1.290043854E0,-4.130981845E-1,-1.249179856E0,1.842637666E0
3.171405542E0,1.419684665E0,3.285240573E-1,-6.801615733E-1,1.608120757E0
3.181359542E0,1.117421330E0,7.587434739E-1,-1.033712591E0,1.700847967E0
3.191312542E0,6.112946022E-1,1.915775889E-1,-1.152519534E0,1.318591802E0
3.201265542E0,4.512522899E-1,-6.534731269E-2,-5.583520845E-1,7.208716603E-1
3.211219542E0,6.219651130E-1,6.439070821E-1,-5.606450701E-1,1.056304798E0
3.221172542E0,6.236671644E-1,1.391399928E0,-9.837168503E-1,1.814566983E0
3.231126542E0,6.167887191E-1,1.610947673E0,-8.217133087E-1,1.910704972E0
3.241079542E0,4.091786496E-1,5.942841017E-1,-1.316057970E0,1.500869528E0
3.251033542E0,-1.675394661E-1,-8.813917458E-1,-1.590881199E0,1.826423793E0
3.260986542E0,-1.850280496E-1,-2.945458871E-1,4.456765312E-1,5.653496522E-1
3.270940542E0,2.405589104E-1,1.943327969E-1,2.022329700E-1,3.695023674E-1
3.280893542E0,5.418672486E-1,-1.094342077E0,-2.179756626E0,2.498508284E0
3.290847542E0,4.314396574E-1,-2.476965335E0,-3.432747113E0,4.255026461E0
3.300800542E0,3.950082149E-1,-7.199676633E-2,-2.528064737E0,2.559751226E0
3.310754542E0,-1.261976488E0,6.392186676E0,-3.467026414E0,7.380576354E0
3.320707542E0,-2.329737415E0,7.890731569E0,-3.478826095E0,8.932723667E0
3.330661542E0,-2.534913581E0,3.207304789E0,-1.097155173E0,4.232769820E0
3.340614542E0,-1.488418100E0,1.577748352E0,-9.698092479E-1,2.375964705E0
3.350567542E0,-7.638837612E-1,-2.023508499E0,9.502427101E-1,2.362428042E0
3.360521542E0,-1.783281783E0,-1.638972208E0,7.673646086E-1,2.540703104E0
3.370474542E0,-2.093700960E0,-9.322186679E-1,-9.931115717E-2,2.294009168E0
3.380428542E0,-7.763918325E-1,-1.262368251E0,-1.360643574E0,2.011891850E0
3.390381542E0,-9.344794207E-1,5.166079348E-1,-3.343202267E0,3.509577887E0
3.400335542E0,-1.889980897E0,2.513823259E0,-3.278463650E0,4.543089155E0
3.410288542E0,-1.213956229E0,4.073428870E0,-2.011477268E0,4.702398674E0
3.420242542E0,-3.157942595E0,1.461300468E0,-2.341768938E-1,3.487526245E0
3.430195667E0,-3.027777727E0,-1.778577406E0,5.893280017E-1,3.560629586E0
3.440149667E0,-1.496280705E0,-3.831555287E0,-1.825842789E0,4.500374846E0
3.450102667E0,-2.290926813E0,-6.275863338E-1,6.246931314E-2,2.376155021E0
3.460056667E0,-3.319019060E0,2.353532951E0,2.188384777E0,4.619960261E0
3.470009667E0,-1.692276888E0,4.009967870E0,-1.683904552E-1,4.355685793E0
3.479963667E0,-8.774789353E-1,1.374914289E0,-1.792202295E0,2.423292729E0
3.489916667E0,-3.845874533E-2,1.014597750E0,-4.104617334E0,4.228329591E0
3.499870667E0,-1.275281388E-1,-5.005994278E-1,-6.258601187E0,6.279884715E0
3.509823667E0,5.616104454E-2,-2.841082563E0,-5.470062642E0,6.164129257E0
3.519777667E0,7.209260219E-1,-4.413232791E-1,-1.173576235E0,1.446299328E0
3.529730667E0,1.189232813E0,2.954725538E0,3.048211992E0,4.408658984E0
3.539683667E0,-4.963447744E-1,3.521872712E0,5.883936167E-1,3.605017696E0
3.549637667E0,-2.177418324E0,4.548908660E0,-4.100500309E-1,5.059828217E0
3.559590667E0,3.596536101E-1,2.577625152E0,-2.137195328E0,3.367655864E0
3.569544667E0,3.121276606E-1,-9.141747451E-1,-5.126731095E0,5.216944591E0
3.579497667E0,1.208081678E0,-2.588684576E0,-7.364580978E0,7.899227947E0
3.589451667E0,-8.029350487E-1,-3.552650117E0,-7.555942220E0,8.387984882E0
3.599404667E0,4.685356361E-1,-2.480835607E0,-5.067646735E0,5.661723623E0
3.609358667E0,4.258890418E-1,2.254896855E0,-8.622818756E-1,2.451422309E0
3.619311667E0,-2.391652997E0,6.047981556E0,5.848238915E0,8.746426892E0
3.629265667E0,1.274826621E0,4.939523131E0,6.521656310E0,8.279859461E0
3.639218667E0,-4.270705740E0,8.194428349E-1,-4.989078283E-2,4.348896776E0
3.649172667E0,-3.056920835E0,-7.463976628E-1,-4.468495996E0,5.465284158E0
3.659125667E0,-9.420419902E-1,-1.939323211E0,-2.039622840E0,2.967908179E0
3.669079667E0,-2.422391371E0,-1.854501162E0,4.188568148E-1,3.079382332E0
3.679032667E0,-2.095130605E0,-6.878629410E-1,-8.527210933E-1,2.364288675E0
3.688985667E0,-2.750653034E0,-1.344501166E0,-2.722618559E0,4.097124274E0
3.698939667E0,-2.279463640E0,-3.609847580E0,-2.881457587E0,5.150704016E0
3.708892667E0,-3.804056709E-1,-1.490596772E0,1.690803682E0,2.285914326E0
3.718846667E0,-1.181761021E0,4.764791955E0,3.036587727E0,5.772405608E0
3.728799667E0,-1.336254399E0,3.905179333E0,3.367595682E0,5.326978704E0
3.738753667E0,-1.616779540E0,3.532170829E0,9.020119518E-2,3.885658644E0
3.748706667E0,-1.276637942E0,-2.093830038E0,-1.342335942E0,2.795674238E0
3.758660667E0,-2.604859729E0,-5.120158240E0,-5.980819852E0,8.292859622E0
3.768613667E0,3.600969753E-1,-6.096294760E0,-1.215955392E0,6.226799109E0
3.778567667E0,-3.606116399E-1,-1.532286251E0,5.710905361E-1,1.674540626E0
3.788520667E0,-1.151217140E0,1.905414038E0,1.950848658E0,2.960019265E0
3.798474667E0,-6.855440815E-1,3.325355980E0,4.920461208E0,5.978202203E0
3.808427667E0,-1.174469543E-1,4.596914300E0,5.071049230E0,6.845506202E0
3.818381667E0,2.507180822E0,-2.748138732E-1,5.510723010E-1,2.581696926E0
3.828334667E0,1.446918949E0,-2.244190603E0,-1.086898572E0,2.882935035E0
3.838288667E0,2.547613149E0,5.035259593E-1,-3.733072972E-1,2.623590952E0
3.848241667E0,2.166890997E0,7.639428180E-1,5.199048289E0,5.684111921E0
3.858194667E0,1.882291809E0,4.261927316E0,3.148953670E0,5.623429213E0
3.868148667E0,1.483542253E0,6.312747574E-1,2.636068658E0,3.090026441E0
3.878101667E0,7.135304636E-1,-3.224549398E0,-1.153463567E0,3.498188494E0
3.888055667E0,4.324580597E-1,-5.333842397E0,-2.929386629E0,6.100672153E0
3.898008667E0,-1.054274032E0,-5.433087773E0,-1.647353607E0,5.774401302E0
3.907962667E0,-1.489506121E0,3.085733575E-1,2.148664349E0,2.632604126E0
3.917915667E0,-8.826241196E-1,3.419368098E0,6.189577146E0,7.126146839E0
3.927869667E0,-1.487391767E0,2.843386366E0,5.106077560E0,6.030688878E0
3.937822667E0,5.803213527E-1,2.329600883E-1,1.658230013E0,1.772221784E0
3.947776667E0,-2.950929672E-1,-3.253353367E0,-1.638528697E0,3.654608636E0
3.957729667E0,6.544737317E-2,-1.292867913E0,-4.923745589E0,5.091076646E0
3.967683667E0,-5.950030900E-1,-1.702368305E0,-3.208872428E0,3.680889673E0
3.977636667E0,-7.313668102E-1,-1.607171541E0,-2.429131895E0,3.003094993E0
3.987590667E0,-4.977204781E-1,-5.276819766E-2,-2.921990194E0,2.964546652E0
3.997543667E0,-1.203637794E0,-7.235321259E-1,5.779200840E-1,1.518629086E0
4.007496667E0,-1.211962986E0,-1.933116977E0,2.438861662E0,3.339736776E0
4.017450667E0,-9.722032441E-1,-2.253418679E0,2.887551848E0,3.789595040E0
4.027403667E0,-1.265693709E0,-7.768669188E-2,4.388507255E0,4.568042438E0
4.037357667E0,3.373723929E-1,1.852286822E0,1.036190056E0,2.149064083E0
4.047310667E0,-5.518210735E-1,4.598232263E0,-2.216100287E0,5.134135460E0
4.057264667E0,-1.520012214E0,2.248069062E0,2.733286804E-1,2.727445729E0
4.067217667E0,-2.080442253E-1,-7.907435310E-1,-3.115729791E-1,8.750059730E-1
4.077171667E0,8.983007971E-2,-3.067157555E0,-8.871214324E-1,3.194136714E0
4.087124667E0,-1.006378721E-1,-4.638413159E0,-1.450051010E0,4.860828381E0
4.097078667E0,-2.677561925E-1,-2.562863272E0,-1.972247421E0,3.244953223E0
4.107031667E0,-1.067068398E0,1.241529944E0,-8.423177272E-2,1.639245729E0
4.116985667E0,-1.143751707E0,3.440406380E0,4.237539749E0,5.576854593E0
4.126938667E0,5.590936576E-1,2.841303003E0,3.125130360E0,4.260519715E0
4.136892667E0,-2.037291994E0,3.139276528E-1,-2.672271986E0,3.374929156E0
4.146845667E0,-1.127716230E0,-2.448534418E0,-3.018820962E0,4.047263853E0
4.156798667E0,4.382292615E-1,-1.296148785E0,1.657638860E-1,1.378232283E0
4.166752667E0,4.072366066E-1,3.091174409E0,5.955631801E-1,3.174255248E0
4.176705667E0,5.913794243E-1,2.840465682E0,2.066079152E0,3.561833514E0
4.186659667E0,-7.525513182E-2,1.861096821E0,2.463265893E0,3.088207178E0
4.196612667E0,-4.885877211E-2,-1.464876625E0,-2.133017492E-1,1.481130765E0
4.206566667E0,-9.106143024E-2,-3.405904884E0,-2.047766258E0,3.975151181E0
4.216519667E0,1.518315206E0,1.113968257E0,-2.026574779E0,2.766443868E0
4.226473667E0,1.562738550E0,2.563756142E0,-7.964761412E-1,3.106343763E0
4.236426667E0,7.357168463E-1,3.202569129E0,-2.064205412E0,3.880550514E0
4.246380667E0,6.142334128E-1,3.038342476E0,-1.133466382E0,3.300538400E0
4.256333667E0,1.370087120E0,-2.984687841E-1,-2.090162372E0,2.516942802E0
4.266287667E0,1.744234077E0,-3.042494584E0,-3.437143049E0,4.910506914E0
4.276240667E0,7.339650205E-1,-1.042099544E0,-3.598919134E0,3.817970016E0
4.286194667E0,8.825515410E-1,1.910324530E0,-2.015544006E0,2.913872796E0
4.296147667E0,6.916915517E-1,2.131784315E0,-1.542216285E0,2.720546385E0
4.306100667E0,-5.065302221E-2,-4.633918405E-2,-3.095211619E0,3.095972870E0
4.316054667E0,-4.281994229E-1,-1.785702823E0,-5.485833752E0,5.785020421E0
4.326007667E0,2.127548153E-1,-1.650738561E0,-7.667018852E0,7.845596248E0
4.335961667E0,9.511715403E-1,-2.904330141E0,7.280514389E-1,3.141642845E0
4.345914667E0,3.075842278E-1,5.586746169E0,7.585901599E0,9.426146820E0
4.355868667E0,2.467160468E-1,8.164671868E0,8.665908058E0,1.190884957E1
4.365821667E0,-1.396140705E0,4.389581974E0,1.920057805E0,4.990416891E0
4.375775667E0,-2.026498911E0,-2.477184021E0,-4.685642290E0,5.674361830E0
4.385728667E0,-1.496666767E0,-8.333747032E0,-5.852976914E0,1.029313799E1
4.395682667E0,-1.008134165E0,-7.452654664E0,-4.024159647E0,8.529493355E0
4.405635667E0,1.915047545E-1,-4.916754073E0,-2.908860564E0,5.715996367E0
4.415589667E0,-4.968033423E-1,5.148170496E0,-6.965194514E-1,5.218774987E0
4.425542667E0,-3.359430776E-1,1.072046527E1,4.697411273E0,1.170926582E1
4.435497542E0,4.224799689E-1,7.176182520E0,5.718100360E0,9.185464420E0
4.445450542E0,5.703322253E-1,9.427600282E-1,-7.041065061E-1,1.307608997E0
4.455404542E0,8.394252558E-1,-2.903543690E0,-3.687219984E0,4.767682030E0
4.465357542E0,7.945240483E-2,-5.930415684E0,-3.049689291E0,6.669088966E0
4.475310542E0,1.289035867E-1,-9.558659774E-1,-4.280097538E0,4.387428727E0
4.485264542E0,-8.877660879E-1,1.825477923E0,3.697247082E-1,2.063297030E0
4.495217542E0,-1.100622937E0,4.674662973E0,-1.270761929E0,4.967764149E0
4.505171542E0,-2.703549692E-1,2.096747214E0,1.590008502E0,2.645291614E0
4.515124542E0,3.409022839E-1,3.327011327E0,1.239363843E0,3.566684942E0
4.525078542E0,5.039540485E-1,4.034305151E0,-3.452006087E-1,4.080288126E0
4.535031542E0,5.387991780E-1,-5.440956956E-1,-1.070464388E0,1.316145389E0
4.544985542E0,-4.583926538E-1,-3.250916247E0,-3.963698267E0,5.146793587E0
4.554938542E0,-1.132548369E0,-5.623745010E0,-5.701717046E0,8.088185892E0
4.564892542E0,-1.494410034E0,-6.387776121E0,-6.417571778E0,9.177263898E0
4.574845542E0,3.068180233E-2,-4.082797279E0,-1.459079111E-1,4.085518831E0
4.584799542E0,-1.826556880E-1,4.141157169E0,9.291083000E0,1.017382765E1
4.594752542E0,-9.590826038E-2,1.090845325E1,8.072101673E0,1.357064391E1
4.604706542E0,-4.063629960E-1,6.389608639E0,2.352503549E0,6.821033821E0
4.614659542E0,-9.845902781E-1,-4.844786543E-1,-9.335976752E0,9.400244651E0
4.624612542E0,-1.919676421E0,-5.893612139E0,-6.307428946E0,8.843273236E0
4.634566542E0,-9.076515913E-1,-5.280533332E0,-2.124559495E0,5.763819630E0
4.644519542E0,7.379010737E-2,3.217699385E-1,3.256119100E0,3.272811095E0
4.654473542E0,-7.598164380E-1,4.477701268E0,1.420832765E0,4.758770367E0
4.664426542E0,-8.965611774E-1,4.004776127E0,-2.724969140E0,4.926206510E0
4.674380542E0,-1.824306725E0,1.081516795E0,-2.914154340E0,3.604173848E0
4.684333542E0,-9.946736553E-1,-1.679869389E0,-2.571664501E0,3.228745135E0
4.694287542E0,1.172497935E-1,-2.591546203E0,-3.386078730E0,4.265605280E0
4.704240542E0,-1.540692062E0,-1.348332846E0,-4.147656350E0,4.625449890E0
4.714194542E0,7.626961917E-3,-1.917326571E0,-1.030443120E0,2.176697584E0
4.724147542E0,-3.328926217E-1,2.722341986E0,3.533703969E0,4.473145104E0
4.734101542E0,-6.295262206E-1,3.670598981E0,7.295410171E0,8.191007857E0
4.744054542E0,-9.603816359E-1,6.392042250E0,3.039062561E0,7.142579244E0
4.754008542E0,2.818786618E-1,2.998182630E0,-1.142649142E0,3.220900763E0
4.763961542E0,1.724461571E-1,-2.026411057E-1,-2.872125431E0,2.884424655E0
4.773914542E0,5.803242033E-1,-3.585104502E0,-1.369026727E0,3.881234939E0
4.783868542E0,1.458631433E-1,-3.157415176E0,2.013819662E0,3.747801527E0
4.793821542E0,-7.100051773E-1,1.191584197E0,9.065441287E-1,1.657046320E0
4.803775542E0,3.449707035E-1,2.959634861E0,5.829983908E-1,3.036170354E0
4.813728542E0,-1.355963024E0,1.174918463E0,-2.515105846E0,3.089470267E0
4.823682542E0,1.036192395E0,-1.809091685E0,-7.320473676E0,7.611559778E0
4.833635542E0,8.646087751E-1,-3.926928636E0,-6.843337371E0,7.937227678E0
4.843589542E0,5.001996244E-1,-2.245858814E0,1.541532453E0,2.769549382E0
4.853542542E0,2.294010489E0,1.696311759E0,8.473376788E0,8.940809354E0
4.863496542E0,1.842572769E-1,7.837000920E0,9.248275534E0,1.212366011E1
4.873449542E0,4.428592331E-1,4.170067558E0,3.396665114E0,5.396565726E0
4.883403542E0,-1.003325561E-1,-1.805827185E0,-9.496824299E0,9.667510032E0
4.893356542E0,5.798923498E-1,-3.182654098E0,-7.671198442E0,8.325433789E0
4.903310542E0,-1.673433359E0,-2.792633704E0,-4.138061653E0,5.265238500E0
4.913263542E0,1.236330892E0,-2.615384717E0,3.995352754E-1,2.920338975E0
4.923216542E0,-4.186828967E-1,-2.864866698E-1,3.503400773E0,3.539941660E0
4.933170542E0,-1.148751223E0,5.668669753E0,4.316544403E0,7.217063234E0
4.943123542E0,-2.016862553E0,4.451544918E0,1.133736231E0,5.016905875E0
4.953077542E0,-2.153901992E0,-1.296368056E0,-2.688573438E0,3.680800329E0
4.963030542E0,-3.575287320E-2,-4.857406588E0,-6.655893179E0,8.239938776E0
4.972984542E0,1.310014726E0,-8.762987040E0,-5.586108822E0,1.047428719E1
4.982937542E0,-3.677255086E-1,-3.095522398E0,-2.557009040E0,4.031845260E0
4.992891542E0,1.994693858E0,2.062079657E0,5.444845355E0,6.154455056E0
5.002844542E0,-9.438109191E-1,3.710329058E0,4.482843309E0,5.895184891E0
5.012798542E0,-1.189569831E0,4.851168779E0,3.705476453E0,6.219282165E0
5.022751542E0,1.668352567E0,3.336463351E0,4.020253122E-1,3.751934479E0
5.032705542E0,2.394261147E0,3.896275193E0,-1.989731473E-1,4.577448758E0
5.042658542E0,1.995956565E-1,2.204072272E0,-3.050006502E0,3.768330223E0
5.052612542E0,1.318859079E0,-4.237461981E0,-5.177412422E0,6.819169502E0
5.062565542E0,-6.361039728E-4,-6.220466816E0,-8.608605344E0,1.062084242E1
5.072518542E0,2.948699690E-2,-8.509497963E0,-4.981502046E0,9.860415189E0
5.082472542E0,6.897751998E-2,-3.386448859E0,6.114489541E0,6.989976833E0
5.092425542E0,-6.029833699E-1,1.124761164E1,1.083198571E1,1.562703654E1
5.102379542E0,1.102459986E-1,1.342656486E1,7.437833726E0,1.534946803E1
5.112332542E0,1.518052958E0,2.620786960E0,1.122281243E0,3.229941835E0
5.122286542E0,-8.262047743E-1,-7.078418244E0,-8.899571566E0,1.140127156E1
5.132239542E0,3.516390948E0,-5.002697033E0,-4.361513292E0,7.510977373E0
5.142193542E0,-3.493404008E-1,-1.381394758E0,2.420805168E0,2.809019019E0
5.152146542E0,1.252259438E0,2.877828221E0,1.636980062E0,3.539739071E0
5.162100542E0,1.544243807E0,3.482622108E0,-4.049565799E0,5.559885686E0
5.172053542E0,5.343533938E-1,2.393178243E0,-7.949897790E-1,2.577759570E0
5.182007542E0,2.671995193E-1,-2.923864519E0,2.071978408E-1,2.943350175E0
5.191960542E0,1.125903447E0,-2.335656259E0,-2.593379306E0,3.667228511E0
5.201914542E0,7.833473879E-1,-1.874636634E0,-7.802714601E-1,2.176400513E0
5.211867542E0,4.406736535E-1,1.680735362E0,5.290585281E0,5.568604604E0
5.221820542E0,7.355559748E-1,1.572289392E0,4.183599477E0,4.529419511E0
5.231774542E0,-1.104475887E0,1.080770105E0,-1.133337743E0,1.916346901E0
5.241727542E0,-3.858983260E-2,-7.894764394E-1,-2.576324732E0,2.694849040E0
5.251681542E0,3.799128237E-1,4.254866803E-1,2.642523399E0,2.703387242E0
5.261634542E0,-9.761777428E-1,5.244912094E0,3.629411194E0,6.452491882E0
5.271588542E0,-8.400786091E-1,6.395307920E0,-6.187085062E-1,6.479853060E0
5.281541542E0,5.699098371E-2,1.633641887E0,-6.431341386E0,6.635825933E0
5.291495542E0,1.183408767E0,-3.945471327E0,-9.293655775E0,1.016559088E1
5.301448542E0,3.886132247E-1,-6.234020078E0,-7.405144283E0,9.687630691E0
5.311402542E0,6.545267221E-1,-1.018082340E1,-7.073827010E-1,1.022633662E1
5.321355542E0,3.775644722E-1,-4.937350305E0,3.234739341E0,5.914686938E0
5.331309542E0,-5.140477680E-1,7.724309871E0,7.498777501E0,1.077779533E1
5.341262542E0,4.909459306E-1,1.168964828E1,4.194282632E0,1.242903503E1
5.351216542E0,1.067078850E0,4.611705417E0,5.477197999E-1,4.765131803E0
5.361169542E0,-1.201253811E0,-1.278969081E0,-1.259232974E1,1.271398997E1
5.371122542E0,2.375686444E0,-1.048903014E1,-8.471367100E0,1.369042365E1
5.381076542E0,-8.092391512E-1,-1.083226403E1,8.517492861E-1,1.089579226E1
5.391029542E0,2.014788400E0,-1.685794957E0,6.401305994E0,6.919392702E0
5.400983542E0,-1.726609692E0,8.049337878E0,4.930731257E0,9.596099835E0
5.410936542E0,9.734626613E-1,9.027868833E0,-4.951343277E-1,9.093690297E0
5.420890542E0,3.005739571E0,2.383532676E0,-1.635841025E0,4.170332630E0
5.430843542E0,-1.252716983E0,4.821278982E0,-5.978123701E0,7.781516166E0
5.440796917E0,2.951801638E0,-2.436178082E-1,1.131550249E-1,2.963998416E0
5.450749917E0,1.520100288E-1,-1.978013653E-1,2.226401035E0,2.240333456E0
5.460703917E0,1.092029577E0,-1.505488461E0,-4.505213587E0,4.874010009E0
5.470656917E0,7.618823323E-2,-5.956854454E0,-4.987520000E0,7.769509340E0
5.480610917E0,1.438754335E0,-5.711524581E0,-5.906267853E0,8.341194580E0
5.490563917E0,2.557146741E-1,2.638667160E0,2.038149634E0,3.343951003E0
5.500516917E0,1.318986109E0,1.013609688E1,7.828902526E0,1.287524365E1
5.510470917E0,-6.320973875E-1,7.964972497E0,8.806877410E-1,8.038404374E0
5.520423917E0,9.845187959E-1,6.714164776E-1,-9.074078794E0,9.151993406E0
5.530377917E0,1.762266890E0,-6.598191100E0,-9.391459812E0,1.161211556E1
5.540330917E0,1.006890682E0,-7.852394884E0,3.868932443E0,8.811502285E0
5.550284917E0,1.736540603E0,1.702877013E0,6.005469959E0,6.479277184E0
5.560237917E0,1.174011268E-1,8.330284311E0,3.375560759E0,8.988983823E0
5.570191917E0,9.258978277E-2,2.153099754E0,2.513776481E-2,2.155236258E0
5.580144917E0,2.108994061E0,9.257902390E-1,1.074253383E0,2.541449163E0
5.590098917E0,-3.188118613E0,2.450755191E-1,2.036285250E0,3.790860050E0
5.600051917E0,2.359529563E0,1.495133627E0,-3.985894883E-1,2.821644539E0
5.610005917E0,1.723550429E0,2.847231495E-1,-5.047444605E0,5.341197468E0
5.619958917E0,1.145067916E0,-2.186928821E-1,-6.100734551E0,6.211116580E0
5.629912917E0,6.623536588E-1,-4.992552114E0,-8.847216182E0,1.018025162E1
5.639865917E0,1.255607262E0,-6.713526844E0,3.563673288E-1,6.839224368E0
5.649818917E0,2.812652816E0,2.040950743E0,7.425157548E0,8.198137618E0
5.659772917E0,1.521996905E0,1.078259662E1,9.519288132E0,1.446366865E1
5.669725917E0,1.084816159E0,6.331410132E0,5.240471134E0,8.290121716E0
5.679679917E0,1.586636705E0,-5.859419376E0,1.733628105E0,6.313135344E0
5.689632917E0,-1.897965270E0,-8.382624493E0,-7.985443599E0,1.173192120E1
5.699586917E0,4.356562162E0,-4.788865526E0,-4.842633305E0,8.084798342E0
5.709539917E0,1.452838816E0,2.346154350E0,1.279286585E0,3.041669776E0
5.719493917E0,9.293972401E-1,4.776561815E0,3.575543720E0,6.038529200E0
5.729446917E0,1.629414642E0,1.967354178E-1,2.185560280E0,2.733197877E0
5.739400917E0,1.122221382E0,-1.109355388E0,-6.901345843E-1,1.722305418E0
5.749353917E0,1.421599628E0,-2.026845505E0,-1.659854954E0,2.980631925E0
5.759307917E0,1.664308194E0,7.971567571E-1,-3.905467601E0,4.319497406E0
5.769260917E0,1.052363527E0,1.425588598E0,2.214532941E0,2.836181939E0
5.779214917E0,-6.829106417E-1,3.700974682E0,7.850305089E0,8.705795227E0
5.789167917E0,-1.256050335E0,4.052281830E0,7.512328423E0,8.627498410E0
5.799120917E0,-6.671753459E-2,9.057103157E-2,2.063236821E-1,2.349974531E-1
5.809074917E0,1.484976429E-1,-3.445563040E0,-9.473845326E0,1.008204848E1
5.819027917E0,-2.745172732E-1,-9.608983836E0,-5.900488465E0,1.127934813E1
5.828981917E0,-1.673942944E0,-1.257243868E1,1.701215234E-1,1.268452761E1
5.838934917E0,8.932464639E-1,-1.369919012E0,-6.412851906E-1,1.756648525E0
5.848888917E0,5.313325395E-1,8.144894831E0,9.749863726E-1,8.220232630E0
5.858841917E0,9.478354114E-1,1.025580809E1,9.228045337E0,1.382883988E1
5.868795917E0,-3.467576491E-1,6.846289045E0,5.567977776E0,8.831437656E0
5.878748917E0,-1.778753699E-1,-3.471550990E0,-4.315356249E-1,3.502788734E0
5.888702917E0,5.065670961E-1,-5.319735405E0,-9.321545239E0,1.074464521E1
5.898655917E0,1.877271389E0,-5.149079738E0,-2.335978441E0,5.957681201E0
5.908609917E0,7.205661258E-1,1.392959381E0,7.593612907E0,7.753870540E0
5.918562917E0,3.064907254E-1,8.825266904E0,8.654170942E0,1.236422044E1
5.928515917E0,-8.612191442E-1,4.351837027E0,2.694367737E-1,4.444409983E0
5.938469917E0,1.974977486E-1,-1.485590386E-1,-9.271536927E0,9.274830033E0
5.948422917E0,9.489374654E-1,-6.420432236E0,-4.869865835E0,8.114063450E0
5.958376917E0,-2.218052672E0,-3.578241625E0,-4.611289680E-2,4.210189685E0
5.968329917E0,6.817205872E-1,2.140326512E-1,4.692547266E0,4.746635944E0
5.978283917E0,-2.076102157E-1,1.710748535E0,7.659931442E0,7.851389192E0
5.988236917E0,-9.090594546E-1,3.291909907E0,-2.487607852E0,4.225074290E0
5.998190917E0,-1.497798496E0,-1.535188808E0,4.087920025E-1,2.183418401E0
6.008143917E0,-2.321081197E0,-4.760138741E0,-2.114982340E0,5.702586172E0
6.018097917E0,5.231414309E-1,1.675124373E0,-4.852240281E0,5.159840537E0
6.028050917E0,-7.179867728E-1,-7.539025640E-1,3.983275330E-1,1.114692292E0
6.038004917E0,3.068365882E-1,-2.820996793E0,-9.754553193E-1,3.000614050E0
6.047957917E0,-5.196928527E-1,-5.949926673E0,-5.833478789E0,8.348723427E0
6.057911917E0,-3.049554293E-1,-5.119543113E0,-2.672418458E0,5.783125445E0
6.067864917E0,5.303211173E-1,7.307328551E0,1.286133674E1,1.480176590E1
6.077817917E0,-5.310800494E-1,1.562312639E1,1.263659082E1,2.010093410E1
6.087771917E0,-9.391914725E-1,8.452453696E0,-1.182770981E0,8.586326415E0
6.097724917E0,-3.796951611E-1,-2.075115439E0,-8.722897360E0,8.974364092E0
6.107678917E0,-2.779342398E-2,-9.468168265E0,-7.965264273E0,1.237305208E1
6.117631917E0,6.307116705E-1,-6.645323752E0,-1.082771315E0,6.762434376E0
6.127585917E0,2.122448065E0,-2.098495531E-1,3.930532568E0,4.471902156E0
6.137538917E0,-5.188987643E-1,7.910059540E0,3.037598126E0,8.489128355E0
6.147492917E0,9.239136482E-1,7.405843610E0,4.609742507E0,8.772107043E0
6.157445917E0,-1.784906140E0,-6.840189815E-2,6.986297116E-1,1.917981288E0
6.167399917E0,-5.349632218E-1,-6.827124796E0,-6.727919766E0,9.600037656E0
6.177352917E0,9.121513892E-2,-8.577130952E0,-1.145908087E1,1.431384051E1
6.187306917E0,5.370032058E-1,-6.374903476E0,-1.858045160E0,6.661838980E0
6.197259917E0,1.371208323E0,6.540375586E0,7.959790109E0,1.039302572E1
6.207213917E0,-4.512891639E-1,1.046828422E1,5.194301519E0,1.169484522E1
6.217166917E0,-1.591483169E0,-8.678782457E-1,-2.576003427E0,3.149892853E0
6.227119917E0,-4.874085478E-2,-5.691399634E0,-8.392051374E0,1.014006567E1
6.237073917E0,5.477730095E-1,-8.944060106E0,-6.961288574E-1,8.987817413E0
6.247026917E0,5.910952496E-1,1.312701083E0,2.741364732E0,3.096394407E0
6.256980917E0,3.201482863E-1,4.180052848E0,-2.490012227E0,4.876012472E0
6.266933917E0,5.802799471E-1,5.230254879E0,-5.063043807E0,7.302513506E0
6.276887917E0,1.341223509E0,2.488271511E0,2.935161924E0,4.074990937E0
6.286840917E0,-1.515573081E-1,7.551065058E-1,7.677132196E0,7.715666803E0
6.296794917E0,2.202535587E-1,3.574706399E0,4.598129936E0,5.828364812E0
6.306747917E0,1.759285212E-1,-4.606392637E0,8.982185706E-1,4.696445525E0
6.316701917E0,-7.111543013E-1,-3.080951137E0,-7.778669096E0,8.396766834E0
6.326654917E0,-1.423492810E0,-3.974422646E0,-1.860446026E0,4.613418100E0
6.336608917E0,-1.582027929E0,1.318079937E0,4.049947622E0,4.543371307E0
6.346561917E0,-4.398102025E-1,3.416999391E0,3.199400523E-1,3.460011487E0
6.356514917E0,-1.521403267E0,1.313401580E-2,-4.058388078E0,4.334207447E0
6.366468917E0,-1.911329959E0,-2.925695282E0,-5.677358131E0,6.666728616E0
6.376421917E0,-1.166728853E0,-5.173093668E0,4.460349655E0,6.929420853E0
6.386375917E0,-7.245912029E-1,3.177662330E0,1.193061438E1,1.236778597E1
6.396328917E0,-9.998379893E-1,8.737517154E0,6.030399563E0,1.066347040E1
6.406282917E0,-2.339750479E0,4.960110592E0,2.004329339E0,5.839046625E0
6.416235917E0,-7.140431182E-1,3.614023662E-1,-2.726838495E0,2.841851055E0
6.426189917E0,-1.069199196E-1,-9.623666779E0,-7.507468218E-1,9.653497549E0
6.436143167E0,-7.468508220E-1,-4.745613672E0,-8.549483562E0,9.806747904E0
6.446097167E0,-2.434710431E0,-5.876400275E0,-1.201196084E1,1.359217048E1
6.456050167E0,-1.010780980E0,-7.350035444E0,-5.079789648E0,8.991605090E0
6.466004167E0,2.233733589E0,1.658750415E0,1.446347851E1,1.472865334E1
6.475957167E0,-4.403961446E0,1.398690120E1,1.856380691E1,2.365677934E1
6.485911167E0,-4.226639954E0,8.749838991E0,6.693258641E0,1.179931688E1
6.495864167E0,-6.031151150E-1,-6.883412433E-1,-7.912917659E0,7.965665534E0
6.505817167E0,6.546883976E-1,-1.279309506E1,-1.037241795E1,1.648268644E1
6.515771167E0,8.374244848E-1,-1.286830195E1,-6.784985082E0,1.457156468E1
6.525724167E0,1.710742688E0,-3.871535039E0,1.567763939E0,4.513680081E0
6.535678167E0,-2.253823599E0,4.070376624E0,1.168046815E1,1.257302760E1
6.545631167E0,-1.595529150E0,1.083113201E1,9.657991104E0,1.459917553E1
6.555585167E0,-3.776422767E0,1.630471526E0,-1.832268294E0,4.503000491E0
6.565538167E0,-1.535684945E-1,-2.331518185E0,-4.476629765E0,5.049730130E0
6.575492167E0,2.650891642E0,-8.181055766E-1,-6.968732080E-1,2.860446731E0
6.585445167E0,-9.210454427E-1,5.827358508E-1,4.158702325E0,4.299152336E0
6.595399167E0,-1.970141473E-1,5.255810720E-1,1.202071763E0,1.326659927E0
6.605352167E0,-2.596006752E0,5.162272811E-2,-6.715192131E0,7.199702864E0
6.615306167E0,-1.979732003E-2,-5.021146168E0,-4.125364425E0,6.498533097E0
6.625259167E0,-1.219469496E0,-2.084178039E0,2.224579627E0,3.283239020E0
6.635212167E0,-3.894009909E-1,3.415540511E0,6.217388842E0,7.104468603E0
6.645166167E0,-1.232943308E0,5.100485283E0,4.835467250E0,7.135603888E0
6.655119167E0,-2.040040185E0,2.015812978E0,-4.247714781E0,5.125265533E0
6.665073167E0,1.598862209E0,-8.138909036E0,-4.049010313E0,9.229988363E0
6.675026167E0,-2.813319399E0,-5.487707784E0,-1.131288645E1,1.288452958E1
6.684980167E0,1.334589404E0,-1.782666948E0,1.758840422E0,2.837701527E0
6.694933167E0,5.730216522E-1,5.248099412E0,1.688833054E1,1.769425357E1
6.704887167E0,-1.918299547E0,7.995607229E0,5.004383370E0,9.625666784E0
6.714840167E0,-1.911473800E0,7.987319970E-1,-9.043811266E0,9.278050825E0
6.724794167E0,9.214789407E-1,-7.106980723E0,-8.372186628E0,1.102051756E1
6.734747167E0,2.857764962E0,-8.138540077E0,2.619946715E0,9.014808703E0
6.744701167E0,1.605246638E0,2.044683021E0,8.323320862E0,8.719817406E0
6.754654167E0,-2.373288062E0,5.934622756E0,4.116741536E0,7.602618256E0
6.764607167E0,-1.385625364E0,6.290339289E0,-3.008966065E0,7.109303961E0
6.774561167E0,1.324475329E0,-8.803503567E-1,-4.440660911E0,4.716854987E0
6.784514167E0,-1.276403908E0,-3.597284253E0,-6.594710838E0,7.619702879E0
6.794468167E0,1.931701804E0,1.400516907E0,-1.931228326E0,3.069619246E0
6.804421167E0,-1.020031787E0,3.146173904E0,1.054169718E1,1.104835981E1
6.814375167E0,-1.849901011E0,2.924713535E0,6.307918943E0,7.194854023E0
6.824328167E0,-2.784975459E-1,-4.872627475E0,-1.925667039E0,5.246737362E0
6.834282167E0,1.115783744E0,-3.345606642E0,-8.653609024E0,9.344677967E0
6.844235167E0,8.607599916E-1,-1.580093086E0,-3.330199521E0,3.785212118E0
6.854189167E0,8.997097568E-1,3.332652721E0,7.508283904E-1,3.532675343E0
6.864142167E0,6.270831808E-1,4.311095967E0,-1.138413419E0,4.502751033E0
6.874096167E0,-1.811952143E0,-3.023180062E-1,-4.937539170E0,5.268193220E0
6.884049167E0,-3.759825446E-2,-5.993612391E0,-6.831277488E0,9.087967608E0
6.894003167E0,7.154438187E-1,-3.649102862E0,3.091103365E0,4.835569416E0
6.903956167E0,-1.565374913E0,8.967695721E0,9.702143430E0,1.330419303E1
6.913909167E0,-1.434821498E0,8.334700128E0,1.010128723E1,1.317429098E1
6.923863167E0,-1.460267119E0,3.168156511E0,-6.448464373E0,7.331595222E0
6.933816167E0,-2.483280328E-1,-6.631230792E0,-1.239981133E1,1.406379073E1
6.943770167E0,9.604607195E-1,-1.263382860E1,-5.391070851E0,1.376952268E1
6.953723167E0,2.381573274E0,-4.931272125E0,3.041376597E0,6.264128641E0
6.963677167E0,3.635983611E-1,2.041025003E0,5.907674693E0,6.260879100E0
6.973630167E0,3.349176221E-1,7.685814142E0,1.315054295E0,7.804695807E0
6.983584167E0,-6.761405893E-1,4.683266566E0,-1.171394931E0,4.874660799E0
6.993537167E0,1.186721287E0,-2.549132840E0,-3.129416369E0,4.207093113E0
7.003491167E0,3.966440465E-1,-1.923787159E0,-1.594781291E0,2.530140491E0
7.013444167E0,1.326788488E0,-2.300444911E0,4.478263770E0,5.206463375E0
7.023398167E0,5.030697668E-1,5.453236109E-1,3.604676887E0,3.680238103E0
7.033351167E0,-5.749541935E-1,2.889325601E0,-3.669938538E0,4.706083683E0
7.043304167E0,1.368802633E0,-4.402382698E0,-3.170040192E0,5.594975325E0
7.053258167E0,-1.074967255E0,-5.508370090E0,-3.214246019E0,6.467539959E0
7.063211167E0,6.900527964E-1,3.275951101E0,-5.604866105E-1,3.394432754E0
7.073165167E0,1.043559667E0,4.546347579E0,1.149041727E1,1.240112826E1
7.083118167E0,-1.303171584E0,5.004864596E0,4.464234253E0,6.832006533E0
7.093072167E0,-8.175745033E-1,3.976783167E0,-1.895676962E0,4.480716859E0
7.103025167E0,1.413477991E0,1.493764794E-1,-1.403295796E0,1.997366380E0
7.112979167E0,-6.634827561E-1,2.796215708E0,-9.693397164E-1,3.032927817E0
7.122932167E0,9.366670285E-2,-1.280377675E0,-1.669853109E0,2.106311906E0
7.132886167E0,6.709663150E-1,-4.916414350E0,-5.577744380E0,7.465424183E0
7.142839167E0,-4.108678006E-1,-7.854969998E0,-6.463188246E0,1.018047977E1
7.152793167E0,1.248657992E0,-4.405425004E0,4.483836166E0,6.408720856E0
7.162746167E0,-8.475920619E-1,8.058558353E0,9.851055640E0,1.275547225E1
7.172700167E0,-1.551598288E0,9.963781772E0,6.798238966E0,1.216143320E1
7.182653167E0,-7.955540353E-1,1.048581768E0,-4.214014061E0,4.414787022E0
7.192606167E0,-1.535375627E0,-3.636828387E0,-1.406415344E1,1.460767987E1
7.202560167E0,-1.178168547E-1,-7.156626508E0,9.005644736E-1,7.214028012E0
7.212513167E0,2.882667449E-1,5.786642007E0,7.298749516E0,9.318801850E0
7.222467167E0,1.150336074E-1,7.532277954E-1,2.806992127E0,2.908571753E0
7.232420167E0,-5.609284773E-1,-4.018708872E0,-4.071707743E0,5.748344605E0
7.242374167E0,1.018429869E0,-8.072388187E0,-1.137486460E1,1.398528495E1
7.252327167E0,3.182042333E-1,-1.209746351E1,-2.773264217E0,1.241534823E1
7.262281167E0,-6.308376780E-1,-2.204835919E0,6.335314318E0,6.737615684E0
7.272234167E0,7.965322014E-2,8.008683942E0,6.987577656E0,1.062881012E1
7.282188167E0,-2.444434643E0,1.429762575E1,3.560964857E0,1.493579035E1
7.292141167E0,-2.760399612E-1,2.651809362E0,8.842323232E0,9.235527656E0
7.302095167E0,-1.964574704E0,-1.428999864E0,9.467042676E-1,2.607267411E0
7.312048167E0,2.030448705E0,-4.659230416E0,-3.222784416E0,6.018096826E0
7.322002167E0,-2.624838495E-1,-8.119495695E0,-2.049562815E0,8.378294328E0
7.331955167E0,3.111145208E-1,-3.750528080E0,-5.712753081E0,6.840964910E0
7.341908167E0,-5.957117725E-1,-8.366967988E-1,-2.374806584E0,2.587400309E0
7.351862167E0,-1.486971152E-1,-1.360824253E0,5.737431840E0,5.898480957E0
7.361815167E0,2.257832523E-1,2.212634350E0,6.580873986E0,6.946555353E0
7.371769167E0,-2.849550793E0,5.221088784E0,-2.528059767E0,6.463032879E0
7.381722167E0,-2.479158955E-1,1.071901048E0,-2.526011780E0,2.755207735E0
7.391676167E0,-1.630691784E-1,-3.719916737E0,-3.393080771E-1,3.738917231E0
7.401629167E0,4.003270615E-1,-2.299640919E0,1.333613065E0,2.688332926E0
7.411583167E0,-1.442403144E0,3.456670411E0,3.158510067E0,4.899518650E0
7.421536167E0,-2.616938615E0,1.814833651E0,3.026556829E-1,3.198998180E0
7.431490167E0,-4.179858720E-1,1.493060204E0,-3.253148714E0,3.603736605E0
7.441442417E0,3.575850845E-1,-1.273734069E-1,2.381533513E0,2.411595520E0
7.451396417E0,8.225285567E-2,2.003591713E0,3.857749643E0,4.347801467E0
7.461349417E0,1.030901103E0,3.111722109E0,5.573267752E-1,3.325084165E0
7.471302417E0,-1.605583292E0,2.023321972E0,-6.261561633E0,6.773395278E0
7.481256417E0,1.620231736E0,-3.204800427E0,-4.815109000E0,6.006760469E0
7.491209417E0,-3.673831907E-1,-9.032502167E0,-2.020893039E0,9.263102853E0
7.501163417E0,9.870711786E-1,-5.248833237E0,1.037480244E0,5.440673223E0
7.511116417E0,6.817069924E-1,1.912569276E0,9.366053660E0,9.583611366E0
7.521070417E0,-4.260411790E-1,9.090781365E0,1.072365785E1,1.406487308E1
7.531023417E0,-1.869395482E0,8.018920662E0,-2.580675645E0,8.628882595E0
7.540977417E0,-1.836275318E-1,-1.168333914E0,-5.799159141E0,5.918527684E0
7.550930417E0,4.141157462E-1,-3.717737480E0,-1.747674286E0,4.128853259E0
7.560884417E0,1.647910555E0,-2.460255162E0,2.089589052E0,3.624202956E0
7.570837417E0,3.898579873E-1,-1.689599741E-1,6.544856892E0,6.558634649E0
7.580791417E0,-5.420711337E-1,5.587427369E0,-6.896387404E-1,5.655863092E0
7.590744417E0,1.337715180E0,6.113369215E-1,-5.601867068E0,5.791729395E0
7.600698417E0,5.399926313E-1,-5.292211976E0,-5.653973361E0,7.763151062E0
7.610651417E0,-1.293675998E0,-6.416635054E0,-6.502455223E0,9.226523015E0
7.620604417E0,2.241872767E0,-1.565100825E0,5.976371291E0,6.572103765E0
7.630558417E0,-2.022604811E0,3.378072138E0,8.105053657E0,9.010782229E0
7.640511417E0,-4.339581994E-1,4.894844556E-1,-1.176197834E0,1.345866299E0
7.650465417E0,-2.364016132E0,-1.391412207E0,-1.251574993E1,1.281282937E1
7.660418417E0,1.808957199E0,-6.215321267E-1,-5.696812402E0,6.009351036E0
7.670372417E0,-1.209746307E0,6.109129398E0,7.497353704E0,9.746551221E0
7.680325417E0,1.605781220E0,1.035560252E1,5.646743864E0,1.190389656E1
7.690279417E0,-4.525323185E-1,1.809617935E0,-1.024136313E0,2.127993834E0
7.700232417E0,-3.637164748E-1,-3.491018125E0,-7.387481014E0,8.178898028E0
7.710186417E0,2.500170924E-1,-1.229170801E1,-7.864850623E0,1.459467265E1
7.720139417E0,1.377951479E0,-6.769581762E0,1.225629026E-1,6.909486897E0
7.730093417E0,7.219788131E-1,4.628698010E0,3.625243299E0,5.923553634E0
7.740046417E0,-5.648037926E-1,3.955389959E0,3.733047245E0,5.468066823E0
7.749999417E0,-7.944068116E-1,3.922039195E0,-2.929479308E0,4.959367161E0
7.759953417E0,-4.972682691E-1,3.849320297E0,1.889349983E0,4.316733237E0
7.769906417E0,-6.001487128E-1,8.209011304E0,7.886818612E0,1.139955933E1
7.779860417E0,5.997226701E-1,5.214158664E0,3.411512072E0,6.259834859E0
7.789813417E0,-4.994706594E-1,1.198877429E0,-7.669499241E0,7.778688620E0
7.799767417E0,-2.417758987E-1,-8.073940038E0,-1.077670262E1,1.346789823E1
7.809720417E0,-6.294586122E-2,-1.796455268E1,-9.375285829E0,2.026388658E1
7.819674417E0,3.001447971E-1,-9.129989285E0,-1.204314755E0,9.213965773E0
7.829627417E0,1.220048589E0,3.692431315E0,1.596915174E1,1.643582596E1
7.839581417E0,-1.998909116E0,1.902255723E1,1.447998052E1,2.399006372E1
7.849534417E0,-1.752206463E0,1.552200815E1,4.803145012E0,1.634237334E1
7.859488417E0,-8.975484066E-1,-2.814413413E0,-3.094428969E0,4.278084460E0
7.869441417E0,-1.843792133E0,-1.367568198E1,-1.331112211E1,1.917315360E1
7.879395417E0,1.628702744E0,-8.908617209E0,-1.158493751E1,1.470465608E1
7.889348417E0,-2.705888213E0,-3.373037100E0,-3.264504007E0,5.418135908E0
7.899301417E0,-5.697273309E-1,3.565228647E-1,6.244434553E0,6.280498442E0
7.909255417E0,-7.326850650E-1,4.762486982E0,8.994138585E0,1.020356009E1
7.919208417E0,-2.210919654E0,6.641159365E0,4.416597279E0,8.276442167E0
7.929162417E0,-2.743947374E-1,5.588669318E0,6.478607354E0,8.560424666E0
7.939115417E0,5.246134309E-1,1.059084536E0,5.322459623E0,5.452105625E0
7.949069417E0,-2.140646062E0,1.632174236E0,-7.933753628E0,8.377995281E0
7.959022417E0,-6.713449588E-2,-7.172380076E0,-6.348175853E0,9.578459149E0
7.968976417E0,-1.616846491E-2,-1.128309138E1,-4.747567227E0,1.224123389E1
7.978929417E0,-2.864828983E0,-5.739095373E0,-2.374501652E0,6.839789389E0
7.988883417E0,6.330295068E-1,-4.685666263E-1,5.803425854E0,5.856622976E0
7.998836417E0,-1.716112332E0,1.240851667E1,8.734097117E0,1.527091287E1
8.008789417E0,-1.742218249E0,9.095127016E0,5.834088653E0,1.094501029E1
8.018743417E0,1.127129170E0,6.647553295E-1,2.812451964E0,3.101968063E0
8.028696417E0,-3.841516896E0,-5.687275009E0,-8.047110089E0,1.057630984E1
8.038650417E0,1.756048961E0,-6.039089110E0,-5.684321580E0,8.477370881E0
8.048603417E0,8.909019497E-1,-1.761964297E0,4.915134394E-1,2.034652287E0
8.058557417E0,-7.144269148E-1,-2.078645988E0,3.619106061E0,4.234277228E0
8.068510417E0,-1.155010284E-1,-2.158428322E0,1.096153837E0,2.423573094E0
8.078464417E0,-7.722968812E-1,5.627155691E-1,-6.238160491E-2,9.575921622E-1
8.088417417E0,1.198287884E0,-2.299452639E-1,3.369762660E0,3.583862310E0
8.098371417E0,-3.443274549E-2,-8.006569004E-1,2.465500115E0,2.592475246E0
8.108324417E0,-4.941932184E-1,4.387289280E0,-2.749136851E0,5.200989098E0
8.118278417E0,2.002115583E0,1.212190370E0,3.131025522E0,3.909116668E0
8.128231417E0,4.104280900E-1,6.076025387E0,9.205524201E0,1.103758178E1
8.138185417E0,2.188532420E-2,4.686066213E0,5.890032474E0,7.526764116E0
8.148138417E0,6.114945039E-3,2.018440717E0,1.155474132E-1,2.021754566E0
8.158091417E0,7.670541946E-1,-4.941798867E0,-3.232614170E0,5.954791562E0
8.168045417E0,1.754222729E0,-1.086254326E1,-5.390991329E0,1.225295601E1
8.177998417E0,5.231073343E-1,-1.121177874E1,-7.683374099E0,1.360190653E1
8.187952417E0,-2.894595404E-1,-6.782647365E0,-9.302959864E0,1.151664684E1
8.197905417E0,-4.049790332E-1,-1.263197386E-1,1.718508082E0,1.770094552E0
8.207859417E0,-7.199189121E-1,1.108460180E1,6.562671604E0,1.290175720E1
8.217812417E0,-1.127765785E0,1.270474363E1,7.237242070E0,1.466492547E1
8.227766417E0,-7.794428000E-2,7.763635320E0,8.658480924E0,1.162967758E1
8.237719417E0,-1.683173943E0,-1.245814199E0,6.170455581E-1,2.183087896E0
8.247673417E0,-1.157235423E-1,-3.762004995E0,-1.999875222E0,4.262109153E0
8.257626417E0,2.009268665E-1,-8.618226938E0,-2.201994172E0,8.897358343E0
8.267580417E0,-4.803804139E-1,-1.163421668E0,-1.606768376E0,2.041083029E0
8.277533417E0,-1.234208791E0,1.788294309E0,-3.988059522E0,4.541573144E0
8.287487417E0,6.085312081E-1,-1.163886521E0,-2.736924942E0,3.035737176E0
8.297440417E0,-2.393089585E-1,-8.981083506E-1,-1.000241082E0,1.365411882E0
8.307393417E0,-1.545185647E0,2.728523077E0,-7.914019275E0,8.512587030E0
8.317347417E0,-4.107850625E-1,-2.030950835E0,-1.568321471E0,2.598680030E0
8.327300417E0,1.085935572E-1,-5.006707639E-1,6.415194885E0,6.435618788E0
8.337254417E0,-5.703172418E-1,2.648205723E0,9.929979018E0,1.029284891E1
8.347207417E0,9.291706605E-1,3.420973744E0,9.945951272E0,1.055880515E1
8.357161417E0,-2.860022864E0,4.694171623E0,-1.563634928E0,5.714886893E0
8.367114417E0,-3.908313660E-2,1.048651934E0,-1.126384936E1,1.131262573E1
8.377068417E0,6.458487231E-2,-6.300032803E0,-6.476697069E0,9.035606756E0
8.387021417E0,3.219433815E-1,-4.939275793E0,-5.838022660E0,7.653927193E0
8.396975417E0,6.474268135E-1,-4.119429501E0,3.478849777E0,5.430585296E0
8.406928417E0,-2.418451225E0,4.416407245E0,3.970750594E0,6.412520531E0
8.416882417E0,-9.832935119E-1,5.871400321E0,1.700915272E0,6.191390847E0
8.426835417E0,-7.379531139E-1,3.421606997E0,3.847052162E0,5.201132529E0
8.436788667E0,-1.266103745E0,2.350391827E0,2.244818887E0,3.488061391E0
8.446742667E0,-2.443491122E-2,-7.256599277E-1,2.613047585E0,2.712046658E0
8.456695667E0,-7.875486124E-1,-1.108294703E0,-5.114615080E0,5.292243133E0
8.466649667E0,-1.048154702E0,-4.594571321E0,-1.036563050E1,1.138661537E1
8.476602667E0,-4.798231012E-1,-7.610898446E0,-1.018722961E1,1.272539400E1
8.486556667E0,-2.374449611E0,-8.047830466E0,-4.920624930E0,9.727185403E0
8.496509667E0,8.327261008E-2,6.897474986E0,8.025302314E0,1.058241810E1
8.506463667E0,-1.432673231E0,1.456118782E1,1.517456542E1,2.107956781E1
8.516416667E0,-2.918877429E0,7.261054856E0,5.437396587E0,9.529325511E0
8.526370667E0,-1.216682347E0,-1.331473569E0,-7.195401149E0,7.418014255E0
8.536323667E0,1.371800061E0,-1.006992745E1,-3.753014609E0,1.083376171E1
8.546277667E0,1.849192183E0,-1.019886557E1,1.110686507E0,1.042449016E1
8.556230667E0,4.551510671E-1,-3.857135101E0,3.921084344E-2,3.884094640E0
8.566183667E0,-2.712825058E0,2.461504712E0,-5.590335774E0,6.683582820E0
8.576137667E0,-7.444786066E-1,-6.983832514E-1,-2.098022491E0,2.333170790E0
8.586090667E0,-3.467023564E-1,-8.401507491E-1,1.006849605E0,1.356392986E0
8.596044667E0,-1.453411404E0,8.376009538E0,5.301037763E0,1.001852992E1
8.605997667E0,-1.756715251E0,9.645258792E0,5.101327282E0,1.105172410E1
8.615951667E0,-2.439039417E0,4.790948305E0,1.129833799E0,5.493507381E0
8.625904667E0,-5.581807610E-1,-2.711777821E0,-4.775262271E0,5.519821960E0
8.635858667E0,-1.642020216E0,-1.418658010E1,-1.120104442E1,1.814989481E1
8.645811667E0,5.615466376E-1,-8.479640325E0,-8.939983428E-2,8.498683839E0
8.655765667E0,6.958709221E-1,2.154914145E0,1.292868965E1,1.312550599E1
8.665718667E0,-3.536427455E-1,8.910499427E0,7.155702063E0,1.143355305E1
8.675672667E0,-3.385203110E0,2.706241677E0,-3.171080119E0,5.370204208E0
8.685625667E0,7.418320837E-1,-7.952698606E-1,-1.181959680E1,1.186952558E1
8.695579667E0,1.559887740E0,-4.719940887E0,-7.910665897E-1,5.033575080E0
8.705532667E0,-3.709089886E-2,-2.348493236E0,3.777198985E0,4.447924054E0
8.715485667E0,-2.507007452E0,3.166270784E0,-5.216903347E-1,4.072163780E0
8.725439667E0,-2.539034699E0,4.356448141E0,-2.011909962E-1,5.046366557E0
8.735392667E0,-3.490925154E-1,-2.207878225E0,8.472638869E-1,2.390491149E0
8.745346667E0,-1.632964706E-1,-7.337293777E0,2.632985421E0,7.797124979E0
8.755299667E0,-2.983324709E-1,7.646468228E-1,2.233879623E0,2.379896048E0
8.765253667E0,1.753528811E-1,4.018969073E0,5.920709306E0,7.158048598E0
8.775206667E0,-2.472437836E0,5.440133083E0,2.882370630E0,6.634459832E0
8.785160667E0,2.297088536E-1,4.628188133E-1,-4.847382999E0,4.874842495E0
8.795113667E0,1.487273654E-1,-5.331087189E0,-7.795855232E0,9.445526415E0
8.805067667E0,6.432784333E-1,-9.304115274E0,-4.280626711E0,1.026178022E1
8.815020667E0,7.770913057E-1,-2.370138459E0,3.400977436E0,4.217591105E0
8.824974667E0,-1.062098338E0,4.181578386E0,7.888371048E0,8.991109413E0
8.834927667E0,-1.482861637E0,5.143475767E0,4.359948869E0,6.903866724E0
8.844880667E0,5.247265014E-1,3.716490269E-3,2.007775103E0,2.075213863E0
8.854834667E0,7.963311303E-1,-4.876317653E0,1.755320106E0,5.243449799E0
8.864787667E0,-2.525995700E-1,-3.251831337E0,-1.606031919E0,3.635595152E0
8.874741667E0,-5.310926940E-1,-1.755300810E0,-2.166314462E-1,1.846637367E0
8.884694667E0,-2.779666041E0,2.806408575E0,-1.755437342E0,4.322503054E0
8.894648667E0,-1.732971316E0,3.070777566E0,6.337984157E-1,3.582536096E0
8.904601667E0,-7.017890353E-1,1.594140437E0,3.833235776E-1,1.783459713E0
8.914555667E0,-1.393996531E0,-2.015488458E0,4.821678346E-1,2.497580003E0
8.924508667E0,-2.204250466E-1,-1.944459990E0,-4.081370266E0,4.526267238E0
8.934462667E0,-2.587640337E-1,-3.050491821E0,1.447294925E0,3.386313892E0
8.944415667E0,-1.366626153E0,2.293962103E0,1.319568346E0,2.978454262E0
8.954369667E0,1.055442160E-1,3.797479468E0,2.441759250E0,4.515991378E0
8.964322667E0,8.269304138E-2,5.946378583E-1,4.839219993E0,4.876318536E0
8.974275667E0,-7.581045194E-1,2.011444523E0,-1.563966465E0,2.658311990E0
8.984229667E0,7.760801028E-2,3.976293755E-1,-7.344020998E-1,8.387362921E-1
8.994182667E0,-1.299794086E0,7.702899706E-1,-2.213820750E0,2.680263722E0
9.004136667E0,-1.606744549E0,-8.563750184E-1,-1.871520360E0,2.611052408E0
9.014089667E0,4.633050093E-1,-1.778885554E0,-5.430017985E0,5.732728902E0
9.024043667E0,1.068240984E-1,-7.451385233E0,-6.028060677E0,9.584991852E0
9.033996667E0,9.847213654E-3,-7.134404749E0,3.218699259E-1,7.141668457E0
9.043950667E0,-2.109996639E-1,2.952904131E0,7.167559631E0,7.754874257E0
9.053903667E0,-1.202916759E0,1.043448731E1,8.338049998E0,1.341076478E1
9.063857667E0,1.136245198E-1,5.195959790E0,3.129878299E0,6.066881145E0
9.073810667E0,6.360343909E-1,-4.702601554E0,-3.805332279E0,6.082725941E0
9.083764667E0,-7.500228634E-1,-4.825295434E0,-8.595251473E0,9.885563120E0
9.093717667E0,3.251284622E0,-3.678538331E0,1.636505268E0,5.175001975E0
9.103670667E0,-6.068816720E-1,3.272354479E0,6.360514063E0,7.178631370E0
9.113624667E0,-2.071339600E-1,7.263639910E0,1.818842502E0,7.490764798E0
9.123577667E0,-2.877120086E-1,3.496060179E0,5.957739723E-1,3.558112084E0
9.133531667E0,6.982139745E-1,-1.041268070E0,-2.797571093E-1,1.284525589E0
9.143484667E0,2.958947119E-1,-3.187680949E0,-2.312415331E0,3.949193358E0
9.153438667E0,6.270782107E-1,-7.494656968E-1,-6.046137344E0,6.124598166E0
9.163391667E0,-3.800601004E-1,-2.031795757E0,-4.311112339E0,4.781038515E0
9.173345667E0,9.229733428E-1,-4.579388441E0,2.577811094E0,5.335521373E0
9.183298667E0,5.343393970E-1,-5.469175619E-1,6.906321239E0,6.948518581E0
9.193252667E0,-1.224957181E0,4.640897056E0,1.835394216E0,5.138785607E0
9.203205667E0,9.199652793E-2,1.026165297E0,-1.631418191E0,1.929508717E0
9.213159667E0,-8.824212943E-1,5.394424814E-1,-3.859640048E0,3.995808658E0
9.223112667E0,2.040390287E0,3.545670880E0,2.210007196E0,4.649635074E0
9.233066667E0,-1.374887684E0,3.055589424E0,6.039198453E0,6.906436189E0
9.243019667E0,-7.306153699E-1,1.955586072E0,-3.536884269E0,4.107026423E0
9.252972667E0,-1.848487776E-1,-3.123863268E0,-1.087308462E1,1.131444474E1
9.262926667E0,-6.544304623E-1,-9.024921836E0,-1.407101807E1,1.672934676E1
9.272879667E0,2.725262597E-1,-1.372472491E1,-1.082851246E1,1.748425082E1
9.282833667E0,1.595268072E0,-1.657587404E0,1.173651839E1,1.195986372E1
9.292786667E0,-1.866970350E0,1.363005732E1,2.124387938E1,2.530941429E1
9.302740667E0,-3.621213983E0,1.539545686E1,8.022477524E0,1.773396256E1
9.312693667E0,1.513572383E0,7.035848760E0,-8.144422960E-1,7.242747088E0
9.322647667E0,-2.454888588E0,-7.986867396E0,-3.313735809E0,8.988735939E0
9.332600667E0,1.621318734E0,-2.752576768E0,-3.913502845E0,5.051817279E0
9.342554667E0,-1.106448810E0,-2.192528114E0,-2.939987047E0,3.830787430E0
9.352507667E0,-1.518282754E0,1.036071065E0,-4.801683500E0,5.141477434E0
9.362461667E0,1.895771541E0,-2.422110266E0,-2.368574914E0,3.882101879E0
9.372414667E0,-8.966856500E-1,-5.309177672E0,6.163272861E0,8.183968785E0
9.382367667E0,1.486753982E0,1.846690452E0,3.238062021E0,4.013196815E0
9.392321667E0,5.612250773E-2,7.684325441E0,1.248225006E0,7.785247131E0
9.402274667E0,-1.473429932E0,3.802402239E0,8.629315013E-1,4.168202170E0
9.412228667E0,1.069630575E0,-2.826951597E0,-4.170285659E0,5.150441474E0
9.422181667E0,-5.696804801E-1,-7.470855877E0,-7.273032292E0,1.044199321E1
9.432135667E0,2.512721351E0,-9.203513344E0,-1.656528766E0,9.683104565E0
9.442088417E0,-7.579165314E-1,-6.656867909E-1,2.157499784E0,2.381676236E0
9.452042417E0,-8.042156620E-1,3.892803701E0,3.617059536E0,5.374365374E0
9.461995417E0,5.488219269E-1,5.421853518E0,1.350723773E0,5.614459528E0
9.471949417E0,-5.986093968E-1,2.493045763E0,1.984762509E0,3.242359111E0
9.481902417E0,1.327095320E0,-3.484665710E-1,1.313858832E0,1.899693652E0
9.491856417E0,3.391196506E-1,4.397334212E-1,8.474498284E-1,1.013182526E0
9.501809417E0,-1.618290899E0,2.658303280E0,-1.784426960E-1,3.117255774E0
9.511762417E0,6.854189511E-1,-1.140751428E0,-4.737487212E-1,1.412639660E0
9.521716417E0,-9.731022535E-1,-6.593832586E0,-3.124838291E0,7.361397321E0
9.531669417E0,-1.380184274E-1,-5.817683705E0,-2.403754979E0,6.296231474E0
9.541623417E0,-6.807302881E-1,1.501950896E-1,-3.411119431E-1,7.760861085E-1
9.551576417E0,-6.649422942E-1,3.299066314E0,4.885975792E0,5.932853128E0
9.561530417E0,-9.993406836E-2,3.622495692E0,-2.177642565E0,4.227835025E0
9.571483417E0,-3.045673935E-2,-6.091442156E-1,-3.271779405E0,3.328141338E0
9.581437417E0,9.774529474E-1,-1.527199758E0,5.034382510E-1,1.881808555E0
9.591390417E0,1.250725568E0,2.345025837E-1,1.003686729E1,1.011721359E1
9.601344417E0,-2.734621979E-1,6.008574831E0,9.288999052E0,1.106631178E1
9.611297417E0,1.464548450E-1,4.930966900E0,2.336807576E0,5.458621917E0
9.621251417E0,-3.947897483E-1,-4.657361062E0,-5.717229125E0,7.384685496E0
9.631204417E0,1.570949210E0,-8.370580398E0,-7.675544677E0,1.146509850E1
9.641157417E0,-4.933819172E-1,-8.467466422E0,-3.765191143E0,9.279982633E0
9.651111417E0,8.586828413E-1,-8.463429505E-1,9.058933336E-1,1.508070072E0
9.661064417E0,-7.356687529E-1,7.190609356E0,2.954288167E-1,7.234179263E0
9.671018417E0,-1.118805073E0,5.094052176E0,-4.168924427E-1,5.232102032E0
9.680971417E0,1.136405704E0,2.499304622E-1,3.980714250E-1,1.229773971E0
9.690925417E0,2.697905302E-2,-5.494809812E-1,9.276267325E0,9.292566529E0
9.700878417E0,7.264989301E-1,3.264351979E0,1.156395069E1,1.203780503E1
9.710832417E0,-2.160738776E-1,6.479065776E0,6.280927026E-1,6.513024005E0
9.720785417E0,1.497427161E-1,2.557390863E-1,-2.732010649E0,2.748037035E0
9.730739417E0,1.044483966E0,-7.794212165E0,-3.259458445E0,8.512623531E0
9.740692417E0,-2.091877031E-1,-6.520075223E0,-1.528382357E0,6.700081569E0
9.750646417E0,3.382880669E-1,-4.028902908E0,-7.517800248E-1,4.112380170E0
9.760599417E0,-3.668771873E-1,3.811435018E0,-2.506530319E0,4.576497570E0
9.770553417E0,-8.822196385E-1,6.016635802E0,-3.324498779E0,6.930404750E0
9.780506417E0,-5.318897791E-1,-2.616116204E0,3.712998896E0,4.573109613E0
9.790459417E0,-8.718543524E-1,-2.012231559E0,6.606998177E0,6.961438843E0
9.800413417E0,-5.820340388E-1,1.632101730E0,3.029376941E0,3.489934717E0
9.810366417E0,-4.794911620E-1,2.252353901E0,5.469620007E-1,2.366891907E0
9.820320417E0,-2.966148513E-1,1.251349758E0,-3.466487593E0,3.697349432E0
9.830273417E0,-3.515853296E-1,-1.475362437E0,-1.242439654E1,1.251662638E1
9.840227417E0,8.833511112E-2,-1.016913131E1,-7.734597462E0,1.277665968E1
9.850180417E0,7.372472088E-1,-5.038768507E0,6.070263541E0,7.923434922E0
9.860134417E0,5.794642971E-1,4.086151827E0,1.016415884E1,1.097007477E1
9.870087417E0,-1.972365096E0,4.939034303E0,-3.148948992E0,6.180628098E0
9.880041417E0,-5.980804430E-1,1.646442026E0,-5.997556338E0,6.248132008E0
9.889994417E0,-9.598019575E-1,-6.294787851E0,5.449738305E0,8.381242239E0
9.899948417E0,-1.722851942E-1,1.727527120E0,7.057219164E0,7.267625091E0
9.909901417E0,-8.981701849E-1,4.007048355E0,3.169135335E0,5.187153841E0
9.919854417E0,-9.678263839E-1,2.567721139E0,-2.520254611E0,3.725796970E0
9.929808417E0,-1.449598435E0,2.918493267E0,-4.828348265E0,5.825108200E0
9.939761417E0,-4.912272913E-1,-6.752736518E0,-4.000770199E0,7.864281081E0
9.949715417E0,-1.721186034E-1,-1.068054750E1,-1.900374323E0,1.084966093E1
9.959668417E0,-7.876164401E-1,-3.886761189E0,-2.409846901E0,4.640540300E0
9.969622417E0,-1.019637392E0,5.280294766E0,6.134582913E-1,5.412716906E0
9.979575417E0,-2.306582733E0,7.767334853E0,5.182694796E0,9.618323138E0
9.989529417E0,-2.974083331E0,7.550993137E0,3.046779424E0,8.668652367E0
9.999482417E0,-3.759573650E-1,-4.837921911E-1,4.801081237E0,4.840018581E0
1.000943642E1,3.193851516E-1,-2.211522210E-1,4.322403021E0,4.339825233E0
1.001938942E1,-1.873341183E0,1.792832918E0,-7.950809956E-1,2.712159813E0
1.002934342E1,-5.363197393E-1,-5.250536531E-1,-4.383512564E0,4.447302845E0
1.003929642E1,-8.046443360E-1,-1.500523006E0,-6.365732703E0,6.589504886E0
1.004924942E1,4.785237768E-1,-6.532103530E0,-5.445188586E0,8.517478516E0
1.005920342E1,1.141828485E0,-1.093315891E1,-7.692914416E0,1.341710357E1
1.006915642E1,-2.165725355E0,-5.037549947E0,-8.298017036E0,9.946072718E0
1.007911042E1,-2.667776244E-1,4.309725380E0,8.857686791E0,9.854111753E0
1.008906342E1,-2.787930496E0,1.628031132E1,1.669842934E1,2.348741441E1
1.009901742E1,-4.193591491E0,1.364508233E1,8.236164604E0,1.648056093E1
1.010897042E1,8.947466950E-2,9.179538006E-1,3.775020897E-1,9.965704813E-1
1.011892442E1,1.102689562E0,-6.823333461E0,-2.189711511E0,7.250423456E0
1.012887742E1,1.127767686E0,-8.498177168E0,-1.571947330E0,8.715612058E0
1.013883142E1,2.443580073E0,-2.823193592E0,-2.431771621E0,4.455897086E0
1.014878442E1,-3.248638172E0,-1.494068264E0,-6.781638136E0,7.666583708E0
1.015873842E1,1.427769171E0,-1.738173146E0,-4.582030798E0,5.104388006E0
1.016869142E1,7.366685537E-1,-2.959956458E0,-5.230560104E0,6.054979916E0
1.017864442E1,5.272337509E-1,-4.885562686E0,-3.387425929E0,5.968362640E0
1.018859842E1,2.640978090E-2,9.317953295E-1,2.007338024E0,2.213220720E0
1.019855142E1,-2.214691254E0,8.661082351E0,1.194421500E1,1.491923178E1
1.020850542E1,-1.858794480E0,7.916459318E0,9.833252038E0,1.276002706E1
1.021845842E1,1.700246058E-1,-1.202491009E0,-3.313161612E0,3.528729638E0
1.022841242E1,2.992696187E0,-1.084713000E1,-7.893370417E0,1.374488109E1
1.023836542E1,-1.341100279E0,-1.020996241E1,-9.342170123E0,1.390388525E1
1.024831942E1,4.687572163E0,-1.603435171E0,-3.702717737E0,6.185018656E0
1.025827242E1,-3.092597109E-1,5.858430612E0,2.794508321E0,6.498163399E0
1.026822642E1,4.223779350E-1,8.987962171E0,1.135528110E1,1.448807358E1
1.027817942E1,-9.453760908E-2,9.376259390E0,2.281864799E0,9.650392970E0
1.028813342E1,4.295048503E-1,8.572836757E-2,-2.892097473E0,2.925072916E0
1.029808642E1,2.188222079E0,-4.228181280E0,-4.672446878E0,6.670651589E0
1.030804042E1,2.399798607E0,-4.606803696E0,-3.561386734E0,6.298027399E0
1.031799342E1,1.161156018E0,-5.444795069E0,-1.224539689E0,5.700313508E0
1.032794642E1,3.018764829E0,-1.378874608E0,2.583025933E0,4.205503448E0
1.033790042E1,2.251701763E-2,3.724174680E0,1.370892866E0,3.968542719E0
1.034785342E1,5.083690618E-1,4.454702999E0,4.560684952E-1,4.506752310E0
1.035780742E1,1.233476720E0,5.308371341E-1,-1.440087354E0,1.969036432E0
1.036776042E1,-7.263740189E-1,-9.918608522E-1,-8.836195350E-1,1.513998233E0
1.037771442E1,1.067553717E0,2.172794931E0,5.078531327E0,5.626027834E0
1.038766742E1,-3.833028566E-1,4.012609057E0,1.262730194E1,1.325506344E1
1.039762142E1,-1.638185319E0,4.172614605E0,-1.206598093E0,4.642223900E0
1.040757442E1,4.778832508E-1,-1.533193154E0,-4.701188282E0,4.967919576E0
1.041752842E1,-3.662411564E-1,-3.318805345E0,-2.018905571E0,3.901868937E0
1.042748142E1,-9.903451809E-1,-6.596949152E0,6.299460361E0,9.175168801E0
1.043743604E1,5.478068503E-1,1.526327938E-1,4.899157462E0,4.932051597E0
1.044738904E1,-2.697639546E0,4.070007665E0,-2.948246824E0,5.703891728E0
1.045734204E1,-2.353964403E-1,2.283010268E-1,-3.093591355E0,3.110922744E0
1.046729604E1,-3.780280102E-1,-1.536644765E0,-2.480198845E0,2.942034776E0
1.047724904E1,-7.863673286E-1,-1.667048199E0,6.822151154E-1,1.965411086E0
1.048720304E1,-6.721748066E-2,1.544271289E0,2.274029237E0,2.749636517E0
1.049715604E1,-1.433775139E0,1.051736925E0,3.721779075E-1,1.816694279E0
1.050711004E1,-5.110802695E-1,5.970679611E-1,-3.823280599E0,3.903225299E0
1.051706304E1,5.380569106E-1,-4.414845454E0,-2.745945441E0,5.226909410E0
1.052701704E1,2.081161826E-1,-2.281958354E0,4.667550127E0,5.199679843E0
1.053697004E1,1.005298996E0,2.180605642E0,5.648792728E0,6.137957830E0
1.054692404E1,-1.650439293E-1,2.489726883E0,1.108009359E0,2.730139958E0
1.055687704E1,-8.715388951E-1,4.630100173E-1,-5.727388662E0,5.811793115E0
1.056683104E1,-4.055091929E-1,-7.640547338E0,-7.798497589E0,1.092515290E1
1.057678404E1,1.087304369E0,-5.325468600E0,-1.011565033E1,1.148343277E1
1.058673804E1,7.775239997E-2,-1.283570255E0,5.981752483E0,6.118411624E0
1.059669104E1,-2.972634354E-1,9.491729035E0,1.435157450E1,1.720897952E1
1.060664404E1,-1.025180991E0,1.067654917E1,3.565648185E0,1.130281139E1
1.061659804E1,-1.673957342E-2,-2.025377269E0,-2.972839920E0,3.597250406E0
1.062655104E1,-1.493138996E0,-6.621695153E0,-1.285389909E1,1.453612852E1
1.063650504E1,2.897368738E0,-6.672528507E0,-4.548589987E0,8.579455294E0
1.064645804E1,-6.061627569E-2,-1.885294354E-1,7.617713960E0,7.620287637E0
1.065641204E1,-2.696740610E-1,6.821430193E0,5.459647581E0,8.741417830E0
1.066636504E1,-6.238682355E-1,4.648440549E0,-2.415529225E0,5.275603525E0
1.067631904E1,2.587906385E-1,-2.086320459E0,-3.837328827E0,4.375476909E0
1.068627204E1,-1.105719590E0,-6.317448735E0,4.142648209E0,7.635070957E0
1.069622604E1,1.939659719E0,1.602919446E0,3.337488368E0,4.179767838E0
1.070617904E1,-1.705346000E0,4.031093860E0,-1.705804714E0,4.697626252E0
1.071613304E1,9.584076159E-1,1.823800941E0,-3.860484094E0,4.375857912E0
1.072608604E1,1.093914719E0,-1.759263468E0,-3.409343047E0,3.989395615E0
1.073603904E1,3.261677025E-1,-2.218449991E0,1.421764519E0,2.655055570E0
1.074599304E1,1.458778856E0,2.414787213E0,2.798361636E0,3.973670958E0
1.075594604E1,1.350068154E0,3.145049484E0,-9.455590904E-1,3.550788965E0
1.076590004E1,9.023198808E-1,2.933846886E0,-4.128921871E0,5.144864870E0
1.077585304E1,-4.512467350E-1,-2.441522437E0,-9.671984661E-1,2.664606594E0
1.078580704E1,-3.275644926E-1,7.762453598E-1,7.114963342E0,7.164674362E0
1.079576004E1,6.451664992E-1,4.171220629E0,8.929169587E0,9.876507017E0
1.080571404E1,-1.668230506E0,2.509702141E0,-2.149048511E0,3.701352099E0
1.081566704E1,6.432997756E-1,2.634199888E-1,-8.508722037E0,8.537070657E0
1.082562104E1,-1.309135159E0,-6.127066317E0,-8.190980830E0,1.031246544E1
1.083557404E1,-1.776670994E-1,-8.613493617E0,-9.877490902E-1,8.671763728E0
1.084552804E1,7.641787532E-1,-3.671823388E-1,2.665521960E0,2.797105532E0
1.085548104E1,-3.897259864E-1,4.625039992E0,4.687761905E0,6.596816881E0
1.086543404E1,1.708113633E0,7.873529060E0,2.723823670E0,8.504665040E0
1.087538804E1,-2.496693841E-1,1.877749107E0,-2.531358766E0,3.161653636E0
1.088534104E1,4.195550820E-1,-7.735901976E0,2.236355919E0,8.063590618E0
1.089529504E1,-1.955770844E0,-2.010949849E0,-1.919627742E0,3.399107171E0
1.090524804E1,7.724918859E-1,9.909995574E-1,-3.459133258E0,3.680275361E0
1.091520204E1,-1.125665612E0,2.798974425E-1,-1.551194392E0,1.936922737E0
1.092515504E1,-2.232361686E-1,9.459871066E-1,7.967568076E-1,1.256800463E0
1.093510904E1,-4.657758965E-1,-3.482123340E0,6.645449467E0,7.516922825E0
1.094506204E1,-9.491595134E-2,1.203914806E0,2.624202318E0,2.888746736E0
1.095501604E1,2.935993508E-1,5.358961451E-1,-3.396401989E-1,6.990999370E-1
1.096496904E1,1.711316299E-1,4.109338961E0,6.497917199E-1,4.163914265E0
1.097492304E1,-1.408506725E-1,5.501643453E0,-2.830327195E-1,5.510719292E0
1.098487604E1,-6.523028067E-1,-2.355566613E0,4.458941646E0,5.084914318E0
1.099482904E1,8.536117704E-1,-2.809956080E0,1.544459569E0,3.318111148E0
1.100478304E1,7.714790019E-1,-2.276028693E0,-2.393790447E0,3.392008131E0
1.101473604E1,-2.783225315E-2,6.093015057E-1,9.553145850E-1,1.133423538E0
1.102469004E1,-7.913661864E-1,-1.153298968E-1,-2.614973365E0,2.734528685E0
1.103464304E1,-7.911312014E-1,-2.220539201E0,-5.706381955E0,6.174097338E0
1.104459704E1,4.890615557E-1,-1.383792701E0,-3.304524105E0,3.615790786E0
1.105455004E1,-8.663597238E-1,-5.258459508E-1,3.817541265E0,3.949773974E0
1.106450404E1,-5.875331989E-1,5.417437116E0,8.560075793E0,1.014735028E1
1.107445704E1,-1.493705883E0,8.120547025E0,3.716761287E0,9.054764255E0
1.108441104E1,-4.540502922E-1,6.083495790E-1,-2.190875984E0,2.318660918E0
1.109436404E1,-5.388935009E-1,-7.454396549E0,-4.799748656E0,8.882343232E0
1.110431804E1,-2.363756370E0,-1.041617383E1,-9.251651716E0,1.413071410E1
1.111427104E1,-9.986569248E-1,-9.586301901E0,-3.306979936E0,1.018973091E1
1.112422404E1,-1.715434201E0,1.580685409E0,5.329444122E0,5.817581586E0
1.113417804E1,-3.419876514E0,1.244084826E1,3.034748778E0,1.325443175E1
1.114413104E1,-1.609759373E0,9.720952168E0,2.920266727E0,1.027697397E1
1.115408504E1,-3.487611245E0,3.808700275E0,1.002774096E0,5.260721040E0
1.116403804E1,-1.764651312E-1,-4.417102479E0,1.021375258E0,4.537085151E0
1.117399204E1,-3.545154059E-1,-8.119554752E0,-1.532245320E-1,8.128734730E0
1.118394504E1,-6.063012262E-1,-5.329934118E0,-9.606639102E-1,5.449648982E0
1.119389904E1,2.095611684E0,-5.249014501E0,2.948834176E0,6.374901141E0
1.120385204E1,1.447826144E0,-2.947190232E0,6.734429471E0,7.492307462E0
1.121380604E1,1.455480880E0,-2.803659214E0,4.901092891E0,5.830921119E0
1.122375904E1,1.548383489E0,1.475953006E0,1.216153613E0,2.460682489E0
1.123371304E1,1.462481313E0,3.174147568E0,2.122935723E0,4.089122212E0
1.124366604E1,1.791706598E0,4.792421218E0,3.017011834E0,5.939686361E0
1.125362004E1,1.749852374E0,3.262142317E0,8.462177031E0,9.236449314E0
1.126357304E1,1.176033673E-1,2.565153041E0,5.385627093E0,5.966474660E0
1.127352604E1,-2.084071912E-2,-1.421316038E0,2.973544510E0,3.295836854E0
1.128348004E1,1.066047693E0,-7.794748355E0,-3.298794419E-2,7.867378712E0
1.129343304E1,1.103794613E0,-7.814173390E0,-6.707579641E0,1.035718557E1
1.130338704E1,3.788929596E-1,-7.291063936E0,-6.434286629E0,9.731557821E0
1.131334004E1,9.640557338E-1,-7.143324677E0,-2.199209143E0,7.536113836E0
1.132329404E1,-3.194540391E-1,5.484945560E-1,6.096104141E0,6.129060520E0
1.133324704E1,-7.187666452E-1,8.820671577E0,6.809248688E0,1.116632170E1
1.134320104E1,-4.932716241E-1,7.593896497E0,9.795419383E0,1.240406473E1
1.135315404E1,2.444218004E-1,4.013912401E0,5.410679489E0,6.741415824E0
1.136310804E1,-8.329690526E-1,-3.732512809E0,1.097115996E0,3.978586787E0
1.137306104E1,-2.352139706E-1,-5.748013546E0,-3.632333048E0,6.803589399E0
1.138301404E1,2.162627975E-1,-8.784045787E0,3.364045545E0,9.408667941E0
1.139296804E1,-1.655259628E0,-2.120048368E0,5.273002118E0,5.919378418E0
1.140292104E1,1.194765594E-1,5.617864466E-1,4.687390022E0,4.722446811E0
1.141287504E1,-9.207416068E-1,-2.646788358E0,1.856999677E0,3.361800339E0
1.142282804E1,-4.280395381E-1,-3.816788144E0,-2.448473607E0,4.554790070E0
1.143278204E1,3.607478069E-1,-3.608006877E0,2.024446684E0,4.152858892E0
1.144273492E1,3.729650158E-1,-6.464272320E-2,7.172646709E0,7.182627820E0
1.145268892E1,4.744218088E-1,1.732763886E0,6.433503102E0,6.679633890E0
1.146264192E1,6.413644204E-1,-7.374970311E-1,5.303934474E0,5.393233825E0
1.147259592E1,3.817169821E-1,-1.822041514E0,4.772682772E0,5.122894102E0
1.148254892E1,3.809796116E-1,-3.013526309E0,1.147455261E0,3.247020150E0
1.149250292E1,7.294493620E-1,-5.267569470E-1,-2.121117239E0,2.304063279E0
1.150245592E1,1.275396140E0,1.418985338E0,5.084373280E0,5.430562251E0
1.151240892E1,1.388970995E0,5.764664662E-1,9.099527045E0,9.222957577E0
1.152236292E1,-9.989218037E-1,-3.952637089E0,-1.285744250E-2,4.076928997E0
1.153231592E1,2.087463845E-1,-5.745247813E0,-1.551804841E0,5.954791831E0
1.154226992E1,-1.253137252E0,-1.337721319E0,1.727456076E0,2.518721063E0
1.155222292E1,-1.265707304E0,-1.548325163E-1,3.169342327E0,3.416243386E0
1.156217692E1,-2.074191141E0,3.748585635E-1,1.063230505E0,2.360772530E0
1.157212992E1,-1.013721106E0,-5.960996622E-1,7.041143999E-1,1.370672235E0
1.158208392E1,-1.220150038E0,-2.562559801E0,4.257585758E-1,2.869973731E0
1.159203692E1,-1.339462766E0,1.272031360E0,1.613916597E0,2.452947424E0
1.160199092E1,-8.075881898E-2,2.471820955E0,3.480287899E0,4.269522770E0
1.161194392E1,4.484010048E-1,-1.782345936E0,1.589619954E0,2.429961336E0
1.162189792E1,-4.938172789E-1,-5.401878844E0,1.206119791E0,5.556876416E0
1.163185092E1,4.737993361E-1,-3.309074993E0,2.099545106E0,3.947474227E0
1.164180392E1,1.015682847E0,1.129727672E0,3.363464624E-1,1.555964396E0
1.165175792E1,7.406920959E-1,2.619307029E0,2.659167498E0,3.805333872E0
1.166171092E1,1.541416532E0,-2.717417461E0,4.289881099E0,5.306920239E0
1.167166492E1,6.707276756E-1,-5.133629056E0,2.123457879E0,5.595810599E0
1.168161792E1,2.858004259E-1,1.845809861E0,4.355154737E0,4.738783463E0
1.169157192E1,2.180010834E0,7.639848595E0,1.017477504E1,1.290913556E1
1.170152492E1,1.587770334E0,2.334424835E-1,1.051502452E1,1.063678761E1
1.171147892E1,1.119087640E-2,-9.777278396E0,3.845579249E-1,9.784844550E0
1.172143192E1,-2.569598753E-1,-1.191097475E1,-3.817176983E0,1.251032326E1
1.173138592E1,-9.404633881E-1,-2.880205114E0,-7.853032815E-1,3.129976697E0
1.174133892E1,-6.043466482E-2,4.117279480E0,5.795308165E0,7.109236203E0
1.175129292E1,-6.968946965E-1,3.389905733E0,9.701855747E0,1.030063726E1
1.176124592E1,-1.454942936E0,5.990682936E-1,4.755442842E0,5.008989757E0
1.177119992E1,-1.356949596E0,7.234479260E-1,-1.690145870E0,2.285012510E0
1.178115292E1,1.127650157E-1,-5.540651983E-1,-7.407416511E-1,9.318811010E-1
1.179110592E1,-6.030192206E-1,-5.195772094E0,-7.385705799E-2,5.231169535E0
1.180105992E1,1.399260925E0,-6.981959066E0,3.351612318E-1,7.128675655E0
1.181101292E1,-1.216700766E0,-2.449992129E0,-1.339405317E0,3.045788698E0
1.182096692E1,-1.452104406E0,3.358522557E0,9.031869498E-1,3.768823110E0
1.183091992E1,-1.140337811E0,5.652938404E0,3.705326472E0,6.854598981E0
1.184087392E1,-1.241318567E0,4.081151873E0,4.389822586E0,6.121046866E0
1.185082692E1,-8.919831730E-1,-1.062654262E0,1.547989533E0,2.078735109E0
1.186078092E1,2.798911567E-1,-1.297420555E0,-3.700684660E0,3.931501763E0
1.187073392E1,3.198238389E-1,-2.373311158E0,-7.407276177E-1,2.506705118E0
1.188068792E1,1.047309414E-3,-3.335258240E0,-4.989510977E-1,3.372373174E0
1.189064092E1,8.106649947E-1,-1.104450159E0,-1.231900749E0,1.842435167E0
1.190059492E1,1.547750674E-1,1.812666088E0,-3.992379445E-1,1.862553249E0
1.191054792E1,-7.998879185E-1,2.396004202E0,1.455635978E0,2.915395843E0
1.192050092E1,-9.849061739E-1,2.307577929E0,3.286967255E0,4.135106989E0
1.193045492E1,-6.406978378E-1,-1.220436113E0,2.361512062E0,2.734354996E0
1.194040792E1,-1.554344579E0,-4.011796879E0,-2.377591028E0,4.915632244E0
1.195036192E1,-1.376382378E0,-4.862249837E0,-3.886504496E0,6.375015225E0
1.196031492E1,-1.258312915E0,-6.003168495E0,-7.466064084E-1,6.178899943E0
1.197026892E1,-8.094728936E-1,-3.309277892E0,1.994579107E0,3.947773086E0
1.198022192E1,-7.893549635E-1,2.641911196E0,4.321735853E0,5.126419492E0
1.199017592E1,-2.667421574E-1,6.441752354E0,4.330517786E0,7.766640784E0
1.200012892E1,2.438630989E-1,2.571306067E0,6.217657814E0,6.732781950E0
1.201008292E1,-1.590050017E0,-2.971255032E0,2.157401843E0,4.001374544E0
1.202003592E1,-3.288314746E-1,-3.955748978E0,2.999959014E0,4.975523510E0
1.202998992E1,7.197783597E-2,-2.901383144E0,6.980462764E0,7.559766224E0
1.203994292E1,1.597617630E0,-1.374348278E0,8.417898406E0,8.677685685E0
1.204989592E1,2.152104997E0,-4.824554007E0,3.297876990E0,6.227669703E0
1.205984992E1,2.173367373E0,-3.303954002E0,-1.093186668E0,4.103010465E0
1.206980292E1,1.231754423E0,1.779860870E0,3.321166450E0,3.964249016E0
1.207975692E1,2.668142974E0,5.795744367E0,8.414568416E0,1.056004741E1
1.208970992E1,3.911131799E0,5.070168055E0,6.669313123E0,9.245717581E0
1.209966392E1,3.719370315E0,-1.567721547E0,-1.907095698E-1,4.040771774E0
1.210961692E1,4.111742751E0,-5.518078807E0,-6.918357732E0,9.758037502E0
1.211957092E1,3.954413181E0,-6.437753443E0,-7.385739713E0,1.056556691E1
1.212952392E1,1.833096260E0,-6.110853158E0,-4.187976995E0,7.631639373E0
1.213947792E1,2.437891170E0,-1.385608261E0,-2.430593407E0,3.710930870E0
1.214943092E1,-4.028113241E-1,3.522198402E0,3.866178989E-3,3.545159164E0
1.215938492E1,-2.797278732E-1,7.340645986E0,1.465442051E0,7.490717694E0
1.216933792E1,3.300767854E-1,7.274547890E0,3.055582407E0,7.897124891E0
1.217929092E1,1.351190819E0,2.019680911E0,2.795998777E0,3.704380754E0
1.218924492E1,1.668797394E0,3.234738171E-2,-3.307160615E0,3.704489496E0
1.219919792E1,3.324968018E0,-3.725548190E0,-4.204047190E0,6.527567266E0
1.220915192E1,1.396309251E-1,-3.802146131E0,-2.858309045E0,4.758754311E0
1.221910492E1,2.754786431E0,-3.307652366E0,-1.324326518E0,4.503693282E0
1.222905892E1,1.304219697E0,-2.015684924E0,7.772002101E-2,2.402085580E0
1.223901192E1,1.300084839E0,2.929134614E0,3.732100580E0,4.919209786E0
1.224896592E1,9.949040356E-1,3.579253194E0,5.184032055E0,6.377701452E0
1.225891892E1,-5.646322864E-1,2.625722010E0,4.496142801E0,5.237225007E0
1.226887292E1,-3.241792544E0,-3.223861765E0,1.973519483E0,4.979687011E0
1.227882592E1,-2.348338285E-1,-1.789601746E0,2.597796292E0,3.163284197E0
1.228877992E1,-2.377548489E0,-2.332660146E0,2.763351140E0,4.327834297E0
1.229873292E1,-2.505096874E0,-2.450846407E0,2.143357708E0,4.108058024E0
1.230868592E1,6.574792005E-2,-4.689842345E0,1.998987030E0,5.098518721E0
1.231863992E1,-4.223545607E0,-4.454298956E0,1.132405697E0,6.241911514E0
1.232859292E1,-1.260979684E0,-4.440749204E0,1.214604685E0,4.773425164E0
1.233854692E1,-5.999455221E-1,-2.182230583E0,3.764279270E0,4.392250376E0
1.234849992E1,-6.542449594E-3,4.173005784E-1,6.632984372E0,6.646101433E0
1.235845392E1,1.631952480E0,4.080461901E-1,8.778758735E0,8.938477248E0
1.236840692E1,2.129702706E0,-6.181734860E-1,6.647566159E0,7.007703469E0
1.237836092E1,4.406585969E-1,-4.013199041E0,5.577419860E0,6.885314723E0
1.238831392E1,-8.073272578E-1,-3.633210130E0,3.828283769E0,5.339264909E0
1.239826792E1,2.559649350E-1,-2.443351446E0,5.674730977E0,6.183692748E0
1.240822092E1,6.846750391E-1,2.506683809E-1,5.313446140E0,5.363238241E0
1.241817492E1,1.194609254E0,7.543311650E-1,4.778111327E0,4.982615240E0
1.242812792E1,1.849211332E0,-6.728285801E-1,3.832533818E0,4.308201054E0
1.243808092E1,4.812083066E-2,-2.270448110E0,1.962477016E0,3.001427373E0
1.244803492E1,2.169583055E0,-1.103403507E0,3.859846455E-1,2.464462230E0
1.245798792E1,1.069154465E0,-2.090162079E0,4.404532135E-2,2.348150076E0
1.246794192E1,1.032060606E0,-7.879187411E-1,-1.570962951E0,2.038109327E0
1.247789492E1,4.152723254E-1,-7.775533819E-1,-1.171917672E0,1.466434927E0
1.248784892E1,-1.551677079E-1,1.230240140E0,-2.222301259E0,2.544836086E0
1.249780192E1,-3.280830310E-1,9.982904506E-1,-1.397192180E-2,1.050912705E0
1.250775592E1,-1.502839673E0,1.132060127E0,-1.596807352E-1,1.888275708E0
1.251770892E1,-8.605170397E-1,2.869351512E-1,6.559839213E-1,1.119435689E0
1.252766292E1,-2.994081393E-2,3.963944435E-2,-6.379382443E-1,6.398694722E-1
1.253761592E1,4.608054708E-1,-1.516568935E-1,6.455647677E-2,4.893966019E-1
1.254756992E1,7.022731847E-1,-1.838867462E-1,-3.137905356E-1,7.908643763E-1
1.255752292E1,6.126272558E-1,1.660562468E-1,-4.842503205E-1,7.983640802E-1
1.256747592E1,9.608776259E-1,-9.533826649E-2,-1.333093833E0,1.646060255E0
1.257742992E1,-7.853629231E-2,1.268658686E-1,-1.906533195E0,1.912362864E0
1.258738292E1,3.966599071E-1,3.493319589E-1,-1.355927795E0,1.455304808E0
1.259733692E1,-1.760189521E-1,8.261373121E-1,4.653974354E-1,9.644067102E-1
1.260728992E1,-6.683798723E-1,4.948861134E-1,1.859630340E0,2.037122706E0
1.261724392E1,1.428774454E-2,1.054361740E0,9.402404630E-1,1.412775618E0
1.262719692E1,-2.917051636E-1,-4.888915479E-1,-3.456347644E-2,5.703520684E-1
1.263715092E1,-5.632244962E-1,-6.885868263E-1,-8.408629400E-1,1.224101358E0
1.264710392E1,-4.743890644E-1,-6.692945230E-1,-1.506455883E0,1.715345292E0
1.265705792E1,-8.674125881E-1,-7.461398005E-2,-1.175494999E0,1.462791966E0
1.266701092E1,-1.395050930E0,8.159473693E-1,-2.926268309E-2,1.616413781E0
1.267696492E1,-1.014767831E0,3.912494785E-1,1.567371299E0,1.907742827E0
1.268691792E1,-2.252872695E0,-4.587813109E-1,1.187033602E0,2.587462936E0
1.269687092E1,-1.395791187E0,-1.911887491E-1,3.569160900E-1,1.453332471E0
1.270682492E1,2.941112928E-2,-1.344865447E-1,5.485810947E-1,5.655907202E-1
1.271677792E1,-5.062657452E-1,-1.253637189E-1,-5.314885139E-2,5.242574436E-1
1.272673192E1,-1.308441972E0,-1.815402585E-1,-1.009796602E-1,1.324829857E0
1.273668492E1,-1.538436060E0,-5.819739586E-1,-2.014120209E-1,1.657119791E0
1.274663892E1,-2.275370296E0,-5.996331346E-1,-9.253978908E-2,2.354874411E0
1.275659192E1,-2.506767131E0,-3.664800882E-1,4.766948408E-1,2.577872587E0
1.276654592E1,-2.504455142E0,-9.270935833E-2,1.019204187E0,2.705488451E0
1.277649892E1,-1.755396704E0,4.917063975E-1,1.354329458E0,2.270991205E0
1.278645292E1,-7.493673905E-1,3.065268320E-1,1.028451851E0,1.308901598E0
1.279640592E1,-1.082451911E-1,-8.357016027E-2,3.369133499E-1,3.636091286E-1
1.280635992E1,1.010541391E-1,-7.056074864E-1,-3.106418100E-1,7.775552700E-1
1.281631292E1,-3.312820427E-2,-1.122150850E0,-1.039553082E-1,1.127442555E0
1.282626592E1,-7.931312415E-1,-1.012731319E0,1.398893720E-1,1.293928486E0
1.283621992E1,-1.075753340E0,-6.008037472E-1,6.102902699E-1,1.375014402E0
1.284617292E1,-8.663182086E-1,2.404743451E-1,8.989500573E-1,1.271395436E0
1.285612692E1,-1.020165981E0,4.606956893E-1,1.167812342E0,1.617641744E0
1.286607992E1,-8.226390691E-1,5.420661271E-1,8.357980818E-1,1.291947815E0
1.287603392E1,-4.686734842E-1,1.257560670E-2,5.595066172E-1,7.299730374E-1
1.288598692E1,-4.904520236E-1,-1.718818277E-1,2.555127990E-1,5.791142725E-1
1.289594092E1,-3.489916509E-1,-6.767456299E-1,3.443615332E-1,8.356821678E-1
1.290589392E1,-4.952478368E-1,-8.613059753E-1,2.613009578E-1,1.027324970E0
1.291584792E1,-3.933357650E-1,-5.958663583E-1,1.859896973E-1,7.378088563E-1
1.292580092E1,-2.761474769E-1,-4.881109446E-1,4.721533084E-1,7.331019505E-1
1.293575492E1,-1.505580555E-1,-1.067707425E-1,5.833082932E-1,6.118139296E-1
1.294570792E1,-5.054830223E-2,6.560575962E-3,8.193943030E-1,8.209781944E-1
1.295566192E1,-3.980828270E-2,2.893377721E-2,6.756048381E-1,6.773948333E-1
1.296561492E1,6.125016868E-2,-1.228108245E-1,4.796207875E-1,4.988689022E-1
1.297556792E1,1.255768499E-1,-3.293181092E-1,2.346835551E-1,4.234339775E-1
1.298552192E1,2.210633433E-1,-3.610222971E-1,1.172188398E-1,4.392565961E-1
1.299547492E1,4.069597775E-1,-3.430561423E-1,1.159026316E-1,5.447358968E-1
1.300542892E1,4.277486756E-1,-2.050454807E-1,2.921005815E-1,5.570774887E-1
1.301538192E1,6.221188948E-1,1.110240072E-1,2.999399436E-1,6.995157033E-1
1.302533592E1,7.539522654E-1,1.957858300E-1,3.266275129E-1,8.446665862E-1
1.303528892E1,4.968558942E-1,1.649639869E-1,2.688166764E-1,5.885076908E-1
1.304524292E1,5.350406975E-1,8.937878430E-2,1.629466975E-1,5.663998069E-1
1.305519592E1,4.430213106E-1,3.489618301E-3,-2.665424019E-2,4.438361269E-1
1.306514992E1,3.351195703E-1,-4.033350885E-2,-8.492905319E-2,3.480587054E-1
1.307510292E1,3.605545199E-1,5.664080858E-2,-8.079770297E-2,3.738128032E-1
1.308505692E1,2.630017667E-1,1.074776709E-1,-3.464826107E-2,2.862199871E-1
1.309500992E1,1.458349670E-1,2.429132187E-1,-8.298309982E-2,2.952301887E-1
1.310496292E1,1.914315547E-1,2.014786792E-1,-1.131728590E-2,2.781506413E-1
1.311491692E1,1.808925332E-1,1.888995641E-1,-5.461416364E-2,2.671850684E-1
1.312486992E1,-1.049043113E-1,2.071756214E-1,-1.331340837E-1,2.676776735E-1
1.313482392E1,-4.022375661E-1,4.113457739E-2,-2.720139340E-1,4.873178566E-1
1.314477692E1,-6.019397150E-1,4.118077040E-2,-3.428421342E-1,6.939510108E-1
1.315473092E1,-9.374330686E-1,6.229155779E-2,-3.506730178E-1,1.002812326E0
1.316468392E1,-8.652085532E-1,1.607539916E-1,-3.708769020E-1,9.549750588E-1
1.317463792E1,-8.874911226E-1,2.162890917E-1,-5.390208972E-1,1.060643668E0
1.318459092E1,-9.282712126E-1,3.790779144E-1,-3.985655147E-1,1.079000454E0
1.319454492E1,-7.067626038E-1,5.479653829E-1,-3.537071380E-1,9.617110681E-1
1.320449792E1,-5.363267925E-1,5.453943622E-1,-3.554972631E-1,8.434925861E-1
1.321445092E1,-4.418565452E-1,4.256100565E-1,-4.271706784E-1,7.475666627E-1
1.322440492E1,-3.176973528E-1,3.327264512E-1,-6.211289611E-1,7.729422266E-1
1.323435792E1,-5.238198906E-1,2.592298740E-1,-8.242507079E-1,1.010433884E0
1.324431192E1,-5.603785832E-1,2.436558151E-1,-6.968717462E-1,9.268346904E-1
1.325426492E1,-5.004133402E-1,3.621665972E-1,-5.040779364E-1,7.972908636E-1
1.326421892E1,-5.194749708E-1,4.762861204E-1,-5.464345819E-1,8.917922774E-1
1.327417192E1,-5.155066118E-1,5.001392519E-1,-6.817233646E-1,9.902691977E-1
1.328412592E1,-4.367397930E-1,4.185483742E-1,-6.616311622E-1,8.964821153E-1
1.329407892E1,-3.927121595E-1,3.701819605E-1,-6.372114354E-1,8.350424765E-1
1.330403292E1,-9.471495330E-2,2.997768062E-1,-6.164807171E-1,6.920155565E-1
1.331398592E1,1.320964953E-1,3.759765512E-1,-6.877851731E-1,7.948938894E-1
1.332393992E1,2.275022972E-1,2.307375616E-1,-5.993068600E-1,6.812971671E-1
1.333389292E1,1.999063629E-1,1.876535225E-1,-5.952985936E-1,6.554058392E-1
1.334384592E1,1.455005063E-1,2.657705694E-1,-6.287610394E-1,6.979576187E-1
1.335379992E1,1.111554234E-1,3.584881139E-1,-5.226136100E-1,6.434238427E-1
1.336375292E1,1.079970498E-1,4.273653907E-1,-4.080649012E-1,6.006841962E-1
1.337370692E1,8.310106739E-2,3.805496585E-1,-4.272221339E-1,5.781371651E-1
1.338365992E1,-1.054925412E-2,2.575534773E-1,-5.206430984E-1,5.809598233E-1
1.339361392E1,6.779554188E-3,2.161633766E-1,-5.360700998E-1,5.780516582E-1
1.340356692E1,7.614346549E-2,2.195763963E-1,-4.480385140E-1,5.047277793E-1
1.341352092E1,-8.696417660E-3,2.528529006E-1,-3.468860686E-1,4.293485316E-1
1.342347392E1,-2.328770578E-2,2.741051906E-1,-3.132634091E-1,4.169051886E-1
1.343342792E1,-8.962772951E-2,2.383687627E-1,-3.010380507E-1,3.943053447E-1
1.344338004E1,-2.224573195E-1,1.987965614E-1,-3.609228945E-1,4.682655951E-1
1.345333404E1,-2.427208453E-1,2.315532482E-1,-3.346098393E-1,4.738080414E-1
1.346328704E1,-2.235364231E-1,2.315403843E-1,-2.592646649E-1,4.132767215E-1
1.347324104E1,-3.116010457E-1,2.108581978E-1,-1.682629859E-1,4.121514573E-1
1.348319404E1,-3.800655091E-1,1.943906844E-1,-2.265462774E-1,4.832812278E-1
1.349314704E1,-4.310770570E-1,1.134582031E-1,-2.620488167E-1,5.170781133E-1
1.350310104E1,-5.095579469E-1,1.220653045E-1,-2.513665384E-1,5.811491861E-1
1.351305404E1,-5.171300912E-1,1.139470303E-1,-1.833049482E-1,5.603643109E-1
1.352300804E1,-5.751327163E-1,1.432877737E-1,-2.073685795E-1,6.279416814E-1
1.353296104E1,-5.527507442E-1,1.569340056E-1,-2.459777445E-1,6.250333736E-1
1.354291504E1,-5.797438306E-1,1.011615086E-1,-2.535200679E-1,6.407877845E-1
1.355286804E1,-5.538948981E-1,1.078764510E-1,-2.684234512E-1,6.248904192E-1
1.356282204E1,-5.345667806E-1,1.858537495E-1,-2.696373332E-1,6.269031429E-1
1.357277504E1,-4.559726009E-1,2.184391129E-1,-2.202020484E-1,5.514667723E-1
1.358272904E1,-4.565367110E-1,2.296388698E-1,-2.129172948E-1,5.536185992E-1
1.359268204E1,-4.255825746E-1,1.670350707E-1,-2.685813260E-1,5.302425589E-1
1.360263604E1,-3.043481594E-1,1.303800452E-1,-3.317856342E-1,4.687306960E-1
1.361258904E1,-2.045430587E-1,1.081167716E-1,-2.794606555E-1,3.628020908E-1
1.362254204E1,-2.149937873E-1,1.803795862E-1,-2.364768961E-1,3.669883460E-1
1.363249604E1,-1.588859524E-1,2.020528758E-1,-2.614924541E-1,3.666720797E-1
1.364244904E1,-1.212633589E-1,2.256159854E-1,-2.697960851E-1,3.720178794E-1
1.365240304E1,-5.344325870E-2,1.744072402E-1,-2.005811316E-1,2.711214814E-1
1.366235604E1,5.299448490E-2,2.011763781E-1,-2.263474721E-1,3.074305266E-1
1.367231004E1,1.045255579E-1,1.727846378E-1,-1.632478291E-1,2.596728269E-1
1.368226304E1,1.044552451E-1,1.943444914E-1,-1.540712088E-1,2.691070734E-1
1.369221704E1,1.252105218E-1,1.213969678E-1,-1.286428374E-1,2.167115091E-1
1.370217004E1,1.882954006E-1,8.450980783E-2,-1.432807571E-1,2.512497579E-1
1.371212404E1,2.095434514E-1,3.401266873E-2,-8.616573930E-2,2.291066439E-1
1.372207704E1,1.688209565E-1,5.365112722E-2,-3.063590169E-2,1.797707353E-1
1.373203004E1,1.461888698E-1,7.799133182E-2,5.686124861E-2,1.751771534E-1
1.374198404E1,1.837633699E-3,7.118049502E-2,7.425145268E-2,1.028752545E-1
1.375193704E1,-1.868916303E-2,7.038761258E-2,8.657095134E-2,1.131292643E-1
1.376189104E1,7.833324775E-2,5.005625904E-2,1.198170501E-1,1.516504278E-1
1.377184404E1,7.083609402E-3,3.228774011E-2,1.081553632E-1,1.130940240E-1
1.378179804E1,-5.194958746E-2,-4.668943226E-2,1.206192881E-1,1.393831962E-1
1.379175104E1,-1.017492999E-1,-5.952465534E-2,1.562887654E-1,1.957607795E-1
1.380170504E1,-1.676113138E-1,-9.286314011E-2,1.665190539E-1,2.538615973E-1
1.381165804E1,-1.935285124E-1,-4.042881846E-2,1.814572281E-1,2.683551753E-1
1.382161204E1,-2.123910454E-1,-1.893562317E-2,1.929066610E-1,2.875438990E-1
1.383156504E1,-2.099406235E-1,-1.270249128E-2,2.305153674E-1,3.120476779E-1
1.384151904E1,-2.493559733E-1,-4.063288629E-2,2.744338042E-1,3.730192297E-1
1.385147204E1,-2.887558280E-1,-6.673544168E-2,2.788186312E-1,4.069070858E-1
1.386142504E1,-2.380397107E-1,-8.577573001E-2,2.656036314E-1,3.668319353E-1
1.387137904E1,-2.448552252E-1,-1.379030728E-1,2.478418368E-1,3.746957631E-1
1.388133204E1,-2.670541795E-1,-1.470218056E-1,2.306229562E-1,3.822568430E-1
1.389128604E1,-2.112752505E-1,-1.206584644E-1,2.659342915E-1,3.604396536E-1
1.390123904E1,-2.317893295E-1,-9.819404662E-2,3.342370793E-1,4.184289537E-1
1.391119304E1,-2.090123780E-1,-5.665718079E-2,3.619751009E-1,4.218082313E-1
1.392114604E1,-1.221337169E-1,-3.851210117E-2,3.344923103E-1,3.581688602E-1
1.393110004E1,-1.104949804E-1,-1.013351709E-1,3.113028377E-1,3.455248389E-1
1.394105304E1,-9.028831869E-2,-1.282311934E-1,2.824322104E-1,3.230528950E-1
1.395100704E1,-1.082875103E-2,-1.073677433E-1,2.878631043E-1,3.074252120E-1
1.396096004E1,-3.715671659E-2,-1.036313725E-1,3.110116464E-1,3.299216985E-1
1.397091404E1,-3.231668383E-2,-1.015006471E-1,2.979247007E-1,3.163951275E-1
1.398086704E1,5.353710651E-3,-1.149615222E-1,2.732842416E-1,2.965283974E-1
1.399082004E1,2.250987992E-2,-7.915258884E-2,2.571859798E-1,2.700304709E-1
1.400077404E1,5.652649552E-2,-2.370870531E-2,2.406038609E-1,2.482892774E-1
1.401072704E1,3.982158512E-2,-1.631139278E-2,2.530733407E-1,2.567059328E-1
1.402068104E1,-3.029047742E-2,-1.433094084E-2,2.148155934E-1,2.174134955E-1
1.403063404E1,-4.719770148E-2,-3.819752097E-2,1.719309443E-1,1.823373885E-1
1.404058804E1,-5.873221144E-2,-5.433875978E-2,1.690564531E-1,1.870354453E-1
1.405054104E1,-9.782114044E-2,-7.375326991E-2,1.694391534E-1,2.090888496E-1
1.406049504E1,-1.241059828E-1,-7.784515142E-2,1.850231525E-1,2.359994270E-1
1.407044804E1,-1.433670035E-1,-4.658652127E-2,1.940632403E-1,2.457334794E-1
1.408040204E1,-1.515003343E-1,-3.179715872E-3,1.850708073E-1,2.391937826E-1
1.409035504E1,-1.607070677E-1,7.908943892E-3,1.394712961E-1,2.129355664E-1
1.410030904E1,-1.355336349E-1,-2.265211344E-3,1.242334521E-1,1.838707371E-1
1.411026204E1,-1.311641568E-1,-1.782757580E-2,1.244126692E-1,1.816600417E-1
1.412021504E1,-1.350776982E-1,-2.893962443E-2,1.280826741E-1,1.883843354E-1
1.413016904E1,-1.849639495E-1,-1.326323926E-2,1.154550272E-1,2.184432179E-1
1.414012204E1,-2.156622702E-1,-9.792332053E-3,1.193978047E-1,2.467021287E-1
1.415007604E1,-2.216458721E-1,1.141844273E-2,1.174810874E-1,2.511156693E-1
1.416002904E1,-2.851768935E-1,2.534183264E-2,8.180722475E-2,2.977591159E-1
1.416998304E1,-2.909555505E-1,2.656740904E-2,5.980385989E-2,2.982238442E-1
1.417993604E1,-2.535824870E-1,3.008392453E-2,6.986808747E-2,2.647464256E-1
1.418989004E1,-2.277660066E-1,2.745852470E-3,8.157245904E-2,2.419482580E-1
1.419984304E1,-1.509964505E-1,4.245078564E-3,5.304067791E-2,1.600976648E-1
1.420979704E1,-1.464443931E-1,2.667090476E-2,5.657356560E-2,1.592415328E-1
1.421975004E1,-1.769322141E-1,3.322154045E-2,5.264774501E-2,1.875645600E-1
1.422970404E1,-2.029637258E-1,7.908476114E-2,2.793097973E-2,2.196105941E-1
1.423965704E1,-2.134549463E-1,7.463795364E-2,2.355609298E-2,2.273515510E-1
1.424961004E1,-2.392569548E-1,7.712126613E-2,7.067237198E-3,2.514786789E-1
1.425956404E1,-2.624569523E-1,4.544865310E-2,1.262033790E-2,2.666617798E-1
1.426951704E1,-2.525582010E-1,3.445237935E-2,-8.069157600E-3,2.550249451E-1
1.427947104E1,-2.845408626E-1,2.404667437E-2,9.926818013E-3,2.857276444E-1
1.428942404E1,-3.019148406E-1,4.734665930E-2,-3.990724683E-3,3.056308280E-1
1.429937804E1,-2.734042557E-1,7.755396008E-2,-1.313635468E-2,2.844944069E-1
1.430933104E1,-3.026033503E-1,9.026697636E-2,-2.474512428E-2,3.167479058E-1
1.431928504E1,-2.831984881E-1,8.725741446E-2,-3.632231891E-2,2.985541004E-1
1.432923804E1,-2.801839560E-1,6.371067703E-2,-2.295879990E-2,2.882519836E-1
1.433919204E1,-3.159844109E-1,4.516389370E-2,-1.503553033E-2,3.195496713E-1
1.434914504E1,-3.331417497E-1,5.218873858E-2,-2.044362009E-2,3.378239651E-1
1.435909904E1,-3.434550686E-1,4.360970378E-2,-1.183651865E-2,3.464149154E-1
1.436905204E1,-3.624697754E-1,5.086960673E-2,-2.591252089E-2,3.669380243E-1
1.437900504E1,-3.662198871E-1,6.954561353E-2,-3.312915444E-2,3.742340698E-1
1.438895904E1,-3.798762055E-1,7.849653125E-2,-1.489695132E-2,3.881875269E-1
1.439891204E1,-3.537986469E-1,7.950166762E-2,1.516153783E-2,3.629378321E-1
1.440886604E1,-3.486568978E-1,7.007887959E-2,4.447392225E-3,3.556577865E-1
1.441881904E1,-3.541230212E-1,5.050415576E-2,-1.301122427E-2,3.579428388E-1
1.442877304E1,-3.450574981E-1,5.399845183E-2,-1.219085991E-2,3.494697796E-1
1.443872604E1,-3.369322072E-1,5.660163224E-2,-1.975014031E-2,3.422237938E-1
1.444868029E1,-2.921736717E-1,5.338449419E-2,-4.101149350E-2,2.998287866E-1
1.445863329E1,-2.383825037E-1,6.348497450E-2,-5.410662532E-2,2.525551167E-1
1.446858729E1,-1.637343174E-1,7.489698529E-2,-3.684944540E-2,1.837834779E-1
1.447854029E1,-1.179381935E-1,1.049826640E-1,-3.011900783E-2,1.607418174E-1
1.448849429E1,-4.326442569E-2,1.216975147E-1,-5.294010580E-2,1.395877874E-1
1.449844729E1,-6.793002784E-4,1.148907709E-1,-6.628871441E-2,1.326444283E-1
1.450840029E1,6.423166394E-3,8.696388423E-2,-9.878403068E-2,1.317659248E-1
1.451835429E1,4.558270052E-2,9.509502232E-2,-1.287618282E-1,1.664345345E-1
1.452830729E1,9.112447053E-2,1.108351421E-1,-1.354823256E-1,1.973412233E-1
1.453826129E1,1.530640259E-1,1.315705383E-1,-1.140019941E-1,2.318099593E-1
1.454821429E1,1.754765497E-1,1.456956571E-1,-1.120914164E-1,2.541332911E-1
1.455816829E1,1.633744213E-1,1.429971671E-1,-1.333317196E-1,2.547876347E-1
1.456812129E1,9.149474546E-2,1.438935453E-1,-1.073656967E-1,2.015044259E-1
1.457807529E1,2.767238662E-2,1.556534654E-1,-6.650126070E-2,1.715114572E-1
1.458802829E1,5.478431761E-2,1.377510452E-1,-7.960691750E-2,1.682674455E-1
1.459798229E1,3.702354625E-2,9.426881075E-2,-1.101720679E-1,1.496503799E-1
1.460793529E1,-2.396992967E-2,5.899665177E-2,-8.530473679E-2,1.064521515E-1
1.461788929E1,-7.577070549E-2,6.903398216E-2,-1.739225060E-2,1.039681725E-1
1.462784229E1,-1.474819815E-1,4.760101318E-2,3.329843134E-2,1.585104945E-1
1.463779529E1,-2.063603733E-1,1.893971622E-2,7.961539596E-2,2.219953329E-1
1.464774929E1,-2.978485407E-1,1.201193511E-2,8.745621979E-2,3.106551628E-1
1.465770229E1,-3.708291011E-1,-5.681154728E-3,1.117937931E-1,3.873555859E-1
1.466765629E1,-5.140054853E-1,-6.929242909E-2,1.733448011E-1,5.468560137E-1
1.467760929E1,-6.570479684E-1,-8.747668505E-2,2.331203020E-1,7.026444893E-1
1.468756329E1,-7.150707664E-1,-1.203690273E-1,2.423401916E-1,7.645545580E-1
1.469751629E1,-7.532532308E-1,-1.659305316E-1,2.612100336E-1,8.143427120E-1
1.470747029E1,-6.984654048E-1,-1.545378166E-1,3.125661287E-1,7.806621826E-1
1.471742329E1,-5.881923263E-1,-9.747600853E-2,3.148678851E-1,6.742503763E-1
1.472737729E1,-5.677371579E-1,-9.289296091E-2,3.166015846E-1,6.566514647E-1
1.473733029E1,-6.667780276E-1,-1.182681227E-1,3.007456899E-1,7.409644100E-1
1.474728329E1,-6.790571804E-1,-1.743762499E-1,2.955293888E-1,7.608306976E-1
1.475723729E1,-7.184995736E-1,-1.802994794E-1,2.989465016E-1,7.988232285E-1
1.476719029E1,-7.149877359E-1,-1.651861811E-1,3.182195091E-1,7.998484812E-1
1.477714429E1,-6.459337270E-1,-1.434661138E-1,2.760423732E-1,7.169465094E-1
1.478709729E1,-5.365672593E-1,-8.005481422E-2,2.242103148E-1,5.870123187E-1
1.479705129E1,-4.815632325E-1,-6.089290380E-2,2.156263098E-1,5.311363273E-1
1.480700429E1,-4.236034383E-1,-2.136221766E-2,2.030980656E-1,4.702606102E-1
1.481695829E1,-3.959301746E-1,-4.602928162E-3,1.591498080E-1,4.267441288E-1
1.482691129E1,-4.132446572E-1,-5.019542277E-2,1.569568098E-1,4.448889382E-1
1.483686529E1,-4.392520492E-1,-4.873595774E-2,1.050697875E-1,4.542655793E-1
1.484681829E1,-4.037039016E-1,-3.874949813E-2,8.068514407E-2,4.135075045E-1
1.485677229E1,-4.115188515E-1,-1.648914814E-4,4.614388704E-2,4.140978757E-1
1.486672529E1,-4.317089948E-1,3.813437104E-2,3.831037223E-2,4.350799594E-1
1.487667829E1,-4.055498676E-1,4.580124021E-2,1.971184105E-2,4.086037266E-1
1.488663229E1,-3.721675287E-1,6.517774343E-2,-7.244407833E-3,3.779011632E-1
1.489658529E1,-3.703281409E-1,6.237107992E-2,-4.496859670E-2,3.782264642E-1
1.490653929E1,-3.215372193E-1,7.198624134E-2,-6.560195893E-2,3.359640150E-1
1.491649229E1,-3.048153520E-1,7.854681730E-2,-8.010042250E-2,3.248046782E-1
1.492644629E1,-2.695040166E-1,1.020128632E-1,-1.004235899E-1,3.051621481E-1
1.493639929E1,-2.488634916E-1,1.224629152E-1,-1.578169352E-1,3.191181412E-1
1.494635329E1,-2.687849553E-1,1.392040783E-1,-1.856432498E-1,3.550866708E-1
1.495630629E1,-3.472493269E-1,1.657457596E-1,-1.816542792E-1,4.255020905E-1
1.496626029E1,-4.028236033E-1,1.726454741E-1,-1.769905400E-1,4.726509985E-1
1.497621329E1,-2.935338803E-1,1.786429632E-1,-2.137975931E-1,4.047034198E-1
1.498616729E1,-2.376317212E-1,1.564533645E-1,-2.339032441E-1,3.683167357E-1
1.499612029E1,-1.718607777E-1,1.769098485E-1,-2.671034423E-1,3.635621959E-1
1.500607329E1,-1.408817907E-1,2.032030231E-1,-3.127547014E-1,3.986911722E-1
1.501602729E1,-1.808059944E-1,2.060839462E-1,-3.123901275E-1,4.156308365E-1
1.502598029E1,-1.168071958E-1,2.369092977E-1,-3.069031003E-1,4.049190651E-1
1.503593429E1,-3.855697855E-2,2.431096852E-1,-2.979290861E-1,3.864591828E-1
1.504588729E1,4.449774966E-2,2.389523149E-1,-3.085832977E-1,3.928128182E-1
1.505584129E1,6.966855124E-2,2.231864673E-1,-3.234925282E-1,3.991407296E-1
1.506579429E1,1.313916135E-1,2.178310025E-1,-3.289117277E-1,4.158088820E-1
1.507574829E1,1.446526600E-1,2.455356950E-1,-3.425521123E-1,4.455941194E-1
1.508570129E1,1.257246383E-1,2.467513311E-1,-3.208966568E-1,4.238721133E-1
1.509565529E1,7.415789723E-2,2.492884380E-1,-3.263909930E-1,4.173430236E-1
1.510560829E1,5.502522290E-2,2.464548773E-1,-3.299808910E-1,4.155179540E-1
1.511556129E1,4.808384702E-2,2.296341920E-1,-3.161455017E-1,3.936901024E-1
1.512551529E1,9.767496005E-2,2.103629386E-1,-2.888705796E-1,3.704580618E-1
1.513546829E1,1.108959532E-1,2.044566661E-1,-3.058444619E-1,3.842411686E-1
1.514542229E1,1.057895797E-1,2.204873925E-1,-3.225739306E-1,4.047963268E-1
1.515537529E1,1.043219286E-1,2.110774684E-1,-3.140019125E-1,3.924716085E-1
1.516532929E1,1.073692051E-1,2.129859996E-1,-2.825199187E-1,3.697413781E-1
1.517528229E1,8.268313766E-2,1.848515368E-1,-2.614833909E-1,3.307267084E-1
1.518523629E1,3.217181906E-2,1.715514600E-1,-2.215618184E-1,2.820541947E-1
1.519518929E1,-8.237133488E-2,1.621707720E-1,-1.600225049E-1,2.422634891E-1
1.520514329E1,-1.570931961E-1,1.439087480E-1,-1.200433373E-1,2.445371196E-1
1.521509629E1,-1.301859176E-1,1.471177000E-1,-1.306612962E-1,2.359329675E-1
1.522505029E1,-1.927084404E-1,8.837130904E-2,-1.273277986E-1,2.473022434E-1
1.523500329E1,-2.442320582E-1,8.479281306E-2,-1.021339005E-1,2.779756339E-1
1.524495629E1,-2.366520202E-1,8.545939565E-2,-7.180907071E-2,2.616563196E-1
1.525491029E1,-2.094266532E-1,6.560225129E-2,-1.301473260E-2,2.198466778E-1
1.526486329E1,-1.983382858E-1,6.152732670E-2,6.079934835E-3,2.077514216E-1
1.527481729E1,-1.807836288E-1,6.401180863E-2,6.905561686E-3,1.919060157E-1
1.528477029E1,-1.587358251E-1,4.395059645E-2,1.923500061E-2,1.658273269E-1
1.529472429E1,-2.081423123E-1,2.776024103E-2,5.088247061E-2,2.160622109E-1
1.530467729E1,-2.965079203E-1,8.338129520E-4,8.874991626E-2,3.095063645E-1
1.531463129E1,-3.345101443E-1,-6.592150927E-3,9.009214461E-2,3.464925506E-1
1.532458429E1,-3.200324383E-1,2.149436474E-3,8.986351848E-2,3.324166567E-1
1.533453829E1,-2.945467642E-1,-2.753453851E-2,1.121180212E-1,3.163643434E-1
1.534449129E1,-2.586226407E-1,-5.016560197E-2,1.433754820E-1,2.999313033E-1
1.535444529E1,-2.820531647E-1,-2.492258728E-2,1.475720286E-1,3.193002141E-1
1.536439829E1,-3.404029682E-1,-1.174764097E-2,1.469288349E-1,3.709451043E-1
1.537435129E1,-3.453251544E-1,-1.551675618E-2,1.435438818E-1,3.742927704E-1
1.538430529E1,-3.156717311E-1,-3.064876556E-2,1.389345217E-1,3.462524945E-1
1.539425829E1,-3.181133822E-1,-3.899975896E-2,1.429369408E-1,3.509245990E-1
1.540421229E1,-3.146949537E-1,-3.933655858E-2,1.646502838E-1,3.573373681E-1
1.541416529E1,-2.998007798E-1,-3.744030654E-2,1.816726980E-1,3.525439736E-1
1.542411929E1,-3.019772597E-1,-3.854075253E-2,1.620859873E-1,3.448876951E-1
1.543407229E1,-2.982848892E-1,-5.329737067E-2,1.633688664E-1,3.442439126E-1
1.544402692E1,-2.845211282E-1,-3.420855045E-2,1.411061776E-1,3.194267532E-1
1.545397992E1,-3.283799234E-1,-2.089911819E-2,1.382205766E-1,3.568964486E-1
1.546393392E1,-3.733705933E-1,-3.886176467E-2,1.518691474E-1,4.049445328E-1
1.547388692E1,-3.799742925E-1,-4.786764622E-2,1.636056787E-1,4.164595930E-1