"Time (s)","Linear Acceleration x (m/s^2)","Linear Acceleration y (m/s^2)","Linear Acceleration z (m/s^2)","Absolute acceleration (m/s^2)"
2.013375051E-3,-3.456676550E-2,-1.266857743E-2,1.160379946E-2,3.860054784E-2
1.196737506E-2,-6.628652170E-2,-1.117753744E-2,1.360822499E-2,6.858588842E-2
2.192137507E-2,-9.219633825E-2,5.610988140E-3,8.249251842E-3,9.273455737E-2
3.187437507E-2,-1.066880775E-1,6.800311804E-4,1.465312243E-3,1.067003068E-1
4.182837508E-2,-1.011069102E-1,3.663865328E-3,3.097562492E-3,1.012206801E-1
5.178237509E-2,-9.261529125E-2,1.827839613E-3,-4.827168882E-3,9.275901428E-2
6.173637509E-2,-9.402096190E-2,-1.554950058E-2,-2.362801373E-2,9.818355910E-2
7.168937509E-2,-8.778132498E-2,-3.698013067E-2,-4.048553646E-2,1.034996123E-1
8.164337510E-2,-7.600086652E-2,-4.028790057E-2,-4.389270902E-2,9.657026741E-2
9.159737511E-2,-7.833258994E-2,3.104871511E-4,-3.064350307E-2,8.411370476E-2
1.015513750E-1,-8.476226136E-2,2.098741114E-2,-5.386455059E-3,8.748786359E-2
1.115053750E-1,-9.956295289E-2,2.302341163E-2,2.196915865E-2,1.045251310E-1
1.214583750E-1,-9.125683688E-2,-3.812384605E-4,5.212324977E-2,1.050941901E-1
1.314123750E-1,-1.304810558E-1,-3.415826440E-2,8.162713051E-2,1.576549441E-1
1.413663750E-1,-1.288235895E-1,-8.849000752E-2,9.986810446E-2,1.854713911E-1
1.513203750E-1,-1.676819189E-1,-1.130260938E-1,9.598262966E-2,2.238409905E-1
1.612733750E-1,-2.208438534E-1,-6.875331581E-2,1.017924231E-1,2.527067934E-1
1.712273750E-1,-2.187778860E-1,-1.647920787E-2,1.254356396E-1,2.527240142E-1
1.811813751E-1,-2.383078055E-1,3.883779109E-2,1.552751505E-1,2.870702990E-1
1.911353751E-1,-2.660993291E-1,2.246558726E-2,1.545851791E-1,3.085613929E-1
2.010883751E-1,-3.175654981E-1,-4.056564331E-2,1.037170342E-1,3.365273245E-1
2.110423751E-1,-3.215391927E-1,-7.979812145E-2,1.272915459E-1,3.549060866E-1
2.209963751E-1,-3.670373279E-1,-9.523827910E-2,1.440575597E-1,4.056344541E-1
2.309503751E-1,-4.071423568E-1,-7.546767354E-2,1.598839259E-1,4.438728852E-1
2.409033751E-1,-4.756997178E-1,-8.181365669E-2,2.006074440E-1,5.227112420E-1
2.508573751E-1,-5.032896587E-1,-7.736567974E-2,2.527333251E-1,5.684716902E-1
2.608113751E-1,-5.251037930E-1,-1.192943090E-1,2.906498873E-1,6.119170553E-1
2.707653751E-1,-5.124164314E-1,-1.318862879E-1,2.927367586E-1,6.046977773E-1
2.807183751E-1,-5.050781757E-1,-1.341187549E-1,2.785169148E-1,5.921684523E-1
2.906723750E-1,-5.146144728E-1,-1.457751793E-1,3.013842058E-1,6.139306948E-1
3.006263750E-1,-4.908267570E-1,-1.597143567E-1,2.778690434E-1,5.862002955E-1
3.105803750E-1,-4.915362436E-1,-1.335071361E-1,2.129316205E-1,5.520615085E-1
3.205333750E-1,-5.108677232E-1,-1.220144337E-1,2.170436749E-1,5.683144460E-1
3.304873750E-1,-4.317896864E-1,-8.294450819E-2,1.994584662E-1,4.828103193E-1
3.404413750E-1,-4.288847896E-1,-6.828787744E-2,1.760011911E-1,4.685955786E-1
3.503953750E-1,-4.252918949E-1,-7.985367000E-2,1.471270555E-1,4.570516108E-1
3.603483750E-1,-3.775140765E-1,-2.284565628E-2,5.993249863E-2,3.829238911E-1
3.703023751E-1,-3.564936286E-1,-4.528434634E-2,4.085917354E-2,3.616736807E-1
3.802563751E-1,-3.499033049E-1,-1.633770525E-2,-1.285919666E-2,3.505204735E-1
3.902103751E-1,-3.729604843E-1,-5.628237426E-2,-1.251304150E-4,3.771833031E-1
4.001633751E-1,-3.292222148E-1,1.667216599E-2,-9.480821639E-2,3.430070345E-1
4.101173751E-1,-2.690542927E-1,7.220726609E-3,-8.279189587E-2,2.815969625E-1
4.200713751E-1,-3.217556128E-1,6.756691575E-2,-1.516071922E-1,3.620451673E-1
4.300253751E-1,-2.523017275E-1,9.432026625E-2,-1.434602666E-1,3.051775260E-1
4.399783751E-1,-2.467653644E-1,1.237645054E-1,-1.746808898E-1,3.266867171E-1
4.499323751E-1,-2.331781163E-1,1.340105814E-1,-2.293175653E-1,3.534365793E-1
4.598863750E-1,-2.273454456E-1,1.233399975E-1,-2.459941167E-1,3.569479123E-1
4.698403750E-1,-1.501693618E-1,1.195235199E-1,-2.300034437E-1,2.995635043E-1
4.797943750E-1,-1.538998854E-1,1.447191721E-1,-2.452371946E-1,3.236820896E-1
4.897473750E-1,-1.165524765E-1,1.766677737E-1,-2.829473501E-1,3.533485319E-1
4.997013750E-1,-3.305621043E-2,1.983071494E-1,-2.890994981E-1,3.521320184E-1
5.096553750E-1,-2.462701052E-2,1.824114937E-1,-2.554695296E-1,3.148731860E-1
5.196093750E-1,1.107374936E-2,1.455705267E-1,-3.054027048E-1,3.385029073E-1
5.295623750E-1,9.232563481E-2,1.085640836E-1,-3.354839981E-1,3.644992401E-1
5.395163751E-1,1.583815569E-1,5.369848967E-2,-3.119819918E-1,3.539788251E-1
5.494703751E-1,2.568638713E-1,4.205083609E-2,-2.758114082E-1,3.792350908E-1
5.594243751E-1,3.658325822E-1,8.333861053E-2,-2.753155643E-1,4.653788372E-1
5.693773751E-1,4.806235850E-1,1.418031657E-1,-2.261021814E-1,5.497539128E-1
5.793313751E-1,6.248832390E-1,1.868191248E-1,-1.924324518E-1,6.800078649E-1
5.892853751E-1,7.450989231E-1,1.908963883E-1,-2.278373426E-1,8.021992838E-1
5.992393751E-1,8.267660339E-1,1.604522753E-1,-2.419066206E-1,8.762452970E-1
6.091923751E-1,8.475457958E-1,1.700762075E-1,-2.140294352E-1,8.905438740E-1
6.191463751E-1,8.359092519E-1,1.700937492E-1,-1.478936255E-1,8.657647980E-1
6.291003751E-1,7.820416316E-1,1.611077482E-1,-1.555613717E-1,8.134765887E-1
6.390543750E-1,7.288979696E-1,1.222834057E-1,-1.774013069E-1,7.600767758E-1
6.490073750E-1,6.703317460E-1,8.637039185E-2,-1.409015250E-1,6.904040368E-1
6.589613750E-1,5.544986232E-1,5.217119694E-2,-1.129570967E-1,5.682867785E-1
6.689153750E-1,4.626693439E-1,6.849194527E-2,-8.725916862E-2,4.757817050E-1
6.788693750E-1,3.618510669E-1,7.771534324E-2,-1.117695272E-2,3.702712431E-1
6.888223750E-1,2.055098227E-1,9.874076128E-2,2.857475817E-2,2.297836852E-1
6.987763750E-1,4.768857524E-2,7.576822042E-2,4.375646889E-2,9.964763923E-2
7.087303750E-1,-1.148718406E-1,6.125484645E-2,5.701619983E-2,1.421215783E-1
7.186843751E-1,-2.620480127E-1,8.729308248E-3,8.575409532E-2,2.758607015E-1
7.286373751E-1,-3.926793420E-1,-5.995150208E-2,1.054238364E-1,4.109810622E-1
7.385913751E-1,-5.285827401E-1,-1.244229019E-1,1.310048202E-1,5.586081225E-1
7.485453751E-1,-6.105085903E-1,-1.648505509E-1,1.306536949E-1,6.457296887E-1
7.584993751E-1,-6.928539050E-1,-1.734389412E-1,1.736710757E-1,7.350437011E-1
7.684523751E-1,-7.492359743E-1,-1.669988179E-1,2.339693177E-1,8.024866304E-1
7.784063751E-1,-7.298360091E-1,-1.584151053E-1,2.667909086E-1,7.930531727E-1
7.883603751E-1,-7.294502391E-1,-1.562405258E-1,2.718510890E-1,7.939847403E-1
7.983143751E-1,-6.994478832E-1,-1.623689926E-1,3.036915171E-1,7.796278398E-1
8.082673751E-1,-6.382265121E-1,-1.555423683E-1,2.997487396E-1,7.220635816E-1
8.182213751E-1,-5.906806820E-1,-1.661761147E-1,3.119837460E-1,6.883691066E-1
8.281753750E-1,-5.308203965E-1,-1.714772004E-1,2.958425072E-1,6.314249857E-1
8.381293750E-1,-4.672849166E-1,-1.604078364E-1,2.921420968E-1,5.739624308E-1
8.480823750E-1,-4.130429283E-1,-1.406682211E-1,2.644374043E-1,5.102148075E-1
8.580363750E-1,-3.405068294E-1,-1.144884825E-1,2.668827099E-1,4.475253002E-1
8.679903750E-1,-2.385376742E-1,-1.228909314E-1,2.362731206E-1,3.575295660E-1
8.779443750E-1,-1.404221264E-1,-1.296175683E-1,2.030936801E-1,2.788657930E-1
8.878973750E-1,-4.302052371E-2,-1.091148913E-1,1.458389139E-1,1.871518468E-1
8.978513750E-1,4.744394235E-2,-8.650195420E-2,1.289585871E-1,1.623694335E-1
9.078053751E-1,8.499856196E-2,-2.840460420E-2,1.251029330E-1,1.538906135E-1
9.177593751E-1,8.834119588E-2,1.969108343E-2,1.339114711E-1,1.616297861E-1
9.277123751E-1,7.680917099E-2,6.427961111E-2,8.875488639E-2,1.338243140E-1
9.376663751E-1,4.878288165E-2,6.887610734E-2,7.700432181E-2,1.142512726E-1
9.476203751E-1,6.128072038E-2,5.799560845E-2,6.583029270E-2,1.070160956E-1
9.575743751E-1,9.111146048E-2,9.623932242E-3,1.371698320E-2,9.263948365E-2
9.675273751E-1,1.070210034E-1,-3.575689316E-2,-7.299956381E-2,1.343911712E-1
9.774813751E-1,9.109808497E-2,-5.116898417E-2,-8.853386164E-2,1.369502489E-1
9.874353751E-1,1.168022988E-1,-1.242591798E-2,-8.428059697E-2,1.445697045E-1
9.973893334E-1,1.658307635E-1,1.799246728E-2,-6.509325117E-2,1.790550260E-1
1.007342333E0,2.180072229E-1,5.617712438E-2,-4.474494070E-2,2.295324123E-1
1.017296333E0,2.384262847E-1,6.018305182E-2,-3.817413211E-2,2.488500700E-1
1.027250333E0,2.477275968E-1,7.085188150E-2,-2.527371258E-2,2.588971068E-1
1.037204333E0,2.349222676E-1,7.479290485E-2,-8.430807889E-3,2.466850806E-1
1.047157333E0,2.018797251E-1,6.030116558E-2,-1.346730709E-2,2.111232397E-1
1.057111333E0,1.756657071E-1,5.087311506E-2,-4.758990347E-2,1.889743724E-1
1.067065333E0,1.352002705E-1,4.382488132E-2,-5.660221696E-2,1.529821700E-1
1.077019333E0,6.416493259E-2,5.188117504E-2,-4.424646556E-2,9.362982758E-2
1.086972333E0,4.700525500E-2,7.605590343E-2,-3.467691243E-2,9.589829352E-2
1.096926333E0,1.095687814E-2,7.401347101E-2,-1.600178272E-2,7.651211747E-2
1.106880333E0,-4.842101209E-2,6.237926602E-2,-2.275560915E-2,8.218019828E-2
1.116834333E0,-6.184790030E-2,4.012651742E-2,-2.668259919E-2,7.840447226E-2
1.126787333E0,-1.078354474E-1,3.140481055E-2,-5.839731216E-2,1.265898571E-1
1.136741333E0,-1.691590717E-1,-9.949037433E-3,-7.426402420E-2,1.850105948E-1
1.146695333E0,-1.985973906E-1,-1.957238495E-2,-4.952123880E-2,2.056121467E-1
1.156649333E0,-2.119536737E-1,-1.530918002E-2,-5.406803370E-2,2.192762710E-1
1.166602333E0,-2.188101187E-1,-7.145297527E-3,-4.524867833E-2,2.235539448E-1
1.176556333E0,-2.203923022E-1,2.111020267E-2,-3.152584791E-2,2.236342698E-1
1.186510333E0,-2.059292874E-1,3.276136458E-2,-2.606396377E-2,2.101416394E-1
1.196464333E0,-1.825820131E-1,2.614757895E-2,4.088373184E-3,1.844901141E-1
1.206417333E0,-1.731840757E-1,1.830236971E-2,1.500454009E-2,1.747936985E-1
1.216371333E0,-1.480934541E-1,-5.404581428E-3,1.480222642E-2,1.489294684E-1
1.226325333E0,-1.338961221E-1,-1.247503459E-2,4.029871792E-2,1.403844175E-1
1.236279333E0,-1.175748622E-1,-4.426342249E-3,5.485828489E-2,1.298186125E-1
1.246232333E0,-1.137113144E-1,3.809460998E-3,6.666147441E-2,1.318655648E-1
1.256186333E0,-6.365571320E-2,6.512628794E-3,9.564290643E-2,1.150740184E-1
1.266140333E0,-3.103153892E-2,-6.953508854E-3,9.302686214E-2,9.831228191E-2
1.276094333E0,3.216984563E-2,-1.569568098E-2,6.904626131E-2,7.777300026E-2
1.286047333E0,7.102861360E-2,-1.184587419E-2,7.091503143E-2,1.010659704E-1
1.296001333E0,9.974151224E-2,-1.309367001E-2,8.906595826E-2,1.343598094E-1
1.305955333E0,1.048652080E-1,-8.248082399E-3,9.767013609E-2,1.435416253E-1
1.315909333E0,1.155676592E-1,-2.030737996E-2,1.047101837E-1,1.572656864E-1
1.325862333E0,1.157283115E-1,-2.447936833E-2,1.039933151E-1,1.575020353E-1
1.335816333E0,1.245029356E-1,-1.740482211E-2,1.076735526E-1,1.655219102E-1
1.345770333E0,1.287439942E-1,-2.773451328E-2,1.044792187E-1,1.681074847E-1
1.355724333E0,1.219166391E-1,-5.623735070E-2,1.028209484E-1,1.691107741E-1
1.365677333E0,1.342747293E-1,-5.031353652E-2,1.093587202E-1,1.803343688E-1
1.375631333E0,1.318623874E-1,-3.140130222E-2,1.116812342E-1,1.756315151E-1
1.385585333E0,1.460937794E-1,-2.176742971E-2,1.214393601E-1,1.912190669E-1
1.395539333E0,1.602154630E-1,-2.234571934E-2,1.243302235E-1,2.040253177E-1
1.405492333E0,1.571650437E-1,-2.311345875E-2,1.296456349E-1,2.050440772E-1
1.415446333E0,1.222888874E-1,-1.746797204E-2,1.337573969E-1,1.820734557E-1
1.425400333E0,1.099915351E-1,-3.096100688E-2,1.417745143E-1,1.820899081E-1
1.435354333E0,6.488867171E-2,-4.514752150E-2,1.565784949E-1,1.754014352E-1
1.445307333E0,1.919414319E-2,-7.587171614E-2,1.501407105E-1,1.693138074E-1
1.455261333E0,-1.450789221E-2,-7.762821972E-2,1.647610885E-1,1.827097034E-1
1.465215333E0,-5.732844114E-2,-8.775501251E-2,1.778600210E-1,2.064501864E-1
1.475169333E0,-8.151837230E-2,-9.531838596E-2,1.863028157E-1,2.245875750E-1
1.485122333E0,-1.077908624E-1,-8.026005149E-2,1.791429001E-1,2.239480398E-1
1.495076333E0,-1.341486488E-1,-8.095236182E-2,1.743136847E-1,2.343808984E-1
1.505030333E0,-1.388133381E-1,-8.566346347E-2,1.784628689E-1,2.417775163E-1
1.514984333E0,-1.618284175E-1,-8.245977402E-2,1.672531718E-1,2.469041808E-1
1.524937333E0,-1.801858241E-1,-6.649746001E-2,1.679837814E-1,2.551615061E-1
1.534891333E0,-1.865831897E-1,-7.762061834E-2,1.488312265E-1,2.509760567E-1
1.544845333E0,-1.948259365E-1,-8.544711649E-2,1.506786543E-1,2.606960148E-1
1.554799333E0,-1.909161226E-1,-8.096347153E-2,1.324283248E-1,2.460514394E-1
1.564752333E0,-1.769323602E-1,-5.418263912E-2,1.173255515E-1,2.191029519E-1
1.574706333E0,-1.803085425E-1,-4.976331353E-2,1.300251192E-1,2.278027425E-1
1.584660333E0,-1.739545195E-1,-3.003363848E-2,1.011819738E-1,2.034698654E-1
1.594614333E0,-1.365310968E-1,-3.481081367E-2,8.783921242E-2,1.660369247E-1
1.604567333E0,-1.691261081E-1,-2.281291187E-2,6.818262756E-2,1.837741551E-1
1.614521333E0,-1.486274511E-1,-1.501214147E-2,7.459643841E-2,1.669733878E-1
1.624475333E0,-1.344106771E-1,-1.108690560E-2,6.806919158E-2,1.510713885E-1
1.634428333E0,-1.167585909E-1,-2.784736454E-2,6.129987001E-2,1.347802594E-1
1.644382333E0,-1.045162024E-1,-2.932027817E-2,2.665745616E-2,1.117762731E-1
1.654336333E0,-6.333243527E-2,-2.209604323E-2,2.729977280E-2,7.241898976E-2
1.664290333E0,-1.989478581E-1,-4.476394415E-2,-1.511429232E-1,2.538271935E-1
1.674243333E0,6.988570221E-2,-8.706667829E-1,-1.311685422E-1,8.832609154E-1
1.684197333E0,2.969717507E-1,4.592929423E-1,-3.785893795E-1,6.651857980E-1
1.694151333E0,3.588914256E-1,6.804229438E-1,6.873691437E-1,1.031627247E0
1.704105333E0,6.405915646E-1,7.688924861E-1,1.906344330E-1,1.018771169E0
1.714058333E0,-5.237031656E-1,2.409935778E-1,-1.946169716E-1,6.084559769E-1
1.724012333E0,-8.730332241E-1,-5.491845274E-1,1.276581663E-1,1.039272468E0
1.733966333E0,-7.160818230E-1,-4.042940319E-1,-6.424569726E-2,8.248359541E-1
1.743920333E0,-5.304356497E-1,-5.938601786E-1,-4.179882109E-2,7.973575306E-1
1.753873333E0,-7.093364020E-1,-1.728366780E-1,-1.488870674E-1,7.451161032E-1
1.763827333E0,7.265223920E-2,1.771606940E-1,-1.856052428E-2,1.923765901E-1
1.773781333E0,5.859659989E-1,3.046697563E-1,7.063728869E-2,6.642058708E-1
1.783735333E0,1.885368175E-1,4.029310459E-1,-5.278076917E-2,4.479792059E-1
1.793688333E0,1.371911012E-1,2.152816164E-1,2.318520409E-1,3.448520574E-1
1.803642333E0,-1.336213030E-2,1.366763270E-1,2.370019761E-1,2.739140404E-1
1.813596333E0,6.301829360E-2,-1.297046918E-1,7.191665947E-2,1.611416095E-1
1.823550333E0,6.240989082E-2,5.653555870E-2,-5.169651997E-1,5.237788480E-1
1.833503333E0,-1.512552629E-1,-1.879090458E-1,-1.766595876E-1,2.989925985E-1
1.843457333E0,-1.914412757E-1,-2.429576576E-2,-2.886302590E-2,1.951233470E-1
1.853411333E0,-2.684432586E-1,3.840392768E-2,2.282317373E-1,3.544381056E-1
1.863365333E0,-4.015644054E-1,1.447700429E-1,3.613392162E-1,5.592659173E-1
1.873318333E0,2.160955489E-2,2.483195543E-1,4.385055059E-1,5.043973163E-1
1.883272333E0,-3.000599577E-1,7.438301504E-2,4.432861894E-1,5.404363578E-1
1.893226333E0,-4.798686364E-1,-1.000312418E-1,2.968192846E-1,5.730461109E-1
1.903180333E0,-2.951435456E-1,-2.578698117E-1,2.880946541E-1,4.864206842E-1
1.913133333E0,-7.210203083E-1,-5.859547430E-1,3.603089368E-1,9.965118041E-1
1.923087333E0,-8.276008701E-1,-5.996559387E-1,3.445702788E-1,1.078535638E0
1.933041333E0,-7.117779069E-1,-4.748465359E-1,4.880784926E-1,9.850520983E-1
1.942995333E0,-6.643875396E-1,-3.216243428E-1,6.566765240E-1,9.879661319E-1
1.952948333E0,-4.988090835E-1,-2.197839725E-1,6.699850792E-1,8.637103118E-1
1.962902333E0,-3.168182970E-1,-2.512414080E-1,5.231509691E-1,6.611981661E-1
1.972856333E0,-2.515548918E-1,-2.842150265E-1,4.291210172E-1,5.728899478E-1
1.982810333E0,-2.045453245E-1,-3.282340354E-1,4.535474682E-1,5.960550962E-1
1.992763333E0,-1.650975958E-1,-3.776599646E-1,4.673778874E-1,6.231583704E-1
2.002716625E0,-8.042260408E-3,-2.530885434E-1,3.775272328E-1,4.545825560E-1
2.012670625E0,2.632254957E-1,-2.170229173E-1,3.596131182E-1,4.956896236E-1
2.022623625E0,4.535936612E-1,-1.077589220E-1,3.028775847E-1,5.559622524E-1
2.032577625E0,4.159216587E-1,-7.833982587E-2,2.491270548E-1,4.911132700E-1
2.042531625E0,2.706119909E-1,1.984486520E-2,1.862805963E-1,3.291278306E-1
2.052485625E0,3.428857691E-1,3.541600049E-2,1.076302832E-1,3.611221699E-1
2.062438625E0,1.603460021E-1,-7.087410092E-3,4.724725664E-2,1.673122083E-1
2.072392625E0,5.857068211E-2,3.604223728E-3,-5.674021125E-2,8.162699801E-2
2.082346625E0,-4.669571802E-2,-9.711055756E-3,-1.970774800E-1,2.027666831E-1
2.092300625E0,-3.682538411E-1,-1.370411932E-2,-2.163528264E-1,4.273256836E-1
2.102253625E0,-2.885483249E-1,8.050388038E-2,-2.160850239E-1,3.693693925E-1
2.112207625E0,-2.498921630E-1,1.904876679E-1,-3.147123492E-1,4.447195830E-1
2.122161625E0,-5.362621808E-1,2.494141531E-1,-4.742778942E-1,7.581055779E-1
2.132115625E0,-5.504889681E-1,3.347712225E-1,-6.008847311E-1,8.810064333E-1
2.142068625E0,-4.569710860E-1,3.566029716E-1,-6.570720881E-1,8.762031624E-1
2.152022625E0,-4.513975201E-1,3.617087603E-1,-8.284873080E-1,1.010437612E0
2.161976625E0,-3.070076193E-1,3.641020256E-1,-9.114364940E-1,1.028367855E0
2.171930625E0,-3.614844465E-1,4.100564629E-1,-1.054301514E0,1.187589571E0
2.181883625E0,-3.421410531E-1,4.894879639E-1,-1.209800905E0,1.349176489E0
2.191837625E0,-1.746269493E-1,6.197305995E-1,-1.377343807E0,1.520406705E0
2.201791625E0,5.576124117E-3,7.581610912E-1,-1.415035836E0,1.605355334E0
2.211745625E0,1.380970542E-1,8.861338377E-1,-1.419074800E0,1.678712978E0
2.221698625E0,2.480994067E-1,9.418759292E-1,-1.561634595E0,1.840485314E0
2.231652625E0,1.877023467E-1,9.865281916E-1,-1.752254410E0,2.019620153E0
2.241606625E0,1.843445832E-1,1.051144602E0,-1.854577761E0,2.139707123E0
2.251560625E0,3.434359190E-1,1.049962295E0,-1.951615813E0,2.242581845E0
2.261513625E0,4.949336220E-1,1.079339291E0,-2.118030494E0,2.428165103E0
2.271467625E0,6.786529917E-1,1.064527709E0,-2.153816623E0,2.496540641E0
2.281421625E0,8.403077468E-1,1.150520371E0,-2.207076572E0,2.626975681E0
2.291374625E0,8.513415889E-1,1.194768591E0,-2.212059276E0,2.654328678E0
2.301328625E0,9.430719772E-1,1.299502748E0,-2.246496161E0,2.761310766E0
2.311282625E0,9.201906529E-1,1.389936370E0,-2.358453383E0,2.888074845E0
2.321236625E0,9.671667449E-1,1.364049577E0,-2.369800490E0,2.900344311E0
2.331189625E0,1.105826886E0,1.402177516E0,-2.404347010E0,2.994969020E0
2.341143625E0,1.135116320E0,1.324618294E0,-2.414643372E0,2.978859731E0
2.351097625E0,1.117712960E0,1.230221429E0,-2.470154498E0,2.977312592E0
2.361051625E0,1.061548188E0,1.190985442E0,-2.448481209E0,2.922394756E0
2.371004625E0,9.110031422E-1,1.144784837E0,-2.443181877E0,2.847735369E0
2.380958625E0,7.222149675E-1,1.240107316E0,-2.412203621E0,2.806810810E0
2.390912625E0,6.146517811E-1,1.312900473E0,-2.254488720E0,2.680340249E0
2.400866625E0,6.012337368E-1,1.282069275E0,-2.165273657E0,2.587198029E0
2.410819625E0,5.778868280E-1,1.086133171E0,-2.216965675E0,2.535463519E0
2.420773625E0,5.938506769E-1,8.197872359E-1,-2.163300807E0,2.388426285E0
2.430727625E0,5.191660917E-1,6.191558182E-1,-1.854816912E0,2.023174025E0
2.440681625E0,4.312904073E-1,5.194151831E-1,-1.768300924E0,1.892799965E0
2.450634625E0,4.032750814E-1,3.848450232E-1,-1.954853416E0,2.032778483E0
2.460588625E0,3.848880002E-1,1.909273785E-1,-1.821294824E0,1.871284819E0
2.470542625E0,2.813760571E-1,2.251955706E-1,-1.486448758E0,1.529514773E0
2.480495625E0,1.841918246E-1,2.415753758E-1,-1.368151399E0,1.401471919E0
2.490449625E0,1.022037748E-1,2.433605307E-1,-1.436286079E0,1.460338201E0
2.500403625E0,2.125930667E-2,1.958261758E-1,-1.217845797E0,1.233672661E0
2.510357625E0,8.688662790E-2,3.957898414E-1,-1.079086399E0,1.152660549E0
2.520310625E0,1.906372105E-1,7.879631799E-1,-1.230640090E0,1.473670095E0
2.530264625E0,2.122560478E-1,9.990728080E-1,-9.112236553E-1,1.368768664E0
2.540218625E0,2.921003623E-1,9.702963209E-1,4.707651794E-2,1.014403160E0
2.550172625E0,5.946925297E-2,4.229735470E-1,1.077130213E-1,4.405057417E-1
2.560125625E0,-2.939401156E-1,-2.671715623E-1,-5.120146546E-1,6.480281180E-1
2.570079625E0,-5.720666557E-1,-3.257594937E-1,-4.718667948E-1,8.099615907E-1
2.580033625E0,-1.078433485E0,5.907956529E-1,2.884030947E-1,1.263025981E0
2.589987625E0,-7.330798251E-1,1.491111327E0,6.591788399E-1,1.787550213E0
2.599940625E0,-6.167909119E-1,9.329367059E-1,8.221945345E-2,1.121410703E0
2.609894625E0,-8.717855014E-1,-1.559885108E-1,-5.676336622E-1,1.051926970E0
2.619848625E0,-7.486714257E-1,-4.226010793E-1,-7.247524399E-1,1.124440605E0
2.629802625E0,-4.828265966E-1,-1.470545501E-1,-5.641691869E-1,7.569897189E-1
2.639755625E0,-1.946856033E-1,-1.581081265E-1,-3.656088531E-2,2.534509068E-1
2.649709625E0,2.911371797E-1,-2.574827260E-1,1.572842538E-2,3.889801986E-1
2.659663625E0,5.372418087E-1,6.775811970E-2,3.258904713E-1,6.320004139E-1
2.669617625E0,6.637378409E-1,1.004753963E0,9.101580003E-1,1.509458854E0
2.679570625E0,4.949974298E-1,1.131560190E0,1.113799565E0,1.663129697E0
2.689524625E0,3.728699986E-1,5.873966664E-1,5.423286670E-1,8.821492292E-1
2.699478625E0,1.811188205E-1,2.473910165E-1,5.998553288E-1,6.736711050E-1
2.709431625E0,-2.605958567E-1,3.692920142E-1,1.311421128E0,1.387123703E0
2.719385625E0,-5.443364547E-1,5.190567487E-1,1.185314228E0,1.403813343E0
2.729339625E0,-5.630185280E-1,2.430079436E-1,2.335073876E-1,6.561771282E-1
2.739293625E0,-5.024836931E-1,-2.323882306E-1,-2.987134901E-1,6.290658953E-1
2.749246625E0,-3.894007351E-1,-5.749929678E-1,-4.187834322E-2,6.957037021E-1
2.759200625E0,-6.162222701E-1,-2.895541191E-2,-1.817028111E-1,6.431051342E-1
2.769154625E0,-5.022238574E-1,5.619788200E-1,-3.151628771E-1,8.169312310E-1
2.779108625E0,-4.294692919E-1,9.970023090E-1,-2.961991873E-1,1.125251721E0
2.789061625E0,-5.383953182E-1,6.257403678E-1,-4.850759473E-1,9.574545426E-1
2.799015625E0,-8.561723392E-1,1.483456153E-1,-1.205838540E0,1.486298785E0
2.808969625E0,-9.601136141E-1,5.992986739E-2,-1.490907260E0,1.774320771E0
2.818923625E0,-9.888268782E-1,4.356684369E-1,-1.240874763E0,1.645404437E0
2.828876625E0,-1.299721726E0,5.547364587E-1,-1.172993560E0,1.836551931E0
2.838830625E0,-1.566664663E0,1.273810083E-1,-1.527355878E0,2.191684299E0
2.848784625E0,-1.570076221E0,-1.660527384E-1,-1.708970104E0,2.326648162E0
2.858738625E0,-1.391343357E0,1.106766826E-1,-1.663235230E0,2.171275453E0
2.868691625E0,-1.412057849E0,7.923579472E-1,-1.389234120E0,2.133473676E0
2.878645625E0,-1.238961847E0,1.356879137E0,-9.031194144E-1,2.047381773E0
2.888599625E0,-1.119726156E0,1.378607975E0,-1.412880260E0,2.269488321E0
2.898552625E0,-1.029501938E0,7.554538304E-1,-2.127276696E0,2.481106783E0
2.908506625E0,-1.030373538E0,3.426316345E-1,-2.532769992E0,2.755719488E0
2.918460625E0,-8.674136844E-1,-1.379100895E-1,-2.357534786E0,2.515829080E0
2.928414625E0,-7.739810986E-1,-2.792478168E-1,-2.608959212E0,2.735634159E0
2.938367625E0,-4.858993815E-1,-3.918371236E-1,-2.853510820E0,2.920985885E0
2.948321625E0,-4.083008364E-1,-3.525531900E-1,-2.607152422E0,2.662376209E0
2.958275625E0,-2.469582494E-1,2.331653255E-1,-1.608231349E0,1.643703902E0
2.968229625E0,-3.301827662E-1,8.132898098E-1,-1.361349918E0,1.619794608E0
2.978182625E0,-2.397954834E-1,1.289772981E0,-2.277502191E0,2.628313613E0
2.988136625E0,1.593379422E-1,1.829464554E0,-2.811324329E0,3.357956762E0
2.998090625E0,3.392735054E-1,1.683154939E0,-8.677811819E-1,1.923840233E0
3.008044125E0,1.861168742E-3,1.849636279E0,1.514314833E0,2.390461721E0
3.017997125E0,5.354616970E-2,3.763294306E0,3.442673346E0,5.100710832E0
3.027951125E0,6.066174875E-1,4.252810922E0,4.463279403E0,6.194775907E0
3.037905125E0,1.667285011E0,1.802060409E0,4.110140029E0,4.787537163E0
3.047858125E0,2.443799343E0,-7.327338892E-1,3.342810504E0,4.205167802E0
3.057812125E0,2.265097615E0,-2.098237084E0,3.207664393E0,4.452232803E0
3.067766125E0,2.165247491E0,-2.379613872E0,2.566651683E0,4.115648155E0
3.077720125E0,2.453640792E0,-2.716895889E0,1.622819860E0,4.004425140E0
3.087673125E0,4.853910392E-1,-2.690155402E0,-3.721173888E-1,2.758806246E0
3.097627125E0,1.915265720E-1,-2.484481346E0,-6.955996844E-1,2.587119809E0
3.107581125E0,-3.829041861E-2,-1.558364832E0,-8.670105189E-2,1.561244433E0
3.117535125E0,-3.625329253E-1,2.080790162E-2,-1.393116671E-1,3.889355104E-1
3.127488125E0,3.295688085E-1,8.216349560E-1,-2.082444924E-1,9.094313438E-1
3.137442125E0,6.163435999E-1,-1.116525829E-1,-2.180792168E-1,6.632528003E-1
3.147396125E0,5.885888771E-1,-9.683433509E-1,-5.857547683E-1,1.275630965E0
3.157350125E0,6.211073264E-1,-7.916428328E-1,-1.029623340E0,1.439651662E0
3.167303125E0,2.609714672E-2,-5.961669052E-1,-1.372714566E0,1.496810382E0
3.177257125E0,-7.247769982E-1,-3.131452954E-1,-1.812153872E0,1.976679875E0
3.187211125E0,-8.384813690E-1,-1.246450961E-2,-1.534877152E0,1.749015220E0
3.197164125E0,-1.187625632E0,5.635961598E-1,-1.383496247E0,1.908443643E0
3.207118125E0,-1.502427590E0,1.371330530E0,-1.480958807E0,2.516162768E0
3.217072125E0,-1.378292664E0,1.271482306E0,-1.668779560E0,2.510215756E0
3.227026125E0,-1.295954073E0,8.798703003E-1,-2.244416306E0,2.736982510E0
3.236979125E0,-8.956357093E-1,-3.534472293E-1,-2.118751456E0,2.327272223E0
3.246933125E0,-9.629406698E-1,-9.516893113E-1,-2.633096810E0,2.960771199E0
3.256887125E0,-1.352360847E0,-9.126936454E-1,-3.183082699E0,3.576856863E0
3.266841125E0,-1.685539142E0,-1.739885795E-1,-3.584501655E0,3.964841275E0
3.276794125E0,-1.897108068E0,4.643753421E-1,-4.523675585E0,4.927301927E0
3.286748125E0,-1.886937129E0,2.698681812E0,-6.249976544E0,7.064391132E0
3.296702125E0,-1.126677765E0,4.230485668E0,-6.627364613E0,7.942818989E0
3.306656125E0,-6.510663398E-1,2.227437161E0,-3.894003550E0,4.533059379E0
3.316609125E0,-2.013963431E-1,1.944616696E0,-1.445867327E0,2.431589379E0
3.326563125E0,-7.045175654E-1,4.699386755E0,-1.002017173E0,4.856399828E0
3.336517125E0,-1.516879714E0,3.466137637E0,-6.728847134E-1,3.842890582E0
3.346470125E0,-9.477289921E-1,8.034144473E-1,-3.913720946E0,4.106199783E0
3.356424125E0,-7.758946730E-1,-4.090571737E-1,-3.941628537E0,4.038041089E0
3.366378125E0,-2.068237944E0,-1.376212370E0,-1.802638698E0,3.069376966E0
3.376332125E0,-2.033173800E0,6.499016476E-1,-4.478002399E-1,2.180984389E0
3.386285125E0,-2.396687742E0,3.553343012E0,-3.484186238E-1,4.300203975E0
3.396239125E0,-1.983204080E0,3.802308099E0,-2.144443829E0,4.794714239E0
3.406193125E0,-1.256733289E0,3.250121026E0,-2.456348930E0,4.263369009E0
3.416147125E0,1.019754483E0,2.179524491E0,-9.360310525E-2,2.408108751E0
3.426100125E0,8.359610729E-2,1.669005262E0,-6.618287981E-2,1.672407560E0
3.436054125E0,3.681042620E-1,-1.278246950E0,-8.769279814E-1,1.593241569E0
3.446008125E0,-4.988812235E-1,-2.693521644E0,-2.740111674E0,3.874552014E0
3.455962125E0,-1.793533633E-1,-2.876355892E0,-3.171839088E0,4.285575112E0
3.465915125E0,-1.482003850E-1,-5.822932166E-1,-1.972220816E0,2.061718626E0
3.475869125E0,-8.578378455E-1,1.597304365E0,-9.901356313E-1,2.065825639E0
3.485823125E0,-1.179025401E0,1.463592576E0,-1.063581630E0,2.159492998E0
3.495776125E0,-4.751914851E-1,-1.822892869E-1,-1.306243711E0,1.401894776E0
3.505730125E0,7.002281941E-1,-1.091875722E0,-1.429205686E0,1.930062436E0
3.515684125E0,1.830333304E0,-7.628172290E-1,-2.846219927E0,3.468858314E0
3.525638125E0,2.111665800E0,6.619983673E-2,-4.047235683E0,4.565482619E0
3.535591125E0,1.872945327E0,1.232443371E0,-2.834253893E0,3.613839508E0
3.545545125E0,1.879228306E0,2.416930802E0,2.931647748E-2,3.061684665E0
3.555499125E0,1.593405295E0,2.719165193E0,-1.105495057E-1,3.153572732E0
3.565453125E0,1.359631567E0,2.623417037E0,-2.138760628E0,3.647631008E0
3.575406125E0,1.015524973E0,1.925664700E0,-2.382673135E0,3.227476844E0
3.585360125E0,8.435789716E-1,3.822038358E-1,-1.374758168E0,1.657608299E0
3.595314125E0,1.942224673E-1,9.542539001E-2,1.952244973E-1,2.914463522E-1
3.605268125E0,-9.374716602E-2,2.028878582E-1,1.856210888E0,1.869617842E0
3.615221125E0,-1.309582179E0,-4.156452316E-1,3.808554094E0,4.048808557E0
3.625175125E0,-2.056767023E0,3.421270198E-1,5.585477323E0,5.961954244E0
3.635129125E0,-2.713647761E0,-8.211829662E-3,5.214535224E0,5.878378111E0
3.645082125E0,-3.017444820E0,-1.559309158E0,2.585568010E0,4.268674294E0
3.655036125E0,-3.554755699E0,-1.622517559E0,1.907852035E0,4.348419333E0
3.664990125E0,-3.124145104E0,-3.208868335E0,1.882679187E0,4.858147748E0
3.674944125E0,-1.987971168E0,-4.061354370E0,2.190179873E0,5.024292643E0
3.684897125E0,-1.825723944E0,-3.041735616E0,1.312727688E0,3.782681253E0
3.694851125E0,-1.142162654E0,-7.163996923E-1,1.235824231E0,1.828941108E0
3.704805125E0,-1.005514247E-1,5.693808103E-1,3.203300031E0,3.255063162E0
3.714759125E0,1.127091382E0,-3.650317329E-1,1.558673565E0,1.957816752E0
3.724712125E0,1.646273481E0,-9.324449551E-1,-2.753477824E0,3.340854695E0
3.734666125E0,2.337808034E0,-1.862770879E-1,-2.126742845E0,3.165924934E0
3.744620125E0,2.197372825E0,2.033649909E-1,-1.313990394E0,2.568340984E0
3.754573125E0,3.171247057E0,7.268124139E-1,7.611905336E-2,3.254359890E0
3.764527125E0,2.540135437E0,2.388439659E0,9.034000808E-1,3.601813953E0
3.774481125E0,1.756273348E0,2.315986226E0,1.994573552E0,3.525139986E0
3.784435125E0,4.243230844E-1,1.593159274E0,2.079838820E0,2.654041460E0
3.794388125E0,4.335741835E-1,7.668395287E-1,1.593881697E0,1.821122813E0
3.804342125E0,3.811548454E-1,1.759842342E-1,2.580744057E0,2.614668116E0
3.814296125E0,3.836012838E-2,-1.055615383E0,1.967891538E0,2.233470940E0
3.824250125E0,-1.091768279E0,-1.364320888E0,2.131514758E-2,1.747507882E0
3.834203125E0,-3.550244426E-1,-2.200969155E0,-5.423427004E-1,2.294437443E0
3.844157125E0,2.982494404E-1,-2.664933438E0,-2.094881952E-1,2.689741300E0
3.854111125E0,-2.436746541E-1,-1.588728839E0,6.260502702E-1,1.724927709E0
3.864065125E0,1.864806076E-1,3.638114190E-1,1.367463474E0,1.427266660E0
3.874018125E0,7.652441890E-1,1.277631823E0,2.972806883E0,3.324984588E0
3.883972125E0,6.445821431E-1,1.790433220E0,4.254672967E0,4.660834616E0
3.893926125E0,6.834931706E-1,1.231915952E0,2.674357103E0,3.022741428E0
3.903879125E0,5.090202589E-1,-2.579545963E-1,-3.779306906E-1,6.844514626E-1
3.913833125E0,7.630325527E-1,-1.597663384E0,-1.087262853E0,2.077712078E0
3.923787125E0,7.611572776E-1,-2.442702405E0,-3.721922332E-1,2.585475295E0
3.933741125E0,8.319969530E-1,-1.840676005E0,9.300265467E-1,2.223793260E0
3.943694125E0,4.124578778E-1,-7.183713734E-2,2.322364076E0,2.359800199E0
3.953648125E0,-4.120158283E-1,1.319435906E-1,1.612960285E0,1.669972166E0
3.963602125E0,-1.075485227E-1,7.352347434E-2,1.183870258E0,1.191016865E0
3.973556125E0,-9.673200151E-1,-1.422491913E0,-1.865320558E0,2.537442026E0
3.983509125E0,-6.698642611E-1,-1.187367770E0,-3.544631537E0,3.797758956E0
3.993463125E0,2.623848671E-1,1.282054657E0,-9.695823759E-1,1.628680431E0
4.003418083E0,2.811522184E-1,1.467137743E0,1.746984315E-1,1.504014385E0
4.013371083E0,9.056266274E-1,-5.473227739E-2,-3.661403650E-1,9.783731279E-1
4.023325083E0,5.837417546E-1,-1.204107764E0,3.880206460E-1,1.393265935E0
4.033279083E0,-6.607287906E-1,-1.402907249E0,9.206119448E-2,1.553443448E0
4.043233083E0,4.024242385E-1,-5.662519652E-1,-8.484134495E-1,1.096536336E0
4.053186083E0,-1.576157033E0,-5.857459974E-1,1.266902767E0,2.105329424E0
4.063140083E0,-1.505975096E0,2.126650459E0,2.516697165E-1,2.618003211E0
4.073094083E0,-2.124858288E0,1.485919585E0,2.355433881E-1,2.603547665E0
4.083048083E0,-3.169480028E0,-3.270084590E-1,-1.499939454E-1,3.189833282E0
4.093001083E0,-2.375967256E0,-2.558054522E0,5.616215551E-1,3.536139436E0
4.102955083E0,-2.304910137E0,-2.329530131E0,1.300149450E0,3.525579380E0
4.112909083E0,-2.059118481E0,-6.622726017E-1,1.105361155E0,2.429073321E0
4.122863083E0,-2.607227266E0,4.058306801E-1,1.500385889E0,3.035373185E0
4.132816083E0,-2.329488616E0,5.835421818E-1,2.089684654E0,3.183366244E0
4.142770083E0,-1.514061064E0,-9.809142798E-1,1.239322328E0,2.188719617E0
4.152724083E0,-9.156887354E-1,-1.915502824E0,-5.994957250E-1,2.206135094E0
4.162677083E0,-8.299558362E-1,-2.168874373E0,-1.070675472E0,2.557183744E0
4.172631083E0,-1.111426399E0,-6.724987972E-1,-1.181666150E0,1.756091730E0
4.182585083E0,-8.681890252E-1,5.856723225E-1,-3.663169509E-1,1.109482925E0
4.192539083E0,-5.644965579E-1,1.614265383E0,4.024539131E-1,1.756837569E0
4.202492083E0,-9.374278061E-2,2.745554262E0,-6.492432511E-1,2.822830621E0
4.212446083E0,-3.471094322E-1,1.831235676E0,4.864602757E-1,1.926279486E0
4.222400083E0,-1.062295096E0,-2.645683819E-1,1.543815498E0,1.892573273E0
4.232354083E0,-1.100707137E0,-1.135747381E0,2.855999395E-1,1.607185627E0
4.242307083E0,-1.154441587E0,-1.329774953E0,-6.052324283E-1,1.862080314E0
4.252261083E0,-7.424556161E-1,-1.184425451E0,1.036372197E-1,1.401729169E0
4.262215083E0,-1.192899090E0,-5.110291064E-2,5.019910651E-1,1.295227693E0
4.272168083E0,-1.114478134E0,5.474601835E-1,3.190044978E-1,1.282005473E0
4.282122083E0,-5.144057638E-1,6.654622579E-1,-6.963428655E-1,1.091946287E0
4.292076083E0,-4.412843221E-1,2.092081136E-1,-4.739951813E-1,6.805669104E-1
4.302030083E0,-3.862493782E-1,-5.238578975E-1,3.083877084E-1,7.202212560E-1
4.311983083E0,-8.874445276E-2,-8.051306051E-1,7.210897440E-1,1.084472816E0
4.321937083E0,-2.296157733E-1,-8.533426523E-3,-1.296772099E-1,2.638416219E-1
4.331891083E0,-4.084226412E-1,9.592000598E-1,-9.115107536E-2,1.046509592E0
4.341845083E0,1.693842444E-2,8.666953540E-1,3.395945907E-1,9.310060327E-1
4.351798083E0,6.908364695E-2,3.544734156E-1,8.667310220E-1,9.389603917E-1
4.361752083E0,2.324018984E-1,4.273244601E-1,4.357131681E-1,6.530411943E-1
4.371706083E0,3.182349312E-1,8.423340994E-1,8.525915775E-1,1.240045404E0
4.381659083E0,2.617374524E-1,9.416005254E-1,2.751813707E-1,1.015304304E0
4.391613083E0,9.528563424E-1,-2.338728386E-1,-2.449948275E-1,1.011263655E0
4.401567083E0,8.680453299E-1,-7.658215284E-1,-1.905312297E-1,1.173152785E0
4.411521083E0,9.003621599E-1,-3.078102958E-1,-4.250498933E-1,1.042145196E0
4.421474083E0,9.532329762E-1,-2.399130124E-1,-1.143662172E0,1.508036645E0
4.431428083E0,4.237121234E-1,3.876318061E-1,-6.247466335E-1,8.485863166E-1
4.441382083E0,5.852850176E-1,5.577547914E-1,-6.594168216E-1,1.043302211E0
4.451336083E0,3.192798651E-1,1.447946012E-2,-6.407890543E-1,7.160725516E-1
4.461289083E0,-2.077326966E-1,4.538784206E-1,-4.376810485E-1,6.638698624E-1
4.471243083E0,-1.893930691E-1,9.366742462E-1,-1.551517158E0,1.822205771E0
4.481197083E0,-5.229574629E-1,5.367200178E-1,-1.840283657E0,1.987007002E0
4.491150083E0,-1.859449113E-1,1.167694813E-1,-8.660638547E-1,8.934636099E-1
4.501104083E0,-6.064350178E-2,-5.176961017E-1,-4.644227046E-1,6.981227231E-1
4.511058083E0,2.539354943E-1,-5.985736191E-2,-1.240499665E0,1.267637786E0
4.521012083E0,2.616045014E-1,-1.827898085E-2,-2.371030452E0,2.385488721E0
4.530965083E0,-1.219217554E-1,-3.364891344E-1,-1.753670606E0,1.789818551E0
4.540919083E0,4.485198860E-1,5.258956522E-1,-3.507189184E-1,7.750742447E-1
4.550873083E0,3.336559757E-1,6.265630710E-1,6.491610977E-1,9.619343652E-1
4.560827083E0,-2.351657311E-1,9.688696003E-1,-6.009011033E-1,1.164084773E0
4.570780083E0,-3.428749517E-1,1.246208886E0,-2.118848227E0,2.481958426E0
4.580734083E0,-1.280646209E0,1.436281986E0,-2.113575500E0,2.858349533E0
4.590688083E0,-8.733717779E-1,3.126406807E-1,-1.071986710E0,1.417631110E0
4.600642083E0,-5.105452127E-1,-1.233674794E-1,-1.033673122E0,1.159463700E0
4.610595083E0,-3.611587565E-1,-4.127438432E-1,-8.829535371E-1,1.039422953E0
4.620549083E0,-3.899444165E-2,-2.194576979E-2,-1.435462791E0,1.436160022E0
4.630503083E0,2.998834083E-2,4.754651713E-1,5.896858513E-2,4.800455434E-1
4.640456083E0,-2.187689690E-1,1.328265202E0,1.987415391E0,2.400410016E0
4.650410083E0,-1.427559329E-1,9.535884869E-1,2.402009878E0,2.588312522E0
4.660364083E0,-2.274235973E-1,-4.916034865E-1,8.374025577E-1,9.973156593E-1
4.670318083E0,-1.477261576E-1,-1.232167967E0,6.634133935E-2,1.242763891E0
4.680271083E0,-4.345886754E-1,-8.454875028E-1,4.892979294E-1,1.069172062E0
4.690225083E0,-6.626186107E-1,-2.234788281E-1,8.187405843E-1,1.076727614E0
4.700179083E0,-4.859689634E-1,2.772094774E-1,1.113684082E0,1.246315836E0
4.710132083E0,-1.186677616E-1,2.152289915E-1,1.169846004E0,1.195384971E0
4.720086083E0,-3.657628541E-1,2.262229264E-2,4.260705248E-1,5.619878341E-1
4.730040083E0,-7.184658059E-1,-2.358252239E-1,-1.605236113E-1,7.730294175E-1
4.739994083E0,-9.603352967E-1,6.704475939E-2,2.821509594E-1,1.003169002E0
4.749947083E0,-9.811268261E-1,3.729120255E-2,1.263296789E-1,9.899291240E-1
4.759901083E0,-6.115058694E-1,-9.460631204E-1,-9.773021623E-1,1.491339791E0
4.769855083E0,-4.715339421E-1,-5.530156231E-1,-1.612020637E0,1.768270645E0
4.779809083E0,-5.846294716E-1,-3.812981021E-1,-1.705977792E0,1.843241733E0
4.789762083E0,-6.449796807E-1,-5.833474696E-2,-1.870541244E0,1.979476263E0
4.799716083E0,-6.620894377E-1,-7.277058685E-1,-1.748864487E0,2.006600421E0
4.809670083E0,-2.828122246E-1,-5.042802501E-1,-1.547106311E0,1.651611111E0
4.819623083E0,-3.123099475E-1,3.657866085E-1,-1.654177308E0,1.722683927E0
4.829577083E0,-1.585108535E-1,1.109645410E0,-1.162855657E0,1.615138355E0
4.839531083E0,-1.369520598E-1,1.816463855E0,-3.993940651E-2,1.822057068E0
4.849485083E0,2.686040205E-1,1.606499696E0,3.865956795E-1,1.674050660E0
4.859438083E0,4.445419155E-1,1.524239897E0,-1.130003661E-2,1.587782249E0
4.869392083E0,3.828424249E-1,1.211455375E0,-1.211461222E0,1.755514381E0
4.879346083E0,3.784641394E-1,2.727720255E-1,-7.137415481E-1,8.526820510E-1
4.889300083E0,1.963331660E-1,9.260469317E-2,9.292991531E-1,9.543161202E-1
4.899253083E0,5.713902790E-2,-7.516186416E-2,1.185282653E0,1.189037065E0
4.909207083E0,-1.287319344E-2,-5.441325331E-1,-5.221259522E-1,7.542290386E-1
4.919161083E0,2.021298397E-2,-1.126131050E0,-2.088983281E0,2.373274290E0
4.929114083E0,5.973727472E-2,-1.402904910E0,-1.880423623E0,2.346849746E0
4.939068083E0,2.722500518E-1,-1.013542913E0,-9.963026896E-1,1.447068891E0
4.949022083E0,9.449864287E-2,-4.733636820E-1,-2.908674037E-1,5.635663364E-1
4.958976083E0,3.628359207E-1,3.522263306E-1,6.275611907E-1,8.059443786E-1
4.968929083E0,5.866394520E-1,4.665750647E-1,4.662423581E-1,8.827344301E-1
4.978883083E0,8.698697343E-1,6.602652526E-1,-9.351802826E-2,1.096069879E0
4.988837083E0,7.981730763E-1,1.851408570E0,2.097669904E0,2.909469536E0
4.998791083E0,7.104350938E-1,2.819808639E0,2.148828363E0,3.615729818E0
5.008743583E0,8.161014435E-1,1.474074295E0,-1.943684649E-1,1.696082455E0
5.018697583E0,5.296350928E-1,-7.854389369E-1,-1.106348750E0,1.456514748E0
5.028651583E0,9.091183653E-1,-1.520402954E0,-1.490428373E0,2.315058980E0
5.038604583E0,1.476459082E0,-1.390796496E0,-2.386762678E0,3.132232813E0
5.048558583E0,1.163404492E0,-4.021001565E-1,-2.340761463E0,2.644685005E0
5.058512583E0,8.494061606E-1,3.912541562E-1,-2.839261740E-1,9.773355169E-1
5.068466583E0,8.929159500E-1,6.356730330E-1,1.538788939E0,1.889246013E0
5.078419583E0,1.073704110E0,1.013325396E0,8.398741758E-1,1.698545703E0
5.088373583E0,1.069529710E0,1.111304265E0,-8.961284834E-1,1.783798540E0
5.098327583E0,7.578826176E-1,6.875062609E-1,-5.119851261E-1,1.144193904E0
5.108281583E0,6.692801973E-1,1.017146552E-1,-4.174531907E-1,7.953295041E-1
5.118234583E0,1.706067692E-2,-7.548562449E-1,-1.559307988E0,1.732495431E0
5.128188583E0,1.512028207E-1,-9.017733854E-1,-1.403881687E0,1.675392886E0
5.138142583E0,4.285490133E-2,7.722827017E-2,2.164934519E-1,2.338165157E-1
5.148095583E0,-7.892551222E-1,5.785890055E-1,7.471700799E-1,1.231240031E0
5.158049583E0,-1.210630991E0,7.997815722E-1,-6.165140462E-1,1.576504846E0
5.168003583E0,-1.266198324E0,6.574854863E-1,-1.475741044E0,2.052646338E0
5.177957583E0,-1.383057413E0,7.660910851E-1,-7.091935837E-1,1.732829737E0
5.187910583E0,-1.622916631E0,6.089635366E-1,-6.310990486E-1,1.844717049E0
5.197864583E0,-1.430806361E0,-2.237173945E-1,1.595880568E-2,1.448278633E0
5.207818583E0,-1.140064161E0,-7.723651475E-1,2.800816298E-1,1.405254401E0
5.217772583E0,-1.572298455E0,-3.708713472E-2,5.856401628E-1,1.678234873E0
5.227725583E0,-1.703167766E0,8.669269037E-1,4.360678017E-1,1.960229023E0
5.237679583E0,-1.577932978E0,8.421984440E-1,1.068156492E0,2.083297625E0
5.247633583E0,-1.347550635E0,4.503776926E-1,8.311781967E-1,1.646083222E0
5.257586583E0,-1.286922171E0,-3.595669252E-1,-9.241115034E-2,1.339401683E0
5.267540583E0,-1.142418688E0,-3.021449286E-1,-7.089778215E-1,1.378064428E0
5.277494583E0,-8.058940322E-1,-4.057920885E-1,-6.444315773E-1,1.108794150E0
5.287448583E0,-4.599522159E-1,-2.420378906E-1,1.727653420E-1,5.477100006E-1
5.297401583E0,-3.763881952E-1,-3.805373794E-1,3.170249230E-1,6.220784294E-1
5.307355583E0,-3.870882344E-1,-6.012229925E-1,-4.092366832E-1,8.238816971E-1
5.317309583E0,-2.503819404E-1,-4.972711927E-1,4.622495869E-1,7.236328045E-1
5.327263583E0,-4.414106950E-2,-6.512658030E-1,8.487087339E-1,1.070701684E0
5.337216583E0,3.332719964E-1,-4.949861008E-1,4.998439676E-1,7.784121373E-1
5.347170583E0,4.617008988E-1,-4.545695615E-1,7.835476550E-1,1.016734053E0
5.357124583E0,7.325893168E-1,-3.642686713E-1,9.474591431E-1,1.251821712E0
5.367077583E0,8.960901842E-1,-6.418547094E-1,6.594121438E-1,1.284437411E0
5.377031583E0,1.068000736E0,-6.219887942E-1,7.416701889E-1,1.441377918E0
5.386985583E0,8.689375419E-1,-3.463259053E-1,1.414274821E-1,9.460421857E-1
5.396939583E0,1.117160836E0,-6.979558200E-1,-7.528816402E-1,1.517241387E0
5.406892583E0,1.058621072E0,-9.301990396E-1,-8.875395083E-1,1.665435440E0
5.416846583E0,1.009224451E0,-7.004186672E-1,3.939631712E-1,1.290088091E0
5.426800583E0,6.565924703E-1,-7.283929163E-1,-1.770624608E-1,9.965044042E-1
5.436754583E0,6.802901389E-1,-7.199495369E-1,-1.171806867E0,1.534357632E0
5.446707583E0,6.520290108E-1,-5.685008043E-1,-4.566187182E-1,9.781797633E-1
5.456661583E0,6.618293097E-1,-2.918327790E-1,4.637999761E-1,8.592408416E-1
5.466615583E0,6.708981950E-1,-1.237808776E-1,-2.447849125E-2,6.826604502E-1
5.476568583E0,5.815894311E-1,-8.489157254E-1,-7.525074184E-1,1.274822180E0
5.486522583E0,8.089469366E-1,-1.100320855E0,-7.854740202E-2,1.367944014E0
5.496476583E0,6.866482551E-1,-9.885454810E-1,1.369588645E0,1.823315949E0
5.506430583E0,6.332412491E-1,-8.985884070E-2,1.478514963E0,1.610923830E0
5.516383583E0,3.844966022E-1,6.571995574E-1,1.316354716E0,1.520703335E0
5.526337583E0,2.866700531E-1,1.777707925E0,2.055279930E0,2.732508147E0
5.536291583E0,-1.302226089E-2,2.240983990E0,2.158038898E0,3.111159062E0
5.546245583E0,-1.168859140E-1,1.466631959E0,1.169416818E-1,1.475922416E0
5.556198583E0,-3.500135981E-2,-4.183390439E-1,-9.927993304E-1,1.077906843E0
5.566152583E0,4.647969264E-1,-9.086245680E-1,-8.485087591E-1,1.327253519E0
5.576106583E0,5.185146388E-1,3.568848073E-2,-7.594620967E-1,9.202791830E-1
5.586059583E0,6.735101462E-1,7.084691137E-1,5.831428170E-3,9.775369086E-1
5.596013583E0,7.943131831E-1,1.355990945E0,2.184199925E0,2.690794341E0
5.605967583E0,6.158215897E-1,1.498720309E0,3.146704831E0,3.539371426E0
5.615921583E0,3.565419412E-1,4.228174263E-1,1.681866798E-1,5.780860586E-1
5.625874583E0,5.052884562E-1,-4.714563203E-1,-1.752563143E0,1.883896244E0
5.635828583E0,6.020864801E-1,-1.136225098E0,-1.449744323E0,1.937852989E0
5.645782583E0,6.296368061E-1,-1.821867267E0,-5.737700227E-1,2.011182459E0
5.655735583E0,7.462092362E-1,-1.474526285E0,-6.683551678E-1,1.782625765E0
5.665689583E0,8.087156792E-1,-9.266111881E-1,-1.462726896E0,1.911072818E0
5.675643583E0,1.024712118E-1,-3.733499819E-1,9.669979066E-2,3.990506331E-1
5.685597583E0,1.417897171E0,2.529434740E0,2.898804230E0,4.100187612E0
5.695550583E0,1.077227716E0,2.832627490E0,2.891865047E0,4.188923668E0
5.705504583E0,6.333700340E-1,1.065073255E0,-2.545228654E-1,1.265037757E0
5.715458583E0,9.526617032E-1,-7.837198555E-2,-8.011153221E-2,9.592311226E-1
5.725412583E0,2.676944496E-1,-1.093105391E0,-4.452300963E-1,1.210276643E0
5.735365583E0,8.500337861E-1,-1.717759346E0,-1.407687932E0,2.377990733E0
5.745319583E0,8.461317198E-1,-1.336177070E0,-6.255915561E-1,1.700785949E0
5.755273583E0,1.718142924E-1,-3.589991605E-1,-4.984014595E-1,6.378123259E-1
5.765226583E0,-6.052132056E-1,-3.990315378E-2,-1.547155135E0,1.661795504E0
5.775180583E0,7.102145076E-1,1.234089362E0,-2.125901431E-2,1.424020065E0
5.785134583E0,-4.206640064E-1,1.933001202E0,2.305950357E0,3.038232858E0
5.795088583E0,-8.535600226E-1,1.013001460E0,1.111566805E0,1.729253432E0
5.805041583E0,-6.778244412E-1,-8.014135301E-2,-6.340995473E-1,9.316387956E-1
5.814995583E0,-8.661929320E-1,1.090891635E-1,-1.267928368E0,1.539426188E0
5.824949583E0,-6.456725758E-1,-2.170761269E-1,-1.517389299E0,1.663275505E0
5.834902583E0,-7.869679838E-2,-6.634209949E-1,-1.057290903E0,1.250673681E0
5.844856583E0,-2.647588550E-1,1.382691085E-2,6.564590076E-1,7.079737731E-1
5.854810583E0,-1.342138087E-1,1.559862889E0,1.831981196E0,2.409842460E0
5.864764583E0,-1.595215813E-1,2.455913604E0,2.048583698E-1,2.469600316E0
5.874717583E0,1.203549208E-1,1.837154812E0,-4.542315924E-1,1.896298882E0
5.884671583E0,2.194589769E-1,-7.018997669E-2,4.772857019E-1,5.299910534E-1
5.894625583E0,-8.649813889E-1,-1.776716237E0,-4.692004645E-1,2.031024979E0
5.904579583E0,-7.774995875E-1,-2.105227430E0,-2.266387804E0,3.189514355E0
5.914532583E0,-5.107147454E-1,-1.982111381E0,-3.217391821E0,3.813293224E0
5.924486583E0,-9.346614884E-1,-4.969028181E-1,-1.784150387E0,2.074535397E0
5.934440583E0,-1.279245216E0,1.585665482E-1,-5.340659666E-1,1.395291414E0
5.944393583E0,-1.025698543E0,-1.063058889E-1,-9.265261111E-1,1.386293287E0
5.954347583E0,-6.724439064E-1,-2.716914600E-1,-7.319608873E-1,1.030419234E0
5.964301583E0,-7.625628752E-1,-3.912138104E-2,-3.475336477E-1,8.389351926E-1
5.974255583E0,-7.205119660E-1,4.075374824E-1,-1.007741890E0,1.304134966E0
5.984208583E0,-3.903894992E-1,1.142199783E0,-3.306080049E-1,1.251529448E0
5.994162583E0,-7.797832907E-1,1.841681727E0,9.560355467E-1,2.216722249E0
6.004116458E0,-4.868078926E-1,1.404628669E0,6.202784836E-1,1.610810051E0
6.014070458E0,-5.428132550E-1,3.911828202E-1,-5.481764674E-3,6.691040864E-1
6.024023458E0,-6.248092718E-1,-2.264158845E-1,-5.071945024E-1,8.360006232E-1
6.033977458E0,-4.016010236E-1,-7.028476006E-1,-1.271874947E0,1.507628605E0
6.043931458E0,-5.969358506E-1,-1.620814850E0,-1.966927332E0,2.617666196E0
6.053884458E0,-4.495120854E-1,-2.088552341E0,-1.479733230E0,2.598792494E0
6.063838458E0,-4.443547681E-1,-2.032288093E0,-2.405682514E0,3.180401611E0
6.073792458E0,-9.333952738E-1,-6.210614258E-1,-2.630363237E0,2.859327682E0
6.083746458E0,-8.388703550E-1,2.085087281E0,-1.161126343E0,2.529724654E0
6.093699458E0,-9.170555221E-1,3.160879651E0,6.358993202E-1,3.352091727E0
6.103653458E0,-1.039686983E0,2.178930414E0,2.413952816E-1,2.426305516E0
6.113607458E0,-4.846107648E-1,8.719280273E-1,7.806617618E-2,1.000600023E0
6.123560458E0,-1.549435769E-1,-7.487961906E-1,5.542280433E-1,9.443897347E-1
6.133514458E0,-7.591123053E-2,-1.492542726E0,-2.164411193E-1,1.510063926E0
6.143468458E0,4.906063901E-1,-6.839932537E-1,1.258492132E0,1.514048826E0
6.153422458E0,5.659771095E-1,1.641415760E0,3.764010590E0,4.145160010E0
6.163375458E0,-6.151675603E-2,3.655644727E0,4.223534498E0,5.586212164E0
6.173329458E0,-2.482546868E-1,3.742315081E0,1.495346758E0,4.037649624E0
6.183283458E0,2.378804837E-1,1.278536972E0,-1.036430376E0,1.662958760E0
6.193237458E0,7.126829097E-1,-1.683905722E0,-2.135794920E0,2.811596584E0
6.203190458E0,4.513876529E-1,-3.020764577E0,-2.274592032E0,3.808219840E0
6.213144458E0,6.965838439E-1,-2.285578950E0,-2.518525590E0,3.471609329E0
6.223098458E0,-1.848407925E-1,-1.176246366E0,-2.258591126E0,2.553224531E0
6.233051458E0,1.351960130E-1,-7.308750594E-1,-1.098878932E-1,7.513532215E-1
6.243005458E0,-6.455455450E-1,-9.493334681E-1,1.178180625E0,1.645014489E0
6.252959458E0,-5.076350170E-1,7.610852838E-1,-1.481438863E-1,9.267635786E-1
6.262913458E0,-7.052275635E-1,7.897360557E-1,2.469479730E0,2.686886505E0
6.272866458E0,-8.384865584E-1,2.485134480E0,2.399473355E0,3.554775025E0
6.282820458E0,-9.901297110E-1,7.931245172E-1,4.575072026E-1,1.348597859E0
6.292774458E0,-2.454800185E-1,-8.235195136E-1,-1.394139349E0,1.637702462E0
6.302727458E0,-6.864877855E-3,-1.460601141E0,-2.053075529E0,2.519627343E0
6.312681458E0,3.252096362E-1,-2.192036363E0,-1.730330860E0,2.811552883E0
6.322635458E0,7.480769831E-1,-1.801768048E0,-9.381915987E-1,2.164761129E0
6.332589458E0,1.796793091E-1,-6.430528039E-1,5.614514011E-1,8.723698977E-1
6.342542458E0,4.675200661E-2,1.415082321E0,9.546351385E-1,1.707621730E0
6.352496458E0,-1.919751265E-1,1.719856158E0,4.508671045E-2,1.731124624E0
6.362450458E0,-4.641942246E-1,1.135868418E0,6.857298768E-1,1.405666677E0
6.372404458E0,-1.038736847E-1,2.430611533E-1,1.891277810E0,1.909659713E0
6.382357458E0,-1.175585813E-1,-1.714193130E-1,-1.049972820E-1,2.328712737E-1
6.392311458E0,-4.015410896E-1,-6.865508258E-2,-5.509854698E-1,6.852253315E-1
6.402265458E0,-4.198462733E-1,9.204020298E-1,1.799943717E0,2.064753780E0
6.412218458E0,-5.438407570E-1,9.371888012E-1,2.514656779E0,2.738171714E0
6.422172458E0,-5.753421745E-2,3.510668278E-2,5.189871669E-1,5.233453398E-1
6.432126458E0,-3.572365905E-1,-5.876849341E-1,-4.492544425E-1,8.214749646E-1
6.442080458E0,-9.719294848E-2,-8.871319574E-1,-3.584819743E-1,9.617478386E-1
6.452033458E0,-1.372452885E-1,-1.571672511E0,-1.005067081E0,1.870601664E0
6.461987458E0,-5.809684751E-2,-1.929144963E0,-1.387372074E0,2.376925915E0
6.471941458E0,-5.007934823E-1,-1.157325945E0,-1.338748090E0,1.839142166E0
6.481895458E0,-1.134100147E0,-8.609446174E-1,-8.506596574E-1,1.658623113E0
6.491848458E0,-1.057738654E0,-8.716730887E-1,-2.433985376E-1,1.392073231E0
6.501802458E0,-9.755346221E-1,-3.984930092E-1,2.289105406E0,2.520013499E0
6.511756458E0,-1.146870832E0,1.167159793E0,1.495523052E0,2.216791349E0
6.521709458E0,-9.384177397E-1,4.724129248E-1,1.914436877E-1,1.067919712E0
6.531663458E0,-6.776493171E-1,-5.921522069E-1,7.726405513E-1,1.186097068E0
6.541617458E0,-2.771652396E-1,-1.299998592E0,9.839837757E-1,1.653795931E0
6.551571458E0,8.944767181E-2,-1.102925790E0,4.252560076E-1,1.185448799E0
6.561524458E0,6.236187056E-2,6.523849601E-1,7.329277244E-1,9.831979395E-1
6.571478458E0,9.408252211E-2,1.775745599E0,2.459066716E0,3.034655345E0
6.581432458E0,1.708579437E-1,9.888448584E-1,2.360917108E0,2.565333542E0
6.591385458E0,3.755720700E-1,-3.131669301E-1,5.182080254E-1,7.125078691E-1
6.601339458E0,2.307761532E-1,-3.997636092E-1,-9.691900277E-1,1.073497967E0
6.611293458E0,4.014690958E-1,-7.634089673E-1,-2.671134702E0,2.806943406E0
6.621247458E0,1.522744691E-1,-1.012033162E0,-2.277102826E0,2.496516756E0
6.631200458E0,1.336337831E-1,-1.150059611E0,-2.386745721E-2,1.158043502E0
6.641154458E0,7.787868155E-2,-3.565088314E-1,6.177618420E-1,7.174909960E-1
6.651108458E0,-4.519407264E-1,9.436166453E-1,8.277230769E-1,1.334087061E0
6.661062458E0,-8.851230003E-2,2.680184146E0,1.389998935E0,3.020483160E0
6.671015458E0,5.929270361E-2,2.321690769E0,1.981322007E0,3.052769324E0
6.680969458E0,3.727568184E-1,1.872301841E0,1.675884511E0,2.540285560E0
6.690923458E0,3.471945092E-1,5.259523702E-1,4.939853498E-1,8.007443092E-1
6.700876458E0,7.225050625E-1,-4.891266060E-1,2.259288114E-1,9.012781091E-1
6.710830458E0,2.977645235E-1,-8.464698350E-1,1.625815389E0,1.857000423E0
6.720784458E0,-1.039064839E-1,-2.083917253E0,2.834677523E-1,2.105673679E0
6.730738458E0,3.352029297E-1,-2.356469423E0,-1.119589185E0,2.630359118E0
6.740691458E0,1.436854940E-1,-3.407388908E-1,5.606286979E-1,6.716048315E-1
6.750645458E0,-2.292879637E-2,1.510629333E0,1.609915055E0,2.207793740E0
6.760599458E0,-8.045845482E-2,1.311032288E0,-5.083168754E-1,1.408426522E0
6.770553458E0,6.844379345E-1,-5.510562211E-1,-1.053649549E0,1.371967790E0
6.780506458E0,3.360302742E-1,-1.134327677E0,-8.492788374E-2,1.186097959E0
6.790460458E0,-2.555009950E-1,-7.744034868E-1,-1.043253200E0,1.324144538E0
6.800414458E0,3.515873761E-1,-8.583712578E-3,-1.387961181E0,1.431825270E0
6.810367458E0,5.195203599E-1,7.409480578E-1,6.913280010E-1,1.138788757E0
6.820321458E0,9.878180142E-2,-9.711523533E-2,9.228865117E-1,9.332249068E-1
6.830275458E0,1.646547057E-1,-1.342912477E0,1.344888836E-2,1.353035833E0
6.840229458E0,6.584742504E-1,-1.101511348E0,8.496235308E-1,1.539082757E0
6.850182458E0,7.537090212E-1,-4.349235016E-1,1.264469156E0,1.534965142E0
6.860136458E0,4.307389783E-1,-8.540589362E-1,-1.116405961E0,1.470141151E0
6.870090458E0,6.378731941E-1,-8.140832770E-1,-1.046866195E0,1.471578276E0
6.880043458E0,5.731417028E-1,3.616748464E-1,-4.808276528E-1,8.309604911E-1
6.889997458E0,1.569303877E-1,1.084298900E0,5.349184906E-1,1.219208367E0
6.899951458E0,3.171722728E-1,1.410944247E0,3.425971359E-1,1.486181253E0
6.909905458E0,1.472954919E-1,1.794677129E0,8.315790233E-1,1.983452957E0
6.919858458E0,-3.631472119E-1,1.296327710E0,1.151241333E0,1.771354859E0
6.929812458E0,1.567294262E-1,5.426754069E-1,1.800655323E0,1.887172568E0
6.939766458E0,-1.554034969E-1,2.626060563E-1,1.380522938E0,1.413844323E0
6.949719458E0,-1.080528907E-3,-1.672212460E0,-1.227547497E0,2.074407997E0
6.959673458E0,3.085591049E-1,-2.867378662E0,-3.405813083E0,4.462805381E0
6.969627458E0,1.870616381E-1,-2.287371706E0,-3.281788669E0,4.004647081E0
6.979581458E0,6.300901115E-1,-8.693763024E-1,-1.678922725E-1,1.086745839E0
6.989534458E0,5.815411916E-1,1.554400420E0,1.706816282E0,2.380666429E0
6.999488458E0,7.021797024E-1,1.967017379E0,1.807757936E0,2.762282110E0
7.009442208E0,2.974509300E-1,2.370923740E0,9.419259229E-1,2.568458854E0
7.019395208E0,-3.589377282E-1,1.223836854E0,-1.659254153E0,2.092782187E0
7.029349208E0,1.226687006E-1,1.840820432E-1,-2.150846238E0,2.162191792E0
7.039303208E0,-4.061867025E-1,-5.404844552E-1,-1.416019045E0,1.569146590E0
7.049257208E0,-2.997037891E-1,-2.234469023E0,-1.851866992E0,2.917547862E0
7.059210208E0,6.315687262E-2,-2.037658761E0,-2.322583639E0,3.090378096E0
7.069164208E0,-2.535259517E-1,-1.619082320E-1,-5.230781713E-1,6.034073724E-1
7.079118208E0,-5.285418462E-1,9.143244338E-1,1.208976740E0,1.605294494E0
7.089072208E0,-3.809884555E-1,2.200966816E0,1.214124629E0,2.542342570E0
7.099025208E0,-6.530882339E-1,2.088547078E0,2.076436910E0,3.016644391E0
7.108979208E0,-8.632274435E-1,9.857259536E-1,1.323195666E-1,1.316938018E0
7.118933208E0,-7.898483223E-1,-4.549186403E-1,-1.363584139E0,1.640174700E0
7.128886208E0,-4.627690024E-1,-2.187238723E0,-1.391235622E0,2.633192917E0
7.138840208E0,-2.982485999E-1,-2.383262535E0,-8.923032349E-1,2.562244641E0
7.148794208E0,-5.823078712E-1,-1.059730654E0,-5.881041795E-1,1.344610740E0
7.158748208E0,-4.034505710E-1,3.311979890E-2,1.216498598E-1,4.226913445E-1
7.168701208E0,-3.593814588E-1,1.428232124E0,3.767235330E-1,1.520171916E0
7.178655208E0,-6.075723013E-1,2.031271262E0,-9.362971008E-2,2.122256715E0
7.188609208E0,-7.844260530E-1,1.350360661E0,-4.604015744E-1,1.628117857E0
7.198562208E0,-4.328819097E-1,2.678931087E-1,-4.891125727E-1,7.059635785E-1
7.208516208E0,-1.919949339E-1,-1.134601911E0,3.127953395E-1,1.192486678E0
7.218470208E0,-5.951259546E-3,-6.617299801E-1,-6.015571609E-1,8.943114681E-1
7.228424208E0,-1.767311064E-1,-3.449085402E-1,-6.165406510E-1,7.282294690E-1
7.238377208E0,-1.427003478E-1,-4.642116201E-1,1.583116096E0,1.655932484E0
7.248331208E0,-1.096490710E0,3.510984027E-1,2.310316473E0,2.581302805E0
7.258285208E0,-8.213006414E-1,1.199503666E0,1.091012673E0,1.817595236E0
7.268239208E0,-7.240610066E-1,1.021164758E0,-1.212921564E0,1.743049203E0
7.278192208E0,-9.821150056E-1,1.259094980E0,-1.753694580E0,2.371774595E0
7.288146208E0,-9.189007571E-1,-1.845755482E-1,4.364999110E-1,1.033914361E0
7.298100208E0,-5.808701139E-1,-2.341936753E0,1.640017106E0,2.917487610E0
7.308053208E0,-6.888976058E-1,-5.533454061E-2,-1.524486065E-2,6.912844773E-1
7.318007208E0,-5.469107645E-1,5.294174302E-1,7.797577822E-1,1.089686376E0
7.327961208E0,-1.445901825E0,7.825621068E-1,-3.969394040E-1,1.691329782E0
7.337915208E0,-7.780400164E-2,5.130791402E-1,7.065471339E-1,8.766484582E-1
7.347868208E0,-5.596492893E-1,9.159704250E-1,1.831595280E0,2.122957940E0
7.357822208E0,-4.146542747E-1,1.388538301E-1,-3.054100138E-1,5.333796305E-1
7.367776208E0,1.577085424E-2,-1.361749867E0,-1.081386109E0,1.738967319E0
7.377729208E0,-4.561193660E-4,2.976624531E-1,-8.352472740E-1,8.867024037E-1
7.387683208E0,-2.854268254E-1,-4.081233734E-1,-6.941972297E-1,8.543669904E-1
7.397637208E0,-1.050554618E-1,-8.186218858E-2,-1.040302110E0,1.048792901E0
7.407591208E0,-9.104725074E-2,7.263411283E-1,4.774807066E-1,8.739844745E-1
7.417544208E0,-5.028096388E-1,1.002316259E0,1.308896885E0,1.723562146E0
7.427498208E0,-2.032925951E-1,-2.595503014E-1,1.102411235E0,1.150654061E0
7.437452208E0,1.576858479E-1,-3.274540168E-1,1.081196952E0,1.140647977E0
7.447406208E0,-1.191599327E-1,-6.850644636E-1,-2.130573356E-1,7.272591265E-1
7.457359208E0,2.039561810E-1,-1.461444309E0,-1.176663272E0,1.887313978E0
7.467313208E0,1.583656964E-1,-2.030735072E0,-1.232916411E0,2.380976166E0
7.477267208E0,1.571200933E-1,-9.586966145E-1,-2.139952290E-1,9.947762967E-1
7.487220208E0,-2.204740536E-1,9.392809349E-1,1.633862034E0,1.897462155E0
7.497174208E0,-3.430236903E-1,1.694816042E0,2.023503821E0,2.661697650E0
7.507128208E0,-1.297058247E-1,1.434181082E0,1.433750434E0,2.032077578E0
7.517082208E0,-2.133097892E-1,2.611641330E-1,9.186885032E-1,9.786196076E-1
7.527035208E0,-2.755521572E-1,-9.938886666E-1,5.904050589E-2,1.033067981E0
7.536989208E0,8.476840094E-2,-1.983473783E0,-1.081412714E0,2.260709487E0
7.546943208E0,-1.271083087E-1,-2.695675174E0,-8.109824985E-1,2.817891726E0
7.556896208E0,-2.878876626E-2,-2.205274460E0,1.992947441E-1,2.214448606E0
7.566850208E0,-3.123423630E-1,-1.144477274E0,9.827894819E-1,1.540539239E0
7.576804208E0,-6.635053410E-1,7.449001908E-2,1.557043362E-1,6.855887548E-1
7.586758208E0,-4.217421234E-1,2.457391781E-1,-4.675772774E-1,6.759309673E-1
7.596711208E0,-2.745790344E-1,-7.668588245E-1,1.057893459E0,1.335142192E0
7.606665208E0,-1.780950425E-1,-7.571881145E-1,1.723707134E0,1.891089096E0
7.616619208E0,-3.228406002E-1,-8.585729867E-1,1.299832824E0,1.590892516E0
7.626572208E0,-1.159335487E-1,-7.218609917E-1,3.831782743E-1,8.254389553E-1
7.636526208E0,-2.854037289E-1,-9.328402269E-1,-2.848950577E-1,1.016273276E0
7.646480208E0,9.753320161E-2,-6.288317907E-1,1.674221563E-1,6.580063258E-1
7.656434208E0,7.822375864E-2,-3.853034449E-1,4.905007017E-1,6.286244025E-1
7.666387208E0,-2.657683767E-1,-3.178294998E-1,-7.519519329E-4,4.143054266E-1
7.676341208E0,-5.326678243E-2,-8.102901882E-1,-8.711035699E-1,1.190894189E0
7.686295208E0,1.903612219E-1,-1.107797105E0,-4.194073302E-1,1.199730941E0
7.696249208E0,2.097407949E-1,-5.004134864E-1,-3.853344351E-1,6.654979228E-1
7.706202208E0,3.494717804E-1,2.219322395E-1,2.905364513E-1,5.057626655E-1
7.716156208E0,1.629132587E-1,1.254997251E0,1.650895851E0,2.080148057E0
7.726110208E0,1.301915456E-1,1.077433684E0,2.062399499E0,2.330516011E0
7.736063208E0,9.531411018E-2,8.797282130E-1,6.573992398E-1,1.102352153E0
7.746017208E0,3.788953716E-1,8.119104517E-1,-5.394883820E-1,1.045852761E0
7.755971208E0,4.115724997E-1,3.180183649E-1,-1.269638094E-1,5.353946319E-1
7.765925208E0,4.189720050E-1,-4.179636526E-1,-3.378813565E-1,6.814653086E-1
7.775878208E0,5.456612145E-1,-1.288478993E0,-9.188729829E-1,1.673992782E0
7.785832208E0,5.733945218E-1,-8.564375836E-1,-1.014129681E0,1.445934169E0
7.795786208E0,7.180307731E-1,1.304092813E-1,-2.635483351E-1,7.759075310E-1
7.805739208E0,8.779014697E-1,1.246592463E0,7.808254838E-1,1.713006771E0
7.815693208E0,4.732116910E-1,1.460219902E0,1.223577530E0,1.962985848E0
7.825647208E0,3.004794954E-1,8.810362351E-1,1.240613685E0,1.551010990E0
7.835601208E0,1.870818475E-1,8.272067678E-1,4.489334303E-1,9.595894326E-1
7.845554208E0,2.486305166E-1,4.233582938E-1,-5.649489132E-1,7.484762208E-1
7.855508208E0,1.779765999E-1,-1.778570974E-1,-3.985123050E-1,4.712970130E-1
7.865462208E0,2.169879071E-1,-6.640215039E-1,-2.717370683E-1,7.495661037E-1
7.875416208E0,2.569875764E-1,-1.056332837E0,3.711672163E-1,1.148758799E0
7.885369208E0,2.787920994E-1,-4.517424327E-1,5.651760775E-1,7.753839428E-1
7.895323208E0,3.447846524E-1,1.573316163E-1,5.591984689E-2,3.830884014E-1
7.905277208E0,6.911525846E-1,4.158165550E-1,2.751255298E-1,8.522261200E-1
7.915230208E0,4.364225450E-1,4.645086586E-1,1.180342925E0,1.341432948E0
7.925184208E0,3.480586180E-1,9.592708111E-1,1.444272791E0,1.768408659E0
7.935138208E0,2.975876818E-1,2.609793609E-1,4.876987159E-1,6.281072303E-1
7.945092208E0,1.075810570E-1,-3.005813831E-1,-1.508774596E-1,3.531102654E-1
7.955045208E0,4.157231458E-2,1.711848396E-1,7.111737433E-1,7.326667727E-1
7.964999208E0,-1.813216458E-1,2.869491845E-1,4.418407577E-1,5.571719922E-1
7.974953208E0,8.988657843E-2,7.917077368E-1,1.669575951E-1,8.140980138E-1
7.984906208E0,3.270183261E-2,1.088425280E0,-8.437941492E-2,1.092180793E0
7.994860208E0,-1.302156653E-2,2.666523296E-1,-9.342473593E-1,9.716435326E-1
8.004815125E0,1.823874835E-1,-4.413770735E-1,-2.153032511E0,2.205363442E0
8.014769125E0,9.622247513E-2,-6.640484011E-1,-1.834305756E0,1.953176042E0
8.024722125E0,2.326607108E-3,-8.797358143E-1,-1.914939737E0,2.107352537E0
8.034676125E0,8.893077794E-2,-1.171183847E0,-2.237607808E0,2.527146412E0
8.044630125E0,2.164116640E-2,-1.394627007E0,-9.745794064E-1,1.701545723E0
8.054583125E0,-2.321383717E-1,-9.053477883E-1,-1.469785362E-1,9.461213091E-1
8.064537125E0,-1.449549976E-1,-2.832929206E-1,-4.263257557E-1,5.319966919E-1
8.074491125E0,-1.871365190E-1,7.487032199E-1,1.088322661E0,1.334174952E0
8.084445125E0,-7.826132700E-2,1.683143245E0,3.090103491E0,3.519635721E0
8.094398125E0,-8.213766553E-2,3.033808545E0,4.371147164E0,5.321434808E0
8.104352125E0,-2.240055526E-1,3.367293380E0,2.399252915E0,4.140683247E0
8.114306125E0,1.964844627E-1,1.233864829E0,-8.834756935E-1,1.530214972E0
8.124260125E0,4.450971452E-1,-4.509653378E-1,-2.393889849E0,2.476325870E0
8.134213125E0,5.511216369E-1,-6.540391374E-1,-2.235046143E0,2.393101233E0
8.144167125E0,2.003404273E-1,-8.299637300E-1,-2.707442695E0,2.838876896E0
8.154121125E0,3.259407939E-1,-1.106111938E0,-2.273855283E0,2.549536991E0
8.164074125E0,3.466246250E-1,-5.259400910E-1,-1.421487946E0,1.554795675E0
8.174028125E0,1.561906418E-2,3.211513031E-1,-1.845938500E0,1.873731853E0
8.183982125E0,1.499436410E-1,-2.116119039E-1,-2.529502568E0,2.542763444E0
8.193936125E0,-1.804329969E-1,-6.601430458E-1,-1.417401912E0,1.573967308E0
8.203889125E0,-2.189400548E-1,-3.743720752E-1,-4.238409814E-1,6.064077637E-1
8.213843125E0,-4.934022363E-1,-4.180782580E-1,-1.487463542E0,1.621968861E0
8.223797125E0,-4.327254602E-1,-1.138197949E0,-3.291118779E0,3.509160684E0
8.233750125E0,-4.726310625E-1,-1.036883243E0,-2.692875820E0,2.924053208E0
8.243704125E0,-4.363109728E-1,-3.870979553E-1,-8.573710915E-1,1.036965419E0
8.253658125E0,-4.682593551E-1,4.321115756E-1,6.104437593E-1,8.823994677E-1
8.263612125E0,-5.039854042E-1,9.734158105E-1,9.501766366E-1,1.450646500E0
8.273565125E0,-2.734215232E-1,5.545189422E-1,1.124273390E-1,6.284031295E-1
8.283519125E0,-3.124556163E-1,-3.089247751E-1,-6.811316264E-1,8.105574139E-1
8.293473125E0,-3.678395659E-1,7.065178978E-1,1.586271839E0,1.775030093E0
8.303426125E0,-4.712534219E-1,2.497408955E0,2.370959408E0,3.475712847E0
8.313380125E0,-2.807118317E-1,1.868691770E0,1.075298281E0,2.174183630E0
8.323334125E0,-3.200859404E-1,1.810730660E-1,-9.943429953E-1,1.060170013E0
8.333288125E0,-5.323647923E-1,-2.319327325E0,-3.567458775E0,4.288292623E0
8.343241125E0,-3.632419733E-1,-3.904278277E0,-4.793926876E0,6.193308364E0
8.353195125E0,-1.636917241E-1,-3.995227039E0,-2.795418148E0,4.878831489E0
8.363149125E0,-2.727552695E-1,-2.076703543E0,-1.591912940E0,2.630832540E0
8.373103125E0,-9.582622395E-1,3.081605440E-1,-1.185639918E-2,1.006662811E0
8.383056125E0,-7.789620493E-1,2.642964279E0,3.860826448E0,4.743208083E0
8.393010125E0,-1.935660662E0,2.892476081E0,3.631051923E0,5.029685690E0
8.402964125E0,-4.010421760E-1,3.758507191E0,-4.474073070E-1,3.806229687E0
8.412917125E0,-1.827469411E-1,5.289087224E-1,1.063459131E0,1.201701379E0
8.422871125E0,-2.743606043E-1,2.548912400E-1,-4.693121463E-2,3.774199575E-1
8.432825125E0,-1.059414064E-1,-1.230629565E0,-1.137625507E-1,1.240409055E0
8.442779125E0,8.842464661E-2,-7.244057000E-2,-8.219957292E-2,1.407953270E-1
8.452732125E0,-3.696513256E-1,1.152326576E0,1.006517483E0,1.574031793E0
8.462686125E0,-8.187326905E-1,2.801569419E0,4.233208131E0,5.141902907E0
8.472640125E0,-1.709540500E0,4.746149862E0,3.427213015E0,6.098709395E0
8.482593125E0,-8.464592004E-2,3.257556345E0,2.215620231E0,3.940534390E0
8.492547125E0,-5.651266320E-2,2.195794954E0,3.926090730E0,4.498766229E0
8.502501125E0,2.942101838E-1,9.890161818E-1,1.518293279E0,1.835736125E0
8.512455125E0,9.672155692E-1,-9.674364477E-1,-2.147790775E0,2.546457235E0
8.522408125E0,4.232540672E-1,-1.855306908E0,-1.282114591E0,2.294586140E0
8.532362125E0,4.975225499E-1,-2.136870807E0,-1.609623279E0,2.721145464E0
8.542316125E0,-1.292916225E-2,-1.490347681E0,-4.749500316E0,4.977856630E0
8.552270125E0,-1.878071764E-1,-1.218939811E-1,-4.588737846E0,4.594196850E0
8.562223125E0,-5.292259338E-1,-1.177288340E0,6.341480792E-2,1.292327111E0
8.572177125E0,-2.912001834E-1,2.191314232E-1,3.486604646E0,3.505599533E0
8.582131125E0,-8.684278109E-1,1.226791452E0,3.250711302E0,3.581383546E0
8.592084125E0,-1.165837299E0,-1.190716470E0,3.102407787E0,3.521635472E0
8.602038125E0,2.086442958E-1,-1.056847976E0,2.365742522E-1,1.102917705E0
8.611992125E0,4.777786222E-1,-2.562542844E0,1.744113332E-1,2.612530871E0
8.621946125E0,4.585044818E-1,-2.424456169E0,1.161044190E0,2.726946587E0
8.631899125E0,6.157794897E-1,-1.932236386E0,6.275372171E-1,2.122857694E0
8.641853125E0,5.361721702E-1,-1.091849409E0,-5.976684701E-1,1.355294554E0
8.651807125E0,4.272509680E-1,-1.730465931E-1,2.683538693E-1,5.333875816E-1
8.661760125E0,-4.931153938E-1,-9.720996022E-2,1.368040302E0,1.457445311E0
8.671714125E0,2.596077321E-1,2.943780720E-1,9.970204353E-2,4.049631111E-1
8.681668125E0,-1.907477411E-1,-1.468042892E-1,9.921555519E-3,2.409037927E-1
8.691622125E0,-2.045107711E-1,-5.462433779E-1,-1.301578510E-1,5.976182307E-1
8.701575125E0,-1.021347776E-1,-1.354080659E0,-7.974818623E-1,1.574783561E0
8.711529125E0,1.264367743E-1,-1.469608777E0,-1.827557192E0,2.348553066E0
8.721483125E0,-2.751399834E-1,-1.258017338E0,-1.230949992E0,1.781445345E0
8.731437125E0,-2.332580404E-1,2.076919305E-1,2.739701200E-1,4.154574323E-1
8.741390125E0,1.638380872E-1,1.719042225E0,1.368133273E0,2.203120002E0
8.751344125E0,-2.560155865E-1,2.262295922E0,9.964450693E-1,2.485242362E0
8.761298125E0,-8.044796638E-2,1.558479438E0,-2.477392182E-1,1.580096438E0
8.771251125E0,2.977758342E-1,-2.016295373E-2,-1.314506704E0,1.347963229E0
8.781205125E0,2.435434389E-1,-1.979604095E0,-1.017783606E0,2.239202815E0
8.791159125E0,7.188682406E-1,-2.868566231E0,-1.280978184E0,3.222785888E0
8.801113125E0,7.555116447E-1,-1.773911328E0,-6.442549914E-1,2.032885569E0
8.811066125E0,3.033635980E-1,-3.615602410E-1,1.115589397E0,1.211319522E0
8.821020125E0,7.920717260E-1,1.205564305E0,1.829348195E-1,1.454038535E0
8.830974125E0,6.480078806E-1,1.665910916E0,6.351438600E-1,1.896992650E0
8.840927125E0,6.894773573E-1,8.638530225E-1,6.732601047E-2,1.107318320E0
8.850881125E0,5.969802163E-1,1.864500486E0,2.666119838E-1,1.975811071E0
8.860835125E0,2.399650526E-1,1.951933317E0,-1.798040155E0,2.664690470E0
8.870789125E0,-3.086763415E-1,1.846468842E-1,-3.120122804E0,3.140786823E0
8.880742125E0,-3.873757712E-1,-2.621963419E0,-8.186239323E-1,2.773967791E0
8.890696125E0,-4.723811305E-1,-2.766065710E0,-3.275540042E-1,2.825164610E0
8.900650125E0,-8.629507240E-1,-2.807798458E0,-6.350631684E-1,3.005282243E0
8.910603125E0,-1.141245591E0,-7.337495506E-2,4.308795673E-1,1.222081251E0
8.920557125E0,-9.750009175E-1,2.505820175E0,2.785522320E0,3.871549578E0
8.930511125E0,-9.607829010E-1,3.511330767E0,5.129856432E0,6.290307986E0
8.940465125E0,-9.325585373E-1,4.391051964E0,3.787362031E0,5.873254117E0
8.950418125E0,-2.598921077E-1,2.935226244E0,2.341584166E0,3.763789768E0
8.960372125E0,2.871637043E-2,-2.729222989E-1,2.667047791E0,2.681129450E0
8.970326125E0,1.558695931E-2,-2.641893069E0,1.635726419E0,3.107320849E0
8.980280125E0,-1.927917998E-1,-2.480482435E0,3.299387911E-1,2.509745285E0
8.990233125E0,-3.710351058E-1,-1.049005106E0,1.228341841E0,1.657378183E0
9.000187125E0,-4.598652751E-1,5.237637573E-1,7.693713731E-1,1.038141057E0
9.010140875E0,-3.500421398E-1,1.439315522E0,-6.814020601E-1,1.630480738E0
9.020093875E0,5.838887025E-2,1.064952802E0,2.537492788E-1,1.096322228E0
9.030047875E0,5.250715602E-2,-3.176488209E-1,4.933962429E-1,5.891499192E-1
9.040001875E0,1.996377199E-1,-1.168999912E0,-1.110444140E0,1.624654486E0
9.049955875E0,5.817105781E-1,-1.391015182E0,-2.078173533E0,2.567511571E0
9.059908875E0,5.813839380E-1,-8.914121193E-1,-1.484247866E0,1.826366496E0
9.069862875E0,3.481641237E-1,-5.979467976E-1,9.157324433E-2,6.979572257E-1
9.079816875E0,-1.005282551E-3,8.179786921E-2,6.583418110E-1,6.634047348E-1
9.089769875E0,-1.949487280E-2,3.421445614E-1,-3.187328947E-1,4.680102660E-1
9.099723875E0,2.542928506E-2,-6.344591510E-1,-1.371527581E0,1.511381146E0
9.109677875E0,-2.192714275E-1,-1.739375333E0,-2.092647731E0,2.729959896E0
9.119631875E0,-2.181455827E-1,-1.430344723E0,-1.186601785E0,1.871228826E0
9.129584875E0,-6.086937242E-1,-5.322685325E-1,4.158738577E-1,9.092683356E-1
9.139538875E0,-2.335642153E-1,1.059977991E0,1.932784855E0,2.216700900E0
9.149492875E0,-5.885845648E-1,1.775932710E0,1.536907890E0,2.421250636E0
9.159445875E0,-4.753135092E-1,1.040341287E0,-2.230250841E-1,1.165321034E0
9.169399875E0,-4.098905116E-1,-1.007626115E0,-3.952671003E-1,1.157392198E0
9.179353875E0,-4.300861366E-1,-2.252342792E0,-1.429479336E0,2.702116449E0
9.189307875E0,-4.522233297E-1,-2.923448782E0,-2.296656500E0,3.745088757E0
9.199260875E0,-8.742527340E-1,-2.185964030E0,-3.406202215E0,4.140648514E0
9.209214875E0,-9.284353732E-1,-1.094339154E0,-6.612452459E-1,1.580131545E0
9.219168875E0,-1.138797581E0,1.864364246E0,3.454548456E0,4.087373118E0
9.229122875E0,-1.150903802E0,3.474635396E0,5.000883812E0,6.197298572E0
9.239075875E0,-1.186059090E0,3.111161946E0,1.831651998E0,3.800133400E0
9.249029875E0,-1.201902852E-1,3.099666905E0,4.991148198E-1,3.141893733E0
9.258983875E0,-4.059936713E-1,-2.216258454E-1,7.732603562E-1,9.010440916E-1
9.268936875E0,2.306042085E-1,-2.357731837E-1,-1.585995850E-1,3.659523514E-1
9.278890875E0,-1.337882045E-1,-4.543134534E-1,1.084053317E-1,4.858515345E-1
9.288844875E0,2.814330675E-2,9.598257118E-1,-1.286878025E0,1.605650178E0
9.298798875E0,1.010383150E-1,4.654868978E-1,2.124410391E-2,4.767998585E-1
9.308751875E0,-1.954257877E-1,2.892722833E-1,8.391631544E-2,3.590426721E-1
9.318705875E0,-8.864769962E-1,-1.110474545E0,-1.230684528E0,1.879781793E0
9.328659875E0,-3.110809359E-1,-1.277221933E0,-1.180623007E0,1.766900648E0
9.338612875E0,-1.039253339E0,-2.778536652E0,1.166816854E0,3.187753911E0
9.348566875E0,-8.140191769E-1,-2.029919386E-1,1.202089890E0,1.465896671E0
9.358520875E0,-7.162583359E-1,-1.481158197E-1,8.691792512E-1,1.135973974E0
9.368474875E0,-6.715940867E-1,3.113121933E-1,-8.910115850E-1,1.158384886E0
9.378427875E0,2.070743915E-2,-1.434987997E0,-4.309918338E-1,1.498456977E0
9.388381875E0,-1.938475511E-1,-2.248717518E0,-7.210830197E-1,2.369444675E0
9.398335875E0,2.435146049E-3,-9.622984993E-1,-1.218504778E0,1.552668099E0
9.408288875E0,-3.954300549E-1,4.656529588E-1,-9.176707953E-2,6.177530277E-1
9.418242875E0,-3.392858577E-1,2.308533949E0,1.310313958E0,2.676072973E0
9.428196875E0,-6.216832772E-1,1.313831935E0,1.838869216E0,2.343946340E0
9.438150875E0,-4.090873600E-1,-1.123133183E-2,1.047428697E0,1.124537899E0
9.448103875E0,-1.637695834E-1,-1.334651531E0,3.969510984E-1,1.402029015E0
9.458057875E0,-2.938106728E-1,-1.071232712E0,-2.490902174E-1,1.138380503E0
9.468011875E0,-1.139722099E-1,-6.953432840E-1,1.549021567E0,1.701751968E0
9.477965875E0,-2.883305161E-1,-4.776976383E-1,2.052951568E-1,5.945381582E-1
9.487918875E0,-1.117669690E-1,-1.131619247E0,-1.038989410E0,1.540309375E0
9.497872875E0,-1.949705454E-1,-1.999133795E-1,-1.106752208E0,1.141437393E0
9.507826875E0,-1.516899668E-1,1.532163459E-1,-5.838181704E-2,2.233685995E-1
9.517779875E0,-1.208400570E-1,9.599888492E-1,1.916602978E0,2.146985767E0
9.527733875E0,-2.498411460E-1,2.324646537E0,3.184759095E0,3.950834420E0
9.537687875E0,3.478048123E-2,2.319653599E0,1.966261919E0,3.041083431E0
9.547641875E0,6.339087088E-2,1.156362909E0,-7.676312417E-2,1.160640408E0
9.557594875E0,6.141834922E-1,-1.872898257E-1,-1.963763988E-1,6.714629781E-1
9.567548875E0,8.858768526E-1,-1.532942308E0,-9.296762985E-1,1.999746969E0
9.577502875E0,8.624578037E-1,-1.866854575E0,-7.762997389E-1,2.198094800E0
9.587455875E0,6.720735584E-1,-3.016198486E-1,-4.347208956E-1,8.553593736E-1
9.597409875E0,2.303359675E-1,6.306432581E-1,8.539174336E-1,1.086250689E0
9.607363875E0,4.128856016E-1,1.020163130E0,1.902013298E0,2.197467159E0
9.617317875E0,4.138547045E-1,1.192223298E0,2.026933505E0,2.387704241E0
9.627270875E0,5.435885958E-2,7.468274331E-1,1.117601424E0,1.345265418E0
9.637224875E0,6.375328861E-2,-3.856940389E-2,1.001743816E0,1.004511201E0
9.647178875E0,3.363282264E-1,-8.784663838E-1,5.317098311E-1,1.080525431E0
9.657131875E0,9.448735043E-4,-1.845650817E0,-5.208582759E-1,1.917738557E0
9.667085875E0,1.752246078E-2,-1.512262461E0,5.374760628E-3,1.512373523E0
9.677039875E0,-7.205637138E-2,-5.643334937E-1,-2.165650803E-1,6.087403772E-1
9.686993875E0,-5.101832701E-1,3.836124301E-1,-5.007923859E-1,8.113189751E-1
9.696946875E0,-8.654925817E-1,8.833575797E-1,3.025197351E-1,1.273152078E0
9.706900875E0,-9.480095123E-1,4.672094876E-1,-2.577458507E-1,1.087860131E0
9.716854875E0,-1.075960624E0,-1.234136724E-1,-8.881771472E-1,1.400635871E0
9.726808875E0,-1.084667421E0,-9.203020424E-1,-1.087264608E0,1.790419948E0
9.736761875E0,-9.139138131E-1,-1.618346740E0,-3.290637553E-1,1.887476512E0
9.746715875E0,-1.066655365E0,-9.050811553E-1,1.893507353E0,2.354208075E0
9.756669875E0,-1.270743072E0,-7.189151645E-3,2.356910303E0,2.677660512E0
9.766622875E0,-1.042888626E0,3.742405128E-1,1.790585833E0,2.105675728E0
9.776576875E0,-7.862312347E-1,5.132013470E-1,1.669561917E0,1.915456126E0
9.786530875E0,-6.741440575E-1,1.951859057E-2,1.159820075E0,1.341653380E0
9.796484875E0,-5.649209927E-1,-1.025658343E0,-3.496784064E-1,1.222041633E0
9.806437875E0,-3.740159798E-1,-1.566048074E0,-9.944768965E-1,1.892453122E0
9.816391875E0,-1.222496745E-1,-1.113417449E0,-1.043688233E0,1.530989395E0
9.826345875E0,-6.985896947E-2,-1.023088492E0,-3.099901378E-1,1.071300249E0
9.836298875E0,1.367858892E-1,-1.938106406E-1,-1.393765712E-1,2.751340991E-1
9.846252875E0,8.241049295E-2,3.063169169E-1,7.323269230E-1,7.980753505E-1
9.856206875E0,6.169448398E-2,1.582069445E-1,5.287186879E-1,5.553189152E-1
9.866160875E0,1.252215950E-1,-7.054794323E-1,2.615991658E-1,7.627685107E-1
9.876113875E0,9.717405466E-2,-1.259865643E0,-1.043252615E0,1.638621449E0
9.886067875E0,-1.421624405E-1,-1.685286250E0,-1.799068388E0,2.469219911E0
9.896021875E0,-6.226316225E-2,-1.551368639E0,-1.437887047E0,2.116161741E0
9.905974875E0,4.879592825E-3,-1.087749342E0,6.606081918E-1,1.272645129E0
9.915928875E0,-4.848819660E-1,-3.830271238E-1,1.556417710E0,1.674591408E0
9.925882875E0,-7.737651171E-1,1.015172532E0,1.509431239E0,1.976782838E0
9.935836875E0,-4.016535755E-1,1.408959702E0,1.327927818E0,1.977342996E0
9.945789875E0,-1.416182292E-1,8.606136650E-1,1.376712015E0,1.629738499E0
9.955743875E0,-2.811748764E-2,1.705790681E-1,1.223968709E0,1.236117798E0
9.965697875E0,-1.514259650E-1,-3.950145006E-1,7.047479457E-1,8.219707692E-1
9.975651875E0,-2.819480244E-1,8.208379805E-2,2.476374766E-1,3.841311732E-1
9.985604875E0,-6.236452373E-1,5.993852127E-1,-3.040990680E-2,8.655176356E-1
9.995558875E0,-4.458380971E-1,1.032477951E-1,-1.473966122E0,1.543375471E0
1.000551321E1,1.076945295E-1,-6.704768300E-2,-6.091711128E-1,6.222402656E-1
1.001546621E1,6.664672846E-2,-2.876210296E-1,-3.641581589E-1,4.688057250E-1
1.002542021E1,4.167680797E-1,-6.773701125E-1,-4.672059792E-1,9.223921773E-1
1.003537421E1,7.253787497E-1,-9.132070309E-1,-2.584434235E-1,1.194535230E0
1.004532821E1,8.866365521E-1,-1.388426619E0,-2.144571590E-1,1.661278040E0
1.005528121E1,1.158733590E0,-1.079976053E0,1.467300296E-2,1.584054009E0
1.006523521E1,1.403211450E0,7.546545160E-1,1.111750115E0,1.942805737E0
1.007518921E1,1.398226845E0,3.134727395E-1,1.222293189E0,1.883428817E0
1.008514221E1,9.419009261E-1,2.497667402E-1,2.020610034E0,2.243306864E0
1.009509621E1,6.807563813E-1,9.636451131E-1,3.528929132E0,3.720938319E0
1.010505021E1,4.107549859E-1,1.131228068E0,2.100730337E0,2.421046168E0
1.011500421E1,3.023737740E-2,7.673330337E-1,2.849558687E-1,8.190934810E-1
1.012495721E1,1.803834600E-1,-1.799948394E-2,9.872321963E-2,2.064181391E-1
1.013491121E1,7.253518526E-2,-1.190419432E0,-5.661651340E-1,1.320190417E0
1.014486521E1,-7.720078826E-3,-1.934299284E0,-9.027598107E-1,2.134607363E0
1.015481821E1,-3.801942575E-1,-1.180035362E0,-9.218778670E-2,1.243193354E0
1.016477221E1,-3.750788208E-1,-4.317426163E-1,4.940938157E-1,7.557873426E-1
1.017472621E1,-3.099056821E-1,6.767351049E-1,7.973912305E-1,1.090800031E0
1.018468021E1,-8.571429040E-1,1.193885077E0,6.921822792E-1,1.624552813E0
1.019463321E1,-9.650763653E-1,7.608665979E-1,1.495053228E0,1.935322848E0
1.020458721E1,-8.596361567E-1,2.699957675E-1,1.576391214E0,1.815731614E0
1.021454121E1,-9.151257216E-1,-3.508814710E-1,8.131605864E-2,9.834557410E-1
1.022449421E1,-7.930751082E-1,-5.335671991E-1,-6.203811023E-1,1.139532709E0
1.023444821E1,-9.286891423E-1,4.017171639E-1,1.140306455E-1,1.018254973E0
1.024440221E1,-8.520286368E-1,8.324792022E-1,8.166472811E-1,1.444260088E0
1.025435621E1,-6.558354751E-1,6.311016798E-1,8.462523186E-1,1.242800260E0
1.026430921E1,-2.741117139E-1,7.225720131E-1,7.753881580E-1,1.094748529E0
1.027426321E1,-1.967331338E-1,5.807846349E-1,-1.614550728E-1,6.340997229E-1
1.028421721E1,-1.530077282E-1,-1.623456037E-1,-1.061135740E0,1.084332291E0
1.029417121E1,-3.229665712E-1,-9.599327159E-1,-1.506184572E0,1.815039997E0
1.030412421E1,-5.161407058E-1,-1.164354299E0,-5.032061166E-1,1.369430012E0
1.031407821E1,-7.919828483E-1,-1.011098192E0,-4.522283363E-1,1.361641235E0
1.032403221E1,-9.121706119E-1,-7.978461438E-1,-4.195675439E-1,1.282439323E0
1.033398521E1,-6.439513747E-1,-8.312518716E-2,-3.224739432E-3,6.493023708E-1
1.034393921E1,-6.575968757E-1,2.803149337E-1,1.787914824E-1,7.368693963E-1
1.035389321E1,-5.884117430E-1,9.678662181E-2,-3.024384588E-1,6.686292327E-1
1.036384721E1,-4.456199228E-1,-4.872502345E-1,-8.465987661E-1,1.073647697E0
1.037380021E1,-3.703697657E-1,-1.150834367E0,-1.216557071E0,1.715110670E0
1.038375421E1,-2.394107183E-1,-1.571475459E0,-1.544057280E0,2.216069831E0
1.039370821E1,-2.795512507E-1,-1.140170799E0,-9.556297499E-1,1.513726056E0
1.040366121E1,-2.071082688E-1,1.001882395E0,1.402156466E-1,1.032628973E0
1.041361521E1,-4.018497861E-1,1.930790954E0,1.977015533E0,2.792494830E0
1.042356921E1,-4.357915939E-1,2.045991628E0,2.262464907E0,3.081354168E0
1.043352321E1,5.078653973E-2,1.394190220E0,1.411747069E0,1.984785991E0
1.044347621E1,2.672589965E-1,6.859777987E-2,-1.392540135E0,1.419612995E0
1.045343021E1,4.883066802E-1,-1.025389956E0,-2.711084341E0,2.939361543E0
1.046338421E1,6.885182677E-1,-1.866349960E0,-2.232725968E0,2.990382053E0
1.047333721E1,6.259434123E-1,-1.706264305E0,-1.316180177E0,2.243986028E0
1.048329121E1,3.898958115E-1,-1.033425785E0,-9.452035797E-1,1.453752869E0
1.049324521E1,-1.981659209E-1,-6.510003394E-1,5.372082603E-1,8.669855183E-1
1.050319921E1,1.598145633E-1,6.056429029E-1,1.046301938E0,1.219463721E0
1.051315221E1,-1.631707555E-2,7.058051223E-1,1.917348205E0,2.043196334E0
1.052310621E1,-2.325230272E-1,5.064489824E-1,1.015292984E0,1.158178472E0
1.053306021E1,-2.747640987E-1,3.360114169E-1,5.220937926E-1,6.789557500E-1
1.054301421E1,-8.414433857E-2,-1.611165190E-1,-7.003753978E-1,7.235775703E-1
1.055296721E1,2.125725101E-1,-1.668373178E0,-1.079830458E0,1.998672047E0
1.056292121E1,3.159184836E-2,-1.230358838E0,-5.989706451E-1,1.368775639E0
1.057287521E1,1.165300378E-1,-2.493755615E-1,-5.740302238E-1,6.366145759E-1
1.058282821E1,-1.875381862E-1,5.557375020E-1,-5.849490219E-1,8.283598859E-1
1.059278221E1,-2.860328162E-1,1.295585114E0,1.616547259E0,2.091310738E0
1.060273621E1,-4.223800180E-1,2.144509610E0,1.723691931E0,2.783602023E0
1.061269021E1,-6.599132502E-1,1.344064379E0,2.304896396E-1,1.514965355E0
1.062264321E1,-5.015379425E-1,-4.323314309E-1,-8.980416924E-1,1.115764157E0
1.063259721E1,-4.885320538E-1,-1.947649646E0,-1.829478588E0,2.716430491E0
1.064255121E1,-1.674135682E-1,-2.908514408E0,-1.991340334E0,3.528869464E0
1.065250421E1,-2.593423598E-1,-1.909417042E0,-8.516580695E-1,2.106763719E0
1.066245821E1,-1.636283366E-1,-3.153631443E-1,-2.150927514E-2,3.559365031E-1
1.067241221E1,-1.746624711E-1,1.418088375E0,1.236394919E0,1.889485119E0
1.068236621E1,-9.684703086E-2,1.591696301E0,1.674587891E0,2.312384282E0
1.069231921E1,3.634856195E-1,1.779542196E0,1.644335275E0,2.450047085E0
1.070227321E1,6.738924810E-1,2.153743533E0,3.900984541E-1,2.290178833E0
1.071222721E1,1.031991170E0,1.286227230E0,8.449255854E-1,1.852912709E0
1.072218021E1,1.121234445E0,7.053309131E-1,1.049313839E0,1.689886952E0
1.073213421E1,9.796842449E-1,-1.752363753E-1,-5.489117548E-1,1.136570773E0
1.074208821E1,8.179674362E-1,-9.304995865E-1,-1.713411649E0,2.114398185E0
1.075204221E1,1.375964448E0,-1.485203885E0,-3.212936828E-1,2.049960579E0
1.076199521E1,1.484791657E0,-3.109525895E-1,2.025407090E0,2.530527940E0
1.077194921E1,8.592544797E-1,1.013645239E0,2.783725471E0,3.084626789E0
1.078190321E1,8.797874891E-1,1.156300344E0,2.420882351E0,2.823424847E0
1.079185621E1,1.277784874E0,1.510874916E0,1.042349221E0,2.236508237E0
1.080181021E1,1.417237020E0,-1.915898681E-1,-5.066220599E-1,1.517212365E0
1.081176421E1,1.598015094E0,-1.509455212E0,-4.464264366E-1,2.243079099E0
1.082171821E1,1.201330336E0,-1.252358403E0,2.482856405E-1,1.753066429E0
1.083167121E1,9.228815416E-1,-4.179876262E-1,3.182019675E-1,1.061921131E0
1.084162521E1,6.848508941E-1,3.596809459E-1,-3.278884649E-2,7.742520509E-1
1.085157921E1,5.439405251E-1,-4.605150104E-2,5.390957415E-1,7.672133042E-1
1.086153221E1,3.962563396E-1,-2.926051962E-1,1.273964157E0,1.365877579E0
1.087148621E1,4.136006065E-2,-2.633644402E-2,1.108883518E0,1.109967080E0
1.088144021E1,1.628511320E-1,2.641128838E-2,7.548787567E-1,7.726965670E-1
1.089139421E1,1.936873740E-1,-1.345456016E-1,8.259513706E-1,8.589604091E-1
1.090134721E1,5.494504295E-2,-4.723684859E-1,-1.077138984E-1,4.875994546E-1
1.091130121E1,2.513994290E-1,-1.041712459E0,-6.906713587E-1,1.274909191E0
1.092125521E1,4.557918854E-1,-2.250628388E-1,3.666221756E-1,6.267466345E-1
1.093120921E1,4.364775819E-1,6.588777083E-1,1.515523453E0,1.709223171E0
1.094116221E1,1.478729775E-1,6.806281811E-1,1.582920799E0,1.729381217E0
1.095111621E1,-2.640474681E-2,1.534192443E-1,2.819281805E-1,3.220530610E-1
1.096107021E1,1.938671027E-1,-4.368250161E-1,-4.349416280E-1,6.462002538E-1
1.097102321E1,8.583931848E-2,-6.170818108E-1,-2.039801180E-3,6.230268940E-1
1.098097721E1,-1.508406222E-2,-7.444148719E-1,-4.230311421E-1,8.563506161E-1
1.099093121E1,-2.768232688E-1,-1.141204587E0,-9.323929149E-1,1.499445091E0
1.100088521E1,-4.332638060E-1,-7.117219198E-1,-6.995994723E-1,1.087982095E0
1.101083746E1,-2.582394288E-1,3.026518822E-2,-5.694357741E-1,6.259877675E-1
1.102079146E1,-1.438585351E-1,3.630588824E-1,-4.633532488E-1,6.059729890E-1
1.103074546E1,-1.982005108E-2,3.153187054E-1,-1.258630711E-1,3.400885665E-1
1.104069846E1,2.607843563E-2,-2.056103218E-1,5.052491337E-2,2.133271105E-1
1.105065246E1,-2.202491551E-1,-1.355378741E-1,-5.507223451E-1,6.084203375E-1
1.106060646E1,6.809393261E-2,-1.220851851E-1,-6.152639115E-1,6.309447336E-1
1.107056046E1,7.105525497E-2,-3.023466575E-1,-1.429126748E-1,3.418865063E-1
1.108051346E1,-2.197049255E-1,-7.309276843E-1,-2.090864915E-1,7.913549740E-1
1.109046746E1,-4.377177398E-1,-7.591387457E-1,-2.781362611E-1,9.193738275E-1
1.110042146E1,-5.462535375E-1,-5.918697864E-1,-9.909200352E-1,1.276959391E0
1.111037446E1,-5.196206762E-1,-9.072609973E-1,-4.001705754E-1,1.119493034E0
1.112032846E1,-8.833530481E-1,-1.165800315E0,1.663228798E-1,1.472095881E0
1.113028246E1,-8.736949097E-1,-1.723300753E0,-1.127559525E-1,1.935412665E0
1.114023646E1,-6.005108382E-1,-1.701651437E0,-7.295775622E-1,1.946410619E0
1.115018946E1,-5.937839090E-1,-1.375972050E0,-7.196834886E-1,1.662474883E0
1.116014346E1,-4.401185334E-1,-4.450497097E-1,-6.459427902E-1,8.994529759E-1
1.117009746E1,-6.131406413E-1,9.545988858E-2,-9.795284897E-2,6.282107902E-1
1.118005046E1,-4.302588122E-1,-2.161294627E-1,1.270543243E0,1.358718044E0
1.119000446E1,-5.155824428E-1,8.989637983E-1,1.191677460E0,1.579258160E0
1.119995846E1,-5.785442743E-1,1.359036174E0,7.762465292E-1,1.668607646E0
1.120991246E1,-2.303232864E-1,2.248720441E0,1.749385766E0,2.858346200E0
1.121986546E1,-4.470894012E-1,2.604918786E0,3.906376258E0,4.716488766E0
1.122981946E1,-4.546651635E-1,2.563904661E0,5.073084061E0,5.702324913E0
1.123977346E1,-5.360821962E-1,2.031681737E0,2.478164891E0,3.249063870E0
1.124972746E1,-3.889419479E-1,-1.668111223E-1,-9.730018276E-1,1.061053413E0
1.125968046E1,-2.395367075E-1,-1.395785340E0,-2.627180305E0,2.984572148E0
1.126963446E1,-2.413600155E-1,-2.446049936E0,-2.808449838E0,3.732131487E0
1.127958846E1,-2.307608774E-1,-2.282786905E0,-2.085265036E0,3.100434954E0
1.128954146E1,-5.702082644E-1,-1.222813007E0,-2.330468609E0,2.692859642E0
1.129949546E1,-3.266587955E-1,-4.851154160E-1,-3.453979522E-1,6.792221146E-1
1.130944946E1,-8.740950785E-1,1.425668120E-1,1.132526150E0,1.437700588E0
1.131940346E1,-5.196462577E-1,8.850848472E-1,-3.236732072E-1,1.076183890E0
1.132935646E1,-1.856664742E-1,-4.489854705E-1,1.203259333E0,1.297649034E0
1.133931046E1,-1.206737768E-1,2.009734797E-1,1.617201855E0,1.634103528E0
1.134926446E1,-6.505183826E-1,2.266205370E-2,1.841537300E0,1.953189024E0
1.135921746E1,-1.510346949E-1,1.579292017E-1,2.755596271E0,2.764247442E0
1.136917146E1,-5.292375917E-1,1.180783805E0,3.365472558E0,3.605655053E0
1.137912546E1,-4.322794638E-1,1.856826600E0,2.064143139E0,2.809867872E0
1.138907946E1,-4.030846815E-1,9.605905277E-1,-3.941081822E-2,1.042480041E0
1.139903246E1,-3.951656146E-1,-3.915014935E-1,-1.535422112E0,1.633080018E0
1.140898646E1,4.810628205E-1,-2.035388871E0,-1.083572968E0,2.355495632E0
1.141894046E1,-1.376013382E-1,-2.752331770E0,-1.974898256E0,3.390352109E0
1.142889346E1,-7.708772504E-1,-2.436338881E0,-2.734860874E0,3.742921704E0
1.143884746E1,-4.516977381E-1,-5.249712074E-1,-1.332451808E-1,7.052516525E-1
1.144880146E1,-3.998647660E-1,1.210895212E0,2.666145566E0,2.955417267E0
1.145875546E1,-1.657772615E0,2.069239572E0,2.267273657E0,3.488623265E0
1.146870846E1,3.603658741E-1,2.878143386E0,1.427425209E-1,2.904126089E0
1.147866246E1,-3.845977590E-1,5.001953852E-1,-7.926076233E-2,6.359191207E-1
1.148861646E1,-2.897074989E-1,1.668918139E-1,-7.315714628E-1,8.043507429E-1
1.149856946E1,-1.920537350E-1,-1.303103464E0,-8.197240859E-1,1.551422203E0
1.150852346E1,-3.615680616E-2,-1.386342087E0,-2.412336353E0,2.782556087E0
1.151847746E1,-9.222864412E-2,-1.011016915E0,-1.989892856E0,2.233905751E0
1.152843146E1,-7.735570293E-1,-3.020730078E-2,7.235408968E-1,1.059629363E0
1.153838446E1,-6.730822031E-1,7.838502485E-1,3.516082799E-1,1.091370353E0
1.154833846E1,-1.030844166E0,1.069700156E0,1.931224233E-1,1.498063547E0
1.155829246E1,-1.199849675E0,4.769000781E-1,1.403659201E0,1.907179089E0
1.156824646E1,-1.332882748E0,-2.901037574E-2,9.796922117E-1,1.654453037E0
1.157819946E1,-8.580898605E-1,-2.971781867E0,1.286573385E0,3.350086080E0
1.158815346E1,-5.507671129E-1,-3.900965829E0,1.755143520E0,4.312934916E0
1.159810746E1,7.389596025E-2,-3.784375273E0,3.865798043E0,5.410300484E0
1.160806046E1,3.159836435E-1,-9.068353200E-1,5.742071021E0,5.821818922E0
1.161801446E1,8.837299012E-1,1.991444707E-1,4.574251954E0,4.663091035E0
1.162796846E1,1.359115989E0,-8.685208547E-1,4.792905368E0,5.057021516E0
1.163792246E1,7.186981597E-1,-1.503365922E-1,2.851481836E0,2.944499414E0
1.164787546E1,7.022173438E-1,-7.414608586E-1,1.278125620E0,1.635994653E0
1.165782946E1,9.349170848E-1,-1.932314739E0,-5.020989463E-1,2.204543843E0
1.166778346E1,7.324535152E-1,-3.173526009E0,-8.724259177E-1,3.371777345E0
1.167773646E1,-2.029507888E-1,-2.269499692E0,2.392084229E-1,2.291078031E0
1.168769046E1,-2.140139584E-1,-1.719034039E0,6.695979935E-1,1.857213363E0
1.169764446E1,-5.564766266E-1,7.759255171E-4,2.285557023E0,2.352326028E0
1.170759846E1,-7.376748595E-1,1.313325566E0,3.706587424E0,4.000972204E0
1.171755146E1,-3.127333590E-1,3.771758151E-1,2.235553097E0,2.288615607E0
1.172750546E1,4.525036854E-2,-7.771534324E-3,9.042447111E-1,9.054095704E-1
1.173745946E1,4.050215717E-1,-1.940328348E-1,1.536250955E0,1.600549347E0
1.174741246E1,-2.594937479E-1,-8.414704657E-1,1.379081014E0,1.636237756E0
1.175736646E1,-4.307341909E-1,-1.286780961E0,1.335544401E0,1.903947487E0
1.176732046E1,-7.370587092E-1,-9.511613077E-1,1.649753597E0,2.041972161E0
1.177727446E1,-1.132718304E0,-5.378573012E-1,2.569722641E0,2.859338329E0
1.178722746E1,-6.450462659E-1,4.013101977E-1,3.145265539E0,3.235711648E0
1.179718146E1,-5.429365582E-1,-9.306720793E-2,2.860252660E0,2.912814256E0
1.180713546E1,-7.472655266E-2,-1.427512917E0,2.360841386E0,2.759882106E0
1.181708846E1,8.232865934E-2,-2.051924213E0,1.747979511E0,2.696776474E0
1.182704246E1,3.776481239E-1,-2.180101612E0,8.669894689E-1,2.376369475E0
1.183699646E1,4.191287469E-1,-2.155464368E0,1.332077294E0,2.568292325E0
1.184695046E1,3.466820738E-1,-1.334301867E0,1.364668213E0,1.939811657E0
1.185690346E1,2.149983919E-1,-6.058007777E-1,1.760866774E0,1.874532125E0
1.186685746E1,1.344516259E-1,-9.532809234E-1,1.547127946E0,1.822203786E0
1.187681146E1,3.653019474E-1,-1.130107741E0,1.541319614E0,1.945830201E0
1.188676446E1,1.758846305E-1,-6.684209490E-1,2.152417384E0,2.260668610E0
1.189671846E1,-3.451044037E-2,-8.603318292E-1,2.765840885E0,2.896763302E0
1.190667246E1,2.222190455E-2,-1.118715611E0,2.650175650E0,2.876708085E0
1.191662646E1,-6.902919018E-2,-1.145513985E0,1.702598686E0,2.053243679E0
1.192657946E1,-1.044335648E-1,-1.469922187E0,2.014931218E0,2.496302349E0
1.193653346E1,-4.888349487E-2,-1.391166624E0,2.620329707E0,2.967130255E0
1.194648746E1,-4.077858246E-2,-1.033718145E0,2.737849386E0,2.926782424E0
1.195644046E1,-3.636662984E-2,-1.431799511E0,2.875950680E0,3.212859269E0
1.196639446E1,1.014711460E-1,-1.967630752E0,2.709924254E0,3.350456182E0
1.197634846E1,7.044349917E-2,-1.654150996E0,2.165314003E0,2.725759075E0
1.198630246E1,2.605138312E-2,-1.207946461E0,2.633487697E0,2.897424852E0
1.199625546E1,1.166903338E-1,-8.190680283E-1,3.179845680E0,3.285712650E0
1.200620946E1,2.621101394E-1,-9.446030706E-1,2.965984645E0,3.123786420E0
1.201616333E1,3.003338266E-2,-1.690907178E0,2.516572327E0,3.032029909E0
1.202611733E1,1.677246584E-1,-2.161129736E0,2.709868121E0,3.470158285E0
1.203607033E1,2.411953799E-1,-1.596919034E0,2.904224891E0,3.323078065E0
1.204602433E1,1.687082697E-1,-8.353250420E-1,2.624536779E0,2.759424525E0
1.205597833E1,1.590140247E-1,-9.902984762E-1,2.930806626E0,3.097677196E0
1.206593133E1,1.831059236E-1,-1.104198144E0,3.055575975E0,3.254124438E0
1.207588533E1,-3.108063726E-2,-8.884265310E-1,2.900648149E0,3.033814001E0
1.208583933E1,5.846380597E-2,-9.628452140E-1,2.818524590E0,2.979021616E0
1.209579233E1,3.037330323E-1,-1.035382263E0,2.620314505E0,2.833781623E0
1.210574633E1,3.409067789E-1,-6.939808828E-1,1.963127811E0,2.109904666E0
1.211570033E1,3.762200512E-1,-8.394987845E-1,2.280843290E0,2.459379159E0
1.212565433E1,3.342424880E-1,-8.133219695E-1,2.543807781E0,2.691499339E0
1.213560733E1,3.735920932E-1,-4.642046034E-1,2.509515615E0,2.579287806E0
1.214556133E1,1.079376458E-1,-4.775689995E-1,2.157589831E0,2.212445833E0
1.215551533E1,5.151202204E-1,-1.188557094E0,1.812088383E0,2.227483135E0
1.216546933E1,5.248936587E-1,-1.852617774E0,1.551811858E0,2.473019614E0
1.217542233E1,4.116036361E-1,-1.916106257E0,1.711623571E0,2.602025363E0
1.218537633E1,1.082255298E-1,-1.402479233E0,2.149127741E0,2.568542546E0
1.219533033E1,-3.987928252E-1,-1.192157809E0,2.294015020E0,2.615870959E0
1.220528333E1,-8.991635538E-1,-9.723194575E-1,2.069954394E0,2.457358626E0
1.221523733E1,-1.121289629E0,-8.858210117E-1,1.994343756E0,2.453441728E0
1.222519133E1,-6.516290613E-1,-4.280863523E-1,1.728300707E0,1.896022598E0
1.223514533E1,-5.855903519E-1,-1.806251693E-1,1.697251992E0,1.804496006E0
1.224509833E1,-3.582999797E-1,-5.431887925E-1,1.540379966E0,1.672185211E0
1.225505233E1,-4.073247168E-1,-1.133118473E0,1.104359820E0,1.633854801E0
1.226500633E1,-7.045903632E-1,-1.105821916E0,7.553406867E-1,1.513218174E0
1.227495933E1,-4.578339523E-1,-7.384173828E-1,6.660466871E-1,1.094755840E0
1.228491333E1,-2.330534610E-1,-2.713441354E-1,8.724601239E-1,9.429359593E-1
1.229486733E1,-5.251080322E-1,-1.391935533E-1,9.868263996E-1,1.126472207E0
1.230482133E1,-4.943860303E-1,-1.189727122E-1,5.168003082E-1,7.250204216E-1
1.231477433E1,-9.257450692E-1,-2.368058020E-1,2.689596409E-1,9.926833380E-1
1.232472833E1,-1.171693578E0,-2.036807406E-1,4.233463070E-1,1.262368322E0
1.233468233E1,-1.065358453E0,-4.397725976E-1,4.120243433E-1,1.223990453E0
1.234463533E1,-6.350440919E-1,-6.577287304E-1,-1.143379167E-1,9.213909272E-1
1.235458933E1,-2.372497518E-1,1.111596626E-1,-1.541963392E-1,3.040072801E-1
1.236454333E1,2.552082687E-1,5.108829260E-1,4.783075029E-1,7.449232791E-1
1.237449733E1,-5.187916506E-2,3.211080337E-1,1.861396784E-1,3.747663231E-1
1.238445033E1,-4.316441638E-1,-1.044242549E-1,-1.189276886E-1,4.597443901E-1
1.239440433E1,-4.600823895E-1,-3.637739968E-1,-3.285769746E-1,6.722872556E-1
1.240435833E1,-5.628949690E-1,-1.290807939E-1,-3.859366983E-1,6.945932138E-1
1.241431133E1,1.240928265E-1,-8.007060170E-2,9.281022280E-2,1.744249647E-1
1.242426533E1,-1.046009797E0,-2.991739583E-1,-2.625338432E-1,1.119180759E0
1.243421933E1,-2.691818351E-1,1.357817030E-1,-3.043124914E-1,4.283708949E-1
1.244417333E1,4.380407985E-1,-2.904557598E-1,1.600833160E-1,5.494278456E-1
1.245412633E1,9.397551441E-1,2.653232574E-2,5.662642443E-1,1.097496647E0
1.246408033E1,3.709602980E-1,-4.407069826E-1,9.007463220E-1,1.069195082E0
1.247403433E1,4.617967200E-1,-3.679781449E-1,4.618791658E-1,7.496642512E-1
1.248398733E1,-5.897150874E-2,-3.166395915E-1,8.981217992E-1,9.541284169E-1
1.249394133E1,5.408916407E-1,1.033776033E-1,1.178594900E0,1.300898395E0
1.250389533E1,1.179385078E0,2.775398451E-1,1.371478465E0,1.830008390E0
1.251384933E1,1.362604438E0,-6.076251090E-2,1.474618671E0,2.008701860E0
1.252380233E1,2.001308667E0,-2.905896610E-1,1.240345006E0,2.372368957E0
1.253375633E1,1.893497413E0,-1.238475358E0,1.561523498E0,2.749092451E0
1.254371033E1,2.211815301E0,-1.286071109E0,8.335539204E-1,2.690895383E0
1.255366333E1,2.059334681E0,-1.981944736E0,1.420238981E0,3.191558088E0
1.256361733E1,9.003078539E-1,-1.206111020E0,1.233595857E0,1.946025889E0
1.257357133E1,1.342234054E0,-6.483860493E-1,1.917144430E0,2.428464430E0
1.258352533E1,1.428193679E0,3.089259446E-1,2.248167295E0,2.681310987E0
1.259347833E1,5.923613910E-1,4.854954851E-1,2.788565796E0,2.891832824E0
1.260343233E1,1.008091334E0,-5.078710252E-1,2.243792700E0,2.511729842E0
1.261338633E1,1.040176395E0,-9.024925929E-1,1.191855508E0,1.821257633E0
1.262333933E1,8.096877788E-1,-8.892597592E-1,1.129818304E0,1.650111093E0
1.263329333E1,1.244644171E0,-1.242808730E0,2.357737684E0,2.941536952E0
1.264324733E1,-1.507727945E-1,-1.438573510E0,1.110211713E0,1.823402377E0
1.265320133E1,2.433404309E-1,-1.872320552E0,5.236754644E-1,1.959345505E0
1.266315433E1,-1.882136858E-1,-1.027546409E0,1.094154966E0,1.512762739E0
1.267310833E1,-4.018699224E-1,5.594510686E-1,2.288285041E0,2.389714076E0
1.268306233E1,-1.306500988E0,-1.759427190E-3,3.134375977E0,3.395771001E0
1.269301633E1,-1.560480940E0,-3.629735130E-1,2.284200761E0,2.790058002E0
1.270296933E1,-2.290884714E0,-1.610047202E0,1.742363845E0,3.297913967E0
1.271292333E1,-1.580692718E0,-1.910425102E0,2.023987970E0,3.200756292E0
1.272287733E1,-2.443415181E0,-1.277757538E0,2.194124989E0,3.523794338E0
1.273283033E1,-2.251166332E0,-1.544784674E0,3.187056466E0,4.196598439E0
1.274278433E1,-1.907038102E0,-1.279459078E0,2.249847200E0,3.214906263E0
1.275273833E1,-6.214952161E-1,-1.401277045E0,2.219787249E0,2.697645101E0
1.276269233E1,-1.082109191E0,-1.033105357E0,2.066808008E0,2.551462780E0
1.277264533E1,-1.166212763E0,-6.631192786E-1,2.216913927E0,2.591232669E0
1.278259933E1,-1.327694221E0,-5.502036971E-1,1.867468532E0,2.356466586E0
1.279255333E1,-1.321358471E0,-2.679656142E-1,1.280574726E0,1.859479876E0
1.280250633E1,-1.351062473E0,-1.777863461E-1,6.084144831E-1,1.492362547E0
1.281246033E1,-1.057589257E0,-2.998879033E-1,1.773805493E-1,1.113504221E0
1.282241433E1,-1.213855584E0,1.909267938E-1,-3.566129118E-1,1.279480828E0
1.283236833E1,-1.062112663E0,1.282247615E-1,-2.483289099E-1,1.098267794E0
1.284232133E1,-5.409359334E-1,2.396194822E-1,-5.428955546E-1,8.029724550E-1
1.285227533E1,-3.984246699E-1,-1.861753464E-3,-8.029928631E-1,8.964057239E-1
1.286222933E1,-3.491217515E-1,-2.077176583E-1,-9.699855414E-1,1.051619976E0
1.287218233E1,-2.004191637E-2,-5.325351655E-2,-1.003026695E0,1.004639322E0
1.288213633E1,-7.196899205E-3,1.005095440E-1,-8.483748579E-1,8.543382605E-1
1.289209033E1,-1.465314435E-1,3.833738637E-1,-7.466982096E-1,8.520593874E-1
1.290204433E1,-4.623484048E-1,5.625033152E-1,-5.953371853E-1,9.405330357E-1
1.291199733E1,-3.350116161E-1,6.888283163E-1,-6.299974331E-1,9.917731586E-1
1.292195133E1,-7.715039257E-1,6.655499661E-1,-7.182667083E-1,1.246628304E0
1.293190533E1,-8.588273406E-1,3.936076605E-1,-8.092672178E-1,1.243955313E0
1.294185833E1,-7.013119025E-1,1.516194713E-1,-6.751011005E-1,9.851844216E-1
1.295181233E1,-6.463343344E-1,-7.434851646E-2,-5.397383505E-1,8.453361821E-1
1.296176633E1,-5.311501063E-1,-1.651826727E-1,-4.351983207E-1,7.062601003E-1
1.297172033E1,-1.352615932E-1,-6.084027886E-2,-7.993816227E-2,1.684854531E-1
1.298167333E1,-1.529003039E-2,-4.689466953E-4,3.361619827E-1,3.365098566E-1
1.299162733E1,8.425464995E-2,2.275467360E-1,4.277153465E-1,4.917486967E-1
1.300158133E1,1.923618467E-1,5.304477096E-2,5.363408259E-1,5.722572055E-1
1.301153483E1,1.981219389E-1,1.173185349E-2,3.033927244E-1,3.625425275E-1
1.302148883E1,2.341225147E-3,-2.330863881E-1,2.537048399E-1,3.445299573E-1
1.303144283E1,1.942674543E-1,-2.420033920E-1,1.034439692E-1,3.271179302E-1
1.304139683E1,3.078290069E-1,-1.215834939E-1,8.674052060E-2,3.421478648E-1
1.305134983E1,3.798437534E-1,-6.660329461E-2,2.190320206E-1,4.435000585E-1
1.306130383E1,4.872457029E-1,1.065421164E-2,2.232250589E-1,5.360515965E-1
1.307125783E1,7.037305301E-1,6.897375584E-2,1.601780409E-1,7.250179603E-1
1.308121083E1,7.727341068E-1,2.244512200E-2,1.643780959E-1,7.903429266E-1
1.309116483E1,8.388643616E-1,-2.496527195E-2,1.482277939E-1,8.522254167E-1
1.310111883E1,9.386910971E-1,-1.236966777E-1,1.201316303E-1,9.543969050E-1
1.311107283E1,8.201835309E-1,-1.449273330E-1,8.463610768E-2,8.371787306E-1
1.312102583E1,7.437574987E-1,-1.152187997E-1,7.447832465E-2,7.563052357E-1
1.313097983E1,8.019970822E-1,-6.446613729E-2,1.781664151E-1,8.240743135E-1
1.314093383E1,5.514313200E-1,-5.198993325E-2,2.060973948E-1,5.909785021E-1
1.315088683E1,3.814210398E-1,-1.316442132E-2,2.577364951E-1,4.605251487E-1
1.316084083E1,3.427140802E-1,-4.551998913E-2,2.453234410E-1,4.239205125E-1
1.317079483E1,2.056856047E-1,-1.227517676E-1,1.991117263E-1,3.114804070E-1
1.318074883E1,2.021712819E-1,-1.016053122E-1,1.506938571E-1,2.718556699E-1
1.319070183E1,2.326520862E-1,-1.150533235E-1,2.145776117E-1,3.367607636E-1
1.320065583E1,2.217356269E-1,-5.173324049E-2,1.574427134E-1,2.768234535E-1
1.321060983E1,2.138864708E-1,-1.915781736E-2,9.237285107E-2,2.337673800E-1
1.322056283E1,1.615028737E-1,1.922096729E-2,1.468177378E-2,1.633039445E-1
1.323051683E1,1.412104042E-1,4.888798535E-2,2.270532310E-2,1.511487514E-1
1.324047083E1,8.440178052E-2,8.722876310E-3,-4.111060381E-2,9.428589964E-2
1.325042483E1,4.272560477E-3,-4.036099076E-2,-1.554151914E-1,1.606273515E-1
1.326037783E1,3.384412274E-2,-4.749693274E-3,-1.691593641E-1,1.725771558E-1
1.327033183E1,1.337030178E-1,6.623024225E-2,-3.151006043E-2,1.524986094E-1
1.328028583E1,9.123395965E-2,1.214718121E-1,-4.850440800E-2,1.594732395E-1
1.329023983E1,1.784364103E-1,1.128746510E-1,-1.920868814E-2,2.120122946E-1
1.330019283E1,1.943931694E-1,6.387732267E-2,-3.721168041E-3,2.046530326E-1
1.331014683E1,1.562873036E-1,6.965788007E-3,-6.331072748E-3,1.565705143E-1
1.332010083E1,1.895655620E-1,-2.436125457E-2,2.406947851E-2,1.926341424E-1
1.333005383E1,1.656849486E-1,-9.309352040E-3,7.985980958E-2,1.841623072E-1
1.334000783E1,1.356469247E-1,-2.812686145E-2,1.378314444E-1,1.954193327E-1
1.334996183E1,2.085431390E-1,-1.361056387E-2,1.565460429E-1,2.611171227E-1
1.335991583E1,2.385006174E-1,-8.632829189E-3,1.663965547E-1,2.909379378E-1
1.336986883E1,2.912768550E-1,-2.893611610E-2,2.536419824E-1,3.873160987E-1
1.337982283E1,2.986623269E-1,-5.002000630E-2,2.676147813E-1,4.041272791E-1
1.338977683E1,2.327826253E-1,-8.116461575E-2,1.905145651E-1,3.115625860E-1
1.339972983E1,2.394050355E-1,-5.817453325E-2,1.747773689E-1,3.020698198E-1
1.340968383E1,1.959564225E-1,-3.256899118E-2,1.803866029E-1,2.683262664E-1
1.341963783E1,1.435606925E-1,1.720952511E-2,1.768662867E-1,2.284458876E-1
1.342959183E1,7.146861658E-2,-1.986766934E-2,1.388734183E-1,1.574430492E-1
1.343954483E1,2.046130791E-2,-3.507043004E-2,5.160226285E-2,6.566120404E-2
1.344949883E1,7.533274904E-2,-3.812793911E-2,5.388530821E-2,1.001618154E-1
1.345945283E1,1.683895782E-1,1.052264929E-2,3.282188326E-2,1.718809245E-1
1.346940583E1,1.500019853E-1,5.177183211E-2,4.920022666E-2,1.661372339E-1
1.347935983E1,1.486207268E-1,2.319356561E-2,8.191715240E-2,1.712789589E-1
1.348931383E1,1.486309594E-1,3.616912186E-2,3.950437367E-2,1.579872242E-1
1.349926783E1,1.169032364E-1,1.035308003E-2,4.803838491E-2,1.268118266E-1
1.350922083E1,1.396797493E-1,4.136320353E-3,7.849711597E-2,1.602789404E-1
1.351917483E1,1.394620867E-1,4.652044773E-3,5.930363059E-2,1.516187183E-1
1.352912883E1,7.686296538E-2,-1.967237234E-2,1.743581235E-2,8.123376904E-2
1.353908183E1,7.177413359E-2,2.409637570E-2,-1.656837791E-2,7.750272719E-2
1.354903583E1,7.134524032E-2,5.705829978E-2,2.004542470E-2,9.352866909E-2
1.355898983E1,1.223983034E-2,6.939475536E-2,3.180885315E-2,7.731266816E-2
1.356894383E1,-4.035777479E-2,4.761212289E-2,-4.665201008E-3,6.258936278E-2
1.357889683E1,-3.371387601E-2,-3.140305638E-2,-1.281124949E-2,4.782160076E-2
1.358885083E1,-9.188124642E-2,-8.036003888E-2,-2.426009774E-3,1.220892494E-1
1.359880483E1,-1.108833817E-1,-8.218203127E-2,1.615410268E-2,1.389603023E-1
1.360875783E1,-1.266960070E-1,-3.494062185E-2,4.562699318E-2,1.391206230E-1
1.361871183E1,-2.380158833E-1,-1.177921593E-2,1.034542018E-1,2.597943080E-1
1.362866583E1,-2.679539198E-1,3.367002189E-2,1.352469751E-1,3.020342990E-1
1.363861983E1,-2.883079313E-1,1.497881234E-2,1.578593275E-1,3.290370729E-1
1.364857283E1,-4.014569628E-1,-4.975688159E-2,1.604905745E-1,4.352018667E-1
1.365852683E1,-4.624603790E-1,-1.276435483E-1,1.636088946E-1,5.068829727E-1
1.366848083E1,-5.643299854E-1,-1.387275302E-1,1.382439655E-1,5.973483523E-1
1.367843383E1,-6.449493483E-1,-7.886490583E-2,1.087441778E-1,6.587902788E-1
1.368838783E1,-5.924567007E-1,-2.373384833E-3,1.148659202E-1,6.034937901E-1
1.369834183E1,-5.610340561E-1,5.910891831E-2,9.414368033E-2,5.719406515E-1
1.370829583E1,-5.709407012E-1,5.557252228E-2,7.186520398E-2,5.781229948E-1
1.371824883E1,-5.758225416E-1,1.197509766E-3,4.768258184E-2,5.777946538E-1
1.372820283E1,-5.910153620E-1,-4.010605216E-2,5.725710511E-2,5.951353036E-1
1.373815683E1,-6.140406740E-1,-7.022155166E-2,3.673864067E-2,6.191338654E-1
1.374810983E1,-5.874867135E-1,-7.762295723E-2,3.473129153E-2,5.936094884E-1
1.375806383E1,-5.503200567E-1,-4.116381347E-2,4.554162383E-2,5.537333869E-1
1.376801783E1,-5.449720471E-1,1.990859985E-2,6.341363847E-2,5.490101766E-1
1.377797183E1,-4.996318598E-1,4.334307075E-2,4.900902271E-2,5.038973124E-1
1.378792483E1,-4.203383531E-1,4.873654246E-2,7.133427680E-2,4.291248777E-1
1.379787883E1,-3.613016479E-1,2.868059278E-2,8.953227371E-2,3.733329415E-1
1.380783283E1,-3.052882455E-1,-5.578243732E-3,6.673281044E-2,3.125464728E-1
1.381778583E1,-2.428119157E-1,-3.162934363E-2,7.460608631E-2,2.559767761E-1
1.382773983E1,-2.112672105E-1,-2.687555730E-2,9.429629266E-2,2.329118302E-1
1.383769383E1,-1.727232420E-1,-1.398537040E-2,1.007571736E-1,2.004517821E-1
1.384764783E1,-1.635515919E-1,-5.410428643E-3,7.414152503E-2,1.796534489E-1
1.385760083E1,-1.709848648E-1,5.098772049E-4,4.878799796E-2,1.778098780E-1
1.386755483E1,-1.339562023E-1,8.863209486E-3,3.413049012E-2,1.385197133E-1