"Time (s)","Linear Acceleration x (m/s^2)","Linear Acceleration y (m/s^2)","Linear Acceleration z (m/s^2)","Absolute acceleration (m/s^2)"
-2.256124979E-3,1.391958922E-2,8.707088828E-3,-2.835782647E-2,3.276789102E-2
7.698875037E-3,1.387120351E-2,2.358182073E-3,-2.191477954E-2,2.604282765E-2
1.765487506E-2,2.034290180E-2,-8.756205440E-3,-1.565942824E-2,2.712420469E-2
2.760987508E-2,4.467780735E-2,-1.555067003E-2,-2.074475169E-2,5.165534368E-2
3.756487509E-2,7.454695635E-2,-1.227213621E-2,-6.161211133E-3,7.580115138E-2
4.752087500E-2,8.026399836E-2,-2.068335593E-2,5.259570479E-4,8.288779932E-2
5.747587502E-2,9.178710625E-2,-1.622719288E-2,8.256560862E-3,9.357545329E-2
6.743087503E-2,1.129156546E-1,-1.910343826E-2,1.612925202E-2,1.156505044E-1
7.738687505E-2,1.307028115E-1,-3.425532818E-2,2.937875032E-2,1.382742326E-1
8.734187507E-2,1.546478539E-1,-3.760519803E-2,3.890912712E-2,1.638414777E-1
9.729787509E-2,1.815753053E-1,-2.797658801E-2,4.639824092E-2,1.894863523E-1
1.072528750E-1,1.948435147E-1,-2.115405679E-2,3.970259428E-2,1.999694610E-1
1.172078750E-1,1.709908217E-1,-2.735502899E-2,2.220977157E-2,1.745835979E-1
1.271638750E-1,1.822958284E-1,-1.558107555E-2,1.635115385E-2,1.836896818E-1
1.371188750E-1,1.585938474E-1,-1.790768266E-2,2.564968854E-2,1.616496213E-1
1.470748751E-1,1.499494334E-1,-3.056047261E-2,2.984477341E-2,1.559149947E-1
1.570298751E-1,1.266571595E-1,-4.774193108E-2,3.214828402E-2,1.391216741E-1
1.669848751E-1,1.208070568E-1,-6.189687073E-2,2.511613011E-2,1.380448752E-1
1.769408750E-1,1.682638265E-1,-5.018431306E-2,2.109441519E-2,1.768506571E-1
1.868958750E-1,2.700407910E-1,-3.163109779E-2,2.249891639E-2,2.728163419E-1
1.968518751E-1,3.784347572E-1,-1.051738679E-2,2.109616935E-2,3.791682070E-1
2.068068751E-1,4.574312619E-1,-5.920890570E-3,-1.543080211E-3,4.574721821E-1
2.167618751E-1,4.564298897E-1,2.876420796E-2,6.715527177E-3,4.573846545E-1
2.267178751E-1,3.856773378E-1,3.768705904E-2,-1.679817349E-2,3.878782050E-1
2.366728750E-1,2.644794311E-1,4.108429134E-2,-3.020847023E-2,2.693507753E-1
2.466288750E-1,1.896067118E-1,5.481764674E-2,-1.987059295E-2,1.983696550E-1
2.565838750E-1,9.428258825E-2,3.429742813E-2,-1.424089372E-2,1.013327345E-1
2.665388751E-1,1.881557252E-2,3.935176134E-3,-3.250525653E-2,3.776378004E-2
2.764948751E-1,2.112620942E-2,-2.597567081E-2,-4.495514810E-2,5.605370228E-2
2.864498751E-1,4.719112337E-2,-3.325136125E-2,-8.383474678E-2,1.017886041E-1
2.964058750E-1,9.790625397E-2,-2.926882267E-2,-8.164467216E-2,1.307981309E-1
3.063608750E-1,1.425755098E-1,1.392923713E-2,-7.361059785E-2,1.610599880E-1
3.163158750E-1,1.258933670E-1,3.972539842E-2,-4.587374568E-2,1.397556713E-1
3.262718751E-1,1.155464996E-1,5.859728694E-2,-4.110358715E-2,1.359196104E-1
3.362268751E-1,8.905733362E-2,8.923435807E-3,-5.325819433E-2,1.041502359E-1
3.461828751E-1,2.085921094E-3,1.745978594E-3,-7.236923397E-2,7.242033922E-2
3.561378750E-1,-8.634440828E-2,-5.680628479E-2,-5.366574526E-2,1.164573873E-1
3.660928750E-1,-1.741044640E-1,-3.583758473E-2,-6.567300260E-2,1.894983909E-1
3.760488750E-1,-2.834871578E-1,-4.224145532E-2,-5.205951512E-2,2.913065435E-1
3.860038751E-1,-3.782971283E-1,-4.110592604E-2,-8.399642229E-2,3.896842484E-1
3.959588751E-1,-4.657156701E-1,-5.649989069E-2,-8.639378071E-2,4.770190860E-1
4.059148751E-1,-4.769885537E-1,5.678231120E-3,-8.160432637E-2,4.839520522E-1
4.158698750E-1,-5.836314615E-1,-1.038640916E-2,2.990675390E-2,5.844894989E-1
4.258258750E-1,-6.019328080E-1,-5.459545255E-2,-1.748434424E-2,6.046564901E-1
4.357808750E-1,-5.542704721E-1,-1.979457915E-2,-1.869091719E-1,5.852714073E-1
4.457358751E-1,-5.387910650E-1,-7.857663810E-2,-1.454304859E-1,5.635779680E-1
4.556918751E-1,-5.393328096E-1,-3.510083556E-3,-1.557131070E-1,5.613722222E-1
4.656468751E-1,-5.048714401E-1,4.423652530E-2,-6.248013049E-2,5.106425442E-1
4.756028750E-1,-5.245296330E-1,3.049673796E-2,-1.153380829E-1,5.379258873E-1
4.855578750E-1,-5.100329966E-1,4.370852172E-2,-1.473200136E-1,5.326793397E-1
4.955128750E-1,-5.621944360E-1,-6.221437454E-4,-1.056176716E-1,5.720297750E-1
5.054688751E-1,-5.030583647E-1,-2.634755373E-2,-7.353341460E-2,5.090865103E-1
5.154238751E-1,-5.544238519E-1,3.449623346E-2,-1.464043397E-1,5.744649931E-1
5.253798751E-1,-5.547962830E-1,-2.591719866E-2,-1.027335325E-1,5.648228001E-1
5.353348751E-1,-5.342333797E-1,5.516847968E-3,-1.438853592E-1,5.532980537E-1
5.452898750E-1,-5.548263596E-1,-1.241656244E-2,-1.471481055E-1,5.741419905E-1
5.552458750E-1,-5.028489979E-1,1.469697654E-2,-9.823029935E-2,5.125644423E-1
5.652008750E-1,-4.084776050E-1,4.717358172E-2,-6.146505386E-2,4.157610533E-1
5.751558751E-1,-3.674255830E-1,1.536063552E-2,-5.594089687E-2,3.719770048E-1
5.851118751E-1,-2.555670685E-1,-5.450189710E-3,-1.035185212E-1,2.757903466E-1
5.950668751E-1,-2.184277108E-1,1.165350080E-3,-1.734348482E-1,2.789115800E-1
6.050228750E-1,-1.325899638E-1,2.543772697E-2,-1.307636225E-1,1.879529234E-1
6.149778750E-1,-4.800691959E-2,6.965144813E-2,-1.001177806E-1,1.310708150E-1
6.249328750E-1,6.200712729E-2,1.283013600E-1,-1.002774096E-1,1.742460378E-1
6.348880834E-1,2.790730216E-1,1.185616529E-1,-6.216993570E-2,3.095217566E-1
6.448430833E-1,3.804410831E-1,4.576440275E-2,-1.069180924E-1,3.978206590E-1
6.547990834E-1,3.075159251E-1,-6.283184052E-2,-5.935391665E-2,3.194319517E-1
6.647540834E-1,1.747656745E-1,-1.910753131E-1,-2.254101634E-3,2.589553962E-1
6.747090834E-1,1.594031021E-1,5.156074762E-3,-9.535229981E-2,1.858171013E-1
6.846650834E-1,8.278656028E-2,-8.943901062E-2,2.086368406E-1,2.416242588E-1
6.946200834E-1,2.897529244E-2,-1.814952350E-1,3.197503102E-1,3.688093664E-1
7.045760833E-1,2.990422498E-1,-2.490247285E-1,2.051931229E-1,4.399361320E-1
7.145310834E-1,5.097011306E-1,-5.182989496E-1,2.399083346E-2,7.273270267E-1
7.244860834E-1,6.433320084E-1,4.814655840E-2,-3.427222663E-1,7.305153770E-1
7.344420834E-1,5.696878622E-1,3.105181414E-1,-7.248793244E-2,6.528554793E-1
7.443970834E-1,9.356990768E-1,2.897061467E-1,3.960833716E-1,1.056572028E0
7.543520834E-1,9.293560173E-1,-7.813926637E-2,1.184590343E-1,9.401281267E-1
7.643080833E-1,6.702115857E-1,-3.316464704E-1,-1.910419840E-1,7.717965992E-1
7.742630834E-1,6.521386461E-1,2.733339429E-1,-9.141186118E-2,7.129883494E-1
7.842190834E-1,3.293281591E-1,5.686832374E-1,2.727176464E-1,7.115002288E-1
7.941740834E-1,2.698517798E-1,4.377804512E-1,3.679158720E-1,6.323241221E-1
8.041290834E-1,1.698454618E-1,-6.016960323E-2,1.327025592E-1,2.237807661E-1
8.140850834E-1,2.570954576E-1,-5.861944789E-1,-9.453719795E-2,6.470388884E-1
8.240400833E-1,5.654300659E-1,-8.232657444E-1,-2.644637167E-2,9.990881122E-1
8.339960834E-1,6.594619913E-1,-4.574697804E-1,-1.145791143E-2,8.026830020E-1
8.439510834E-1,6.190347078E-1,1.344193017E-1,1.598599523E-1,6.533205358E-1
8.539060834E-1,6.927253394E-1,3.936760730E-1,4.077538294E-1,8.950488431E-1
8.638620834E-1,6.693942180E-1,4.579656243E-1,2.105763620E-1,8.379519893E-1
8.738170834E-1,4.893056404E-1,2.141490108E-1,-2.032614952E-1,5.714849464E-1
8.837720834E-1,4.183770508E-1,-7.903915286E-2,-2.706301904E-1,5.045069318E-1
8.937280833E-1,3.024307843E-1,-2.329460549E-1,-5.914955646E-2,3.862989954E-1
9.036830834E-1,2.871510597E-1,-2.954679930E-1,1.168063188E-1,4.282531752E-1
9.136390834E-1,2.254779911E-1,-1.706533277E-1,-2.833589941E-2,2.841932545E-1
9.235940834E-1,1.690360244E-1,-4.978027046E-2,-1.374610233E-1,2.234877755E-1
9.335490834E-1,2.036533318E-1,1.354437339E-1,-1.482163918E-1,2.859856350E-1
9.435050833E-1,1.828107489E-1,3.109268618E-1,-1.319804281E-1,3.840756653E-1
9.534600833E-1,3.315696526E-2,3.424106097E-1,-4.984809816E-2,3.476050099E-1
9.634160834E-1,2.745753799E-2,1.237820470E-1,8.127629757E-3,1.270510524E-1
9.733710834E-1,5.141182635E-2,-1.606060570E-1,-1.622567260E-1,2.340186458E-1
9.833260834E-1,-7.515630931E-2,-3.126371723E-1,-3.659558854E-1,4.871490351E-1
9.932820834E-1,-1.118713053E-1,-2.466577756E-1,-2.901388407E-1,3.969077904E-1
1.003237083E0,-1.529633076E-1,5.867096186E-3,-8.216624379E-2,1.737339573E-1
1.013192083E0,-2.822506544E-1,2.872959244E-1,-3.493009686E-2,4.042579520E-1
1.023148083E0,-3.647865519E-1,3.274744821E-1,-1.260425806E-1,5.061575811E-1
1.033103083E0,-4.070792799E-1,1.919921565E-1,-2.007711661E-1,4.928322123E-1
1.043059083E0,-4.762982168E-1,-1.850643754E-2,-1.523293233E-1,5.004065371E-1
1.053014083E0,-5.494622336E-1,-1.377703410E-1,-7.553374708E-2,5.714846979E-1
1.062969083E0,-5.955338344E-1,-1.254812479E-1,-7.646286964E-2,6.133943772E-1
1.072925083E0,-5.389845348E-1,-1.254075730E-1,-1.246918738E-2,5.535222387E-1
1.082880083E0,-4.907552748E-1,-6.836973846E-2,-1.724460840E-2,4.957948542E-1
1.092836083E0,-5.478190564E-1,2.610197067E-3,-7.690374970E-2,5.531968170E-1
1.102791083E0,-5.230027057E-1,8.293515265E-2,3.048153520E-3,5.295463728E-1
1.112746083E0,-4.538818193E-1,5.851133287E-2,1.579952753E-1,4.841433558E-1
1.122702083E0,-5.479786853E-1,-2.961848617E-2,1.599114078E-1,5.716026178E-1
1.132657083E0,-5.421628254E-1,-1.415254229E-1,6.395859897E-2,5.639686844E-1
1.142613083E0,-4.964361006E-1,-2.173462683E-1,3.184481353E-2,5.428648953E-1
1.152568083E0,-5.477882123E-1,-1.725794005E-1,1.252181232E-2,5.744670320E-1
1.162523083E0,-6.017551988E-1,-4.069252789E-2,1.547670275E-2,6.033280446E-1
1.172479083E0,-6.621945414E-1,5.703374147E-2,6.590893775E-2,6.679060161E-1
1.182434083E0,-7.074226083E-1,7.020517945E-2,1.104211593E-1,7.194222309E-1
1.192389083E0,-6.864297154E-1,-2.653700352E-2,6.871355474E-2,6.903705667E-1
1.202345083E0,-6.737500282E-1,-9.647087216E-2,-2.892383695E-2,6.812358755E-1
1.212300083E0,-6.825960615E-1,-1.583244735E-1,-2.243284285E-2,7.010757837E-1
1.222256083E0,-5.710236951E-1,-1.723531133E-1,4.404766023E-2,5.980918428E-1
1.232211083E0,-4.830556978E-1,-9.765317917E-2,-5.965241700E-2,4.964245778E-1
1.242166083E0,-4.674436685E-1,9.863083363E-3,-1.514911249E-1,4.914777967E-1
1.252122083E0,-3.514823090E-1,4.160820186E-2,-6.954795241E-2,3.607048290E-1
1.262077083E0,-3.093801636E-1,5.812658608E-2,-1.427159160E-2,3.151165879E-1
1.272032083E0,-2.648793076E-1,2.883378983E-2,-1.608276665E-3,2.664489099E-1
1.281988083E0,-1.611378613E-1,2.479219437E-4,-5.262932628E-2,1.695149486E-1
1.291943083E0,-2.578110471E-2,-2.265913010E-2,-8.134354055E-2,8.828857868E-2
1.301899083E0,1.436400685E-1,-1.720133901E-2,-1.458818910E-1,2.054504355E-1
1.311854083E0,3.632753755E-1,3.880563140E-2,-2.546927270E-1,4.453574527E-1
1.321809083E0,4.619824422E-1,8.443496346E-2,-2.185493329E-1,5.179969603E-1
1.331765083E0,5.302830373E-1,1.205497062E-1,-1.545600361E-1,5.653504542E-1
1.341720083E0,5.054966902E-1,1.464090174E-1,-1.647113872E-1,5.514456866E-1
1.351675083E0,4.513131009E-1,1.443420267E-1,-2.308638614E-1,5.270827812E-1
1.361631083E0,3.330127455E-1,9.719709635E-2,-2.094267994E-1,4.052213574E-1
1.371586083E0,1.900448144E-1,5.644317269E-2,-2.267006439E-1,3.011578410E-1
1.381542083E0,1.418984753E-1,3.775664091E-2,-2.743881959E-1,3.112067211E-1
1.391497083E0,1.493046317E-1,6.118058681E-2,-2.451199579E-1,2.934599309E-1
1.401452083E0,2.052283524E-1,6.527129889E-2,-2.278221399E-1,3.134995159E-1
1.411408083E0,2.831839431E-1,7.276450574E-2,-1.848860353E-1,3.459344808E-1
1.421363083E0,3.317896541E-1,7.084252596E-2,-1.470984042E-1,3.697850437E-1
1.431319083E0,3.654147255E-1,3.961897910E-2,-9.537744284E-2,3.797294323E-1
1.441274083E0,4.675439483E-1,3.362149000E-4,-4.483235657E-2,4.696886169E-1
1.451229083E0,4.774055699E-1,-1.035015643E-2,-7.327087462E-2,4.831064323E-1
1.461185083E0,4.851909182E-1,-9.181882739E-3,-8.795030951E-2,4.931833240E-1
1.471140083E0,5.443120426E-1,-6.476376057E-3,-7.014904618E-3,5.443957678E-1
1.481095083E0,5.717569725E-1,2.635223150E-2,7.223357856E-2,5.769039483E-1
1.491051083E0,5.896631203E-1,4.329804718E-2,1.474843204E-1,6.093676567E-1
1.501006083E0,6.464287669E-1,-1.077583373E-2,2.523617345E-1,6.940264507E-1
1.510962083E0,6.834933168E-1,-7.588341057E-2,2.658240715E-1,7.372813866E-1
1.520917083E0,6.793743919E-1,-1.267822534E-1,2.254399842E-1,7.269432513E-1
1.530872083E0,6.739571659E-1,-1.344485378E-1,2.173293114E-1,7.207820061E-1
1.540828083E0,6.417376920E-1,-1.240217829E-1,2.486671713E-1,6.993168309E-1
1.550783083E0,5.384222884E-1,-1.099738473E-1,2.500763503E-1,6.037640174E-1
1.560738083E0,4.435147425E-1,-5.279860318E-2,2.298110703E-1,5.023008534E-1
1.570694083E0,3.261486990E-1,-4.936921120E-2,2.436382735E-1,4.100852365E-1
1.580649083E0,1.669115482E-1,-6.449946642E-2,2.895845246E-1,3.404098163E-1
1.590605083E0,8.492715284E-2,-4.956918597E-2,2.423311284E-1,2.615226592E-1
1.600560083E0,-4.691148028E-3,-8.352279782E-2,1.985658887E-1,2.154680412E-1
1.610515083E0,-4.907297663E-2,-1.203941703E-1,1.778225988E-1,2.202811611E-1
1.620471083E0,-6.077062391E-2,-2.369052047E-1,1.292594263E-1,2.766317842E-1
1.630425750E0,-1.333917998E-1,-1.198889709E-1,1.743844360E-1,2.501532912E-1
1.640380750E0,-1.566272461E-1,-1.711304605E-1,2.808575553E-1,3.642783209E-1
1.650336750E0,-3.215607543E-1,-2.296581656E-1,3.191021463E-1,5.079078376E-1
1.660291750E0,-5.278995661E-1,-3.287778264E-1,3.731438676E-1,7.252648874E-1
1.670247750E0,-7.129656225E-1,-6.640647733E-1,1.465709853E-1,9.852842513E-1
1.680202750E0,-9.261722083E-1,-5.356248343E-1,-1.312653136E-1,1.077923701E0
1.690157750E0,-9.895043512E-1,-3.187609613E-2,9.513829172E-2,9.945784238E-1
1.700113750E0,-1.166360990E0,9.096688807E-2,5.356517315E-1,1.286699542E0
1.710068750E0,-1.293143024E0,2.556092781E-1,5.346998048E-1,1.422483344E0
1.720023750E0,-1.158546113E0,3.399688125E-2,4.488895762E-1,1.242934727E0
1.729979750E0,-1.068787260E0,-3.802806866E-1,5.638353109E-1,1.266818797E0
1.739934750E0,-1.002969173E0,-7.574880767E-1,7.807225728E-1,1.479615857E0
1.749890750E0,-7.561249445E-1,-8.243837321E-1,7.547071409E-1,1.349413331E0
1.759845750E0,-7.737350039E-1,-8.117999393E-1,3.783475971E-1,1.183567447E0
1.769800750E0,-1.116283023E0,-4.726444745E-1,-8.270927471E-1,1.467502300E0
1.779756750E0,-9.129370357E-1,1.416153531E0,-1.469392137E0,2.235633715E0
1.789711750E0,1.014250060E0,6.823303056E-1,1.458757514E-1,1.231079837E0
1.799666750E0,3.791879882E-1,1.421808958E-1,-2.207616270E-2,4.055690995E-1
1.809622750E0,2.470810410E-1,4.365665692E-1,-1.618646702E0,1.694596281E0
1.819577750E0,6.252361916E-1,-4.087402546E-1,-8.456360221E-2,7.517578692E-1
1.829533750E0,6.428146029E-1,-2.453959465E-2,8.203216714E-1,1.042468441E0
1.839488750E0,3.259873158E-1,-7.518700719E-2,8.509236592E-1,9.143259211E-1
1.849443750E0,-5.978267835E-1,-5.924229330E-1,6.804498410E-1,1.082300227E0
1.859399750E0,-6.795915429E-1,-6.230044556E-1,-1.808865398E-1,9.395207060E-1
1.869354750E0,-3.129364767E-1,-2.499860108E-1,-2.239901671E-1,4.589050435E-1
1.879309750E0,-5.539228917E-1,4.094705719E-1,5.072237384E-1,8.554371046E-1
1.889265750E0,-6.891439198E-1,5.229124027E-1,-1.288375497E-2,8.651720721E-1
1.899220750E0,-3.279052757E-1,3.481467283E-1,-2.808943927E-1,5.546437362E-1
1.909175750E0,-1.980637591E-1,-2.910439897E-1,2.581583717E-1,4.365565272E-1
1.919131750E0,-3.104250245E-1,-4.008044136E-1,-7.358311594E-2,5.122717528E-1
1.929086750E0,-6.753139392E-1,-3.304407746E-1,-1.372107625E-1,7.642426416E-1
1.939042750E0,-8.558166093E-1,-1.602137089E-1,1.809537828E-2,8.708719446E-1
1.948997750E0,-5.335911727E-1,5.078365266E-2,1.134754524E-1,5.478824666E-1
1.958952750E0,-1.737537407E-1,-1.278528786E-1,-1.126235130E-1,2.433531932E-1
1.968908750E0,-3.372035911E-1,-3.846245831E-1,-5.103315336E-1,7.225514556E-1
1.978863750E0,-1.403954485E-1,-2.149430627E-1,-8.194127217E-1,8.586900550E-1
1.988818750E0,-5.044875339E-2,1.317716825E-1,-4.176192516E-1,4.408114022E-1
1.998774750E0,1.207072887E-1,7.084708679E-1,-5.609894711E-1,9.117074129E-1
2.008729750E0,3.374002768E-1,1.262589276E0,-7.182585222E-1,1.491263200E0
2.018685750E0,4.364153456E-1,8.646903437E-1,-9.920228201E-1,1.386454839E0
2.028640750E0,7.271039707E-1,9.239992368E-1,-1.441528693E0,1.860231100E0
2.038595750E0,8.836897746E-1,3.965581656E-1,-1.295550323E0,1.617595943E0
2.048551750E0,1.243648244E0,1.292176187E-1,-9.511768028E-1,1.571017332E0
2.058506750E0,1.429993891E0,1.121437490E-1,-9.513063186E-1,1.721174732E0
2.068461750E0,1.405824425E0,1.396882278E-1,-7.717517745E-1,1.609799961E0
2.078417750E0,1.456425937E0,3.385134405E-1,-7.475057101E-1,1.671685570E0
2.088372750E0,1.204948301E0,6.526369750E-1,-8.325297806E-1,1.603415500E0
2.098328750E0,9.375074744E-1,9.744817579E-1,-1.170245076E0,1.788297654E0
2.108283750E0,7.703271005E-1,1.141188215E0,-1.464682205E0,2.010225944E0
2.118238750E0,6.217190914E-1,1.088574384E0,-1.477624725E0,1.937757375E0
2.128194750E0,7.941118196E-1,7.744257063E-1,-1.199265100E0,1.633580588E0
2.138149750E0,8.223325288E-1,5.776458496E-1,-1.335902250E0,1.671687871E0
2.148104750E0,8.240600887E-1,4.959257483E-1,-1.378961439E0,1.681235268E0
2.158060750E0,8.540639064E-1,4.830946183E-1,-1.229461876E0,1.573016869E0
2.168015750E0,7.735443847E-1,6.844785726E-1,-1.127841945E0,1.529349301E0
2.177970750E0,5.743434884E-1,7.422157341E-1,-1.352794564E0,1.646453088E0
2.187926750E0,6.885622680E-1,7.204506433E-1,-1.537200835E0,1.831980768E0
2.197881750E0,5.978351158E-1,7.641404539E-1,-1.736947569E0,1.989548772E0
2.207837750E0,6.978821450E-1,6.209158301E-1,-1.456782324E0,1.730546358E0
2.217792750E0,6.962113032E-1,7.822013336E-1,-1.276548918E0,1.651098497E0
2.227747750E0,7.057584907E-1,6.220039970E-1,-1.007985719E0,1.378774539E0
2.237703750E0,8.234796064E-1,5.539406526E-1,-9.377428249E-1,1.365404890E0
2.247658750E0,8.848220149E-1,4.927267367E-1,-1.094396749E0,1.491104919E0
2.257613750E0,7.274630629E-1,4.166556305E-1,-1.343165662E0,1.583318798E0
2.267569750E0,6.912601733E-1,3.865974337E-1,-1.450521711E0,1.652667975E0
2.277524750E0,5.808757053E-1,5.922802609E-1,-1.595691118E0,1.798455626E0
2.287480750E0,5.352431573E-1,6.690869468E-1,-1.576657262E0,1.794438826E0
2.297435750E0,5.208264086E-1,8.414967781E-1,-1.600215694E0,1.881506641E0
2.307390750E0,5.597196020E-1,8.415973502E-1,-1.344740025E0,1.682230028E0
2.317346750E0,4.610254723E-1,7.810044086E-1,-1.177726881E0,1.486456517E0
2.327301750E0,4.137558500E-1,6.519627911E-1,-1.126209987E0,1.365502955E0
2.337256750E0,2.371405551E-1,5.342916691E-1,-1.153521162E0,1.293179919E0
2.347212750E0,9.026200622E-2,3.643090171E-1,-1.352465658E0,1.403578158E0
2.357167750E0,-3.734498231E-1,2.147243768E-1,-2.193728548E0,2.235624358E0
2.367122750E0,2.876113817E-2,4.221730632E-1,-2.592003748E0,2.626316951E0
2.377078750E0,5.118509325E-1,5.114740795E-1,-1.034808944E0,1.262706086E0
2.387033750E0,-3.293838903E-1,9.769522065E-1,-1.302508802E0,1.661161804E0
2.396989750E0,-9.094557497E-1,4.068574512E-1,-1.402116705E0,1.720050581E0
2.406944750E0,-7.260477443E-1,4.956795806E-1,-1.420870480E0,1.670843049E0
2.416899750E0,-4.186517237E-1,5.734762001E-1,-1.040476357E0,1.259656806E0
2.426855750E0,1.814790089E-1,7.924930179E-1,-1.292583738E0,1.527007706E0
2.436810750E0,7.536023095E-2,7.662407738E-1,-1.774258068E0,1.934113693E0
2.446765750E0,3.386277536E-1,1.844662052E-1,-1.617789500E0,1.663111362E0
2.456721750E0,6.039040871E-1,2.577107674E-1,-1.111721464E0,1.291138877E0
2.466676750E0,4.033544574E-1,4.458250505E-1,-1.008864555E0,1.174420063E0
2.476631750E0,7.774174342E-1,5.788486218E-1,-1.093888333E0,1.461518142E0
2.486587750E0,5.493464953E-1,3.746159041E-1,-1.043415753E0,1.237269203E0
2.496542750E0,2.726072071E-1,4.918250960E-1,-1.276302166E0,1.394687719E0
2.506498750E0,4.806183225E-1,7.349464756E-1,-1.451188001E0,1.696197780E0
2.516453750E0,6.205866319E-1,5.622442836E-1,-1.367777177E0,1.603764574E0
2.526408750E0,4.468277749E-1,6.508600062E-1,-1.368630286E0,1.580007173E0
2.536364750E0,5.245068654E-1,6.332195413E-1,-1.521120992E0,1.729127963E0
2.546319750E0,8.188143323E-1,4.122824979E-1,-1.827467145E0,2.044521933E0
2.556274750E0,1.253151870E0,3.648785359E-1,-1.302877176E0,1.844184072E0
2.566230750E0,1.135019329E0,6.217730319E-1,-1.081688703E0,1.686689370E0
2.576185750E0,3.270912702E-1,5.221160120E-1,-1.486671537E0,1.609281233E0
2.586140750E0,1.765396466E-1,3.350694305E-1,-1.455644164E0,1.504106945E0
2.596096750E0,7.675493807E-2,6.906590796E-1,-1.157045279E0,1.349687024E0
2.606051750E0,-3.581848627E-1,7.577593875E-1,-1.382629982E0,1.616836835E0
2.616007750E0,-5.883452310E-1,6.001734173E-1,-2.067240117E0,2.231555498E0
2.625962750E0,-1.097713436E0,-2.118668425E-1,-2.104969568E0,2.383434335E0
2.635918500E0,-1.276387243E0,-8.314565241E-2,-1.134501924E0,1.709728695E0
2.645874500E0,-2.056523925E0,7.587253475E-1,-8.211665940E-1,2.340783925E0
2.655829500E0,-1.779026911E0,5.305634844E-1,-9.036468333E-1,2.064706265E0
2.665784500E0,-1.849825144E0,3.547868264E-1,-6.705920202E-1,1.999354999E0
2.675740500E0,-1.186451219E0,1.420510876E-1,1.079360926E-1,1.199789651E0
2.685695500E0,-1.432797338E-1,1.143293213E0,7.671055770E-1,1.384232429E0
2.695650500E0,3.932547811E-1,1.684243691E0,1.022481259E0,2.009177458E0
2.705606500E0,6.107799742E-1,1.073462255E0,9.876087570E-1,1.581374227E0
2.715561500E0,1.422018873E0,-7.291536391E-2,-1.354039729E-1,1.430310652E0
2.725517500E0,1.668543332E0,-1.004413655E0,-6.912625122E-1,2.066573856E0
2.735472500E0,1.031022506E0,-9.773831463E-1,-1.517165351E-1,1.428741799E0
2.745427500E0,3.653777419E-1,-2.435412097E-1,5.829864040E-1,7.298536582E-1
2.755383500E0,-4.070455123E-1,3.806443834E-1,8.804459587E-1,1.041998696E0
2.765338500E0,-8.928080689E-1,7.935057557E-1,1.749285194E-1,1.207210677E0
2.775293500E0,-9.119473214E-1,1.102625243E0,-7.544785148E-1,1.617611873E0
2.785249500E0,-7.606923509E-1,8.694663495E-1,-8.072291708E-1,1.409341520E0
2.795204500E0,-6.823229966E-1,2.529429477E-1,-5.323346061E-1,9.016235019E-1
2.805159500E0,-1.678033948E-2,-4.518880284E-1,-5.864719293E-1,7.405630924E-1
2.815115500E0,6.756038149E-1,-1.311504743E0,-7.764827567E-1,1.667156465E0
2.825070500E0,5.182896671E-1,-1.158740387E0,-1.090697508E0,1.673596283E0
2.835026500E0,9.983426370E-1,-6.741722703E-2,-1.213444598E0,1.572793977E0
2.844981500E0,9.229593095E-1,7.677364916E-1,-5.196011245E-1,1.308150808E0
2.854936500E0,6.358034259E-1,1.157794307E0,-3.706117308E-1,1.371891654E0
2.864892500E0,6.400034809E-1,9.205265754E-1,-4.377167165E-1,1.203565352E0
2.874847500E0,6.955574383E-1,5.447605240E-1,-1.020139157E0,1.349536245E0
2.884802500E0,6.000839549E-1,-1.397636569E-1,-1.617488661E0,1.730868049E0
2.894758500E0,2.336171691E-1,-7.792443967E-1,-1.709848941E0,1.893510552E0
2.904713500E0,2.007857110E-1,-5.810910290E-1,-1.447166871E0,1.572346538E0
2.914668500E0,-1.099006109E-2,3.840451241E-3,-1.253653561E0,1.253707614E0
2.924624500E0,1.643711523E-1,-4.175672114E-2,-9.593649513E-1,9.742395030E-1
2.934579500E0,-9.955666713E-2,-1.024823946E-1,-1.447648389E0,1.454682106E0
2.944534500E0,-1.665035588E-1,-3.495190698E-1,-1.634390330E0,1.679618637E0
2.954490500E0,-3.280097216E-1,-1.225365901E-1,-1.486782341E0,1.527457798E0
2.964445500E0,-9.142710780E-1,2.364029288E-2,-1.910084502E0,2.117751938E0
2.974401500E0,-9.895679397E-1,-3.496406919E-1,-2.182275022E0,2.421532075E0
2.984356500E0,-1.116926802E0,1.405664796E-1,-7.741950336E-1,1.366258528E0
2.994311500E0,-1.250644730E0,3.834295877E0,4.600055717E0,6.117716053E0
3.004267500E0,-1.007762721E0,6.542249034E0,4.724126324E0,8.132279979E0
3.014222500E0,3.053752960E-1,4.182653105E0,2.741361809E0,5.010279995E0
3.024177500E0,1.695473269E-2,2.183013525E0,1.155257785E0,2.469910133E0
3.034133500E0,-1.715239489E0,-4.501373720E-1,1.158502990E-1,1.777101981E0
3.044088500E0,-2.338635708E0,-4.865661103E-1,-2.685016869E0,3.593783402E0
3.054043500E0,-2.743336414E0,-1.122396433E0,-3.479389182E0,4.570756777E0
3.063999500E0,-2.816849948E0,-1.365453494E0,-3.901963364E0,5.002441901E0
3.073954500E0,-2.136897412E0,-9.749004185E-1,-2.159645128E0,3.190741051E0
3.083910500E0,-1.128612389E0,1.380293142E0,-1.148511560E0,2.120861591E0
3.093865500E0,-4.376390947E-1,2.197095374E0,7.959712341E-1,2.377462148E0
3.103820500E0,3.807483177E-1,2.840863878E0,-1.056707351E0,3.054849796E0
3.113776500E0,9.862494256E-1,-1.653393781E-1,-9.079155931E-1,1.350679741E0
3.123731500E0,-3.001111208E-1,-7.144274265E-1,-2.600728086E0,2.713716973E0
3.133686500E0,3.148862308E-1,-1.129194991E0,-1.956456723E0,2.280780036E0
3.143642500E0,5.690261766E-1,-1.559624907E0,-2.003321571E0,2.601829733E0
3.153597500E0,9.283340701E-1,-4.055482596E-1,-2.131705962E0,2.360178774E0
3.163552500E0,1.175699797E0,-1.202831317E0,-1.099275373E0,2.009348038E0
3.173508500E0,6.648030574E-1,-5.954149532E-1,-6.113521242E-1,1.081773309E0
3.183463500E0,1.831630948E0,6.376979238E-1,-6.321763980E-1,2.039896460E0
3.193418500E0,2.868291412E0,4.742928046E-1,1.272758753E0,3.173635791E0
3.203374500E0,2.667591582E0,-4.405777591E-1,5.262441462E-1,2.754466647E0
3.213329500E0,3.474409986E0,-1.154476597E0,3.579577714E-1,3.678651211E0
3.223285500E0,3.705693970E0,-2.167889702E0,1.715543836E-1,4.296666669E0
3.233240500E0,4.235819205E0,5.177358627E-2,6.705879271E-3,4.236140910E0
3.243195500E0,4.588184115E0,-2.385587972E-1,-1.598944509E-1,4.597163257E0
3.253151500E0,4.909385412E0,-9.619254470E-3,-3.076167530E-1,4.919022842E0
3.263106500E0,5.114870018E0,5.508539075E-1,4.465302247E-1,5.163789749E0
3.273061500E0,4.726302365E0,8.884721392E-1,1.299707108E0,4.981621760E0
3.283017500E0,2.727513556E0,1.087126613E0,2.127564964E-1,2.943881756E0
3.292972500E0,9.857701001E-1,9.436645925E-1,-8.532549441E-3,1.364667856E0
3.302927500E0,-1.757240331E-1,5.724605387E-1,-9.159531757E-1,1.094330948E0
3.312883500E0,-9.581881260E-1,1.321996987E-2,-9.859148186E-1,1.374891735E0
3.322838500E0,-1.564024937E0,6.753487301E-1,-1.435029513E0,2.227460351E0
3.332793500E0,-9.217148758E-1,8.033109516E-1,-8.464049309E-1,1.487033323E0
3.342749500E0,-1.237902478E0,1.011160172E0,-1.391494069E0,2.119222306E0
3.352704500E0,-1.493330930E0,9.581627637E-1,-1.174031441E0,2.127548583E0
3.362660500E0,-8.732484455E0,2.384030274E0,-2.874458763E0,9.497494316E0
3.372615500E0,-2.767447173E1,1.041396124E0,-4.938298724E0,2.813090269E1
3.382570500E0,-3.155829704E0,1.526688711E0,-4.759647574E0,5.911369094E0
3.392526500E0,1.556074244E1,1.598962051E-1,-4.469991714E-1,1.556798254E1
3.402481500E0,-2.248917785E0,-1.769793134E0,-8.584227133E-1,2.987756432E0
3.412436500E0,-7.629021598E-1,-2.534300208E-1,-1.068423709E0,1.337077299E0
3.422392500E0,-3.188540490E0,1.858016508E0,-6.648576558E-2,3.690993925E0
3.432347500E0,-2.402154304E0,2.710584989E0,1.087750511E0,3.781642164E0
3.442302500E0,-2.271273591E0,1.932471444E0,-4.260082519E-1,3.012409772E0
3.452258500E0,-2.304578016E0,-7.468707025E-2,-1.799239712E0,2.924708794E0
3.462213500E0,-2.602556803E0,-1.697692287E-1,-1.198514025E0,2.870289075E0
3.472168500E0,-2.066565933E0,-1.643441820E-1,-1.621119490E0,2.631678583E0
3.482124500E0,-2.111378117E0,-7.633013785E-1,-3.097680021E0,3.825724514E0
3.492079500E0,-1.568459904E0,-1.614395192E0,-3.798038754E0,4.414910722E0
3.502034500E0,-7.745930828E-2,-1.670606815E0,-4.049487446E0,4.381241336E0
3.511990500E0,6.517761187E-1,1.280750728E-1,-2.850572594E0,2.926940288E0
3.521945500E0,1.138718790E0,3.738875749E0,-5.816336507E-1,3.951476946E0
3.531901500E0,6.399074404E-1,4.707672259E0,-8.186236399E-1,4.820975451E0
3.541856500E0,8.504635564E-1,2.368279045E0,-1.687537428E0,3.029821193E0
3.551811500E0,9.257955015E-1,1.055445814E0,-1.089396502E0,1.777033460E0
3.561767500E0,4.605728978E-1,6.120976442E-1,-2.300271249E0,2.424466692E0
3.571722500E0,-2.900788336E-1,1.252344954E-1,-4.867079637E0,4.877324431E0
3.581677500E0,-9.937003863E-1,-1.806263387E-2,-5.522222729E0,5.610945605E0
3.591633500E0,-1.043305240E0,-6.096798205E-1,-4.310230579E0,4.476414073E0
3.601588500E0,-6.298196778E-1,1.793247485E-1,-1.960774891E0,2.067236892E0
3.611543500E0,-7.888490331E-1,2.952253920E0,1.117385370E-1,3.057870420E0
3.621499500E0,-1.580957743E0,4.497778852E0,1.577223857E0,5.021660789E0
3.631454833E0,-1.632478291E0,3.122195057E0,2.239539728E0,4.174760537E0
3.641409833E0,-3.364247420E-1,6.376143086E-1,7.044251794E-1,1.007942680E0
3.651365833E0,3.028879635E-2,-8.206292349E-1,-1.099681170E0,1.372460720E0
3.661320833E0,5.806692255E-1,-1.296155802E0,-2.495489314E0,2.871352213E0
3.671276833E0,7.123317844E-1,-1.357411818E0,-2.848146585E0,3.234489509E0
3.681231833E0,-7.902564579E-1,-1.365852274E0,-2.336942939E0,2.819815597E0
3.691186833E0,-9.074605335E-1,-1.695193772E0,-2.054197902E0,2.813697845E0
3.701142833E0,-2.023863425E0,-5.787556511E-1,-1.651852747E0,2.675742657E0
3.711097833E0,-2.914702224E0,1.720188864E0,-7.716778073E-1,3.471314654E0
3.721052833E0,-1.733478270E0,3.175519325E0,-7.055349809E-1,3.686007258E0
3.731008833E0,-2.002748837E0,5.011348574E0,-2.435714398E0,5.920922399E0
3.740963833E0,-1.532451142E0,5.762429856E0,-2.459409070E0,6.450015296E0
3.750918833E0,-4.073581190E-1,3.568532909E0,-4.974659050E-1,3.625995047E0
3.760874833E0,8.322043099E-1,2.089353409E0,4.236939240E-1,2.288553741E0
3.770829833E0,2.745332361E0,-9.445755887E-1,3.221405935E0,4.336649514E0
3.780784833E0,1.623800146E0,-4.673163747E0,2.311570701E0,5.460635990E0
3.790740833E0,2.842134916E-1,-4.854275404E0,-8.054463547E-1,4.928844777E0
3.800695833E0,1.005120583E0,-2.126477966E0,-1.302262634E0,2.688505885E0
3.810650833E0,1.762852927E-1,2.545059085E-1,-1.570836943E-1,3.471671772E-1
3.820606833E0,5.997517600E-1,1.759520161E0,-6.556974077E-1,1.971180474E0
3.830561833E0,-3.987238280E-2,1.024636835E0,-1.652845897E0,1.945088689E0
3.840516833E0,-7.322540521E-1,-1.217115480E0,-1.591654201E0,2.133290693E0
3.850472833E0,5.677454902E-1,-3.557479917E0,-4.727736980E-1,3.633388676E0
3.860427833E0,1.792670804E-1,-4.478376036E0,5.754054889E-1,4.518747624E0
3.870383833E0,-8.966520285E-1,-2.415231602E0,-3.344320840E-1,2.597917121E0
3.880338833E0,-1.316538465E0,-7.275193423E-1,4.893774515E-1,1.581786399E0
3.890293833E0,-9.614239752E-1,1.684441327E0,2.598310847E0,3.242359928E0
3.900249833E0,-4.277439248E-1,-5.902389979E-1,4.199269137E0,4.262066192E0
3.910204833E0,5.497490761E-1,1.476278111E0,5.143925418E0,5.379738824E0
3.920159833E0,1.362468198E0,3.183792551E0,8.813528033E0,9.469484199E0
3.930115833E0,3.219704980E-1,2.442893609E0,4.395243832E0,5.038805666E0
3.940070833E0,3.907851364E-1,7.122259498E-1,2.507646260E0,2.635956865E0
3.950025833E0,1.819889154E0,7.323947507E-1,1.655186245E0,2.566717770E0
3.959981833E0,2.476110472E0,-1.287803639E0,-3.624519414E-1,2.814415160E0
3.969936833E0,3.107569417E0,-4.741041734E0,-2.040962437E0,6.024947475E0
3.979891833E0,3.503432056E0,-5.015288427E0,-3.184613207E0,6.897022217E0
3.989847833E0,2.613727031E0,-2.472737798E0,-2.468451204E0,4.363399198E0
3.999802833E0,2.299031054E0,1.169709179E0,-1.026394216E0,2.776193156E0
4.009757833E0,1.876990723E0,2.713819084E0,6.675464979E-1,3.366530339E0
4.019713833E0,1.438611078E0,1.702533782E0,3.275567524E0,3.962015360E0
4.029668833E0,9.153495238E-1,-1.284216372E0,3.453922804E0,3.796927597E0
4.039623833E0,-1.580905556E0,-1.350436090E0,-6.591630524E-1,2.181154726E0
4.049579833E0,-2.149535877E0,-2.122815270E0,2.113255658E0,3.686827719E0
4.059534833E0,-1.152725283E0,3.896871024E-1,3.661139356E0,3.858053006E0
4.069490833E0,-7.969325895E-1,-4.766656047E-1,3.707827619E0,3.822341861E0
4.079445833E0,-8.661137753E-1,-2.039266745E0,1.482498963E0,2.665814154E0
4.089400833E0,-5.939481792E-1,-2.636752197E0,-1.559161808E0,3.120291995E0
4.099356833E0,-4.198790908E-1,-2.063169578E0,-1.220173866E0,2.433473119E0
4.109311833E0,2.368630316E-1,1.900902327E0,-7.739456499E-1,2.066041050E0
4.119266833E0,5.744844794E-1,2.212809182E0,2.396195406E0,3.311843794E0
4.129222833E0,-3.524811231E-3,2.327906359E0,6.695862991E-1,2.422293594E0
4.139177833E0,-8.888102545E-1,4.531071728E-1,-1.434616114E0,1.747401835E0
4.149132833E0,-1.338555863E0,-1.165359435E0,-2.220270814E0,2.842427993E0
4.159088833E0,-1.666718124E0,-9.478623086E-1,-2.589893780E0,3.222412459E0
4.169043833E0,-1.762092058E0,-6.058738679E-1,-2.851870092E0,3.406642715E0
4.178998833E0,-1.089358934E0,1.117505237E0,-7.360048217E-1,1.725463399E0
4.188954833E0,-1.317621077E0,3.065791646E0,9.189823258E-1,3.461174979E0
4.198909833E0,-8.545085871E-1,4.715709257E-1,-8.769537091E-2,9.799257837E-1
4.208864833E0,-7.332896671E-1,-7.134807622E-1,-1.164045566E0,1.549764696E0
4.218820833E0,-6.425545480E-2,-1.417512424E0,7.131088793E-1,1.588078874E0
4.228775833E0,4.548736532E-1,-1.386026922E0,1.687817217E0,2.230853564E0
4.238730833E0,1.747813523E-1,-5.522437906E-1,8.284604108E-1,1.010875055E0
4.248686833E0,3.252872580E-1,-9.522529829E-1,-8.225576466E-1,1.299691743E0
4.258641833E0,5.885647939E-1,-9.540048087E-1,1.400680044E-1,1.129669304E0
4.268597833E0,1.287573551E0,4.382575840E-1,3.147667575E0,3.428954144E0
4.278552833E0,8.321298310E-1,2.447176110E0,4.137864017E0,4.878834861E0
4.288507833E0,7.038473283E-1,2.336291267E0,2.446970288E0,3.455621729E0
4.298463833E0,2.526983331E-1,-1.020953089E-1,-5.949495149E-1,6.544041755E-1
4.308418833E0,4.339151127E-1,-2.564955990E0,-1.182771859E0,2.857661776E0
4.318373833E0,4.326559514E-1,-3.016082126E0,-8.536101624E-1,3.164268142E0
4.328329833E0,1.911189845E-1,-1.096905497E0,-3.976872629E-1,1.182321147E0
4.338284833E0,1.581105202E-1,3.851607728E-1,3.312096834E-2,4.176658426E-1
4.348239833E0,7.681675775E-1,-1.979358512E-1,-4.068498498E-1,8.915081764E-1
4.358195833E0,4.110212169E-1,4.598589528E-1,8.749416822E-1,1.070481968E0
4.368150833E0,6.435470398E-1,1.151952354E0,2.301675165E0,2.653084165E0
4.378105833E0,3.972637783E-1,1.360305020E0,1.679698358E0,2.197643017E0
4.388061833E0,3.762725665E-1,1.333026590E0,-2.259024990E-1,1.403414719E0
4.398016833E0,-4.775854814E-1,-4.376348555E-2,-1.049498026E0,1.153884415E0
4.407971833E0,-4.639475087E-1,-9.191618353E-1,-9.473343050E-1,1.399124032E0
4.417927833E0,9.734998276E-2,-9.148138458E-1,-1.110847598E0,1.442339688E0
4.427882833E0,-5.403002314E-1,-6.414699626E-1,-1.354025403E0,1.592731253E0
4.437837833E0,-2.539769182E-1,-4.926653409E-1,-2.247691916E0,2.315025348E0
4.447793833E0,-3.781674298E-1,-5.064378726E-1,-1.542351355E0,1.666834613E0
4.457748833E0,-7.058899800E-1,-6.568060398E-2,-9.504692897E-1,1.185743006E0
4.467703833E0,-8.526991662E-1,-5.606327909E-1,-8.405559611E-1,1.322096562E0
4.477659833E0,-6.730151063E-1,-1.142889170E0,-1.518346196E0,2.016065515E0
4.487614833E0,-5.382029448E-1,-2.176199180E-1,-2.422524249E0,2.491113120E0
4.497569833E0,-1.231561026E0,2.339259313E0,-3.663261895E0,4.517561777E0
4.507525833E0,-1.203715927E0,3.959833843E0,-2.906433384E0,5.057328456E0
4.517480833E0,4.536575055E-1,1.854532737E0,3.435630082E0,3.930477181E0
4.527436833E0,9.496617892E-1,1.180317782E0,4.821928607E0,5.054305400E0
4.537391833E0,5.709923394E-1,-7.513081545E-1,3.682156295E0,3.801153927E0
4.547346833E0,1.747487614E0,-4.042111183E0,4.401625191E0,6.226289433E0
4.557302833E0,8.119139600E-1,-2.759216866E0,9.759043854E-1,3.037247333E0
4.567257833E0,-4.446553150E-1,-1.935198001E0,1.755424478E0,2.650325405E0
4.577212833E0,-3.446860537E-3,1.066771871E0,2.052655115E0,2.313310858E0
4.587168833E0,7.661660025E-1,1.717533644E0,2.195497330E0,2.890871960E0
4.597123833E0,5.331113721E-1,1.287235290E0,-1.467012613E0,2.023192634E0
4.607078833E0,-1.111718778E-1,-3.050661975E-1,-2.607129033E0,2.627269755E0
4.617034833E0,-1.860104366E-2,-6.765111566E-1,-1.547150458E0,1.688694135E0
4.626989833E0,-1.320558755E-1,-1.332796794E-1,-2.800161409E-1,3.370627039E-1
4.636944333E0,-5.912321475E-1,7.732738048E-1,-1.370451109E0,1.680965220E0
4.646900333E0,-6.709263347E-2,9.556449527E-1,-2.137187142E0,2.342077620E0
4.656855333E0,2.839843173E-1,2.103383803E-1,-2.035896994E0,2.066341186E0
4.666810333E0,-2.383631165E-2,-9.977688789E-2,-2.826215433E0,2.828076603E0
4.676766333E0,9.319623954E-2,-1.083751600E0,-3.258478451E0,3.435241606E0
4.686721333E0,4.949531371E-1,-8.550360060E-1,-2.608952780E0,2.789749054E0
4.696676333E0,7.134474331E-1,-3.606170851E-1,-1.433964150E0,1.641738440E0
4.706632333E0,3.014186861E-1,1.153766745E-1,-1.268915086E0,1.309316805E0
4.716587333E0,3.925617398E-1,8.011913359E-2,-1.859025445E0,1.901709600E0
4.726542333E0,9.897702534E-2,-2.697156858E-1,-1.300491220E0,1.331848496E0
4.736498333E0,-2.021117316E-1,-2.058453798E-2,-1.398739061E0,1.413415663E0
4.746453333E0,-6.509125946E-2,-4.843248725E-3,-2.136759710E-1,2.234228048E-1
4.756408333E0,2.833800258E-1,1.476017325E0,2.866862352E0,3.236947811E0
4.766364333E0,6.178507197E-1,1.726907900E0,3.160786388E0,3.654383806E0
4.776319333E0,9.509687150E-1,2.326581965E0,2.573021640E0,3.596910549E0
4.786275333E0,6.944078026E-1,3.059684229E0,2.253893181E0,3.863146936E0
4.796230333E0,-5.146171041E-2,9.714593321E-1,-6.231021041E-1,1.155265240E0
4.806185333E0,-2.733474828E-1,-7.676669097E-1,-1.633291931E0,1.825287337E0
4.816141333E0,-5.930897714E-1,-2.059705102E0,-7.756445584E-1,2.279422091E0
4.826096333E0,-6.807893450E-1,-2.425753666E0,-1.400370727E0,2.882497728E0
4.836051333E0,-1.420715236E0,-1.620761055E0,-2.836341349E0,3.562320933E0
4.846007333E0,-8.882801313E-1,-5.242636943E-1,-8.525544477E-1,1.338186496E0
4.855962333E0,-1.399596409E0,3.832756305E-1,1.442991374E0,2.046458996E0
4.865917333E0,-1.102015890E0,2.243076709E0,2.252242219E-1,2.509294342E0
4.875873333E0,-3.184422150E-1,1.819315542E0,5.043667889E-1,1.914601876E0
4.885828333E0,-2.667656194E-1,2.311739978E0,-2.569424433E-1,2.341222979E0
4.895783333E0,1.145263067E-1,9.897722268E-1,-5.270498925E-1,1.127185400E0
4.905739333E0,5.136848021E-1,-4.709002501E-1,-1.973266591E0,2.092701641E0
4.915694333E0,6.634180713E-1,-1.013630036E0,-2.137880622E0,2.457255164E0
4.925649333E0,2.389035637E-1,-2.981150275E-1,-1.733012393E0,1.774620928E0
4.935605333E0,1.207700732E-1,1.534952581E-2,-2.425711274E0,2.428764337E0
4.945560333E0,-2.680770037E-1,1.046359241E-2,-1.178313357E0,1.208468921E0
4.955515333E0,7.900797989E-2,1.319432983E0,4.462331861E-1,1.395087708E0
4.965471333E0,-1.242993429E-1,1.355650052E0,4.362236300E-1,1.429520355E0
4.975426333E0,4.273329752E-1,1.360782153E0,-1.187103768E0,1.855682326E0
4.985381333E0,4.495196868E-1,4.937628633E-1,-9.177149418E-1,1.134931905E0
4.995337333E0,5.558404130E-1,-1.835107702E-1,-7.518712413E-1,9.528615487E-1
5.005292333E0,7.770527141E-1,-1.045789722E0,-6.053341699E-1,1.436633746E0
5.015247333E0,9.628428751E-1,-3.280440009E-1,-5.415720373E-2,1.018632550E0
5.025203333E0,5.744034223E-1,8.664860237E-1,2.650601327E-2,1.039923021E0
5.035158333E0,5.310573183E-1,4.879098004E-1,-8.737377405E-2,7.264379017E-1
5.045113333E0,-4.531811401E-2,4.333704811E-1,-2.429640895E-1,4.988940310E-1
5.055069333E0,8.541210629E-3,6.876465940E-1,4.436878932E-1,8.184068286E-1
5.065024333E0,-2.659107930E-1,8.115444160E-1,-1.874313283E-1,8.743245345E-1
5.074979333E0,-1.323768145E-1,8.473843396E-2,-6.035881913E-1,6.237170255E-1
5.084935333E0,3.315296357E-2,-2.267556077E-1,2.044169050E-1,3.070887424E-1
5.094890333E0,1.628635391E-1,-2.515647590E-2,1.228292432E0,1.239298059E0
5.104845333E0,2.074558857E-1,2.418981421E-1,8.660217547E-1,9.227926828E-1
5.114801333E0,3.071898697E-2,6.471943867E-1,-3.780488044E-1,7.501500709E-1
5.124756333E0,1.262032694E-1,6.337036908E-2,-9.220603001E-1,9.328120207E-1
5.134712333E0,-4.644621733E-1,-7.964749718E-1,-1.398506634E0,1.675087549E0
5.144667333E0,-4.785271389E-1,-1.670271769E0,-1.323019665E0,2.183844555E0
5.154622333E0,-4.599714020E-1,-1.322989844E0,-4.759273937E-1,1.479318324E0
5.164578333E0,-7.909054989E-1,-2.246324837E-1,-6.713454339E-1,1.061459350E0
5.174533333E0,-7.723083564E-1,7.084375387E-1,5.299036261E-1,1.174368680E0
5.184488333E0,-6.649339619E-1,1.575711182E0,2.499621542E0,3.028714373E0
5.194444333E0,-3.847559262E-1,1.533041711E0,2.330042932E0,2.815555731E0
5.204399333E0,-2.761104932E-1,9.461163300E-1,1.123657678E0,1.494650358E0
5.214354333E0,-1.325461645E-1,5.228931069E-2,9.526020616E-1,9.631995357E-1
5.224310333E0,-3.268161587E-1,-8.052604133E-1,7.905540812E-1,1.174831430E0
5.234265333E0,-4.228628153E-1,-1.212366371E0,-1.974666122E-1,1.299091314E0
5.244220333E0,-3.939706995E-1,-1.238074824E0,-6.599734765E-1,1.457260159E0
5.254176333E0,-2.284335942E-1,-4.937242717E-1,7.863394082E-2,5.496624965E-1
5.264131333E0,-4.305919939E-1,-7.661606669E-3,3.946051955E-2,4.324642159E-1
5.274086333E0,-6.614430280E-1,-4.014785975E-1,-1.089054440E0,1.335938441E0
5.284042333E0,-1.732769734E-1,-7.053829533E-1,-1.183414175E0,1.388545689E0
5.293997333E0,-2.516952250E-1,-9.402720380E-1,-1.248891881E0,1.583411798E0
5.303952333E0,-8.168566662E-2,-1.458912465E0,-8.737561592E-1,1.702512248E0
5.313908333E0,1.805263879E-3,-1.392254791E0,3.738797396E-1,1.441583408E0
5.323863333E0,-3.825711141E-1,-2.537539566E-1,7.246963066E-1,8.578673934E-1
5.333818333E0,-5.869613412E-1,1.192395206E0,5.535266697E-3,1.329044989E0
5.343774333E0,-3.928212466E-2,1.558794603E0,1.121642727E0,1.920798299E0
5.353729333E0,3.834093855E-1,8.849252182E-1,3.028512430E0,3.178361675E0
5.363684333E0,-2.168741604E-1,-1.762163687E-1,5.709966883E-1,6.357073447E-1
5.373640333E0,-4.844955381E-1,-1.749353022E0,-1.791045131E0,2.550061683E0
5.383595333E0,5.398351219E-1,-2.542040167E0,-5.622767356E-1,2.658861655E0
5.393550333E0,6.161116116E-1,-1.923236352E0,8.291664621E-1,2.183105266E0
5.403506333E0,2.522503999E-1,-5.881924725E-1,1.369399487E0,1.511573883E0
5.413461333E0,2.244165753E-1,-1.699499077E-1,1.325631616E0,1.355191851E0
5.423416333E0,-8.518338880E-2,4.290224916E-1,7.771183491E-2,4.442472704E-1
5.433372333E0,-2.134687329E-2,6.087325716E-1,-1.050856627E0,1.214623680E0
5.443327333E0,2.225709017E-1,4.821187180E-1,2.087070072E-1,5.705566399E-1
5.453282333E0,2.860076001E-1,1.235329556E-1,3.452640510E-1,4.650462378E-1
5.463238333E0,1.974652417E-1,-1.231478580E0,-8.164759576E-2,1.249879332E0
5.473193333E0,3.561890800E-2,-9.091642660E-1,-6.015095061E-1,1.090716304E0
5.483148333E0,1.716311649E-1,-1.876313031E-1,-8.225453675E-1,8.609550768E-1
5.493104333E0,1.158805583E0,8.313764173E-1,5.371696687E-1,1.523997500E0
5.503059333E0,7.190464345E-1,1.993884165E0,1.467300296E0,2.577900696E0
5.513015333E0,4.673298306E-1,1.589155685E0,7.098575351E-1,1.802140584E0
5.522970333E0,5.108751053E-1,4.662996608E-1,-1.585063219E-1,7.096146849E-1
5.532925333E0,1.643805809E-1,-1.430100310E-1,-1.129274221E0,1.150101348E0
5.542881333E0,5.092367521E-3,-1.106372139E0,-2.012328330E0,2.296421248E0
5.552836333E0,1.932110452E-1,-1.456938445E0,-1.645338365E0,2.206159213E0
5.562791333E0,-9.738026038E-2,-1.187460741E0,-1.471306223E0,1.893221574E0
5.572747333E0,-2.323375791E-1,-6.334347188E-1,-1.105948216E0,1.295508298E0
5.582702333E0,-1.914403621E-1,3.117659372E-1,1.103966010E-1,3.821450266E-1
5.592657333E0,-1.423178394E-1,1.327597450E0,9.321865082E-1,1.628416729E0
5.602613333E0,-4.296544111E-2,1.497307622E0,8.550611490E-1,1.724791498E0
5.612568333E0,-7.910614916E-2,2.323208706E0,1.994613898E-1,2.333096938E0
5.622523333E0,-3.893129172E-2,1.410547805E0,-3.864120770E-1,1.463036244E0
5.632479208E0,3.447838118E-2,-2.207744908E-1,-4.632281184E-1,5.143057692E-1
5.642434208E0,-1.582643020E-1,-1.317315706E0,-6.378446889E-1,1.472146088E0
5.652389208E0,-3.071646170E-1,-1.660192339E0,-7.774048626E-1,1.858748779E0
5.662345208E0,-3.020124343E-1,-8.493782401E-1,-1.149372563E0,1.460723175E0
5.672300208E0,2.901242226E-2,8.534467328E-1,-1.341962305E-1,8.644198486E-1
5.682255208E0,-4.521988079E-2,1.623966499E0,5.772321591E-1,1.724096573E0
5.692211208E0,-2.730211534E-1,5.386665559E-1,-1.253438383E-1,6.167765288E-1
5.702166208E0,-3.176396481E-1,-5.398944712E-1,-6.191151801E-1,8.807295795E-1
5.712121208E0,-2.201948673E-1,-7.225837076E-1,-5.055613750E-1,9.089583588E-1
5.722077208E0,-8.983199833E-2,-8.756205440E-2,-1.910273659E-1,2.285352398E-1
5.732032208E0,-4.664486186E-1,8.551675683E-1,9.025089651E-2,9.782796676E-1
5.741987208E0,-4.722152523E-1,1.230735399E0,-5.571811795E-2,1.319394322E0
5.751943208E0,-3.250756618E-1,7.132310861E-1,-3.119866696E-1,8.436281468E-1
5.761898208E0,-1.016941899E-1,3.727354395E-1,1.656603903E-1,4.203769511E-1
5.771853208E0,1.845993025E-1,-1.736032480E-1,9.394689229E-1,9.730451415E-1
5.781809208E0,3.133399346E-1,3.176406348E-1,1.131316361E0,1.216122607E0
5.791764208E0,1.019691735E-1,9.318257350E-1,8.691254568E-1,1.278309811E0
5.801719208E0,2.975448327E-1,1.636908726E0,9.239308244E-1,1.903063655E0
5.811675208E0,3.324457117E-1,1.987678515E0,5.222037202E-1,2.081845997E0
5.821630208E0,2.285626166E-1,9.115113384E-1,2.983904314E-1,9.859668550E-1
5.831585208E0,-7.137032853E-2,-1.380738115E-1,-5.527916747E-1,5.742270778E-1
5.841541208E0,-2.168353130E-1,-6.977657855E-1,-2.067621648E0,2.192932722E0
5.851496208E0,-4.412471192E-1,-1.895105982E-1,-2.168472669E0,2.221010357E0
5.861451208E0,-4.194441676E-1,2.488750398E-1,-1.355225544E0,1.440315407E0
5.871407208E0,-3.461393426E-1,6.745809907E-1,-4.537234694E-1,8.835932006E-1
5.881362208E0,-4.849227503E-1,1.099229180E0,-3.715721360E-1,1.257585272E0
5.891317208E0,-7.136364444E-1,8.990275329E-1,-1.688935497E0,2.042065276E0
5.901273208E0,-7.436466209E-1,-3.320113367E-1,-2.477304181E0,2.607734233E0
5.911228208E0,-2.190140769E-1,-1.458977369E0,-2.061395532E0,2.534942538E0
5.921183208E0,-1.870395100E-1,-1.902930141E0,-1.809371767E0,2.632480407E0
5.931139208E0,-3.353951204E-1,-1.333859233E0,-1.410758890E0,1.970256579E0
5.941094208E0,-5.518613827E-1,-2.000847030E-1,-6.752393872E-1,8.947251556E-1
5.951049208E0,-4.331326091E-1,1.287056950E0,-6.342691165E-1,1.498805111E0
5.961005208E0,-4.341127121E-1,1.659544467E0,-5.068752444E-1,1.788704615E0
5.970960208E0,-4.928607110E-1,1.666361736E0,-9.649861720E-1,1.987679911E0
5.980915208E0,-1.454121951E-1,6.313267976E-1,-1.228698814E0,1.389035279E0
5.990871208E0,2.411842336E-1,-1.078483844E-1,-1.123688668E0,1.154329819E0
6.000826208E0,1.973208155E-1,-1.063524327E0,-1.358684757E0,1.736676069E0
6.010781208E0,3.811987726E-1,-1.330083686E-1,-3.651328897E-1,5.443581151E-1
6.020737208E0,2.373860102E-1,1.006132151E0,-1.127429424E0,1.529624506E0
6.030692208E0,3.888762398E-1,9.287068301E-1,-1.153514730E0,1.531116370E0
6.040647208E0,7.700937966E-1,5.825136566E-1,-8.363389492E-2,9.692065023E-1
6.050603208E0,7.265582062E-1,-9.217743713E-1,-9.511899590E-1,1.510733979E0
6.060558208E0,2.551362383E-1,-2.026986423E0,-2.233003711E0,3.026561420E0
6.070513208E0,4.005416908E-1,-1.579303127E0,-1.932835726E0,2.527941050E0
6.080469208E0,3.937154320E-1,-2.177532345E-1,-9.579288751E-1,1.058327002E0
6.090424208E0,3.456466050E-1,1.331586421E0,2.760046586E-1,1.403129553E0
6.100379208E0,1.605629156E-1,2.112154627E0,1.310876167E0,2.491058800E0
6.110335208E0,-6.682980113E-2,1.824316666E0,4.482282561E-1,1.879762242E0
6.120290208E0,1.942991389E-2,7.062103343E-1,-8.824997932E-2,7.119681290E-1
6.130245208E0,-1.207114000E-1,-1.167554480E-1,-1.042569076E0,1.056008217E0
6.140201208E0,-4.340589177E-3,-1.292076200E0,-1.124166970E0,1.712667838E0
6.150156208E0,3.489458234E-1,-1.442501085E0,-7.102519298E-1,1.645305556E0
6.160111208E0,3.166762827E-1,-1.269590147E0,1.132079422E-2,1.308537799E0
6.170067208E0,3.064035836E-1,4.834314179E-1,2.767855543E-1,6.357667300E-1
6.180022208E0,1.638923019E-1,9.164516509E-1,-1.433827910E-1,9.419675895E-1
6.189977208E0,2.191202039E-2,6.734466308E-1,5.065863919E-1,8.429948242E-1
6.199933208E0,9.509902401E-2,8.189861673E-1,1.469128428E0,1.684672224E0
6.209888208E0,2.044982362E-1,3.027080154E-1,9.826242980E-1,1.048333049E0
6.219843208E0,5.153728567E-2,-3.678968686E-1,5.946030673E-1,7.011112646E-1
6.229799208E0,-2.620103530E-1,-4.316543233E-1,-3.512475067E-1,6.151013664E-1
6.239754208E0,-6.669149620E-2,-3.443372673E-1,-4.626597691E-1,5.805772741E-1
6.249709208E0,4.038890756E-1,4.914415187E-1,8.892287689E-1,1.093329299E0
6.259665208E0,2.314170629E-1,8.597804368E-1,6.279269341E-1,1.089526728E0
6.269620208E0,3.347466276E-1,7.107097667E-1,9.934574345E-1,1.266539124E0
6.279575208E0,2.261553545E-1,8.874383515E-1,1.215877039E0,1.522185944E0
6.289531208E0,4.161228029E-1,6.419517732E-1,1.365194462E0,1.564933285E0
6.299486208E0,3.955778798E-1,2.678995407E-1,2.338143372E0,2.386454787E0
6.309441208E0,8.100038208E-3,-8.221477568E-2,2.023212337E0,2.024898279E0
6.319397208E0,-3.249625913E-1,-7.440634543E-1,2.485858950E-1,8.491325320E-1
6.329352208E0,-1.340385566E-1,-1.061454998E0,3.994537067E-1,1.142022903E0
6.339307208E0,-2.829498169E-1,-5.138416171E-1,1.937460873E0,2.024314314E0
6.349263208E0,-6.016628493E-1,-1.415669382E-2,1.768079900E0,1.867700492E0
6.359218208E0,-7.460330158E-1,1.478000700E-2,7.858710462E-1,1.083686768E0
6.369173208E0,-8.473395353E-1,-5.070003748E-2,3.471807683E-1,9.171091907E-1
6.379129208E0,-6.564560109E-1,-4.159188813E-1,8.403282121E-1,1.144584865E0
6.389084208E0,-1.014120910E0,-9.109728098E-1,-9.901867944E-1,1.684868709E0
6.399039208E0,-8.708691696E-1,-1.701257919E0,-1.230755280E0,2.273202625E0
6.408995208E0,-5.295732585E-1,-1.466182308E0,-2.569997460E-1,1.579932678E0
6.418950208E0,-6.373484065E-1,-6.348842436E-1,6.414302015E-1,1.104863656E0
6.428905208E0,-9.451469348E-1,-3.472310543E-2,-6.051768798E-1,1.122830120E0
6.438861208E0,-3.273667837E-2,4.811796552E-1,5.560646537E-1,7.360797849E-1
6.448816208E0,1.155173183E-1,5.309669423E-1,2.233912368E0,2.299050807E0
6.458771208E0,4.801565386E-2,4.932600027E-1,1.166240610E0,1.267173269E0
6.468727208E0,-2.460530456E-1,8.928113580E-3,-9.980884293E-1,1.028008913E0
6.478682208E0,-8.975457754E-3,-8.614199960E-1,-8.393707305E-1,1.202775204E0
6.488637208E0,-1.507778012E-1,-1.261637349E0,4.810445845E-2,1.271525377E0
6.498593208E0,-2.777006253E-1,-1.019145130E0,3.294128340E-1,1.106475146E0
6.508548208E0,-1.046738214E-1,-8.168086642E-1,3.987397617E-1,9.149461188E-1
6.518503208E0,1.645819444E-2,1.125805360E-1,1.161009107E0,1.166570784E0
6.528459208E0,-3.531014396E-1,-1.427644479E-1,-9.539732337E-2,3.926359172E-1
6.538414208E0,-4.207300800E-1,-1.085979390E0,-1.853987777E0,2.189437305E0
6.548369208E0,-5.739773065E-2,-1.350357737E0,-1.473495421E0,1.999487252E0
6.558325208E0,-6.678213901E-1,-1.012025560E0,-1.613542668E0,2.018341171E0
6.568280208E0,-6.332501661E-1,-8.523714298E-1,-9.651545718E-1,1.434944659E0
6.578235208E0,-4.075572898E-1,-5.785469055E-2,2.532604516E-1,4.833124931E-1
6.588191208E0,-2.707616248E-1,1.104495767E0,1.785742584E0,2.117096912E0
6.598146208E0,-4.631732642E-1,2.425986385E0,1.719583678E0,3.009469628E0
6.608101208E0,-4.263001741E-1,1.775949082E0,7.177539074E-1,1.962370417E0
6.618057208E0,-1.447385593E-1,7.947599834E-1,3.525683928E-1,8.814176952E-1
6.628012208E0,-4.135533171E-1,1.275312817E-1,-7.035176915E-1,8.259707720E-1
6.637967375E0,-3.805946821E-1,-2.002669607E0,-9.259451902E-1,2.238953408E0
6.647923375E0,-4.454166225E-1,-2.942583210E0,-1.158228171E0,3.193537915E0
6.657878375E0,-4.629505219E-1,-1.873575949E0,-1.370666871E0,2.367137025E0
6.667833375E0,-3.178537658E-1,1.996882617E-2,-1.699280975E0,1.728868302E0
6.677789375E0,-2.716094163E-1,1.627201179E0,-1.048853663E0,1.954903925E0
6.687744375E0,-8.089005243E-2,1.136756610E0,5.268306220E-1,1.255511567E0
6.697699375E0,-1.412733805E-1,9.722147924E-1,1.188385186E0,1.541888167E0
6.707655375E0,-1.325854139E-1,1.077079927E0,-8.117186630E-1,1.355200077E0
6.717610375E0,-8.639474002E-2,1.919366080E-1,-2.085669664E0,2.096263738E0
6.727565375E0,-4.402140623E-1,-2.767721057E-1,-1.642414464E0,1.722764201E0
6.737521375E0,5.037906189E-2,-5.476741916E-1,-7.364345920E-1,9.191414354E-1
6.747476375E0,7.713648716E-2,-8.776933819E-1,-4.347299588E-1,9.824896169E-1
6.757431375E0,1.124506090E-1,-6.234108371E-1,-1.132639586E0,1.297751379E0
6.767387375E0,1.224200843E-1,-3.003474945E-1,-1.873508706E0,1.901375861E0
6.777342375E0,5.563611441E-1,5.511334044E-1,5.869318128E-2,7.853219987E-1
6.787297375E0,9.337069304E-1,1.589931611E0,2.204666349E0,2.874064173E0
6.797253375E0,3.893616318E-1,1.873981161E0,1.183054864E0,2.250117038E0
6.807208375E0,1.651341043E-1,1.671847009E0,-4.296475589E-1,1.734052686E0
6.817163375E0,2.079661284E-1,3.546394765E-1,-7.420058191E-1,8.482875128E-1
6.827119375E0,3.060103401E-1,-3.718577725E-1,-4.504086828E-1,6.593849504E-1
6.837074375E0,2.389150206E-1,-6.448134005E-1,-1.110767491E0,1.306395471E0
6.847029375E0,4.565026327E-2,-7.127925450E-1,-1.020211077E0,1.245386607E0
6.856985375E0,2.835372428E-2,7.452100933E-2,-1.024799387E0,1.027896444E0
6.866940375E0,2.126347646E-1,3.784341359E-1,-8.169823265E-1,9.251411029E-1
6.876895375E0,4.316011502E-1,1.764793180E0,7.091169852E-1,1.950287522E0
6.886851375E0,5.763085183E-1,2.355675956E0,1.214904647E0,2.712440602E0
6.896806375E0,2.863142500E-1,2.026463097E0,3.301878825E-1,2.073053924E0
6.906761375E0,4.186115241E-1,8.695055258E-1,2.281449062E-1,9.916277355E-1
6.916717375E0,2.227290688E-1,6.290434599E-2,-4.300320134E-1,4.883571719E-1
6.926672375E0,8.809930388E-2,-5.896916986E-3,-1.119469317E0,1.122946042E0
6.936627375E0,3.926766742E-1,-2.785473204E-1,-3.435274279E-1,5.914344206E-1
6.946583375E0,4.413059933E-2,-1.171197295E-1,-8.065590799E-1,8.162120375E-1
6.956538375E0,8.168658938E-2,-3.369557422E-1,-1.195372024E0,1.244638962E0
6.966493375E0,1.453020299E-1,-3.483730155E-1,-1.532818347E0,1.578609681E0
6.976449375E0,3.202782407E-1,-6.700412124E-1,-1.843151424E0,1.987143817E0
6.986404375E0,3.548662023E-1,-3.877440727E-1,-1.192284401E0,1.303003293E0
6.996359375E0,4.407139993E-1,2.019107884E-1,6.024327815E-2,4.884936522E-1
7.006315375E0,5.780806632E-1,9.672733104E-1,9.053422335E-1,1.445489353E0
7.016270375E0,4.427738272E-1,1.269529921E0,1.269086994E0,1.848874436E0
7.026225375E0,8.661696893E-1,1.196723900E0,1.567130686E0,2.153670497E0
7.036181375E0,4.630743366E-1,1.450553870E-1,-7.912931693E-1,9.282369236E-1
7.046136375E0,3.279307111E-1,-7.568858135E-1,-2.685630242E0,2.809452702E0
7.056091375E0,3.892741794E-1,-7.311785299E-1,-6.548150629E-1,1.055906812E0
7.066047375E0,7.895531841E-3,-2.521594208E-1,-8.365792698E-1,8.737915012E-1
7.076002375E0,1.612310696E-1,1.696657330E-1,-9.327285451E-1,9.616467426E-1
7.085957375E0,5.226733978E-1,5.092807889E-1,-7.386980492E-1,1.038378164E0
7.095913375E0,8.593356098E-1,3.816126823E-2,-8.902257192E-1,1.237907833E0
7.105868375E0,6.066584911E-1,-1.201394071E0,-1.477516551E0,1.998608865E0
7.115823375E0,4.703454589E-1,-1.510410063E0,-1.434987705E0,2.135826098E0
7.125779375E0,4.737329337E-1,-1.207123173E0,-4.642867568E-1,1.377363946E0
7.135734375E0,3.880336926E-1,-6.154966307E-1,-9.324908558E-1,1.182770242E0
7.145689375E0,1.846377114E-1,-4.204878956E-1,-4.886342704E-1,6.705703580E-1
7.155645375E0,3.070961315E-1,-2.062593627E-1,5.788167545E-1,6.869350726E-1
7.165600375E0,3.696958741E-1,5.701543969E-1,1.083337618E0,1.278816433E0
7.175555375E0,6.162651741E-1,1.861829478E0,1.572064859E0,2.513479598E0
7.185511375E0,1.003319568E0,2.834862295E0,3.352681189E0,4.503727960E0
7.195466375E0,8.943374082E-1,3.379378406E0,4.324966148E0,5.561058351E0
7.205421375E0,-2.192957665E-1,1.622994692E0,8.543235227E-1,1.847179224E0
7.215377375E0,-8.067158584E-1,-1.447817958E0,-3.931433331E0,4.266513255E0
7.225332375E0,-5.948342516E-1,-2.964895016E0,-4.539524171E0,5.454512805E0
7.235287375E0,-1.259182688E0,-3.271596680E0,-3.012729918E0,4.622275136E0
7.245243375E0,-6.443410186E-1,-2.228798393E0,-1.875181594E0,2.983123135E0
7.255198375E0,-8.955231870E-2,-3.482426226E-2,8.640079737E-2,1.292185931E-1
7.265153375E0,-1.657916602E-1,1.746973790E0,2.265215437E0,2.865415375E0
7.275109375E0,-2.269864997E-1,9.885384643E-1,2.626837658E0,2.815849295E0
7.285064375E0,-1.886694579E-1,1.160955312E0,-3.200765848E-3,1.176190310E0
7.295019375E0,-1.235778330E-1,-7.840116316E-1,8.127328625E-1,1.135993145E0
7.304975375E0,7.554653786E-2,3.513504177E-1,1.274372585E0,1.324076992E0
7.314930375E0,-5.654426557E-2,6.847475445E-1,1.983378473E0,2.099015631E0
7.324885375E0,-3.778307398E-1,9.380881029E-1,8.061895359E-1,1.293331715E0
7.334841375E0,-2.865483579E-1,1.108649629E-1,-1.027727381E0,1.072671697E0
7.344796375E0,-2.973209391E-1,-9.811791587E-1,-1.632568630E0,1.927794754E0
7.354751375E0,4.757669608E-1,-5.151876462E-1,1.293290082E-1,7.130908105E-1
7.364707375E0,3.966094018E-1,4.318466967E-1,3.208884707E0,3.262013435E0
7.374662375E0,7.055159774E-1,1.163218185E0,4.185129400E0,4.400697381E0
7.384617375E0,3.498476102E-1,1.353975994E0,2.675912170E0,3.019296323E0
7.394573375E0,-3.584283809E-2,4.508098018E-1,-5.242060992E-1,6.923194500E-1
7.404528375E0,-2.841410044E-1,-1.474221645E0,-2.116386257E0,2.594832626E0
7.414483375E0,-1.864510609E-1,-2.619274285E0,-2.196833419E0,3.423658693E0
7.424438375E0,-4.215403944E-1,-2.516269734E0,-1.552629883E0,2.986631754E0
7.434394375E0,-1.468293226E-1,-9.488171589E-1,-7.069809973E-2,9.627102744E-1
7.444349375E0,1.476267458E-1,9.049273735E-1,2.041390454E0,2.237847669E0
7.454304375E0,-1.166304912E-1,1.682150388E0,2.847875859E0,3.309626792E0
7.464260375E0,-4.093699632E-1,2.447759078E0,9.876391625E-1,2.671055856E0
7.474215375E0,-1.906445378E-1,9.404492086E-1,1.640484298E0,1.900520662E0
7.484170375E0,-1.910199838E-1,2.781742680E-1,8.530245638E-1,9.173442451E-1
7.494126375E0,-5.009072106E-1,-1.638658798E-1,-1.007954729E-1,5.365815759E-1
7.504081375E0,-8.423269366E-1,-1.072139615E0,-1.374696187E0,1.936178615E0
7.514036375E0,-5.447257331E-1,-1.471008015E0,-2.291401023E0,2.776888430E0
7.523992375E0,-4.607652346E-1,-1.373247832E0,-1.032017775E0,1.778531669E0
7.533947375E0,-5.273577119E-1,-1.332305628E-1,-1.824185103E-1,5.737011871E-1
7.543902375E0,-9.373304134E-2,-4.985008621E-1,-8.497708806E-1,9.896461702E-1
7.553858375E0,-2.218725979E-1,-6.438088489E-1,-1.668862005E0,1.802447690E0
7.563813375E0,-5.058131707E-1,-9.482488096E-1,-2.217897429E0,2.464567259E0
7.573768375E0,-1.295782275E-2,-7.772347087E-1,-5.972071248E-1,9.802642743E-1
7.583724375E0,-2.743420211E-1,1.398566276E-1,5.074357000E-1,5.935607892E-1
7.593679375E0,-5.865825878E-1,9.407105792E-1,-5.714483857E-2,1.110081555E0
7.603634375E0,-8.392208956E-1,1.051846268E0,-1.447129156E0,1.976070616E0
7.613590375E0,-3.854410006E-1,1.431449847E0,-1.988239263E0,2.480062257E0
7.623545375E0,-3.342606509E-1,1.454695453E0,-1.617685420E0,2.201084996E0
7.633500375E0,4.992947678E-1,6.617978078E-1,9.123378423E-1,1.232733524E0
7.643456333E0,1.161348391E0,7.064231730E-1,2.107847568E0,2.508143767E0
7.653411333E0,1.240239756E0,-2.599672079E-2,2.977734332E0,3.225797922E0
7.663366333E0,1.584375587E0,-1.195276714E0,2.159059237E0,2.932655658E0
7.673322333E0,7.246619542E-1,-1.174082311E0,-8.607247621E-1,1.626176909E0
7.683277333E0,1.428723144E0,-1.334446878E0,-2.082705125E0,2.856511672E0
7.693232333E0,1.260040036E0,4.293417495E-1,-3.067116040E-1,1.366055357E0
7.703188333E0,6.530247185E-1,1.176377928E0,-3.825248480E-3,1.345481678E0
7.713143333E0,-3.161825219E-1,9.534540009E-1,-1.138037735E-1,1.010938781E0
7.723098333E0,-6.362177011E-1,1.511222826E0,-1.804859471E0,2.438459575E0
7.733054333E0,-8.432932620E-1,-4.380459148E-1,-6.311525506E-1,1.140781001E0
7.743009333E0,-1.613207147E-1,2.952960849E-2,-1.235164665E0,1.246004864E0
7.752964333E0,-9.542381857E-4,3.349244195E-1,1.261350836E0,1.305059848E0
7.762920333E0,1.550726907E-1,1.989757785E0,2.995242650E0,3.599258551E0
7.772875333E0,1.400850984E-1,1.418408217E0,6.205673361E-1,1.554544797E0
7.782830333E0,3.976492925E-1,-1.226704329E0,-2.531200891E0,2.840758072E0
7.792786333E0,6.875487994E-1,-2.780149899E0,-3.571810565E0,4.578186052E0
7.802741333E0,6.402853898E-1,-3.851720579E0,-3.762920962E0,5.422664563E0
7.812696333E0,7.284013948E-1,-2.482641227E0,-3.534011824E0,4.379876212E0
7.822652333E0,1.506919202E-1,-1.249768671E0,-2.214205789E0,2.547025140E0
7.832607333E0,3.982155223E-1,-1.424134980E0,-6.086358002E-1,1.599116500E0
7.842562333E0,5.065168831E-1,-1.486638207E0,-5.705897221E-1,1.670995255E0
7.852518333E0,3.865256226E-3,-3.228984511E-1,-6.166596419E-1,6.960944360E-1
7.862473333E0,1.161235650E-1,1.177948490E0,2.093044757E0,2.404554778E0
7.872428333E0,3.915117261E-1,2.470296586E0,3.114762661E0,3.994670586E0
7.882383333E0,1.112062119E-1,2.120424344E0,5.137293506E-1,2.184601581E0
7.892339333E0,7.003353444E-1,3.924337735E0,3.049912654E0,5.019249292E0
7.902294333E0,8.414034420E-1,4.773065765E0,3.573753303E0,6.021779572E0
7.912249333E0,7.908476114E-1,4.442244337E0,4.877395003E0,6.644392877E0
7.922205333E0,1.281816200E-1,3.644994024E0,1.121133727E0,3.815671998E0
7.932160333E0,3.296696365E-1,-1.716397530E-1,-3.703329648E0,3.721934008E0
7.942115333E0,1.224717372E0,-1.733377259E0,-1.272620174E0,2.474690177E0
7.952071333E0,1.588769038E0,1.038408197E0,3.504045721E0,3.985074034E0
7.962026333E0,-2.813296814E-1,1.670343690E0,1.409835615E0,2.203821883E0
7.971981333E0,3.842762718E-2,1.211604479E0,-9.635480493E-2,1.216037148E0
7.981937333E0,4.857230879E-1,1.843869755E0,-1.937214705E0,2.718194880E0
7.991892333E0,-2.691226320E-1,-6.383604133E-1,-1.218545416E0,1.401707509E0
8.001847333E0,-1.238731631E-1,-1.152832945E0,-1.113518021E0,1.607572935E0
8.011803333E0,-5.080119796E-1,-8.161450052E-1,2.857592762E-2,9.617616257E-1
8.021758333E0,-6.958514071E-1,-4.224215698E-1,-2.056774478E0,2.212005971E0
8.031713333E0,-2.806071117E-1,-1.103888826E0,-2.573456088E0,2.814247169E0
8.041669333E0,-6.261869489E-1,-2.876352383E0,1.761169660E-1,2.948988015E0
8.051624333E0,6.280614018E-2,-2.245522014E0,1.600377077E-1,2.252093647E0
8.061579333E0,3.467871775E-1,-1.346086346E0,-8.343070418E-1,1.621196483E0
8.071535333E0,4.904714656E-1,2.688725173E-1,-3.093510371E-1,6.391813149E-1
8.081490333E0,5.849363408E-1,1.740587461E-1,1.150672984E0,1.302495791E0
8.091445333E0,6.516701379E-1,-2.556285739E-1,1.174147508E0,1.366982921E0
8.101401333E0,1.115231584E-1,-2.031375343E-1,-1.557745905E0,1.574888750E0
8.111356333E0,1.871324990E-1,-1.988080219E0,-2.755740697E0,3.403173272E0
8.121311333E0,9.321843886E-1,-3.450251922E0,-1.452660914E0,3.857904845E0
8.131267333E0,9.733949798E-1,-2.817729954E0,1.212431860E0,3.218243448E0
8.141222333E0,8.261343884E-1,-1.365929457E0,1.638136349E0,2.287302343E0
8.151177333E0,1.096220788E0,6.670182019E-1,-1.143920034E-1,1.288292990E0
8.161132333E0,4.042578157E-1,5.792023784E-1,-2.057072394E0,2.174958990E0
8.171088333E0,6.303715818E-1,-1.527571056E0,-3.813024876E-1,1.695946122E0
8.181043333E0,6.552020024E-1,-1.163853192E0,1.197920533E0,1.794117476E0
8.190998333E0,4.372661520E-1,4.158633327E-1,1.902800625E0,1.996194935E0
8.200954333E0,4.177863358E-1,1.282115468E0,2.295466592E0,2.662241982E0
8.210909333E0,-2.046342753E-1,6.928009146E-1,1.821442174E0,1.959464184E0
8.220864333E0,-4.818674339E-1,-2.100197071E-1,6.446093327E-1,8.317605984E-1
8.230820333E0,-5.100782029E-3,-5.121587884E-1,1.689357081E0,1.765293174E0
8.240775333E0,4.612356797E-2,1.298445572E0,3.849502730E0,4.062851161E0
8.250730333E0,-2.038193562E-1,1.503266519E0,2.631810715E0,3.037726156E0
8.260686333E0,-4.183102829E-1,5.044831485E-1,-3.506671706E-1,7.432726312E-1
8.270641333E0,-1.220298923E0,-1.424188775E0,-4.350294824E0,4.737352445E0
8.280596333E0,-7.429178385E-1,-2.636966790E0,-5.749551948E0,6.368898521E0
8.290552333E0,-5.893162342E-1,-2.059204581E0,-3.144983703E0,3.805067624E0
8.300507333E0,-5.669493187E-1,-2.799674336E0,-5.664130560E-1,2.912118073E0
8.310462333E0,-9.742996171E-1,2.308714628E-2,-1.406053635E0,1.710783325E0
8.320418333E0,-1.298401864E0,4.413719864E0,-2.104839760E-1,4.605548170E0
8.330373333E0,5.263694959E-1,2.607733051E0,6.098668145E0,6.653652354E0
8.340328333E0,-1.177971020E-1,6.392714680E0,3.177321437E0,7.139751302E0
8.350284333E0,5.561518868E-1,2.966497153E0,2.632604182E0,4.004998759E0
8.360239333E0,7.940045232E-1,-1.337146538E0,3.855518931E0,4.157334515E0
8.370194333E0,2.748353617E-1,-2.639154818E0,2.427349371E0,3.596206001E0
8.380150333E0,1.058733192E0,-3.346631659E0,9.991008747E-1,3.649529010E0
8.390105333E0,1.597519250E-1,-7.540961069E-1,-8.003160077E-1,1.111164852E0
8.400060333E0,-4.909713660E-1,4.709493667E-1,-8.303019914E-1,1.073427960E0
8.410016333E0,-1.199679083E0,2.198062504E0,-7.591264665E-2,2.505288686E0
8.419971333E0,-9.332240966E-1,1.223742129E0,2.509898608E0,2.944154044E0
8.429926333E0,2.615246503E-1,4.668533921E-2,3.866710209E0,3.875825396E0
8.439882333E0,3.725728869E-1,6.885739625E-1,1.772361816E0,1.937578660E0
8.449837333E0,1.285197627E-1,6.333967119E-1,-8.643272316E-1,1.079245240E0
8.459792333E0,6.707769383E-1,-1.826816350E-1,-9.670096010E-1,1.190975167E0
8.469748333E0,9.120144913E-1,-7.231660903E-1,6.728700954E-1,1.344430657E0
8.479703333E0,1.916372305E-1,-1.468221817E0,5.253998083E-1,1.571128604E0
8.489658333E0,4.861506656E-1,-1.558325071E0,4.847885567E-1,1.702862132E0
8.499613333E0,-7.768153171E-1,-9.920503020E-1,-1.496947726E0,1.956644662E0
8.509569333E0,-8.577100108E-1,-1.686366230E-1,-1.739689036E0,1.946952161E0
8.519524333E0,-5.110341861E-1,-7.877105802E-1,5.681233665E-1,1.097455264E0
8.529479333E0,-4.775998436E-1,-8.314793283E-1,1.280177993E0,1.599473406E0
8.539435333E0,-4.765705509E-1,-8.906011105E-1,6.551799291E-1,1.203972827E0
8.549390333E0,-4.934497083E-1,-5.747082084E-1,-2.885226703E-1,8.105723106E-1
8.559345333E0,-5.087839583E-1,-2.788157076E-1,-2.696367484E-1,6.397681542E-1
8.569301333E0,-1.313343108E-1,1.801766878E-1,6.602547276E-1,6.968849585E-1
8.579256333E0,-4.279489793E-1,4.526744789E-1,-5.376514792E-1,8.228752189E-1
8.589211333E0,-5.434327675E-1,-2.096133256E-1,-1.106344657E0,1.250302131E0
8.599167333E0,-4.735386234E-1,-1.393811320E0,-1.823870231E0,2.343811307E0
8.609122333E0,-5.631604326E-1,-1.560216646E0,-2.257571957E0,2.801438344E0
8.619077333E0,-8.678031821E-1,-1.078502555E0,-2.180937179E0,2.583164165E0
8.629033333E0,-5.055423716E-1,4.505104244E-2,-8.166323707E-1,9.615046098E-1
8.638987958E0,-7.265377410E-1,1.826739752E0,-1.516726810E-1,1.971760587E0
8.648942958E0,-9.871661228E-1,2.124572359E0,-1.424225320E0,2.741664170E0
8.658898958E0,-9.969269530E-1,8.046417779E-1,-2.370021807E0,2.694126038E0
8.668853958E0,-9.342132993E-1,-6.424938101E-1,-2.476571525E0,2.723776662E0
8.678808958E0,-7.681886275E-1,-1.068176957E0,-2.078186982E0,2.459670081E0
8.688764958E0,-1.823031923E-1,-5.435624295E-1,-2.598689747E-1,6.294652117E-1
8.698719958E0,1.359638072E-1,1.336065388E-1,1.215607483E0,1.230462684E0
8.708674958E0,-1.779142722E-1,7.792081439E-1,1.255925789E0,1.488680089E0
8.718629958E0,-7.344563328E-1,8.008726627E-1,1.710840921E0,2.026770777E0
8.728585958E0,-5.067398082E-1,4.910690510E-1,1.974855279E0,2.097137911E0
8.738540958E0,-3.879474827E-1,2.554876560E-1,6.751259512E-1,8.194951139E-1
8.748495958E0,-1.353085627E-1,5.057198346E-2,-1.426077425E-1,2.029849770E-1
8.758451958E0,-3.740315480E-1,-2.882525289E-1,-1.543566699E0,1.614183160E0
8.768406958E0,-6.015046091E-1,-1.493306372E0,-3.389511923E0,3.752407599E0
8.778361958E0,-5.523744028E-1,-2.638037415E0,-3.392555106E0,4.332873069E0
8.788317958E0,-1.099392756E-1,-2.104308833E0,-1.034732345E0,2.347524938E0
8.798272958E0,2.668338856E-1,-2.883244497E-1,1.664997581E0,1.710715714E0
8.808227958E0,-3.590645397E-1,1.381083686E0,3.237620848E0,3.538150399E0
8.818183958E0,-9.355263647E-1,2.235280032E0,2.138940137E0,3.232143454E0
8.828138958E0,-5.554555200E-1,1.488850209E0,7.218177223E-1,1.745344265E0
8.838093958E0,-1.093878375E-1,-3.597324014E-2,7.300254589E-1,7.390513810E-1
8.848049958E0,4.346924270E-2,-5.821791959E-1,7.165183908E-1,9.242406589E-1
8.858004958E0,-4.373842658E-1,-6.520288646E-2,-7.210593385E-1,8.458622712E-1
8.867959958E0,-6.797090719E-1,-8.293380779E-1,-1.807338983E0,2.101494770E0
8.877915958E0,-1.169967827E-1,-6.773894083E-1,-1.245231816E0,1.422373697E0
8.887870958E0,-2.153930425E-1,5.960651636E-3,-4.195295370E-1,4.716298596E-1
8.897825958E0,-1.081479994E-2,1.567957190E0,9.911667877E-1,1.854998197E0
8.907781958E0,1.592182570E-1,3.015149496E0,2.227557614E0,3.752131375E0
8.917736958E0,-2.973761588E-1,1.908272742E0,4.534968898E-1,1.983833881E0
8.927691958E0,-3.706847114E-1,-4.367355537E-1,-2.322643573E0,2.392241264E0
8.937647958E0,2.209830903E-1,-1.919218730E0,-1.773368706E0,2.622416944E0
8.947602958E0,6.037118964E-1,-1.435974423E0,2.551818466E-1,1.578482934E0
8.957557958E0,3.823231921E-1,3.677313924E-1,1.380764428E0,1.479157803E0
8.967512958E0,3.776840386E-2,1.853298975E0,1.748863610E0,2.548463747E0
8.977468958E0,5.333964239E-1,1.945542310E0,6.896796709E-1,2.131972015E0
8.987423958E0,8.068973413E-1,8.040862924E-1,3.819985986E-1,1.201482840E0
8.997378958E0,8.541266908E-1,7.831526756E-2,6.332306510E-1,1.066136362E0
9.007334958E0,9.353549682E-1,-1.041577388E0,-1.012892702E-1,1.403578244E0
9.017289958E0,9.624849524E-1,-1.917998416E0,-5.712934345E-1,2.220691648E0
9.027244958E0,1.002426990E0,-1.615619014E0,7.766026247E-1,2.053824799E0
9.037200958E0,7.522613968E-1,-1.236493152E-1,1.541145367E0,1.719393906E0
9.047155958E0,3.632337872E-1,3.098889810E-1,-1.196240920E-1,4.922193496E-1
9.057110958E0,8.155830147E-1,5.405516982E-2,-3.206563362E-1,8.780194196E-1
9.067066958E0,6.529189570E-1,-1.159773005E0,-2.925633886E-1,1.362706837E0
9.077021958E0,4.396862780E-1,-2.300066012E0,-1.256997584E0,2.657756687E0
9.086976958E0,6.817302351E-1,-2.519593291E0,7.344249040E-2,2.611225817E0
9.096932958E0,6.585384236E-1,-7.594539106E-1,1.304352429E0,1.646747812E0
9.106887958E0,1.209944783E-1,8.903438330E-2,1.504037182E0,1.511520635E0
9.116842958E0,4.177826082E-1,6.930652088E-1,-2.796056664E-1,8.561898271E-1
9.126798958E0,2.028675391E-1,-7.719353771E-1,-4.640139842E-1,9.232271889E-1
9.136753958E0,1.577550095E-1,-1.469198302E0,4.398550433E-1,1.541720712E0
9.146708958E0,-3.007963231E-1,-8.122823346E-1,-8.021046710E-1,1.180530780E0
9.156664958E0,-2.921993081E-1,-3.758332944E-1,4.876577854E-4,4.760581253E-1
9.166619958E0,-1.543937924E-1,1.305988480E0,1.008373389E0,1.657184433E0
9.176574958E0,-2.134394512E-1,9.344447029E-1,1.106499608E0,1.463927828E0
9.186529958E0,-1.504209657E-1,1.062985799E0,1.288708788E-1,1.081283024E0
9.196485958E0,-2.619337910E-1,5.151367754E-1,-3.797330949E-1,6.915001313E-1
9.206440958E0,7.035939520E-2,-1.166337674E0,-5.238985357E-1,1.280532581E0
9.216395958E0,-8.740227009E-2,-2.036186432E0,-6.514616847E-2,2.039102343E0
9.226351958E0,-2.386672814E-1,-9.730684859E-1,-1.156692400E0,1.530281561E0
9.236306958E0,-2.110855814E-1,-1.000921698E0,-1.281916078E0,1.640033597E0
9.246261958E0,3.048590005E-2,5.657239616E-2,5.135609508E-3,6.446860161E-2
9.256217958E0,3.960457302E-1,2.522258452E0,1.519171531E0,2.970946324E0
9.266172958E0,-2.133808511E-1,2.025220563E0,1.224567756E0,2.376260909E0
9.276127958E0,5.908011620E-2,1.540528486E0,8.339173248E-1,1.752751146E0
9.286083958E0,1.396915625E-1,4.221987909E-1,2.170772964E-1,4.948617022E-1
9.296038958E0,-3.236686390E-1,-1.452201616E0,-2.591188939E0,2.987961016E0
9.305993958E0,-2.245275262E-1,-2.295789943E0,-2.460400173E0,3.372629995E0
9.315949958E0,5.601904491E-1,-9.896359867E-1,-1.273848090E-1,1.144298744E0
9.325904958E0,9.137145144E-2,4.091419584E-1,1.341267071E0,1.405255578E0
9.335859958E0,-1.130574587E-1,1.308385838E0,7.482985926E-1,1.511491407E0
9.345815958E0,9.851166006E-2,7.245273221E-1,-2.916988778E-1,7.872309845E-1
9.355770958E0,2.634550355E-1,-8.737242919E-1,-3.938605526E-1,9.939460895E-1
9.365725958E0,2.818136298E-1,-1.682172022E0,-3.030310741E-1,1.732324873E0
9.375680958E0,1.364462391E-2,-3.075957030E-1,5.562473792E-1,6.357770357E-1
9.385636958E0,2.620638550E-1,9.047618973E-1,2.384427300E0,2.563740452E0
9.395591958E0,-8.906864433E-2,1.627902260E0,1.954309333E0,2.545058734E0
9.405546958E0,-4.011139505E-1,2.334161711E-1,-8.304741919E-1,9.513479351E-1
9.415502958E0,1.144919634E-1,-1.146229684E-1,1.170200345E-1,1.998512523E-1
9.425457958E0,3.825910403E-2,1.134009004E-2,1.387247820E0,1.387821628E0
9.435412958E0,-2.835106106E-2,1.295117337E-1,1.707606241E0,1.712745208E0
9.445368958E0,9.164985199E-2,1.234012764E0,2.210263889E0,2.533071980E0
9.455323958E0,-1.255072680E-1,1.288010631E0,5.861178803E-1,1.420653944E0
9.465278958E0,-3.242175829E-1,5.256290191E-1,-1.216219102E0,1.364035120E0
9.475234958E0,4.117847171E-1,-2.159569699E-1,-7.786158210E-1,9.068884511E-1
9.485189958E0,3.105633477E-1,-1.956729788E0,-1.324447847E0,2.383149839E0
9.495144958E0,3.188127411E-2,-1.600488174E0,-9.497392648E-1,1.861339164E0
9.505100958E0,2.797165442E-1,-4.698261166E-1,-8.341351336E-1,9.973762309E-1
9.515055958E0,3.818538434E-1,-3.721764457E-1,1.061760807E-1,5.436920310E-1
9.525010958E0,1.574467699E-1,7.308744746E-1,8.854222316E-1,1.158852670E0
9.534965958E0,6.587511070E-2,1.551477397E0,6.800583699E-1,1.695258396E0
9.544921958E0,4.744803540E-2,1.680292143E0,6.439228696E-1,1.800074905E0
9.554876958E0,1.551084683E-1,1.478449182E0,7.511116880E-1,1.665544772E0
9.564831958E0,4.537900545E-1,-2.433827502E-1,3.989268726E-1,6.513856203E-1
9.574787958E0,6.701322097E-1,-9.250645995E-1,-3.639318717E-1,1.198861168E0
9.584742958E0,-1.630436882E-1,-1.595767132E0,-2.465226465E0,2.941155811E0
9.594697958E0,1.597934403E-2,-1.092353439E0,-2.958941966E0,3.154176427E0
9.604653958E0,4.285235414E-1,1.655428612E-1,-3.999530590E-1,6.090971300E-1
9.614608958E0,1.071859131E-1,-4.618072450E-1,1.954817748E-1,5.128039350E-1
9.624563958E0,-9.841733716E-2,-1.200891210E0,-9.352317381E-1,1.525281638E0
9.634519958E0,1.471876108E-1,-8.685652936E-1,-3.845017916E-1,9.612031469E-1
9.644475458E0,6.009033691E-1,-2.650589633E-1,1.073523066E0,1.258488334E0
9.654430458E0,4.667389694E-1,2.687128884E-1,1.402347085E0,1.502208118E0
9.664386458E0,6.044206886E-1,1.510991276E0,2.050235537E0,2.617610506E0
9.674341458E0,7.776113424E-1,2.438802313E0,2.146597358E0,3.340705964E0
9.684296458E0,3.498040850E-1,2.153969820E0,8.785821587E-1,2.352414822E0
9.694251458E0,4.727658042E-1,7.917416507E-1,-1.719455624E-1,9.380445744E-1
9.704207458E0,5.749515257E-1,-1.001094775E0,-5.148654646E-1,1.264059513E0
9.714162458E0,3.168796562E-1,-1.826782436E0,-1.208322144E0,2.213049749E0
9.724117458E0,1.841893213E-1,-1.407802538E0,-2.096408660E0,2.531948451E0
9.734073458E0,2.923540401E-1,-1.754945299E0,-2.045999814E0,2.711350056E0
9.744028458E0,4.596915031E-1,-2.003153172E0,-2.056676245E-1,2.065487371E0
9.753983458E0,5.077996161E-1,1.772367078E-1,2.077174829E0,2.145676716E0
9.763939458E0,3.115725406E-1,1.777477545E0,2.882587854E0,3.400855276E0
9.773894458E0,2.721837773E-1,2.757925801E0,2.520289695E0,3.745944324E0
9.783849458E0,-3.164001845E-1,7.247834301E-1,-3.958360344E-1,8.843677196E-1
9.793805458E0,-4.441513946E-2,-2.020518233E0,-1.769807167E0,2.686388662E0
9.803760458E0,3.752646892E-1,-2.646683693E0,-2.253955454E0,3.496580236E0
9.813715458E0,-1.732055825E-1,-2.560267108E0,-4.401575198E0,5.094981066E0
9.823671458E0,8.013022503E-2,-2.983772167E0,-3.682641322E0,4.740375967E0
9.833626458E0,5.684800832E-1,-2.208424355E0,-1.580943856E0,2.774831745E0
9.843581458E0,5.396716192E-1,-5.496166366E-1,6.989644647E-1,1.040132312E0
9.853536458E0,7.697343390E-1,1.709736966E0,2.256813573E0,2.934092526E0
9.863492458E0,1.243044080E0,5.065604888E0,5.001245754E0,7.226200285E0
9.873447458E0,8.758198609E-1,5.313820946E0,5.781908686E0,7.901532859E0
9.883402458E0,1.116899046E-1,3.718144446E0,1.624024386E0,4.058882600E0
9.893358458E0,4.710288523E-1,6.552957040E-1,-5.124400395E-1,9.559683224E-1
9.903313458E0,7.934683335E-1,-2.107171630E0,-1.428676513E0,2.666623493E0
9.913268458E0,3.366647336E-1,-3.448889521E0,-1.783878492E0,3.897486952E0
9.923224458E0,2.777474944E-1,-1.715442680E0,-1.590451428E0,2.355721334E0
9.933179458E0,9.374805772E-1,4.317408621E-1,3.286509418E-1,1.083181170E0
9.943134458E0,6.407606222E-1,2.010297884E0,2.601908639E0,3.349895569E0
9.953090458E0,1.328192934E-1,2.858616024E0,-1.642246065E0,3.299439146E0
9.963045458E0,3.582711822E-1,-6.076736408E-1,-2.017903358E0,2.137652791E0
9.973000458E0,4.365659479E-1,-1.126942059E0,-7.402835217E-1,1.417253655E0
9.982956458E0,-9.367654262E-2,-1.595246145E0,-3.111975878E-2,1.598297218E0
9.992911458E0,1.349051323E-2,-1.664188911E0,1.206350756E-1,1.668610064E0
1.000286646E1,7.414968920E-1,1.279360260E0,3.262776155E0,3.582218384E0
1.001282146E1,3.920553710E-1,2.642322839E0,4.424003947E0,5.167919149E0
1.002277746E1,-7.639797286E-1,6.595770353E-1,8.559078258E-1,1.323361288E0
1.003273246E1,7.598640928E-1,7.942273021E-3,-1.973855113E0,2.115079319E0
1.004268746E1,4.027662640E-1,-2.490551341E0,-1.058091094E0,2.735803978E0
1.005264346E1,1.051846414E0,-3.616855468E0,-1.109391056E0,3.926674531E0
1.006259846E1,3.099666759E-1,-4.355773373E0,-1.446804051E0,4.600226405E0
1.007255346E1,-2.372657586E-1,-1.193866366E0,-2.885172908E0,3.131426935E0
1.008250946E1,3.529089565E-1,2.514010370E-2,-1.432562572E0,1.475605733E0
1.009246446E1,5.082412636E-1,2.633936763E-2,7.732147479E-1,9.256694824E-1
1.010241946E1,4.290920004E-1,6.345164537E-1,1.652594759E0,1.821483053E0
1.011237546E1,1.590051990E-1,1.994786391E0,2.276602305E0,3.031068038E0
1.012233046E1,4.480614277E-1,2.243461456E0,1.352802458E0,2.657809782E0
1.013228546E1,-9.578738747E-2,6.646424782E-1,9.471471941E-1,1.161039472E0
1.014224146E1,8.149884991E-1,8.478246349E-1,9.392569613E-1,1.505063621E0
1.015219646E1,3.051864309E-1,-2.394927145E0,-1.978955054E-1,2.422390848E0
1.016215146E1,5.676687090E-1,-3.469160648E0,-2.575956357E0,4.358081518E0
1.017210646E1,8.372843709E-1,-1.117356718E0,-9.213013315E-1,1.672820163E0
1.018206246E1,1.988202609E-1,1.493646680E0,2.289959684E-1,1.524122388E0
1.019201746E1,5.008575458E-1,1.059318425E0,1.494391615E0,1.899005031E0
1.020197246E1,2.694982791E-1,2.571790216E0,-8.894135410E-1,2.734554933E0
1.021192846E1,-1.824584724E-1,7.603713387E-1,5.001503617E-1,9.282273704E-1
1.022188346E1,-4.125629084E-1,1.047010036E0,5.240070015E-1,1.241378873E0
1.023183846E1,-2.722970671E-3,4.378488636E-1,7.883777475E-1,9.018084690E-1
1.024179446E1,-6.718078025E-1,-8.726150751E-2,2.007416376E0,2.118645983E0
1.025174946E1,-1.271103370E-1,-5.643206298E-2,1.560865102E0,1.567048653E0
1.026170446E1,-6.403269050E-1,-1.738386569E0,-9.234343958E-1,2.069960746E0
1.027166046E1,-8.185439716E-1,-2.006427612E0,-3.546565504E0,4.156187300E0
1.028161546E1,-7.360406359E-1,-2.680987553E0,-2.829167107E0,3.966564836E0
1.029157046E1,-6.249144486E-1,-2.222555906E0,-1.418855237E0,2.709875090E0
1.030152546E1,-9.042789173E-1,-8.222325414E-1,2.176435992E-1,1.241432821E0
1.031148146E1,-6.240581238E-1,2.870744904E0,1.659230179E0,3.373969418E0
1.032143646E1,-3.593530633E-1,3.960848919E0,4.431922832E0,5.954779490E0
1.033139146E1,-5.419187041E-1,2.951028929E0,2.855767846E0,4.142180296E0
1.034134746E1,-5.244902008E-1,9.657811010E-1,1.594126403E-1,1.110511367E0
1.035130246E1,-1.694583761E-1,-2.316505458E0,2.191902462E0,3.193642135E0
1.036125746E1,4.126972847E-1,-7.867165536E-1,3.656851593E0,3.763217447E0
1.037121346E1,4.789706502E-2,1.342384474E0,3.637636180E0,3.877716749E0
1.038116846E1,-5.673320190E-1,2.737513171E0,7.929932472E-1,2.905973550E0
1.039112346E1,-4.253569452E-1,5.549639153E-1,-8.830137634E-1,1.126333336E0
1.040107946E1,-4.635469379E-1,-1.491460991E-1,-1.688603375E0,1.757413349E0
1.041103446E1,-7.706600994E-1,-1.562971269E0,-2.536457246E0,3.077403376E0
1.042098946E1,-2.057756883E-1,-5.679067272E-1,-2.255878895E0,2.335348213E0
1.043094546E1,-4.025228371E-1,-6.679876703E-1,2.860516369E-1,8.306971175E-1
1.044090046E1,-8.902034998E-1,1.037296057E-2,-5.586538008E-1,1.051029942E0
1.045085546E1,-4.735511584E-1,-2.819375360E-1,-8.641255027E-1,1.024915781E0
1.046081046E1,-1.051785603E0,-1.025405744E0,-8.897088253E-1,1.717350194E0
1.047076646E1,-4.772127579E-1,-1.902412078E0,-1.003437170E0,2.203131835E0
1.048072146E1,-2.484370834E-1,-2.729944535E0,5.932549918E-1,2.804687084E0
1.049067646E1,-2.334682113E-1,-3.526970315E-1,3.330986264E-1,5.383839677E-1
1.050063246E1,-8.771294910E-2,7.890817523E-3,4.387832487E-1,4.475338711E-1
1.051058746E1,-7.854615949E-2,-8.354788238E-1,7.345781010E-1,1.115257527E0
1.052054246E1,2.593872738E-1,-8.030840796E-1,-2.884741384E-1,8.918761827E-1
1.053049846E1,-1.198316316E-1,-1.473120614E0,-1.288948524E0,1.961079361E0
1.054045346E1,-4.824483914E-1,-1.849776027E0,-1.237316148E0,2.277142738E0
1.055040846E1,-1.601606089E-1,-1.796747628E0,5.294346794E-1,1.879961314E0
1.056036446E1,-2.740646256E-1,4.783022404E-4,1.046890168E0,1.082169429E0
1.057031946E1,-7.514005405E-1,8.519059914E-1,1.117428054E0,1.593421491E0
1.058027446E1,-9.167285165E-1,2.003111072E0,5.404639900E-1,2.268247443E0
1.059022946E1,-1.011662010E0,2.084724753E0,1.152630047E0,2.588067492E0
1.060018546E1,-6.865125997E-1,1.337768682E0,9.162867594E-1,1.760825380E0
1.061014046E1,-2.693151881E-1,-6.749815249E-1,9.572435814E-1,1.201851074E0
1.062009546E1,-2.695001063E-1,-1.549240252E0,7.481413025E-1,1.741404914E0
1.063005146E1,-6.394172975E-1,-1.535892813E0,-1.364733701E0,2.151817671E0
1.064000663E1,-9.358326857E-1,-3.283813852E-1,-2.604369147E0,2.786818223E0
1.064996162E1,-6.393760747E-1,2.316134745E-1,-1.154532731E-2,6.801322379E-1
1.065991763E1,-8.525619029E-1,4.591379911E-1,3.931343284E-1,1.045095256E0
1.066987263E1,-1.148506882E0,1.133851714E0,4.760677269E-1,1.682655119E0
1.067982763E1,-1.409933702E0,1.317826168E0,6.889920384E-1,2.049216651E0
1.068978363E1,-1.086991031E0,8.726776403E-1,9.247283846E-1,1.672793577E0
1.069973863E1,-1.007214544E0,1.459033502E0,1.869996284E0,2.576848075E0
1.070969363E1,-1.085325305E0,1.507327411E0,1.848943968E0,2.620793914E0
1.071964863E1,-6.276408590E-1,2.891097307E-1,1.733832173E0,1.866464971E0
1.072960463E1,-5.134331525E-1,-3.868552959E-1,2.296248364E-1,6.826405992E-1
1.073955963E1,-1.233804456E0,-2.536202892E0,-4.517266452E0,5.325438456E0
1.074951463E1,-8.261308801E-1,-4.142397364E0,-4.284522711E0,6.016567378E0
1.075947063E1,2.855816304E-1,-2.965566861E0,-1.277563995E-1,2.982023704E0
1.076942563E1,-4.644029702E-1,-3.284264088E-1,8.857610777E-1,1.052666477E0
1.077938062E1,-1.195496277E0,1.729851973E0,2.386345187E0,3.180604117E0
1.078933663E1,1.331845891E-1,2.145784303E0,4.650587355E0,5.123484279E0
1.079929163E1,-1.346726031E0,1.731278109E0,2.012090933E0,2.976492032E0
1.080924663E1,-7.276420607E-1,3.135165936E-1,2.889930788E-1,8.433698018E-1
1.081920263E1,-6.576608296E-2,-2.956521803E-1,4.141723180E-1,5.131024248E-1
1.082915763E1,-4.286705623E-1,-1.799035644E0,6.566490421E-1,1.962517685E0
1.083911263E1,-6.686842199E-1,-2.186262823E0,-6.311776936E-2,2.287108998E0
1.084906763E1,-4.998641039E-1,-6.319430941E-1,1.275832342E0,1.508961352E0
1.085902363E1,-4.084363456E-1,6.173256397E-1,4.034540209E0,4.101880775E0
1.086897863E1,-8.549977798E-2,2.433351538E0,5.044433289E0,5.601322802E0
1.087893363E1,-3.042479528E-1,1.083882578E0,2.761166913E0,2.981846908E0
1.088888963E1,-1.493007872E0,1.981865798E0,-4.042952013E-1,2.514024494E0
1.089884463E1,2.461111341E-2,2.605548531E-1,1.061174916E0,1.092971519E0
1.090879963E1,-1.031639168E0,1.380792494E0,-2.055091649E-1,1.735828708E0
1.091875563E1,-1.533579216E0,-1.234826111E0,-2.988921225E-2,1.969150604E0
1.092871063E1,-1.229914889E0,-1.670840703E0,-1.672272686E0,2.664750500E0
1.093866563E1,-1.191683454E0,-2.841987128E0,-2.716205041E0,4.107891200E0
1.094862163E1,-1.378138005E0,-3.391778596E0,-2.345688035E0,4.348066094E0
1.095857663E1,-4.300283954E-1,-3.036780100E0,-2.005619527E0,3.664623785E0
1.096853162E1,-1.599456433E0,-2.336183678E0,-4.588310122E-2,2.831628563E0
1.097848663E1,6.640025005E-3,-2.660448039E-1,2.987696818E0,2.999525997E0
1.098844263E1,4.833619092E-2,5.250396198E-1,3.140862878E0,3.184811236E0
1.099839763E1,-7.269526009E-1,1.035404482E0,7.651526070E-1,1.478506354E0
1.100835263E1,7.015423559E-2,4.334605283E-1,6.410314214E-1,7.770012417E-1
1.101830863E1,3.425302584E-1,-1.646908050E0,-1.665025063E0,2.366842107E0
1.102826363E1,-1.505220220E-1,-4.020903332E0,-2.199896775E0,4.585833219E0
1.103821863E1,-3.381430194E-2,-2.303223508E0,-1.135598277E0,2.568183284E0
1.104817463E1,-7.748755033E-1,-1.340039155E0,-5.383432049E-1,1.638886936E0
1.105812963E1,-9.542967309E-1,-6.235383064E-1,1.519504237E0,1.899572425E0
1.106808463E1,-1.313250283E0,1.184925388E0,2.147501045E0,2.782163766E0
1.107803963E1,-7.660312973E-1,1.916679284E0,2.885159460E0,3.547479180E0
1.108799563E1,-1.692627136E-1,1.619496303E0,3.326882981E0,3.703993589E0
1.109795063E1,-2.387531441E-1,1.794377752E0,3.098750061E0,3.588738849E0
1.110790563E1,2.030211747E-1,2.747454607E-1,7.937212256E-1,8.641157616E-1
1.111786163E1,1.039054972E0,-8.889089262E-1,-7.891484106E-1,1.578781026E0
1.112781663E1,7.140222875E-1,-1.562299424E0,-9.728103313E-1,1.974073772E0
1.113777163E1,5.041957578E-1,-1.181358587E0,-6.402455556E-1,1.435177983E0
1.114772763E1,8.659375548E-2,-1.649558008E-2,7.710582948E-1,7.760808441E-1
1.115768262E1,-1.351301404E-1,1.348283145E0,2.500850626E0,2.844359585E0
1.116763763E1,-1.852908088E-1,1.413499480E0,2.967276002E0,3.291966029E0
1.117759363E1,-2.352778514E-1,9.799149907E-1,1.873245581E0,2.127119664E0
1.118754863E1,-1.613422215E-2,-1.852158183E-1,4.419641340E-1,4.794762853E-1
1.119750363E1,4.026105819E-1,-1.455436880E0,6.023684621E-1,1.625804280E0
1.120745863E1,4.358242286E-1,-2.042834716E0,3.231963667E-1,2.113663248E0
1.121741463E1,7.011084925E-1,-2.167855788E0,3.030863303E-1,2.298480620E0
1.122736963E1,4.810135577E-1,-9.600864977E-1,4.326173598E-1,1.157712359E0
1.123732463E1,6.244047175E-1,1.194124228E-1,8.346988052E-1,1.049220031E0
1.124728063E1,6.073965194E-1,5.143795609E-1,1.607133535E0,1.793431087E0
1.125723563E1,2.243910303E-1,3.731558543E-1,2.815073856E0,2.848550059E0
1.126719063E1,2.601594351E-2,9.223433053E-1,2.071006893E0,2.267259040E0
1.127714663E1,2.385421327E-1,5.575776207E-1,8.188449571E-1,1.018971156E0
1.128710162E1,-1.194947589E-1,-1.725286467E0,8.036860505E-1,1.907040550E0
1.129705663E1,-4.755330721E-1,-2.905525312E0,1.939129668E-1,2.950561180E0
1.130701163E1,-2.511249753E-1,-2.459037772E0,-3.475488505E-1,2.496141166E0
1.131696763E1,-2.489330369E-1,-1.932612362E0,8.170226723E-2,1.950290609E0
1.132692263E1,-5.173792557E-1,-4.667311853E-1,2.728924781E-2,6.973263200E-1
1.133687763E1,-1.172280857E-1,-3.156455648E-1,1.755387641E0,1.787389246E0
1.134683362E1,-2.804383099E-1,1.422525242E0,2.963787553E0,3.299433341E0
1.135678863E1,-4.968088241E-1,1.636770732E0,1.443890383E0,2.238449659E0
1.136674363E1,-6.445747610E-1,9.106827879E-1,1.692131585E-1,1.128473684E0
1.137669963E1,5.154887047E-2,-1.490285701E-1,1.434947652E-1,2.132077587E-1
1.138665463E1,6.240842170E-1,-1.000028243E0,4.079491264E-1,1.247381292E0
1.139660963E1,7.137038335E-1,-7.924947721E-1,7.729650718E-1,1.317154557E0
1.140656463E1,7.254537403E-1,-1.570772624E-1,1.616253729E0,1.778547866E0
1.141652063E1,4.835424419E-1,5.887502968E-1,1.663301888E0,1.829484456E0
1.142647563E1,6.841819726E-1,-8.910209405E-1,1.247223378E0,1.678567676E0
1.143643063E1,3.943601606E-1,-3.188100779E-1,7.097631025E-1,8.723092707E-1
1.144638663E1,3.611995409E-1,7.858517504E-1,1.095071225E0,1.395424333E0
1.145634163E1,-1.681160198E-1,2.785028815E-3,1.075796756E0,1.088856929E0
1.146629663E1,-3.552184240E-1,-1.411899097E0,6.037706244E-1,1.576127582E0
1.147625262E1,-4.495207100E-1,-3.153548997E0,-2.008843097E-1,3.191754165E0
1.148620763E1,-6.931354485E-1,-1.872592447E0,-3.470787343E-1,2.026697528E0
1.149616263E1,-8.235044570E-1,-7.034013319E-1,3.431219235E-1,1.136074680E0
1.150611863E1,-1.068218618E0,3.042165971E-1,1.358039224E0,1.754397130E0
1.151607363E1,-3.681857210E-1,-2.931226748E-1,1.755813611E0,1.817790709E0
1.152602863E1,-1.543081490E-1,-1.115921811E0,1.343720562E0,1.753475818E0
1.153598363E1,5.089756373E-2,-7.225614882E-1,1.371555063E0,1.551079933E0
1.154593963E1,3.439817566E-1,-2.589380980E-2,1.285257761E0,1.330744698E0
1.155589463E1,4.232152563E-1,2.245307422E-1,1.365752871E0,1.447344504E0
1.156584963E1,8.283484367E-1,-5.344056898E-1,1.731134267E0,1.992128617E0
1.157580563E1,9.683962682E-1,-1.137777534E0,1.670590442E0,2.241249981E0
1.158576063E1,1.085812890E0,-1.827596369E0,9.906414154E-1,2.345307769E0
1.159571563E1,9.405834022E-1,-1.460768956E0,5.056028903E-1,1.809468807E0
1.160567163E1,1.372563562E0,-7.371929759E-1,1.541464625E0,2.191688254E0
1.161562663E1,1.637476783E0,4.052623308E-1,2.300903040E0,2.853019904E0
1.162558163E1,1.554737366E0,2.308073189E0,3.366128030E0,4.367519667E0
1.163553663E1,1.444513112E0,1.649697171E0,2.442464424E0,3.282339310E0
1.164549171E1,1.490496347E0,-9.449726146E-1,1.262987764E0,2.170182180E0
1.165544671E1,1.294608336E0,-2.535048067E0,8.036199769E-1,2.957749907E0
1.166540171E1,1.156581010E0,-2.159956200E0,7.663062626E-1,2.567161021E0
1.167535771E1,8.127912616E-1,6.259964758E-1,2.524146518E0,2.724668212E0
1.168531271E1,1.295893646E-1,2.371414906E0,2.765155883E0,3.645063665E0
1.169526771E1,-2.702885303E-1,4.397737670E-1,2.089417144E0,2.152236246E0
1.170522371E1,-4.035461364E-1,-2.103227683E0,1.141366555E0,2.426753754E0
1.171517871E1,-2.159716610E-1,-2.628203568E0,2.107954572E0,3.376028766E0
1.172513371E1,4.445214137E-2,-8.364675879E-1,1.941237005E0,2.114250489E0
1.173508871E1,5.274473570E-1,-3.472404099E-1,-3.466033557E-1,7.203544286E-1
1.174504471E1,2.226102242E-1,-1.589222344E0,-2.497171558E0,2.968341079E0
1.175499971E1,8.333231564E-2,-2.958387650E0,-1.942776577E0,3.540251769E0
1.176495471E1,5.967575836E-1,-2.499920919E0,1.069543451E-1,2.572384778E0
1.177491071E1,1.828289702E0,-5.643282312E-1,1.429977226E0,2.388711882E0
1.178486571E1,2.050112599E0,8.627707028E-1,2.636037667E0,3.449062124E0
1.179482071E1,1.723098585E0,3.682056016E-1,2.882735204E0,3.378580524E0
1.180477671E1,1.409915868E0,-9.721890646E-1,1.836926771E0,2.511436699E0
1.181473171E1,1.079150792E0,-1.073548794E0,1.159505495E0,1.913511546E0
1.182468671E1,1.297631785E0,-8.390982503E-1,8.434421468E-1,1.760491062E0
1.183464171E1,1.341734702E0,-3.617491060E-1,2.164652391E0,2.572320820E0
1.184459771E1,9.275081509E-1,2.271999961E-1,3.200581076E0,3.340001562E0
1.185455271E1,2.600830559E-1,-8.307191902E-1,2.742589724E0,2.877418281E0
1.186450771E1,-2.226462028E-1,-1.095761197E0,9.728995013E-1,1.482159698E0
1.187446371E1,-1.364691620E-1,-7.551234627E-1,1.593410704E0,1.768556742E0
1.188441871E1,-1.327003848E-1,-2.673838162E-1,3.192334163E0,3.206259644E0
1.189437371E1,-1.943934983E-1,3.157513994E-1,3.811261648E0,3.829256210E0
1.190432971E1,-2.263767264E-1,-7.561677754E-2,1.668969302E0,1.685948650E0
1.191428471E1,-9.820127341E-2,-9.269421405E-1,-1.638892686E-1,9.464274480E-1
1.192423971E1,1.342657941E-1,-1.396111030E0,-3.042569429E-1,1.435174414E0
1.193419471E1,7.078382722E-1,-1.383896781E0,1.043306994E0,1.872083012E0
1.194415071E1,8.026900504E-1,-6.303526515E-1,1.967310909E0,2.216296008E0
1.195410571E1,1.158055239E0,-3.893076181E-3,1.934549544E0,2.254681581E0
1.196406071E1,1.090085743E0,-6.859625959E-1,1.322805072E0,1.846251572E0
1.197401671E1,1.078713566E0,-1.326166052E0,4.707689801E-1,1.773122327E0
1.198397171E1,8.565728735E-1,-1.968173373E0,6.090173310E-1,2.231216176E0
1.199392671E1,8.349662422E-1,-1.601009746E0,1.742966108E0,2.509647721E0
1.200388271E1,1.036246701E0,-9.380957043E-1,2.348801969E0,2.733258397E0
1.201383771E1,6.691417645E-1,-9.089216065E-1,2.241565788E0,2.509682524E0
1.202379271E1,1.056739145E-1,-1.388777452E0,1.427423455E0,1.994343879E0
1.203374771E1,-1.109039657E-1,-1.388797333E0,1.439350020E0,2.003194000E0
1.204370371E1,5.370262840E-2,-5.810074139E-1,2.663534784E0,2.726696010E0
1.205365871E1,2.684582056E-1,1.800538963E-1,3.480300179E0,3.495279466E0
1.206361371E1,-3.385007045E-2,-4.277758652E-1,2.615667722E0,2.650633066E0
1.207356971E1,-4.765260390E-1,-1.771465437E0,1.829338254E0,2.590684332E0
1.208352471E1,-5.129895316E-1,-1.999053689E0,1.749805596E0,2.705770414E0
1.209347971E1,-2.723588100E-1,-1.398620655E0,1.744743954E0,2.252654107E0
1.210343571E1,4.346105659E-2,-7.406486803E-1,1.771860709E0,1.920921577E0
1.211339071E1,2.074031877E-1,-5.841467839E-1,2.432380316E0,2.510123014E0
1.212334571E1,1.319191602E-1,-4.542286688E-1,2.718088721E0,2.758936868E0
1.213330071E1,2.515151856E-1,-8.228722268E-1,2.376000878E0,2.527005889E0
1.214325671E1,2.350230773E-1,-9.923315531E-1,1.599345628E0,1.896803679E0
1.215321171E1,2.914886887E-1,-1.010076098E0,1.513793846E0,1.843038575E0
1.216316671E1,1.868596899E-1,-8.985533237E-1,1.824611365E0,2.042430232E0
1.217312271E1,2.947163152E-1,-8.479830945E-1,1.909739808E0,2.110222541E0
1.218307771E1,4.131053473E-1,-9.539282101E-1,1.636063803E0,1.938385882E0
1.219303271E1,5.259751743E-1,-1.271679942E0,1.517410934E0,2.048500842E0
1.220298871E1,6.383131970E-1,-1.405843720E0,1.767879340E0,2.347176530E0
1.221294371E1,6.143963309E-1,-1.315072129E0,2.268626118E0,2.693243773E0
1.222289871E1,6.197401012E-1,-1.255695993E0,2.483005801E0,2.850643441E0
1.223285371E1,5.725643268E-1,-1.383243062E0,2.401351773E0,2.829784730E0
1.224280971E1,3.081512616E-1,-1.607760356E0,2.115366502E0,2.674813265E0
1.225276471E1,2.506175832E-1,-1.784361472E0,2.160542968E0,2.813307830E0
1.226271971E1,3.026773176E-1,-1.687819263E0,2.533190991E0,3.058987418E0
1.227267571E1,4.332842347E-1,-1.324208404E0,3.128664417E0,3.424880167E0
1.228263071E1,4.303141781E-1,-9.876438403E-1,3.471799496E0,3.635106930E0
1.229258571E1,3.158899784E-1,-1.098279592E0,3.180314627E0,3.379409071E0
1.230254171E1,2.527199130E-1,-1.443008038E0,2.623699458E0,3.004985590E0
1.231249671E1,1.068471949E-1,-1.525237432E0,2.356546606E0,2.809106167E0
1.232245171E1,1.025217902E-1,-1.444904290E0,2.659162236E0,3.028102198E0
1.233240671E1,4.249254572E-1,-1.244495652E0,2.853350022E0,3.141804803E0
1.234236271E1,7.172548476E-1,-1.057975320E0,2.698721573E0,2.986111924E0
1.235231771E1,6.743586503E-1,-9.574862409E-1,2.434192953E0,2.701265411E0
1.236227271E1,4.656141844E-1,-9.137145692E-1,2.243697683E0,2.466951596E0
1.237222871E1,2.058068613E-1,-1.051927544E0,2.208561472E0,2.454923990E0
1.238218371E1,-1.184886358E-1,-1.263207327E0,2.347875770E0,2.668754942E0
1.239213871E1,-2.252808668E-1,-1.294269490E0,2.406205840E0,2.741479806E0
1.240209371E1,-3.154872880E-1,-1.173299369E0,2.311564269E0,2.611415901E0
1.241204971E1,-6.646541727E-1,-9.153734243E-1,2.074467568E0,2.362856188E0
1.242200471E1,-7.661653447E-1,-6.076256937E-1,1.949367558E0,2.180883352E0
1.243195971E1,-5.532103354E-1,-2.144536507E-1,1.942931820E0,2.031505871E0
1.244191571E1,-3.576412178E-1,-1.747212356E-1,1.970619848E0,2.010417205E0
1.245187071E1,-4.141640953E-1,-3.755269003E-1,1.801738227E0,1.886481643E0
1.246182571E1,-4.459995899E-1,-5.790064967E-1,1.413635428E0,1.591392246E0
1.247178171E1,-3.830115921E-1,-3.818816543E-1,9.669560990E-1,1.107942045E0
1.248173671E1,-2.897127248E-1,8.295912623E-2,4.584573752E-1,5.486336158E-1
1.249169171E1,-2.048678350E-1,5.138825476E-1,7.443213165E-3,5.532644069E-1
1.250164771E1,-2.956816357E-2,9.647870743E-1,-1.948365346E-1,9.847079010E-1
1.251160271E1,2.187327893E-1,1.067495171E0,-3.342680696E-1,1.139791699E0
1.252155771E1,6.675140458E-1,7.514344543E-1,-5.266937971E-1,1.134740101E0
1.253151271E1,7.368080829E-1,2.117218316E-2,-5.425227946E-1,9.152406214E-1
1.254146871E1,8.287974297E-1,-3.593593490E-1,-4.148073256E-1,9.940369403E-1
1.255142371E1,1.304009051E0,-4.020370066E-1,-4.657979697E-1,1.441888036E0
1.256137871E1,1.127237489E0,-1.040883324E0,-8.292720044E-1,1.744074112E0
1.257133471E1,5.721368954E-1,-1.140580105E0,-1.222613617E0,1.767214661E0
1.258128971E1,4.309443252E-1,-7.249687868E-1,-1.105866355E0,1.390767108E0
1.259124471E1,4.867899855E-1,4.435183239E-1,-1.072359470E0,1.258422754E0
1.260119971E1,1.915379009E-1,1.165483981E0,-6.156185451E-1,1.331925625E0
1.261115571E1,-2.122018880E-1,1.342024870E0,-5.764927787E-1,1.475941841E0
1.262111071E1,1.068509225E-1,6.369044566E-1,-5.787959969E-1,8.672192413E-1
1.263106571E1,2.923468955E-2,2.858288580E-1,-7.313723651E-1,7.857851739E-1
1.264102183E1,-6.796554968E-2,-1.158532226E-1,-5.793643463E-1,5.947304691E-1
1.265097683E1,1.565767407E-1,-5.505434203E-1,-7.716517872E-1,9.607605394E-1
1.266093183E1,-1.348145004E-1,-4.160691547E-1,-8.223459774E-1,9.314190237E-1
1.267088783E1,1.169481868E-1,-1.968845218E-1,-7.943699741E-1,8.267188453E-1
1.268084283E1,3.118467750E-1,6.429323512E-1,-7.488453072E-1,1.035074738E0
1.269079783E1,2.153124605E-1,9.687134796E-1,-2.069154203E-1,1.013695838E0
1.270075283E1,2.888100609E-2,7.102338034E-1,-9.077071398E-2,7.165929741E-1
1.271070883E1,9.949746408E-2,4.108926147E-1,-3.973732674E-1,5.802051360E-1
1.272066383E1,-9.973690756E-2,-5.969363987E-2,-3.676828605E-1,3.856182922E-1
1.273061883E1,-2.893821379E-1,-4.128438306E-1,-2.083456492E-1,5.455180655E-1
1.274057483E1,-1.989003494E-3,-3.650416732E-1,-6.540461540E-2,3.708600046E-1
1.275052983E1,2.538613991E-1,-2.099220586E-1,-4.313637167E-2,3.322252658E-1
1.276048483E1,4.028206066E-1,-5.229223430E-2,9.103033036E-2,4.162756778E-1
1.277043983E1,7.253604772E-1,-5.921358347E-2,3.366432086E-1,8.018620332E-1
1.278039583E1,1.222238079E0,-8.761760294E-2,4.475271749E-1,1.304539512E0
1.279035083E1,1.441300798E0,-1.933685911E-1,2.428158626E-1,1.474346955E0
1.280030583E1,1.395997009E0,-4.936482579E-1,2.670259666E-1,1.504592676E0
1.281026183E1,1.408533440E0,-4.227764958E-1,3.625472510E-1,1.514644158E0
1.282021683E1,1.164461303E0,-3.077173251E-1,4.577109781E-1,1.288471737E0
1.283017183E1,8.959640305E-1,-2.547392124E-1,4.705102408E-1,1.043562886E0
1.284012783E1,1.300125769E0,-1.404167908E-1,6.280862707E-1,1.450701987E0
1.285008283E1,1.291513405E0,-2.135403156E-3,1.121373171E0,1.710406157E0
1.286003783E1,1.287960052E0,1.255519992E-1,1.108714533E0,1.704069340E0
1.286999283E1,1.420562624E0,3.502482176E-4,1.090875263E0,1.791091045E0
1.287994883E1,1.093518278E0,-3.063385516E-1,1.292545731E0,1.720552237E0
1.288990383E1,5.518426716E-1,-8.032349378E-1,1.369667582E0,1.680983636E0
1.289985883E1,3.191155949E-1,-9.938465667E-1,1.457979834E0,1.793117664E0
1.290981483E1,3.868845320E-1,-6.125151354E-1,1.607702469E0,1.763394925E0
1.291976983E1,2.713164708E-1,-2.654097962E-1,1.508993575E0,1.555993765E0
1.292972483E1,1.133240826E-1,-1.635542232E-1,9.274613732E-1,9.485657228E-1
1.293968083E1,-1.430171938E-1,-3.828055143E-1,4.683268905E-1,6.215497212E-1
1.294963583E1,-5.640936117E-1,-4.498163599E-1,1.961705768E-1,7.476759028E-1
1.295959083E1,-6.598154555E-1,-4.155557692E-1,8.225658327E-2,7.840976841E-1
1.296954583E1,-8.371050806E-1,-3.192737621E-1,-1.674312195E-1,9.114350577E-1
1.297950183E1,-1.077265723E0,-3.264588207E-1,-5.422082144E-1,1.249426487E0
1.298945683E1,-1.071281024E0,-3.232843673E-1,-8.424308708E-1,1.400658983E0
1.299941183E1,-9.918207988E-1,-1.211595708E-1,-8.824939460E-1,1.333110537E0
1.300936783E1,-7.508441048E-1,2.237828833E-1,-5.352646458E-1,9.488697959E-1
1.301932283E1,-4.412204778E-1,4.205299956E-1,-1.702510393E-1,6.328557526E-1
1.302927783E1,-1.505618196E-1,3.955968833E-1,-3.884708816E-1,5.745218720E-1
1.303923283E1,2.730737418E-2,3.220488507E-1,-6.394772315E-1,7.165139807E-1
1.304918883E1,2.778993758E-1,8.207561195E-2,-3.536594832E-1,4.572083761E-1
1.305914383E1,-6.865302144E-1,1.048540252E-1,-9.229847449E-1,1.155083954E0
1.306909883E1,2.221237724E-1,3.199725044E-1,-7.644971341E-1,8.580077167E-1
1.307905483E1,-2.438198661E-1,4.123023784E-1,-5.797935319E-1,7.520651022E-1
1.308900983E1,-8.335571364E-3,7.866680217E-1,-6.721526420E-1,1.034748874E0
1.309896483E1,1.699449741E-1,4.273250449E-1,-5.809851944E-1,7.409667903E-1
1.310891983E1,3.557694510E-2,5.614028692E-1,-4.337350550E-1,7.103273883E-1
1.311887583E1,2.744229868E-2,-3.364780247E-2,-1.521808040E-1,1.582537566E-1
1.312883083E1,-1.723473392E-1,-6.425563753E-1,-3.828113616E-2,6.663690765E-1
1.313878583E1,-8.119392492E-1,-4.444030076E-1,1.124951667E-1,9.324132882E-1
1.314874183E1,-5.675866652E-1,-4.955655599E-1,1.035600949E0,1.280706513E0
1.315869683E1,-7.556067351E-1,-1.536385149E-1,7.306265527E-1,1.062243612E0
1.316865183E1,-7.555967948E-1,4.599361360E-1,3.703462672E-1,9.589703453E-1
1.317860783E1,7.146200191E-2,-2.565179354E-1,8.671572840E-1,9.071218353E-1
1.318856283E1,-3.073306414E-1,2.091502261E-1,2.891869140E-1,4.709830267E-1
1.319851783E1,-8.292327549E-1,-6.191675127E-1,6.730039966E-1,1.234475496E0
1.320847283E1,-9.074959823E-1,-5.542318439E-1,9.470840442E-1,1.423969832E0
1.321842883E1,-1.452695413E0,-4.168023956E-1,9.734567410E-1,1.797683572E0
1.322838383E1,-8.748576285E-1,-8.343497264E-1,9.769264787E-1,1.554316789E0
1.323833883E1,-1.387858270E0,-3.505984658E-1,4.206036705E-1,1.491970948E0
1.324829483E1,-1.053767225E0,-4.857106626E-2,4.355707884E-1,1.141274035E0
1.325824983E1,-7.971346839E-1,1.551728243E-1,6.029216087E-1,1.011442918E0
1.326820483E1,-9.221074433E-1,1.654124683E-1,1.636173731E-1,9.510068698E-1
1.327815983E1,-7.705310952E-1,-4.355181634E-2,-2.651074952E-1,8.160250691E-1
1.328811583E1,-2.417952311E-1,-2.854762709E-1,-8.075618774E-2,3.827312332E-1
1.329807083E1,-5.521141286E-1,-4.389504790E-2,-2.684895247E-1,6.155025679E-1
1.330802583E1,-3.004238006E-1,5.758805752E-2,-2.996551841E-1,4.282103149E-1
1.331798183E1,-8.628801920E-2,3.414247692E-2,-3.860916495E-1,3.970870091E-1
1.332793683E1,-2.937582672E-2,1.333790821E-1,-5.657552442E-1,5.820067998E-1
1.333789183E1,9.641879540E-2,7.625003099E-2,-4.228606957E-1,4.403655519E-1
1.334784783E1,1.720710582E-1,3.247087491E-1,-6.918869948E-1,7.834231516E-1
1.335780283E1,3.411795150E-1,3.433648753E-1,-2.937682074E-1,5.662178545E-1
1.336775783E1,3.309540870E-1,2.439633787E-2,-2.233449268E-1,4.000109315E-1
1.337771283E1,3.891104573E-1,-6.083501637E-2,-3.658368945E-1,5.375355622E-1
1.338766883E1,4.276664492E-1,-4.829156935E-2,-2.071767908E-1,4.776535251E-1
1.339762383E1,5.927631678E-1,-1.682705873E-1,2.182110715E-1,6.536812950E-1
1.340757883E1,5.066631366E-1,1.475457162E-1,1.048756599E-1,5.380299029E-1
1.341753483E1,7.303068562E-1,-8.433497608E-2,1.040763456E-1,7.424906586E-1
1.342748983E1,7.790774587E-1,-1.797024786E-2,2.619611084E-2,7.797248570E-1
1.343744483E1,1.005082869E0,-4.733964264E-2,2.746910816E-1,1.043018602E0
1.344739983E1,1.087383160E0,-1.764455795E-2,2.121840540E-1,1.108032283E0
1.345735583E1,1.067353523E0,6.098879814E-2,1.240188593E-1,1.076263840E0
1.346731083E1,8.771580693E-1,-8.721063673E-2,1.158125845E-1,8.890582256E-1
1.347726583E1,8.588646897E-1,-1.729577154E-1,1.040751761E-1,8.822667220E-1
1.348722183E1,6.467182041E-1,-4.792494893E-2,-7.308434844E-3,6.485326896E-1
1.349717683E1,6.887906018E-1,-6.532509327E-2,1.558513936E-1,7.092175391E-1
1.350713183E1,6.377806619E-1,-6.587590098E-2,1.729436821E-1,6.640883406E-1
1.351708683E1,6.221115126E-1,-1.050697875E-1,-5.930304587E-2,6.337028055E-1
1.352704283E1,5.952136263E-1,-4.714726925E-2,-2.129444844E-1,6.339144101E-1
1.353699783E1,6.537073810E-1,-2.146395922E-2,-1.042868453E-1,6.623215138E-1
1.354695283E1,5.711210147E-1,2.291933119E-2,-9.975583792E-2,5.802204205E-1
1.355690883E1,4.930015558E-1,-4.471365809E-2,-1.151761150E-1,5.082473637E-1
1.356686383E1,2.929521554E-1,3.870856762E-3,-1.433053154E-1,3.261477614E-1
1.357681883E1,3.452093795E-1,4.658301294E-2,-7.250781298E-2,3.558045471E-1
1.358677483E1,2.681680375E-1,6.393462539E-2,-8.336492300E-2,2.880129217E-1
1.359672983E1,9.398598824E-2,2.047028339E-1,-1.520355007E-1,2.717561585E-1
1.360668483E1,-2.495609913E-2,1.395958418E-1,-8.754509747E-2,1.666551830E-1
1.361663983E1,-8.042720877E-2,5.184901536E-2,-3.059526354E-2,1.004635578E-1
1.362659583E1,-2.282370364E-1,-1.871693730E-3,-1.335849041E-1,2.644628038E-1
1.363655083E1,-3.263158197E-1,-1.801410198E-1,-1.303815070E-1,3.948824364E-1
1.364650671E1,-3.479174809E-1,-1.702919698E-1,-6.367559373E-2,3.925563777E-1
1.365646271E1,-5.162889327E-1,-9.717663109E-2,-2.736730814E-2,5.260670387E-1
1.366641771E1,-7.283929894E-1,-4.284722686E-2,-6.644775867E-3,7.296823863E-1
1.367637271E1,-6.902714092E-1,7.972269237E-2,6.958946764E-2,6.983358934E-1
1.368632771E1,-6.164015604E-1,3.572005570E-2,2.507616439E-1,6.664144417E-1
1.369628371E1,-6.139365935E-1,-1.957121551E-2,1.906531441E-1,6.431561200E-1
1.370623871E1,-7.281892139E-1,-2.303931606E-1,2.201599485E-1,7.948653613E-1
1.371619371E1,-6.248890863E-1,-2.667458850E-1,4.138802496E-1,7.955731257E-1
1.372614971E1,-6.167078814E-1,-2.626037174E-1,4.805145344E-1,8.247324058E-1
1.373610471E1,-5.341819973E-1,-1.644903624E-1,3.624569115E-1,6.661700220E-1
1.374605971E1,-4.337354936E-1,-1.099691695E-1,3.508355704E-1,5.685994144E-1
1.375601471E1,-3.767064664E-1,-8.888586402E-2,3.542181846E-1,5.246703546E-1
1.376597071E1,-2.740392633E-1,-5.614379525E-2,2.194983360E-1,3.555687881E-1
1.377592571E1,-2.774795457E-1,-3.176909208E-2,9.047104418E-2,2.935799437E-1
1.378588071E1,-2.684969068E-1,-3.007690787E-2,3.465878606E-2,2.723902363E-1
1.379583671E1,-1.592105094E-1,-7.418362498E-2,-2.262141556E-2,1.770958073E-1
1.380579171E1,-7.400517527E-2,-2.883086622E-2,-1.935764596E-1,2.092363031E-1
1.381574671E1,1.697143380E-2,7.365796030E-2,-2.219556284E-1,2.344735074E-1
1.382570171E1,9.082242530E-2,6.171209872E-2,-1.467925948E-1,1.833171076E-1
1.383565771E1,2.151317085E-1,9.427290380E-2,-1.539761916E-1,2.808517402E-1
1.384561271E1,3.223694608E-1,5.506556869E-2,-2.729176211E-1,4.259557654E-1
1.385556771E1,4.583936040E-1,4.033526301E-2,-2.082599875E-1,5.050978638E-1
1.386552371E1,5.375312824E-1,8.412564576E-2,-1.162905943E-1,5.563636456E-1
1.387547871E1,5.565009656E-1,4.164153099E-2,-5.392536163E-2,5.606561214E-1
1.388543371E1,5.359978501E-1,5.473695517E-2,-7.976362288E-2,5.446577504E-1
1.389538971E1,5.430177614E-1,-3.780224919E-3,-1.139154553E-2,5.431503904E-1
1.390534471E1,4.685163768E-1,-8.202649534E-2,5.998863190E-2,4.794106561E-1
1.391529971E1,3.445758337E-1,-7.789075971E-2,2.825520784E-2,3.543978448E-1
1.392525471E1,3.452574363E-1,-6.362472296E-2,8.925394624E-2,3.622389675E-1
1.393521071E1,3.696409103E-1,-2.304621577E-2,1.781629068E-1,4.109836395E-1
1.394516571E1,2.926014321E-1,-7.998581707E-2,1.332165295E-1,3.313004267E-1
1.395512071E1,3.225043122E-1,-8.510388494E-2,7.320947886E-2,3.414840120E-1
1.396507671E1,2.946843199E-1,-5.152800322E-2,5.838210940E-2,3.047990391E-1
1.397503171E1,2.481261942E-1,-4.176841557E-2,1.162818235E-1,2.771870691E-1
1.398498671E1,1.736184508E-1,-3.329287648E-2,-4.707008600E-3,1.768443892E-1
1.399494171E1,7.765102386E-3,-7.965661883E-2,-8.428761363E-2,1.162319902E-1
1.400489771E1,-6.385886740E-2,-3.609135389E-2,-1.026888013E-1,1.261963973E-1
1.401485271E1,-8.484361075E-2,-1.639559269E-3,-5.985005289E-2,1.038419726E-1
1.402480771E1,-1.489858854E-1,8.315851629E-2,-8.248199344E-2,1.895136199E-1
1.403476371E1,-1.837402003E-1,1.419353127E-2,-8.210484803E-2,2.017501515E-1
1.404471871E1,-2.112595726E-1,-3.795603096E-2,-7.851641178E-2,2.285521696E-1
1.405467371E1,-2.559323367E-1,-6.714416206E-2,-6.512570322E-2,2.724904709E-1
1.406462871E1,-3.490537776E-1,-6.056019723E-2,2.374846637E-2,3.550634687E-1
1.407458471E1,-2.950023354E-1,1.045482159E-3,1.085857183E-1,3.143538279E-1
1.408453971E1,-2.947617225E-1,8.549798727E-3,1.468504822E-1,3.294277405E-1