"Time (s)","Linear Acceleration x (m/s^2)","Linear Acceleration y (m/s^2)","Linear Acceleration z (m/s^2)","Absolute acceleration (m/s^2)"
5.347499973E-3,-7.106260054E-2,-8.585466743E-3,1.058492213E-2,7.235775018E-2
1.530149998E-2,-5.530033439E-2,4.917508364E-3,9.925063848E-3,5.639872131E-2
2.525549999E-2,-6.399521716E-2,5.262494087E-6,1.681776166E-2,6.616815665E-2
3.520849999E-2,-6.584242567E-2,1.844328761E-2,5.227410793E-4,6.837874768E-2
4.516250000E-2,-7.595306553E-2,2.245272338E-2,2.178263247E-2,8.214302179E-2
5.511650001E-2,-5.973954052E-2,2.229192495E-2,2.559794068E-2,6.870951307E-2
6.507050002E-2,-6.206563599E-2,4.210579991E-3,8.657972217E-3,6.280790267E-2
7.502350002E-2,-6.482946865E-2,1.718613625E-2,1.059457004E-2,6.790042856E-2
8.497750002E-2,-5.915949672E-2,-9.432728291E-3,7.014904618E-3,6.031609489E-2
9.493150003E-2,-6.883254558E-2,-1.647277594E-2,2.347481668E-2,7.456767863E-2
1.048855000E-1,-5.149657443E-2,2.558156848E-3,1.586700439E-2,5.394629898E-2
1.148394999E-1,-3.474824846E-2,2.913667560E-3,2.512840927E-3,3.496061497E-2
1.247924999E-1,-4.523976132E-2,2.696151137E-3,1.001394153E-2,4.641319059E-2
1.347464999E-1,-3.602842323E-2,-1.472913623E-3,1.367079020E-3,3.608442407E-2
1.447004999E-1,-3.848673888E-2,7.835268974E-4,1.250076234E-2,4.047359686E-2
1.546545000E-1,-3.095720619E-2,6.221437454E-4,1.860817909E-2,3.612478383E-2
1.646075000E-1,-4.359698609E-2,4.070246816E-3,2.047344089E-2,4.833658952E-2
1.745615000E-1,-3.054234624E-2,9.804026484E-3,1.564071715E-2,3.568733504E-2
1.845155000E-1,-3.168840051E-2,1.700779617E-2,-1.030279398E-3,3.597890122E-2
1.944695000E-1,-2.992151812E-2,1.922622979E-2,2.629492879E-3,3.566313771E-2
2.044225000E-1,-3.929453172E-2,4.721041918E-3,-5.625021458E-4,3.958111757E-2
2.143765000E-1,-4.188718714E-2,4.856697321E-3,1.190434635E-2,4.381594935E-2
2.243305000E-1,-3.687334590E-2,1.700428784E-2,-2.191536427E-3,4.066438582E-2
2.342845000E-1,-5.877401903E-2,-4.483060241E-3,-1.055510134E-2,5.988232883E-2
2.442385000E-1,-7.120746531E-2,9.648490548E-3,-1.253058314E-3,7.186909378E-2
2.541915000E-1,-7.370093733E-2,-5.450189710E-3,-6.671673059E-4,7.390519497E-2
2.641455000E-1,-7.468977459E-2,-8.808830380E-3,3.240819275E-3,7.527722650E-2
2.740995000E-1,-6.882070497E-2,-8.110672832E-3,1.969751537E-2,7.204210267E-2
2.840535000E-1,-8.464451306E-2,-9.466642141E-4,9.639719725E-3,8.519691285E-2
2.940064999E-1,-7.837534770E-2,1.434906721E-2,1.416254103E-2,8.092693264E-2
3.039604999E-1,-6.287518300E-2,6.579871774E-3,7.665699720E-4,6.322318388E-2
3.139144999E-1,-6.048089437E-2,1.750890255E-2,6.540110707E-3,6.330302758E-2
3.238685000E-1,-4.153460003E-2,7.926485538E-3,1.067409217E-3,4.229765402E-2
3.338215000E-1,-2.213558502E-2,2.826777935E-2,-9.164633453E-3,3.705458109E-2
3.437755000E-1,-5.050459430E-3,1.284107029E-2,-2.493077338E-2,2.849462560E-2
3.537295000E-1,2.916225716E-3,1.779190779E-2,-2.502725244E-2,3.084509231E-2
3.636835000E-1,2.923388556E-3,6.105838001E-2,-2.634638429E-2,6.656428423E-2
3.736365000E-1,-1.985860616E-3,6.328383029E-2,-3.734645873E-2,7.350880762E-2
3.835905000E-1,-1.624276109E-2,5.015215337E-2,-3.996805787E-2,6.615520709E-2
3.935445000E-1,-2.621577211E-2,5.561403751E-2,-5.685890973E-2,8.374439379E-2
4.034985000E-1,-3.619645759E-2,5.488547444E-2,-6.705177605E-2,9.390707917E-2
4.134525000E-1,-3.869599611E-2,4.859737873E-2,-7.345447719E-2,9.620106836E-2
4.234055000E-1,-3.983444899E-2,4.517149508E-2,-7.885408849E-2,9.922305461E-2
4.333595000E-1,-6.319363698E-2,4.442363620E-2,-5.620723754E-2,9.553087857E-2
4.433135000E-1,-6.057664253E-2,2.241413176E-2,-6.765403926E-2,9.353604627E-2
4.532675000E-1,-8.011906050E-2,1.415786326E-2,-6.918484032E-2,1.067991155E-1
4.632205000E-1,-7.881966300E-2,1.759310246E-2,-4.126818627E-2,9.069244582E-2
4.731744999E-1,-9.101030365E-2,9.355545044E-3,-1.634589136E-2,9.293863436E-2
4.831284999E-1,-6.756750047E-2,2.806488097E-2,-1.882715732E-2,7.554777638E-2
4.930824999E-1,-4.535166241E-2,2.806429625E-2,5.344355106E-3,5.359981473E-2
5.030354999E-1,-2.128444970E-2,4.244318426E-2,9.421033859E-3,4.840668929E-2
5.129895000E-1,6.015542373E-3,3.705380559E-2,2.861042619E-3,3.764779972E-2
5.229435000E-1,3.267548360E-2,3.063063920E-2,2.530090213E-3,4.485894161E-2
5.328975000E-1,5.138423480E-2,3.152409375E-2,-9.029855132E-3,6.095610188E-2
5.428505000E-1,6.029129840E-2,3.930966139E-2,-1.388947606E-2,7.330216700E-2
5.528045000E-1,7.807165794E-2,4.018732846E-2,-1.695984900E-2,8.943065258E-2
5.627585000E-1,6.820535861E-2,3.047276437E-2,-1.817548513E-2,7.688243344E-2
5.727125000E-1,3.227633804E-2,5.292607248E-2,-2.104471385E-2,6.546610670E-2
5.826665000E-1,1.125238180E-2,2.610021651E-2,3.416235745E-3,2.862705127E-2
5.926195000E-1,-1.752885617E-2,1.394385517E-2,-1.598745704E-2,2.751891492E-2
6.025735000E-1,-3.766155057E-2,4.028731585E-3,-1.217419535E-2,3.978484764E-2
6.125275000E-1,-6.041781753E-2,-1.066473663E-2,-1.868974775E-2,6.413545006E-2
6.224815000E-1,-8.061431967E-2,-6.833056211E-3,-2.049185961E-2,8.345822610E-2
6.324345000E-1,-9.067452729E-2,4.210579991E-3,-3.628782034E-3,9.084474086E-2
6.423885000E-1,-9.827905051E-2,7.670377493E-3,-2.369876504E-3,9.860640332E-2
6.523424999E-1,-9.332558177E-2,6.267045736E-3,2.105465412E-2,9.587616250E-2
6.622964999E-1,-1.051130569E-1,-6.471698284E-3,2.047753394E-2,1.072845143E-1
6.722494999E-1,-1.078773281E-1,-4.709347486E-3,-2.376308441E-3,1.080062161E-1
6.822040000E-1,-1.488296185E-1,-1.835265577E-2,1.161549389E-2,1.504061004E-1
6.921580000E-1,-1.746263646E-1,-2.453667104E-2,2.629375935E-2,1.782912707E-1
7.021120000E-1,-2.005335499E-1,-2.574645996E-2,1.358045071E-2,2.026351733E-1
7.120660000E-1,-2.354769491E-1,-1.629619002E-2,3.259296477E-2,2.382797951E-1
7.220190000E-1,-2.311909401E-1,-3.669712543E-3,3.410563946E-2,2.337218693E-1
7.319730000E-1,-2.216083769E-1,2.668084502E-3,3.744732320E-2,2.247658635E-1
7.419270000E-1,-2.186367488E-1,1.172308266E-2,4.153745055E-2,2.228560486E-1
7.518810000E-1,-2.031848967E-1,6.421996951E-3,4.098781228E-2,2.073773012E-1
7.618340000E-1,-2.006278362E-1,-7.063436508E-3,5.370638341E-2,2.078119256E-1
7.717880000E-1,-1.865251561E-1,-1.425960481E-2,5.268809080E-2,1.943476398E-1
7.817420000E-1,-1.653292917E-1,-2.206388354E-2,6.114550352E-2,1.776495490E-1
7.916960000E-1,-1.496339761E-1,-1.129623592E-2,5.764185190E-2,1.607498518E-1
8.016490000E-1,-1.423016408E-1,-1.505482614E-2,6.526662111E-2,1.572772603E-1
8.116030000E-1,-1.191807999E-1,-1.415143132E-2,4.942826807E-2,1.297978419E-1
8.215569999E-1,8.536021225E-2,-2.762557966E-1,-1.273014861E-1,3.159260979E-1
8.315109999E-1,4.730998995E-1,9.628785431E-2,1.758330837E-1,5.138211159E-1
8.414639999E-1,2.074205466E-1,2.492106700E-1,1.857911843E-1,3.736945348E-1
8.514179999E-1,3.311569123E-1,1.694406152E-2,1.196965975E-1,3.525326612E-1
8.613720000E-1,-3.801156490E-1,7.642486274E-2,-9.565080017E-2,3.993466437E-1
8.713260000E-1,-2.638714669E-1,-1.254882646E-1,2.022937810E-1,3.553846218E-1
8.812800000E-1,-3.656421822E-1,7.685580254E-3,1.119814888E-1,3.824828459E-1
8.912330000E-1,-1.583502012E-1,-1.927353376E-1,1.675791541E-1,3.005070207E-1
9.011870000E-1,-1.347930850E-1,-1.286592096E-1,1.049510890E-1,2.138623367E-1
9.111410000E-1,2.379831389E-2,-2.278601468E-2,7.166932225E-2,7.887999722E-2
9.210950000E-1,1.785839063E-1,2.771580219E-2,6.682490408E-2,1.926809412E-1
9.310480000E-1,4.305831134E-2,4.009260356E-2,1.307785329E-1,1.434031370E-1
9.410020000E-1,-2.300850123E-2,-1.456833780E-2,1.760774973E-1,1.781710208E-1
9.509560000E-1,7.321298718E-2,-5.425689876E-2,9.230531573E-2,1.297082259E-1
9.609100000E-1,-5.304126263E-2,-2.235408086E-1,1.613018757E-1,2.807172309E-1
9.708630000E-1,-6.894364268E-2,-6.252018392E-2,-1.201368928E-2,9.384203745E-2
9.808170000E-1,-1.131620416E-1,-1.997812325E-1,1.565580297E-1,2.779003511E-1
9.907710000E-1,1.541442990E-2,9.372794330E-2,3.137498975E-2,1.000346039E-1
1.000725000E0,2.068247885E-2,2.193641424E-2,1.784453273E-1,1.809743242E-1
1.010678000E0,7.251819178E-2,7.872866571E-2,1.232312393E-1,1.632269257E-1
1.020632000E0,2.087227947E-1,-1.187569499E-2,9.472226232E-2,2.295180693E-1
1.030586000E0,1.529166761E-1,-7.217686057E-2,7.142169267E-2,1.835594378E-1
1.040540000E0,2.485072500E-1,-8.942205369E-2,-2.257054478E-2,2.650690221E-1
1.050494000E0,2.478199098E-1,-9.379401684E-2,2.271526337E-2,2.659473791E-1
1.060447000E0,1.313666166E-1,-4.460373044E-2,2.342043757E-2,1.406954073E-1
1.070401000E0,1.446997301E-1,1.266974688E-2,7.067704976E-2,1.615356919E-1
1.080355000E0,5.866818443E-2,7.159038484E-2,4.348603517E-2,1.022652156E-1
1.090309000E0,2.132625729E-3,4.845996916E-2,1.062541410E-1,1.168026506E-1
1.100262000E0,-4.125707656E-2,6.197171509E-2,5.813418746E-2,9.445752267E-2
1.110216000E0,-4.093007103E-2,-1.177453816E-2,3.558381557E-2,5.549881435E-2
1.120170000E0,-1.611404926E-2,-1.498933733E-2,-4.947387636E-2,5.414801251E-2
1.130124000E0,-1.427217633E-2,-5.739276052E-2,-5.827510536E-2,8.302777777E-2
1.140077000E0,1.526795715E-2,-2.168732285E-2,-9.475705326E-2,9.839893104E-2
1.150031000E0,3.695922688E-2,4.532761574E-2,-5.662092805E-2,8.140335800E-2
1.159985000E0,5.437895939E-2,9.307890236E-2,-3.554346979E-2,1.135081122E-1
1.169939000E0,2.637313530E-2,1.244842976E-1,-1.357811183E-2,1.279697142E-1
1.179892000E0,-9.929156899E-3,8.584297299E-2,-6.604780912E-2,1.087654231E-1
1.189846000E0,-9.077159107E-2,7.283467233E-2,-8.339182019E-2,1.431732060E-1
1.199800000E0,-1.469079311E-1,4.608599961E-2,-1.058945373E-1,1.868676339E-1
1.209754000E0,-1.549501915E-1,1.322055459E-2,-7.362258464E-2,1.720599602E-1
1.219708000E0,-1.808763072E-1,9.274268746E-3,-8.101551175E-2,1.984080737E-1
1.229661000E0,-1.821615252E-1,3.528151453E-2,-7.749256432E-2,2.010788503E-1
1.239615000E0,-1.615477511E-1,5.421479881E-2,-7.989109218E-2,1.882007091E-1
1.249569000E0,-1.287100804E-1,6.999467969E-2,-5.575787902E-2,1.567624989E-1
1.259523000E0,-1.069536142E-1,6.975435913E-2,-7.722534657E-2,1.492263394E-1
1.269476000E0,-7.442862332E-2,6.372003257E-2,-8.621310174E-2,1.305088558E-1
1.279430000E0,-7.441108167E-2,4.583339989E-2,-8.499688089E-2,1.219105384E-1
1.289384000E0,-8.843738258E-2,2.901096046E-2,-6.975494385E-2,1.163123323E-1
1.299338000E0,-1.119101527E-1,4.440784872E-2,-7.210113913E-2,1.403371425E-1
1.309291000E0,-1.117288890E-1,5.257933259E-2,-2.496264070E-2,1.259804123E-1
1.319245000E0,-1.323031944E-1,7.391465306E-2,-3.570602238E-2,1.556998112E-1
1.329199000E0,-1.285087900E-1,6.947076917E-2,-4.412425876E-2,1.526029065E-1
1.339153000E0,-1.327281408E-1,7.825621068E-2,-6.746049643E-2,1.682014044E-1
1.349107000E0,-1.139739275E-1,5.651450872E-2,-4.528434634E-2,1.350356170E-1
1.359060000E0,-1.091835961E-1,4.345065951E-2,-6.185915619E-2,1.327989935E-1
1.369014000E0,-9.329714969E-2,9.605805874E-3,-5.633879989E-2,1.094106486E-1
1.378968000E0,-9.379942551E-2,7.742882967E-3,-7.897921890E-2,1.228657865E-1
1.388922000E0,-6.170157373E-2,2.606279433E-2,-4.876110077E-2,8.284925104E-2
1.398875000E0,-3.861281946E-2,4.665785730E-2,-7.607695341E-2,9.723995226E-2
1.408829000E0,-1.611083329E-2,5.095088303E-2,-5.388092279E-2,7.588613360E-2
1.418783000E0,-3.082155079E-2,6.239271462E-2,-4.958701998E-2,8.544993494E-2
1.428737000E0,-3.646659896E-2,4.544689894E-2,-3.969967067E-2,7.050742737E-2
1.438690000E0,-2.849874437E-2,5.155197680E-2,-5.735007584E-2,8.221201823E-2
1.448644000E0,-4.445755005E-2,3.338584721E-2,-2.975531101E-2,6.305923472E-2
1.458598000E0,-5.746438891E-2,4.217538178E-2,-4.827519715E-2,8.608956662E-2
1.468552000E0,-6.345179155E-2,5.693609297E-2,-3.562123775E-2,9.239437815E-2
1.478505000E0,-6.285055161E-2,4.683795154E-2,-2.489276648E-2,8.224132395E-2
1.488459000E0,-6.969223246E-2,3.467223465E-2,-8.846252561E-3,7.834173412E-2
1.498413000E0,-6.521589652E-2,3.331100285E-2,-2.656565487E-2,7.790038567E-2
1.508367000E0,-7.013837501E-2,2.950095713E-2,-2.876245379E-2,8.134480235E-2
1.518321000E0,-5.753908709E-2,1.681483805E-2,-3.325837791E-2,6.855366528E-2
1.528274000E0,-4.397851691E-2,7.719494104E-3,-7.087410092E-3,4.520986530E-2
1.538228000E0,-5.543087348E-2,6.320840120E-3,-1.126144499E-2,5.691533096E-2
1.548182000E0,-6.207681879E-2,2.890746474E-2,3.990432322E-3,6.859370598E-2
1.558136000E0,-5.350640863E-2,2.874783576E-2,1.680197418E-2,6.302126753E-2
1.568089000E0,-8.025157303E-2,1.609972358E-2,2.603297353E-2,8.589081315E-2
1.578043000E0,-9.809742138E-2,2.470507085E-2,4.547028780E-2,1.109098358E-1
1.587997000E0,-1.207132821E-1,4.699991941E-3,4.777613729E-2,1.299089900E-1
1.597951000E0,-1.622292441E-1,-1.173594654E-2,7.054665685E-2,1.772932342E-1
1.607904000E0,-1.880786151E-1,-2.798126578E-2,1.039161319E-1,2.166912069E-1
1.617858000E0,-2.426242201E-1,-4.377167165E-2,1.351066419E-1,2.811339114E-1
1.627812000E0,-2.971281637E-1,-6.602383554E-2,2.048969615E-1,3.669155998E-1
1.637766000E0,-4.027394034E-1,-8.293105960E-2,3.163554168E-1,5.188037562E-1
1.647719000E0,-5.176829454E-1,-1.106035924E-1,4.259918797E-1,6.794835305E-1
1.657673000E0,-6.188660887E-1,-1.687670159E-1,4.822801012E-1,8.025407388E-1
1.667627000E0,-7.141843285E-1,-2.467969394E-1,5.463878042E-1,9.324739229E-1
1.677580750E0,-7.350875397E-1,-2.970134121E-1,6.201472136E-1,1.006555127E0
1.687534750E0,-8.055571595E-1,-3.343601632E-1,6.506287488E-1,1.088134562E0
1.697487750E0,-8.880675119E-1,-3.351273179E-1,6.424537566E-1,1.146176712E0
1.707441750E0,-9.218734816E-1,-3.241000539E-1,6.684191948E-1,1.183923892E0
1.717395750E0,-8.925103725E-1,-3.295777255E-1,6.420885980E-1,1.147812707E0
1.727349750E0,-7.791675058E-1,-3.209133214E-1,6.421920937E-1,1.059480083E0
1.737302750E0,-6.766270776E-1,-3.020291537E-1,6.739453983E-1,1.001622789E0
1.747256750E0,-5.634289294E-1,-3.054638082E-1,6.500940210E-1,9.128978764E-1
1.757210750E0,-4.922906806E-1,-3.085827130E-1,5.609535107E-1,8.076151597E-1
1.767164750E0,-4.723566453E-1,-3.200450099E-1,4.856171072E-1,7.492486793E-1
1.777117750E0,-4.348530427E-1,-2.899090451E-1,4.314929402E-1,6.777393161E-1
1.787071750E0,-3.419909258E-1,-2.617681503E-1,4.217970872E-1,6.028209856E-1
1.797025750E0,-2.390502557E-1,-1.663316506E-1,3.288535479E-1,4.392674569E-1
1.806979750E0,-1.605477311E-1,-1.353273743E-1,2.612231898E-1,3.351516479E-1
1.816933750E0,-1.428524485E-1,-9.260527790E-2,2.609112409E-1,3.115401020E-1
1.826886750E0,-1.655585025E-1,-5.032873929E-2,2.016502950E-1,2.657168441E-1
1.836840750E0,-1.048436464E-1,-3.547271848E-2,6.738506734E-2,1.295810606E-1
1.846794750E0,-9.421326220E-3,-1.730658889E-2,-8.214051604E-2,8.447096414E-2
1.856748750E0,1.041966520E-1,-9.747483909E-2,-1.504856962E-1,2.073746159E-1
1.866701750E0,4.780800462E-2,2.416303396E-2,-2.180686918E-1,2.245515795E-1
1.876655750E0,2.337544325E-1,1.689348310E-1,-2.467413908E-1,3.795542462E-1
1.886609750E0,3.985754550E-3,2.389178163E-1,-3.440413982E-1,4.188819557E-1
1.896563750E0,1.037683435E-1,2.941371667E-1,-4.346530679E-1,5.349839543E-1
1.906516750E0,1.431461249E-1,3.393858451E-1,-5.906395322E-1,6.960809018E-1
1.916470750E0,6.195548907E-2,3.582787836E-1,-7.157605916E-1,8.028171609E-1
1.926424750E0,-1.178710967E-2,3.532449156E-1,-6.475756252E-1,7.377500232E-1
1.936378750E0,1.878741087E-1,3.267967898E-1,-9.264173529E-1,1.000170952E0
1.946331750E0,3.076471585E-1,2.238156277E-1,-1.070916377E0,1.136486734E0
1.956285750E0,1.693610930E-1,3.707415390E-1,-1.101658114E0,1.174641676E0
1.966239750E0,2.839602341E-1,5.475730348E-1,-1.103077525E0,1.263823433E0
1.976193750E0,3.426292956E-1,7.120470250E-1,-1.071532381E0,1.331385536E0
1.986147750E0,4.406191282E-1,8.029963714E-1,-1.085541433E0,1.420333972E0
1.996100750E0,3.446310899E-1,6.735466182E-1,-1.133504097E0,1.362815898E0
2.006054750E0,2.766817662E-1,5.883094168E-1,-1.297821381E0,1.451551276E0
2.016008750E0,3.234339099E-1,5.796204543E-1,-1.339958464E0,1.495345462E0
2.025962750E0,3.513455938E-1,6.191072863E-1,-1.255036720E0,1.442863378E0
2.035915750E0,4.500027399E-1,6.548121393E-1,-1.231092079E0,1.465219817E0
2.045869750E0,4.396528758E-1,7.441055542E-1,-1.377526824E0,1.626212741E0
2.055823750E0,3.806571011E-1,6.901129496E-1,-1.328423954E0,1.544624845E0
2.065777750E0,4.339648506E-1,7.371619856E-1,-1.281279901E0,1.540588027E0
2.075730750E0,4.487483659E-1,6.784863460E-1,-1.312784114E0,1.544383679E0
2.085684750E0,3.896029025E-1,6.110854912E-1,-1.417484942E0,1.592004856E0
2.095638750E0,3.099560778E-1,5.779534131E-1,-1.509082745E0,1.645428105E0
2.105592750E0,4.609836647E-1,5.458241326E-1,-1.452121216E0,1.618359030E0
2.115545750E0,4.836452799E-1,6.362232560E-1,-1.372107625E0,1.587882906E0
2.125499750E0,5.382464334E-1,7.135982913E-1,-1.212702878E0,1.506512534E0
2.135453750E0,5.375063221E-1,7.027289021E-1,-1.075159117E0,1.392374979E0
2.145407750E0,5.319913745E-1,5.869247961E-1,-1.083598988E0,1.342267598E0
2.155360750E0,4.853721088E-1,4.819602585E-1,-1.097145525E0,1.292903739E0
2.165314750E0,2.819566856E-1,4.143459803E-1,-1.054730700E0,1.167749551E0
2.175268750E0,1.647855006E-1,4.201230294E-1,-9.960761100E-1,1.093537945E0
2.185222750E0,1.831707546E-1,5.015080851E-1,-8.975017020E-1,1.044304165E0
2.195176750E0,1.194748418E-1,7.103010464E-1,-7.315670773E-1,1.026641224E0
2.205129750E0,-3.731254488E-2,7.360106689E-1,-6.828141627E-1,1.004658704E0
2.215083750E0,1.786967576E-2,5.740012801E-1,-7.642857572E-1,9.559966075E-1
2.225037750E0,4.604112223E-2,4.508606726E-1,-9.096352592E-1,1.016283147E0
2.234991750E0,-5.853706062E-2,4.003185099E-1,-1.025330315E0,1.102263014E0
2.244944750E0,-1.472746977E-1,3.703673172E-1,-1.102274995E0,1.172122839E0
2.254898750E0,-2.914161649E-1,3.653568381E-1,-1.221112344E0,1.307487804E0
2.264852750E0,-3.806135394E-1,4.320402396E-1,-1.361294954E0,1.478055948E0
2.274806750E0,-2.916645254E-1,5.445026618E-1,-1.497973912E0,1.620332431E0
2.284759750E0,-3.243837900E-1,7.833035338E-1,-1.463446981E0,1.691291322E0
2.294713750E0,-3.158322372E-1,8.443174750E-1,-1.406342488E0,1.670455385E0
2.304667750E0,-1.131468388E-1,7.503731847E-1,-1.504406726E0,1.684963419E0
2.314621750E0,6.600980222E-2,6.099996632E-1,-1.630503394E0,1.742124622E0
2.324575750E0,1.107852946E-1,5.617326522E-1,-1.748201120E0,1.839571720E0
2.334528750E0,1.066939978E-1,5.757975447E-1,-1.915812434E0,2.003313182E0
2.344482750E0,1.779174699E-1,7.221784955E-1,-1.960096030E0,2.096466754E0
2.354436750E0,2.237537934E-1,9.231367725E-1,-1.779379644E0,2.017037228E0
2.364390750E0,1.984501138E-1,1.097421806E0,-1.669359604E0,2.007605179E0
2.374343750E0,2.173141086E-1,1.004745192E0,-1.729228952E0,2.011708501E0
2.384297750E0,1.764080112E-1,8.510312480E-1,-1.642028548E0,1.857856756E0
2.394251750E0,3.829487711E-2,7.696555477E-1,-1.644433508E0,1.816039020E0
2.404205750E0,-2.377287850E-1,5.957517529E-1,-1.832645440E0,1.941655076E0
2.414158750E0,-2.300801884E-1,5.141211140E-1,-1.821398320E0,1.906501837E0
2.424112750E0,-1.052557290E-2,7.675178057E-1,-1.347166619E0,1.550500651E0
2.434066750E0,1.858217360E-1,1.126228698E0,-1.094035976E0,1.581086814E0
2.444020750E0,4.141060983E-1,1.077026133E0,-1.182565452E0,1.652250041E0
2.453974750E0,5.581621961E-1,9.551719129E-1,-1.191587706E0,1.625970381E0
2.463927750E0,5.828631739E-1,7.701373583E-1,-1.179282825E0,1.524319196E0
2.473881750E0,4.424443366E-1,4.136823213E-1,-1.334356831E0,1.465400357E0
2.483835750E0,3.366825311E-1,1.727542323E-1,-1.675206234E0,1.717415232E0
2.493789750E0,3.656667405E-1,1.194188547E-1,-1.785278023E0,1.826250434E0
2.503742750E0,7.473835033E-1,4.736361623E-1,-1.574807495E0,1.806358758E0
2.513696750E0,8.905423459E-1,5.612385625E-1,-9.500129145E-1,1.417948847E0
2.523650750E0,9.037308870E-1,5.497803587E-1,-5.386729878E-1,1.187078998E0
2.533604750E0,1.310755569E0,3.852332783E-1,-1.006011114E0,1.696627007E0
2.543557750E0,1.109997413E-1,-6.623375058E-2,-2.366838291E0,2.370365235E0
2.553511750E0,-1.185829952E-2,-6.507880855E-1,-2.376473333E0,2.463999037E0
2.563465750E0,1.129706622E0,1.333749890E0,-1.497266107E0,2.301506380E0
2.573419750E0,6.822826508E-1,1.310761562E0,-7.690702415E-1,1.665855493E0
2.583373750E0,7.067384841E-1,1.153824633E0,-1.888022080E0,2.322803897E0
2.593326750E0,7.747253761E-1,9.703325737E-1,-1.429205686E0,1.893244201E0
2.603280750E0,1.327314006E0,7.831392270E-1,-7.810383224E-1,1.727741410E0
2.613234750E0,1.963800387E0,1.128024963E0,-7.805401397E-1,2.395453023E0
2.623188750E0,2.417761984E0,8.956308854E-1,-1.790668863E-1,2.584529482E0
2.633141750E0,1.529533235E0,5.964013785E-1,-2.813376117E-1,1.665628222E0
2.643095750E0,9.910482354E-1,2.591673088E-1,-9.874880120E-1,1.422841127E0
2.653049750E0,4.525664516E-1,2.621505582E-1,-6.677543664E-1,8.481952618E-1
2.663003750E0,-2.656507015E-1,8.597342438E-1,1.182035109E-1,9.075711185E-1
2.672956750E0,-2.850656502E-2,8.269231778E-1,3.092896414E-1,8.833315621E-1
2.682910375E0,-3.413005158E-1,7.586493337E-1,1.263799649E-1,8.414313693E-1
2.692864375E0,3.284095980E-2,2.990821570E-1,-6.130869931E-1,6.829380107E-1
2.702818375E0,-2.543538809E-4,4.115855098E-3,-1.040858181E0,1.040866349E0
2.712772375E0,-1.191979031E-1,-6.198516369E-2,-6.705464119E-1,6.838733736E-1
2.722725375E0,-4.080070138E-2,1.631659681E-1,-5.714401996E-1,5.956775404E-1
2.732679375E0,-7.338767275E-2,-8.543074429E-2,-7.299459368E-1,7.385832609E-1
2.742633375E0,-6.159859695E-1,-2.156692868E-1,-7.369932935E-1,9.844343912E-1
2.752587375E0,-7.949360577E-1,-6.005090475E-3,-6.994766808E-1,1.058880080E0
2.762540375E0,-1.058724275E0,-9.644982219E-3,-4.123865783E-1,1.136245047E0
2.772494375E0,-1.733573726E0,1.243334395E-1,-8.987986144E-1,1.956674632E0
2.782448375E0,-2.857815248E0,-2.480681241E-1,-1.491105480E0,3.232961698E0
2.792402375E0,-4.160400356E0,-3.086300755E-1,-1.155296377E0,4.328844345E0
2.802355375E0,-2.842993726E0,8.354647905E-1,-4.857469153E-1,3.002759532E0
2.812309375E0,-1.293176792E-1,7.634493130E-1,-5.496242380E-1,9.495602765E-1
2.822263375E0,4.292221740E-2,9.712166727E-1,-9.381775653E-1,1.351029713E0
2.832217375E0,-1.396924962E0,4.605185187E-1,-1.238055236E0,1.922565324E0
2.842171375E0,-1.467466941E0,3.238076931E-1,-1.217766275E0,1.934235080E0
2.852124375E0,-1.155504392E0,4.775239760E-1,-1.035039032E0,1.623122098E0
2.862078375E0,-1.117472347E0,6.463325071E-1,-1.336605086E0,1.858225850E0
2.872032375E0,-1.210598904E0,1.298023403E-1,-1.940113755E0,2.290510802E0
2.881986375E0,-1.295620782E0,-1.439543563E-1,-2.194469975E0,2.552460487E0
2.891939375E0,-1.329040689E0,-4.723731637E-1,-1.493950735E0,2.054598345E0
2.901893375E0,-7.372923785E-1,-1.560797274E-2,-9.715762764E-1,1.219755763E0
2.911847375E0,-5.604741852E-1,6.826770455E-1,-7.791955724E-1,1.177847614E0
2.921801375E0,-1.447658768E-1,8.606885093E-1,-5.540409324E-1,1.033781033E0
2.931754375E0,5.957216397E-3,8.120893764E-1,-6.028970504E-1,1.011439320E0
2.941708375E0,-1.804996734E-1,6.810924500E-1,-1.114566427E0,1.318607363E0
2.951662375E0,1.141967795E-1,1.298069011E0,-1.050646420E0,1.673882302E0
2.961616375E0,7.560128973E-1,1.348747414E0,-3.201280403E-1,1.578973416E0
2.971570375E0,9.413632746E-1,9.296622652E-1,-2.575555238E-1,1.347876697E0
2.981523375E0,1.242605685E0,1.518498516E-1,-9.780649316E-1,1.588627797E0
2.991477375E0,1.666032976E0,3.330632508E-1,-1.157454584E0,2.055796226E0
3.001431375E0,1.882103821E0,7.143853265E-1,-6.788743088E-1,2.124507358E0
3.011385375E0,1.412875874E0,9.650554615E-1,2.193729132E-1,1.725014422E0
3.021338375E0,1.204739848E0,8.506728137E-1,5.623357925E-1,1.578373809E0
3.031292375E0,1.081244972E0,2.268298674E-1,3.229352885E-1,1.151012458E0
3.041246375E0,8.611942935E-1,-4.729157853E-1,-3.032491753E-1,1.028233929E0
3.051200375E0,6.319747422E-1,-8.905215883E-1,-3.299729973E-2,1.092478648E0
3.061153375E0,7.347202615E-1,-5.224650908E-1,1.785447299E-3,9.015469048E-1
3.071107375E0,8.256444649E-1,-5.738860899E-1,-3.096042216E-2,1.005978416E0
3.081061375E0,6.797367000E-1,-4.574276805E-1,-2.388160747E-1,8.534138397E-1
3.091015375E0,4.801568310E-1,-1.148698379E0,-3.620461446E-1,1.296586271E0
3.100969375E0,-4.675489915E-1,4.720503974E-1,-1.584482591E0,1.718143974E0
3.110922375E0,-1.064124983E0,2.225851396E0,-9.893985897E-1,2.658135810E0
3.120876375E0,-2.012765117E0,2.857499791E0,-4.746755049E-1,3.527300002E0
3.130830375E0,-4.429205630E0,1.008100324E0,1.118508035E-1,4.543857324E0
3.140784375E0,-1.059682356E1,-9.968204606E-1,-4.298542580E-1,1.065228122E1
3.150737375E0,-1.263603037E0,-1.246657952E0,-6.078528580E-1,1.876255255E0
3.160691375E0,2.914646384E0,-1.701151500E0,-1.178630568E0,3.574667814E0
3.170645375E0,-3.587909997E0,1.252233857E-1,-2.929890659E0,4.633900983E0
3.180599375E0,-3.126396282E0,2.590253384E0,-2.248702315E0,4.641166707E0
3.190553375E0,2.164205664E0,3.761281110E0,-1.344074027E0,4.542857771E0
3.200506375E0,1.310830998E-1,2.916397040E0,-1.339840643E0,3.212121950E0
3.210460375E0,-3.715921335E0,-4.699231803E-2,-1.709128271E0,4.090403292E0
3.220414375E0,-5.185308502E0,-1.191154427E0,-2.927089551E0,6.072406966E0
3.230368375E0,-3.243510749E0,-1.130029389E0,-2.771116827E0,4.413209361E0
3.240321375E0,-2.821250854E0,7.318591458E-1,-2.000859894E0,3.535323819E0
3.250275375E0,-2.356385516E0,2.576576162E0,-2.412072643E0,4.243747383E0
3.260229375E0,-1.504673506E0,3.361892892E0,-2.652723574E0,4.539086752E0
3.270183375E0,-1.677437824E0,2.736688129E0,-2.497044089E0,4.066754081E0
3.280136375E0,-1.693367979E0,5.281468302E-1,-1.723900092E0,2.473512829E0
3.290090375E0,-1.659987102E0,-3.940654975E-1,-1.816975486E0,2.492437504E0
3.300044375E0,-1.855089684E0,-2.170884061E-1,-2.157989196E0,2.854015151E0
3.309998375E0,-1.333228611E0,5.702783579E-1,-2.170807170E0,2.610578423E0
3.319952375E0,-1.195633833E0,1.117105288E0,-2.844466932E0,3.281532662E0
3.329905375E0,-8.531397539E-1,2.021489455E0,-2.862783920E0,3.606909872E0
3.339859375E0,-1.017457331E0,2.776392478E0,-2.634089083E0,3.960050493E0
3.349813375E0,-8.170723005E-1,2.499000567E0,-1.837258893E0,3.207511686E0
3.359767375E0,-6.161182628E-1,1.785257850E0,-1.498414500E0,2.410807607E0
3.369720375E0,-7.353404318E-1,4.341019678E-1,-1.804771178E0,1.996589360E0
3.379674375E0,-1.044062235E0,-1.582730180E-1,-1.495147076E0,1.830459253E0
3.389628375E0,-1.160225360E0,3.860805398E-1,-1.593097293E0,2.008267924E0
3.399582375E0,-1.072852317E0,8.297473830E-1,-1.759623072E0,2.221658427E0
3.409535375E0,-9.666678312E-1,1.123994477E0,-1.610486913E0,2.188944581E0
3.419489375E0,-7.271529412E-1,8.305730098E-1,-1.688477660E0,2.017314981E0
3.429443375E0,-3.260067578E-1,3.115823346E-1,-1.706528015E0,1.765106745E0
3.439397375E0,-3.478085399E-1,5.400248641E-1,-1.374853770E0,1.517504703E0
3.449351375E0,-3.062683120E-1,9.882870340E-1,-6.166426849E-1,1.204474882E0
3.459304375E0,-1.490195069E-1,8.232879639E-1,-1.072794503E-1,8.435157173E-1
3.469258375E0,-2.441392337E-1,6.078309309E-1,-6.864683801E-1,9.488420537E-1
3.479212375E0,-2.297875352E-1,1.590506977E-1,-1.329542234E0,1.358595594E0
3.489166375E0,1.615094519E-1,7.543083608E-2,4.790921992E-1,5.111794689E-1
3.499119375E0,1.424053558E-1,1.327429635E0,4.418851966E-1,1.406275666E0
3.509073375E0,9.948343076E-2,-3.221962005E-1,-1.492765505E0,1.530377795E0
3.519027375E0,-5.219503896E-1,-3.869693166E-1,-2.987493335E0,3.057334442E0
3.528981375E0,3.059826024E-1,-1.922856867E-1,-1.325938595E0,1.374304295E0
3.538935375E0,2.818897350E-1,1.187622124E0,3.381707937E-2,1.221086290E0
3.548888375E0,2.930873723E-1,7.104144824E-1,-1.243160440E0,1.461518670E0
3.558842375E0,5.735447953E-1,7.190999365E-1,-1.094874759E0,1.429968212E0
3.568796375E0,7.904282930E-1,3.165577304E-1,-1.127653080E-1,8.588956268E-1
3.578750375E0,-5.327084989E-1,-2.658966354E0,-9.427582741E-1,2.871005674E0
3.588703375E0,-1.060702973E0,-5.402242541E-3,2.240015692E-1,1.084111011E0
3.598657375E0,-1.110144178E0,3.927691698E-1,3.290690178E-1,1.222691349E0
3.608611375E0,-7.547085296E-1,-1.109012157E-1,1.716330872E0,1.878210772E0
3.618565375E0,-5.280767002E-1,-2.259728994E0,1.267747689E0,2.644319257E0
3.628518375E0,-8.001138403E-1,-2.959447165E0,1.419186482E0,3.378253980E0
3.638472375E0,-4.055333858E-1,-1.687849669E0,2.192738614E0,2.796675966E0
3.648426375E0,-4.656207991E-1,-5.484799379E-1,3.482078609E0,3.555629960E0
3.658380375E0,-1.841226813E-1,-6.330084568E-1,3.057178697E0,3.127449832E0
3.668334375E0,-3.051502147E-1,-3.435677737E-1,1.721574070E0,1.781845321E0
3.678288125E0,-1.530866839E-1,3.265231401E-1,2.260184492E0,2.288774090E0
3.688242125E0,-1.916929618E-1,3.014672363E-1,3.507781507E0,3.525926799E0
3.698196125E0,1.344610728E-1,-2.010816532E-1,3.285257530E0,3.294150975E0
3.708150125E0,5.960931206E-1,-9.957831645E-1,2.177934633E0,2.467855423E0
3.718103125E0,3.421836647E-1,-1.053106928E0,1.070253011E0,1.539988756E0
3.728057125E0,2.966312600E-1,-5.101128477E-1,1.755397289E0,1.851924638E0
3.738011125E0,3.760531132E-1,1.100866985E-1,1.806052303E0,1.848069248E0
3.747965125E0,1.927524042E-1,6.083419776E-1,2.047725912E0,2.144857772E0
3.757919125E0,2.320238394E-1,2.439429134E-1,1.035365014E0,1.088725824E0
3.767872125E0,1.691410550E-1,-5.146742606E-1,-5.937496662E-2,5.449987869E-1
3.777826125E0,-1.873472380E-1,-1.231221303E0,-6.083864164E-1,1.386051556E0
3.787780125E0,-3.531306391E-1,-1.414115776E0,1.455921614E-1,1.464794100E0
3.797734125E0,-3.720382322E-2,-8.394613624E-1,5.992717767E-1,1.032088255E0
3.807687125E0,-9.771026261E-2,-2.601426244E-2,1.547085553E-1,1.848209251E-1
3.817641125E0,1.731004971E-1,6.789786816E-3,-8.204883170E-1,8.385767476E-1
3.827595125E0,2.900089229E-1,3.167442566E-1,-8.569585705E-1,9.585458210E-1
3.837549125E0,3.361047896E-1,2.777205241E-1,-2.697437525E-1,5.126956320E-1
3.847503125E0,4.948119269E-1,4.052214003E-1,-6.214827177E-1,8.917869670E-1
3.857456125E0,3.711427311E-1,3.703258020E-1,-1.162089672E0,1.274888439E0
3.867410125E0,2.056168633E-1,6.000997424E-2,-8.053796965E-1,8.333762338E-1
3.877364125E0,-6.832157202E-2,2.961983103E-1,-6.088448381E-1,6.805095981E-1
3.887318125E0,-5.421302272E-1,3.347630364E-1,-6.157328582E-1,8.860578008E-1
3.897271125E0,-8.551047108E-1,7.061097622E-1,-3.900943610E-1,1.175571637E0
3.907225125E0,-8.261167006E-1,3.616210520E-1,4.091650549E-1,9.902800768E-1
3.917179125E0,-1.175677797E0,-1.045207340E-1,3.983006358E-2,1.180986579E0
3.927133125E0,-1.454206041E0,4.439381540E-2,-1.240127197E-1,1.460159298E0
3.937086125E0,-1.503320898E0,3.759338665E-1,5.013151270E-1,1.628685621E0
3.947040125E0,-1.422746559E0,8.244755334E-1,2.028960443E0,2.611637064E0
3.956994125E0,-1.169867273E0,5.370638341E-1,1.156706433E0,1.730605897E0
3.966948125E0,-1.070507657E0,-1.026058293E0,-9.683278558E-1,1.771000028E0
3.976902125E0,-8.123381024E-1,-1.648177480E0,-6.824338013E-1,1.960127060E0
3.986855125E0,-3.051878744E-1,-8.936112571E-1,1.034191185E-1,9.499348565E-1
3.996809125E0,1.849298346E-1,-3.554300201E-1,-3.307068229E-1,5.195156837E-1
4.006763125E0,3.924779785E-1,-8.384123719E-1,-7.898360431E-1,1.216887523E0
4.016717125E0,5.096855259E-1,-4.411917168E-1,7.496896452E-1,1.008198408E0
4.026670125E0,6.475042892E-1,7.388079768E-1,9.102612036E-1,1.339281333E0
4.036624125E0,8.010870362E-1,1.263732406E0,3.891526669E-1,1.546027113E0
4.046578125E0,5.844713410E-1,1.442370107E0,3.283767074E-1,1.590556361E0
4.056532125E0,7.170597699E-1,6.577030027E-1,-2.445115551E-1,1.003261608E0
4.066486125E0,6.383196290E-1,-5.919113016E-1,-1.658694282E0,1.873253229E0
4.076439125E0,9.402243101E-1,-6.420231092E-1,-1.424083525E0,1.823246915E0
4.086393125E0,1.128300221E0,-4.491410065E-1,-1.395300021E0,1.849770575E0
4.096347125E0,1.291777553E0,-1.954963928E-1,-8.012699810E-1,1.532625743E0
4.106301125E0,1.358933117E0,8.012357748E-1,1.961308157E-1,1.589699745E0
4.116254125E0,8.696620119E-1,1.564923654E0,1.827933168E-1,1.799642035E0
4.126208125E0,4.050069902E-1,1.104025066E0,-1.496629930E-1,1.185453930E0
4.136162125E0,-4.308702665E-2,6.252252281E-2,-2.899125534E-1,2.996912517E-1
4.146116125E0,-4.913647740E-1,-6.797844279E-1,-6.887216046E-1,1.085303487E0
4.156070125E0,-6.496121373E-1,-6.022409928E-1,-1.454300766E0,1.702844931E0
4.166023125E0,-1.032285578E0,-3.359810114E-2,-2.177387919E0,2.409929562E0
4.175977125E0,-8.389750202E-1,1.633045471E-1,-1.450232858E0,1.683366509E0
4.185931125E0,-2.651965921E-1,-5.300904447E-1,1.604183614E-2,5.929438865E-1
4.195885125E0,-4.106400424E-2,1.646482372E-1,-8.729167914E-1,8.892575663E-1
4.205838125E0,2.447463757E-1,8.882364964E-1,-1.929145840E0,2.137865415E0
4.215792125E0,-1.899875117E-1,1.569430688E0,-2.449252749E0,2.915140986E0
4.225746125E0,8.113756324E-2,2.016649715E0,-1.958585694E0,2.812386406E0
4.235700125E0,4.827205427E-1,8.944807380E-1,-2.654875642E-1,1.050522993E0
4.245654125E0,3.741926022E-1,2.593123198E-1,-4.096144134E-1,6.124107693E-1
4.255607125E0,4.363927607E-1,-1.452232021E-1,-1.232356832E0,1.315382751E0
4.265561125E0,2.696330574E-1,7.716927177E-1,-8.072402805E-2,8.214182886E-1
4.275515125E0,-6.086662057E-1,1.342006744E0,-4.504425967E-1,1.540894280E0
4.285469125E0,-2.013972932E-1,4.918847376E-1,-7.836105126E-1,9.468668863E-1
4.295422125E0,1.828664619E-2,2.502263314E-1,-4.775713384E-1,5.394645508E-1
4.305376125E0,3.039758197E-2,7.712126613E-2,-4.703716618E-1,4.776203543E-1
4.315330125E0,2.886683025E-1,-2.052185583E-1,-7.066564769E-1,7.904476085E-1
4.325284125E0,1.401347175E-1,-1.517644823E-2,-3.304995391E-1,3.593021138E-1
4.335238125E0,-3.716846949E-1,7.338197172E-2,-4.465179455E-1,5.855874844E-1
4.345191125E0,-7.559962327E-1,5.084879065E-1,-5.729090202E-1,1.076250436E0
4.355145125E0,-7.118964592E-1,5.467281121E-1,-4.598571986E-1,1.008551853E0
4.365099125E0,-7.263139388E-1,-5.073044300E-3,-4.363151389E-1,8.473066587E-1
4.375053125E0,-7.635672806E-1,-2.956872636E-1,-3.370943213E-1,8.854933830E-1
4.385006125E0,-5.323043102E-1,-1.121548587E-1,-7.541452235E-1,9.298718240E-1
4.394960125E0,-2.946134955E-1,2.613711244E-1,-1.037742784E0,1.109964892E0
4.404914125E0,-1.934238838E-1,5.131393665E-1,-1.022381856E0,1.160167862E0
4.414868125E0,-8.431609140E-2,8.134207875E-1,-6.444643217E-1,1.041199713E0
4.424822125E0,8.647773393E-2,1.034274216E0,-6.658358949E-1,1.233101371E0
4.434775125E0,-8.616308064E-2,7.103045547E-1,-8.688678870E-1,1.125561212E0
4.444729125E0,-2.246717880E-1,1.348958498E-1,-1.862248723E0,1.880596876E0
4.454683125E0,-2.098964770E-1,-3.779768836E-1,-1.658977872E0,1.714389289E0
4.464637125E0,-1.728094154E-1,-9.740876555E-2,-1.186012678E0,1.202488101E0
4.474590125E0,-2.960560219E-1,7.003502548E-2,-9.936118010E-1,1.039143149E0
4.484544125E0,-4.850773726E-1,4.907585639E-1,-1.216157706E0,1.398278796E0
4.494498125E0,-3.651286505E-1,6.528878206E-1,-9.421454859E-1,1.203004387E0
4.504452125E0,-7.107344712E-1,7.500328767E-1,-3.090212542E-1,1.078511447E0
4.514406125E0,-5.889307200E-1,2.002142773E0,2.364800244E0,3.153996713E0
4.524359125E0,-6.322601594E-1,2.431581001E0,7.423490506E-1,2.619813197E0
4.534313125E0,-1.099090674E0,-6.783922058E-1,-3.228744483E0,3.477500141E0
4.544267125E0,-1.438964250E0,-2.072761350E0,-2.550791403E0,3.587965232E0
4.554221125E0,-1.675359870E0,-5.733072156E-1,-4.621288419E-2,1.771340591E0
4.564174125E0,-1.937292181E0,-2.322783029E-1,-1.265129599E0,2.325426220E0
4.574128125E0,-1.064442998E0,-2.740397018E-1,-9.058880711E-1,1.424348922E0
4.584082125E0,-3.913414990E-1,1.113716242E0,2.114624783E0,2.421807178E0
4.594036125E0,-1.051136124E0,1.651037938E0,1.744080295E0,2.621570045E0
4.603990125E0,-1.603959520E0,1.633857064E0,2.126439375E-1,2.299433080E0
4.613943125E0,-1.365532870E0,1.059060563E0,-5.831711760E-1,1.823836044E0
4.623897125E0,-2.877604674E-1,-1.003412611E0,-4.067533708E-1,1.120308556E0
4.633851125E0,-8.029948365E-1,-1.911596299E0,-6.019503862E-1,2.159014911E0
4.643805125E0,-6.639384735E-1,-1.397841221E0,-1.520633042E0,2.169585035E0
4.653759125E0,-2.945291677E-1,3.497921348E-1,8.026683426E-1,9.237848431E-1
4.663712125E0,-1.756818016E0,1.327979858E0,-2.320996705E-1,2.214454854E0
4.673666125E0,-1.412310741E0,-9.593731374E-1,-1.221587723E0,2.099355856E0
4.683619625E0,-8.345450965E-1,-1.518650544E-1,5.132829157E-1,9.914574446E-1
4.693573625E0,-4.779147892E-1,1.745410244E0,2.377484609E0,2.987857515E0
4.703526625E0,-1.170481815E0,5.047731704E-1,-2.033677976E0,2.400139526E0
4.713480625E0,-2.054296428E-1,-1.655241501E0,-1.989978225E0,2.596543684E0
4.723434625E0,-4.505503316E-1,-1.133171682E0,3.259381261E-1,1.262263572E0
4.733388625E0,-1.126114605E0,-4.822801012E-1,1.211952388E-1,1.231022536E0
4.743342625E0,-8.846259870E-1,6.736319876E-1,-8.712482885E-1,1.412592217E0
4.753295625E0,-1.025242204E-1,1.423846713E0,1.079988625E0,1.790035225E0
4.763249625E0,1.610987581E-1,4.410192239E-1,2.028794674E0,2.082416528E0
4.773203625E0,1.005308133E-1,4.263906598E-2,3.728751880E-1,3.885362791E-1
4.783157625E0,1.035035925E-1,9.936115086E-2,-1.470017497E0,1.477002733E0
4.793110625E0,3.924023301E-1,-3.297660059E-1,-9.759494090E-1,1.102362216E0
4.803064625E0,3.217054364E-1,-1.142723109E0,1.198916021E-1,1.193182504E0
4.813018625E0,6.803269764E-1,-9.113832843E-1,2.005600816E-1,1.154854377E0
4.822972625E0,7.363864987E-1,4.246762562E-1,-1.711178890E-1,8.671195592E-1
4.832926625E0,3.247473041E-1,1.190743368E0,6.567186239E-1,1.398073650E0
4.842879625E0,4.182729338E-1,1.034053776E0,1.676130387E0,2.013363487E0
4.852833625E0,6.083381038E-1,7.326315629E-1,1.038468423E0,1.408985778E0
4.862787625E0,2.148450487E-1,3.049457449E-1,-7.369058776E-1,8.259422345E-1
4.872741625E0,1.009233076E-1,6.810310543E-2,-8.498623896E-1,8.585392409E-1
4.882695625E0,2.588789680E-1,-4.404374260E-1,-1.196656072E-1,5.247125916E-1
4.892648625E0,1.248102068E-1,-1.171027141E0,4.385411739E-2,1.178475853E0
4.902602625E0,2.905512156E-1,-8.506657970E-1,-7.308551788E-2,9.018834736E-1
4.912556625E0,5.638472612E-1,1.669543791E-1,8.422037065E-3,5.881057977E-1
4.922510625E0,7.167603193E-1,6.432925397E-1,1.932481384E-1,9.823011198E-1
4.932463625E0,9.451405759E-1,1.365219605E0,2.232663695E0,2.782427439E0
4.942417625E0,1.038092155E0,8.785499990E-1,4.967414349E-1,1.447838899E0
4.952371625E0,9.365727970E-1,-1.217178630E0,-3.035381154E0,3.401798226E0
4.962325625E0,1.012296944E0,-1.068779805E0,-2.373739759E0,2.793148012E0
4.972279625E0,8.815643118E-1,-4.493561840E-1,-8.224184829E-1,1.286642443E0
4.982232625E0,9.501536132E-1,-1.926540028E0,-7.223948425E-1,2.266319192E0
4.992186625E0,5.737365839E-1,-4.567622674E-1,7.522396159E-1,1.050556936E0
5.002140625E0,1.554876237E-1,1.762794601E0,1.912065538E0,2.605305324E0
5.012094625E0,2.784906389E-1,2.896781386E0,1.253707648E0,3.168703567E0
5.022047625E0,1.662096631E-2,1.697330344E0,8.079682589E-1,1.879898737E0
5.032001625E0,2.141304824E-1,-3.822827733E-1,7.731343487E-1,8.886668123E-1
5.041955625E0,7.124326123E-2,-1.617524621E0,-1.721665871E-1,1.628220758E0
5.051909625E0,4.587624536E-1,-1.718048784E0,-7.004619366E-1,1.911230372E0
5.061863625E0,2.383299701E-1,-5.635587376E-1,-9.195661703E-1,1.104536811E0
5.071816625E0,2.993630975E-1,-1.204368550E-1,3.689674938E-1,4.901635560E-1
5.081770625E0,4.644833694E-1,1.134570336E-1,1.602544347E0,1.672353337E0
5.091724625E0,2.264958634E-1,5.233135217E-1,1.409577168E0,1.520547668E0
5.101678625E0,8.750979491E-3,6.914455301E-1,1.259893709E-1,7.028846436E-1
5.111632625E0,2.349215002E-1,2.625177634E-1,-3.677693993E-1,5.092720475E-1
5.121585625E0,6.955135111E-2,-6.541473109E-1,-9.472886968E-1,1.153300468E0
5.131539625E0,-4.396212278E-1,-1.367735077E0,-1.168488865E0,1.851845645E0
5.141493625E0,-2.288232928E-1,-1.761222285E-1,-8.446542746E-1,8.926477369E-1
5.151447625E0,-1.827693889E-2,4.739513272E-1,-6.234289634E-1,7.833438450E-1
5.161400625E0,-1.857594997E-1,5.817073256E-1,-3.028740764E-2,6.113978504E-1
5.171354625E0,-3.113442433E-1,2.437587261E-1,-3.114191973E-1,5.033244191E-1
5.181308625E0,-4.403893692E-1,-9.432728291E-3,-9.590018392E-1,1.055327580E0
5.191262625E0,-3.632856447E-1,6.085898995E-2,-9.464051825E-1,1.015560459E0
5.201216625E0,-4.760498929E-1,-2.422209084E-2,-8.734322235E-1,9.950347025E-1
5.211169625E0,-5.742796441E-1,7.675406098E-2,-1.073592940E0,1.219954957E0
5.221123625E0,-3.176088405E-1,5.749391735E-1,-1.092360748E0,1.274630312E0
5.231077625E0,-2.923051975E-1,9.590930557E-1,-1.091387479E0,1.482035238E0
5.241031625E0,-2.717454919E-1,1.023413597E0,-6.304584861E-1,1.232355024E0
5.250985625E0,-2.474699539E-1,8.173302358E-1,-5.329356998E-1,1.006623342E0
5.260938625E0,-4.792464195E-1,4.593490756E-1,-7.570255619E-1,1.006859675E0
5.270892625E0,-5.892365294E-1,2.737666368E-2,-1.660415118E0,1.762080456E0
5.280846625E0,-5.939044712E-1,1.270892322E-1,-1.672473831E0,1.779337772E0
5.290800625E0,-8.060255945E-1,4.281916022E-1,-6.857561892E-1,1.141615898E0
5.300753625E0,-8.268883138E-1,4.431698298E-1,-3.110905838E-1,9.883932077E-1
5.310707625E0,-8.122427197E-1,3.948314828E-1,-9.595348129E-1,1.317701481E0
5.320661625E0,-6.853745122E-1,4.930594432E-1,-9.905689099E-1,1.301565443E0
5.330615625E0,-4.675779718E-1,3.831756431E-1,-3.807955340E-1,7.144634153E-1
5.340569625E0,-2.256676236E-1,2.084824741E-1,-2.651466715E-1,4.058245628E-1
5.350522625E0,-1.506232154E-1,4.386774141E-1,-7.901862913E-1,9.162530227E-1
5.360476625E0,-4.616221441E-2,5.911347914E-1,-9.548596716E-1,1.123978774E0
5.370430625E0,2.158395687E-1,4.145664203E-1,-6.267379028E-1,7.818263458E-1
5.380384625E0,3.833075709E-1,5.419602925E-1,-5.962712780E-1,8.922920427E-1
5.390338625E0,2.624086397E-1,5.520859158E-1,-8.200664404E-1,1.022822624E0
5.400291625E0,2.516290236E-1,6.297427869E-1,-9.772071451E-1,1.189464984E0
5.410245625E0,3.619482037E-1,4.582316726E-1,-7.802126956E-1,9.745330258E-1
5.420199625E0,3.802257228E-1,2.129819065E-1,-8.586612797E-1,9.629289101E-1
5.430153625E0,1.952513031E-1,3.054632235E-1,-6.423096228E-1,7.375584748E-1
5.440107625E0,1.989586206E-1,5.232620662E-1,-6.544963896E-1,8.612509778E-1
5.450060625E0,8.811627908E-2,5.785872513E-1,-9.262024677E-1,1.095617952E0
5.460014625E0,-7.156078331E-3,4.765515840E-1,-8.389409602E-1,9.648702277E-1
5.469968625E0,8.292559611E-2,3.287076598E-1,-4.894780236E-1,5.954108798E-1
5.479922625E0,2.514955426E-1,2.135227740E-2,-7.250269666E-1,7.677043897E-1
5.489875625E0,1.755026429E-1,-6.729034245E-2,-1.263351753E0,1.277257538E0
5.499829625E0,8.377064668E-2,-7.228035629E-2,-8.627759653E-1,8.698415589E-1
5.509783625E0,2.262526558E-1,2.374554276E-2,-2.676504493E-1,3.512703774E-1
5.519737625E0,7.679776892E-2,3.464206302E-1,-8.598272145E-2,3.651002311E-1
5.529691625E0,-1.269932465E-1,7.079528046E-1,-2.884139121E-2,7.198307329E-1
5.539644625E0,-3.674245049E-2,4.282313633E-1,-1.061202398E-1,4.427116595E-1
5.549598625E0,2.396282164E-2,-6.661148071E-2,-4.978746253E-1,5.028821420E-1
5.559552625E0,-6.340535187E-2,-4.792395490E-1,-7.466110861E-1,8.894486483E-1
5.569506625E0,1.316918315E-1,-5.934684151E-1,-2.329255897E-1,6.510006364E-1
5.579460625E0,2.829865082E-1,-2.330518895E-1,2.738023049E-1,4.575611972E-1
5.589413625E0,2.214394654E-1,3.218822050E-1,6.006675071E-1,7.165507971E-1
5.599367625E0,2.171934002E-1,3.805280238E-1,5.725307053E-1,7.209479583E-1
5.609321625E0,2.987501813E-1,-9.728421986E-2,5.333683938E-1,6.190296712E-1
5.619275625E0,3.900642113E-1,2.385956347E-2,7.851799053E-1,8.770557858E-1
5.629228625E0,4.055893729E-1,2.495930779E-1,9.781663808E-1,1.087937918E0
5.639182625E0,2.323562353E-1,3.381561756E-1,6.195054817E-1,7.430518563E-1
5.649136625E0,7.874863761E-2,-1.914822793E-1,-3.034281000E-1,3.673355729E-1
5.659090625E0,1.485852232E-1,-9.981676590E-1,-6.641121358E-1,1.208081609E0
5.669044625E0,2.298536636E-1,-1.374986794E0,-1.429097512E-1,1.401372394E0
5.678998375E0,1.200982281E-1,-1.096750546E0,7.393646318E-1,1.328136063E0
5.688952375E0,-1.407715158E-1,-3.919996762E-1,1.090634358E0,1.167460350E0
5.698906375E0,-2.553460437E-1,1.059918934E-1,8.173495317E-1,8.628418977E-1
5.708860375E0,-4.541818180E-1,2.221357226E-1,8.606686288E-1,9.981863011E-1
5.718814375E0,-7.202445289E-1,-1.193223757E-1,6.791862577E-1,9.971378959E-1
5.728767375E0,-8.233745027E-1,-3.777494270E-1,3.258159193E-1,9.627025576E-1
5.738721375E0,-7.564739502E-1,-2.195676255E-1,2.972168952E-1,8.419030006E-1
5.748675375E0,-6.080985872E-1,-2.750705659E-1,1.855397540E-1,6.927284521E-1
5.758629375E0,-3.207642905E-1,-1.294047296E-2,1.762470666E-1,3.662242678E-1
5.768583375E0,-2.081031725E-1,2.935384119E-1,1.110415488E-1,3.765660038E-1
5.778536375E0,1.882461013E-1,1.992602456E-1,2.449144283E-1,3.675925969E-1
5.788490375E0,1.082908359E-1,3.831341279E-1,2.248444453E-1,4.572457650E-1
5.798444375E0,1.557940544E-1,1.167741591E-1,-1.284720987E-1,2.332660965E-1
5.808398375E0,4.353974184E-1,2.281337965E-1,9.632097879E-1,1.081382928E0
5.818351375E0,4.276361167E-1,1.080968326E0,2.615142642E0,2.861876344E0
5.828305375E0,2.950514155E-1,2.115508005E0,2.710718890E0,3.451148557E0
5.838259375E0,-3.232779354E-1,1.768801446E0,1.423040966E0,2.293079321E0
5.848213375E0,-4.804244873E-1,5.280176067E-1,-1.650142729E-2,7.140606264E-1
5.858167375E0,-5.849101380E-1,-2.589813673E-1,-1.319394976E-2,6.398166131E-1
5.868120375E0,-7.807578023E-1,-1.071723293E0,-2.554145658E-1,1.350337055E0
5.878074375E0,-8.980966562E-1,-1.263838826E0,-9.192515901E-1,1.802467661E0
5.888028375E0,-9.572578340E-1,-6.176864129E-1,-5.149286145E-1,1.250212199E0
5.897982375E0,-9.848392233E-1,9.789993167E-2,3.919526061E-1,1.064480877E0
5.907936375E0,-9.937219479E-1,8.559622049E-2,-6.170508206E-2,9.993085309E-1
5.917889375E0,-8.750602345E-1,-1.009175627E0,-1.766567810E0,2.214707133E0
5.927843375E0,-9.282349598E-1,-2.277867057E0,-3.625107059E0,4.380833215E0
5.937797375E0,-1.060509722E0,-4.963878538E0,-5.396080745E0,7.408269597E0
5.947751375E0,-6.752499121E-1,-6.486069571E0,-5.646181362E0,8.625799957E0
5.957705375E0,-7.318881626E-1,-5.079130667E0,-3.394381192E0,6.152645958E0
5.967658375E0,-8.370433194E-1,-3.144217426E-1,2.555986362E0,2.707871642E0
5.977612375E0,-8.882390546E-1,6.029811333E0,7.667967271E0,9.795167962E0
5.987566375E0,-7.098071759E-1,7.811055654E0,8.414891768E0,1.150333952E1
5.997520375E0,-9.753107469E-1,3.896093929E0,7.797659683E-1,4.091309561E0
6.007473375E0,-4.344816714E-1,2.253064923E0,-3.248372709E0,3.977059356E0
6.017427375E0,9.683633045E-1,-1.560845221E0,2.040247031E0,2.745281996E0
6.027381375E0,-1.858809756E-1,1.714036424E0,6.632394388E-1,1.847257197E0
6.037335375E0,-2.570102527E-1,-1.308758891E-1,2.677440047E-3,2.884266579E-1
6.047289375E0,-9.282541095E-1,2.642280740E-1,-2.185227866E0,2.388868559E0
6.057242375E0,3.377664952E-1,-2.181741756E0,-3.181046990E0,3.872098042E0
6.067196375E0,-1.930880344E-1,-3.012348679E0,-3.665213696E0,4.748191128E0
6.077150375E0,-9.539271138E-1,-2.582444428E0,-4.261899834E0,5.073734951E0
6.087104375E0,-4.658439800E-1,-8.030875880E-1,-2.807449671E0,2.956980545E0
6.097058375E0,-3.125520954E-1,-8.401495796E-1,1.306531686E0,1.584476310E0
6.107011375E0,-1.276427735E0,1.144643335E0,-9.062745720E-2,1.716883648E0
6.116965375E0,-6.817590326E-2,6.962332302E-1,-2.167876838E0,2.277954927E0
6.126919375E0,-8.241310593E-2,1.441169089E-1,-1.477106661E0,1.486406974E0
6.136873375E0,2.660245579E-2,2.694063681E-1,2.975841004E-1,4.022981216E-1
6.146827375E0,2.481105529E-1,9.272994053E-1,8.481032547E-1,1.280906774E0
6.156780375E0,-1.050975618E-1,3.003269708E0,8.130904198E-2,3.006207843E0
6.166734375E0,-7.487809148E-2,3.180178971E0,8.769665730E-1,3.299729593E0
6.176688375E0,2.156335092E-1,2.646734564E0,1.191390070E0,2.910517473E0
6.186642375E0,-7.638791565E-2,6.401134086E-1,-5.616642398E-1,8.550128699E-1
6.196596375E0,-7.107787639E-2,1.156976867E-1,-2.301143946E0,2.305146737E0
6.206549375E0,-9.020433806E-2,5.989794159E-1,-2.718465282E0,2.785133148E0
6.216503375E0,9.976011369E-2,-1.260051584E0,3.678746492E-1,1.316439833E0
6.226457375E0,-3.085444868E-1,-4.219432676E-1,-7.476299635E-1,9.122425027E-1
6.236411375E0,-6.245798416E-1,1.332417895E0,-5.353073305E-1,1.565883572E0
6.246365375E0,6.617435749E-1,1.989385902E0,1.804360119E-1,2.104309384E0
6.256318375E0,5.207794481E-1,-4.173836088E-1,2.943455030E0,3.018169615E0
6.266272375E0,-2.456046190E-1,1.114771664E-2,4.305550468E-1,4.958059588E-1
6.276226375E0,-2.714961996E-1,-2.358532906E-2,-1.870896170E0,1.890639821E0
6.286180375E0,7.328774384E-1,-1.774855068E0,-1.307832107E0,2.323283167E0
6.296133375E0,-3.958115492E-1,-4.931582612E-1,-1.293064087E0,1.439404941E0
6.306087375E0,-5.225908059E-1,-1.268472744E0,-1.031390661E0,1.716359796E0
6.316041375E0,-7.035701703E-1,-1.718111349E0,4.772082263E-1,1.916936432E0
6.325995375E0,-5.623816931E-1,-1.438518546E0,6.187240013E-1,1.663859419E0
6.335949375E0,-2.317312593E-1,-9.339313173E-1,-1.429468811E-2,9.623572207E-1
6.345902375E0,-5.210071241E-1,5.042632931E-1,-2.809679799E0,2.901728876E0
6.355856375E0,-5.638594307E-2,-3.807776999E-1,-1.509498482E0,1.557805090E0
6.365810375E0,4.052182208E-1,-9.566378099E-1,-7.991778472E-1,1.310741369E0
6.375764375E0,-3.893985423E-1,6.331844580E-1,-2.219460974E0,2.340632564E0
6.385718375E0,-2.022720002E-1,4.540637773E-1,-1.561456840E0,1.638668770E0
6.395671375E0,-2.097482136E-1,4.645577753E-1,-2.842422161E-1,5.836110666E-1
6.405625375E0,-8.212977178E-2,1.862684925E0,-5.813351503E-1,1.953020990E0
6.415579375E0,1.099344882E-1,1.220529084E0,1.691118847E0,2.088458712E0
6.425533375E0,-1.390429144E-1,1.306369718E0,2.646035529E0,2.954223890E0
6.435487375E0,3.485852695E-1,-1.091296263E0,2.271066746E0,2.543655516E0
6.445440375E0,1.344511325E-1,-2.302411330E0,-3.802993977E-1,2.337477844E0
6.455394375E0,3.695034642E-2,-3.897054627E0,-8.425060076E-1,3.987256760E0
6.465348375E0,4.755112182E-1,-2.670770128E0,6.223627236E-1,2.783246191E0
6.475302375E0,4.610623097E-1,-3.810104191E-1,1.898533620E0,1.990521866E0
6.485256375E0,8.166937664E-2,1.298664258E0,1.394662675E0,1.907428299E0
6.495209375E0,6.100742883E-1,1.210991106E0,8.365593892E-1,1.593273896E0
6.505163375E0,1.000075459E0,5.911862469E-1,-1.336372367E-1,1.169406266E0
6.515117375E0,8.294698595E-1,-5.798215985E-2,-1.284211695E0,1.529896028E0
6.525071375E0,1.195792804E0,-4.526563525E-2,-4.201569432E-1,1.268267032E0
6.535025375E0,1.318784527E0,4.779613477E-1,2.484353292E-1,1.424555998E0
6.544978375E0,1.134671128E0,5.449803793E-1,6.383206522E-1,1.411359429E0
6.554932375E0,1.210149399E0,3.599294525E-1,8.243486488E-1,1.507833371E0
6.564886375E0,1.520417572E0,3.646937639E-1,2.069486617E0,2.593732059E0
6.574840375E0,1.611540289E0,5.314645404E-1,2.945689836E0,3.399500738E0
6.584794375E0,1.403739600E0,9.718657136E-2,2.638016658E0,2.989826413E0
6.594747375E0,1.273163965E0,-4.774146330E-1,9.338023862E-1,1.649502383E0
6.604701375E0,9.909380154E-1,-7.175510091E-1,-5.237047005E-1,1.330828394E0
6.614655375E0,6.723800987E-1,-7.991190827E-1,-7.786248842E-1,1.302667654E0
6.624609375E0,4.698036048E-1,-7.785678738E-1,-6.710068801E-1,1.130103356E0
6.634562375E0,7.405259619E-1,-3.105608261E-1,-6.940352619E-1,1.061372541E0
6.644516375E0,5.387591612E-1,-3.102824986E-2,-5.643931353E-1,7.808737396E-1
6.654470375E0,6.460055016E-1,3.420007199E-1,9.368847460E-2,7.369295290E-1
6.664424375E0,8.978671530E-1,4.234003937E-1,-1.834385571E-1,1.009496420E0
6.674378375E0,8.718609305E-1,3.142510039E-1,-3.354056454E-1,9.855922699E-1
6.684330417E0,6.609306657E-1,3.666853255E-1,-4.936219454E-2,7.574457730E-1
6.694284417E0,7.077935410E-1,4.406058258E-1,1.470487028E-1,8.465981995E-1
6.704238417E0,3.156369767E-1,2.659769762E-1,-5.143813151E-1,6.595139045E-1
6.714192417E0,4.870023125E-1,3.915482712E-1,-7.060185456E-1,9.428379966E-1
6.724146417E0,4.514364772E-1,7.933969975E-2,-2.504093492E-1,5.222973512E-1
6.734099417E0,5.358005066E-1,8.169162530E-1,4.223590046E-2,9.778641105E-1
6.744053417E0,3.454208660E-1,9.412695730E-1,-3.524853623E-1,1.062802858E0
6.754007417E0,5.560912585E-1,-2.286144376E-2,-1.027872684E0,1.168880827E0
6.763961417E0,6.503608002E-1,-5.079949862E-1,-1.327812920E0,1.563366632E0
6.773915417E0,4.763644366E-1,-4.699687886E-1,-1.044923750E0,1.240830118E0
6.783868417E0,2.522587504E-1,-1.170285130E-1,-2.210580808E-1,3.552419247E-1
6.793822417E0,3.859365156E-1,3.139282376E-1,-2.688789493E-1,5.655031581E-1
6.803776417E0,3.320869485E-1,2.960883826E-1,-9.267170227E-1,1.027985657E0
6.813730417E0,2.388441414E-3,-1.301063955E-2,-1.276436360E0,1.276504901E0
6.823684417E0,-4.976612750E-2,1.013667458E-1,-5.171300912E-1,5.293159886E-1
6.833637417E0,1.662994178E-1,7.884724724E-1,8.389511928E-1,1.163264132E0
6.843591417E0,-3.497460879E-2,2.991650121E0,2.467631425E0,3.878195265E0
6.853545417E0,-1.138920738E0,9.393440849E-1,-2.756116673E0,3.126609485E0
6.863499417E0,1.474042866E-2,-1.110210836E0,-2.848020285E0,3.056796513E0
6.873453417E0,-2.279470145E-1,-1.406800910E0,-3.083567474E0,3.396974684E0
6.883406417E0,-2.915742225E-1,-1.695402517E0,-9.569664234E-1,1.968550217E0
6.893360417E0,-1.233967886E-1,1.523761595E0,1.647557091E0,2.247558794E0
6.903314417E0,-1.406504237E-1,2.627899513E0,1.745397965E0,3.157855672E0
6.913268417E0,-6.513828204E-1,2.438688877E0,-1.131335949E0,2.766120758E0
6.923222417E0,4.109914692E-1,1.742428164E0,-1.622917801E0,2.416367539E0
6.933175417E0,2.921510320E-1,3.922797579E-1,-6.221051538E-1,7.913598779E-1
6.943129417E0,5.038132403E-1,-4.231805384E-2,-4.564520726E-1,6.811512999E-1
6.953083417E0,3.647349867E-1,-8.958934253E-1,-1.332351821E0,1.646456199E0
6.963037417E0,3.418237685E-1,2.119685841E-1,-2.660971949E0,2.691197853E0
6.972991417E0,-8.459906923E-2,-7.529137999E-1,-1.005813478E0,1.259244593E0
6.982944417E0,-2.306796193E-1,2.509665889E-1,4.114358211E-1,5.343002436E-1
6.992898417E0,5.537354884E-1,1.436246318E0,3.947136614E-1,1.589095766E0
7.002852417E0,-7.756559970E-2,1.733836851E0,4.210410422E-1,1.785912149E0
7.012806417E0,2.451468917E-2,5.139515448E-1,4.418255550E-1,6.782012838E-1
7.022760417E0,-3.711033355E-1,-4.097126466E-1,-8.195030612E-1,9.885177822E-1
7.032713417E0,6.403117023E-1,-1.362495972E0,-2.395340251E0,2.829142850E0
7.042667417E0,2.193253315E-1,-1.330894695E0,-2.159908252E0,2.546485411E0
7.052621417E0,5.257507143E-1,-3.657076710E-1,-1.369708512E0,1.512037474E0
7.062575417E0,4.135251043E-1,6.068983001E-1,-1.715163767E-2,7.345901831E-1
7.072529417E0,2.338067834E-1,1.554167701E0,-2.751787394E-2,1.571896971E0
7.082482417E0,4.793861680E-1,1.519668544E0,5.467096934E-1,1.684664676E0
7.092436417E0,5.676554796E-1,1.447095242E0,2.982848892E-1,1.582811189E0
7.102390417E0,2.859908259E-1,3.718443239E-1,1.799749589E-1,5.024439665E-1
7.112344417E0,2.851577987E-1,2.811253577E-1,-3.249081391E-1,5.156663027E-1
7.122298417E0,3.498127462E-1,6.218981624E-2,-5.348641115E-1,6.421184848E-1
7.132251417E0,3.742060143E-1,1.348812318E-1,-9.242354643E-1,1.006197933E0
7.142205417E0,3.332354513E-1,-2.855458528E-1,-9.270362806E-1,1.025660063E0
7.152159417E0,5.853986728E-1,-2.808493692E-1,-2.948604673E-1,7.130993405E-1
7.162113417E0,5.316964556E-1,-3.029758179E-1,-4.783434632E-1,7.767289977E-1
7.172067417E0,2.130162407E-1,-6.261765701E-1,-1.421784400E0,1.568102004E0
7.182020417E0,2.507684231E-1,-2.717066628E-1,-1.758502745E0,1.796953315E0
7.191974417E0,5.645785286E-1,-5.177569127E-1,2.709605581E-1,8.125520043E-1
7.201928417E0,1.235746262E-1,-1.579788446E0,3.431167195E0,3.779406110E0
7.211882417E0,3.473091695E-2,5.118769526E-1,1.746941630E0,1.820722195E0
7.221836417E0,-3.433332273E-1,1.150470085E0,-3.612892225E-1,1.253789864E0
7.231789417E0,9.261959444E-2,-1.300963967E0,1.810388305E0,2.231275745E0
7.241743417E0,5.329867716E-2,1.655218112E-1,1.652897937E0,1.662019798E0
7.251697417E0,-2.065455839E-1,8.870647144E-1,-1.086523765E-1,9.172514512E-1
7.261651417E0,4.529908315E-2,-7.413275421E-1,1.049267646E0,1.285527567E0
7.271605417E0,1.527599616E-1,-3.776751673E-1,1.057573908E0,1.133329921E0
7.281558417E0,6.416585353E-1,-9.574628520E-1,1.081689872E0,1.580668773E0
7.291512417E0,1.292640767E-1,-9.910784948E-1,1.017643565E0,1.426374498E0
7.301466417E0,7.320161252E-3,-8.470528024E-1,9.208013946E-1,1.251170349E0
7.311420417E0,-2.173241494E-2,-2.840530586E-1,9.451009610E-1,9.871039786E-1
7.321374417E0,-4.965486595E-1,2.014494431E-1,1.201501660E0,1.315579221E0
7.331327417E0,-6.042926346E-1,4.490439427E-1,1.665244918E0,1.827525838E0
7.341281417E0,-7.463638220E-1,6.897474986E-1,9.767715275E-1,1.409571986E0
7.351235417E0,-5.659291258E-1,3.337391889E-1,-1.398779699E-1,6.717316935E-1
7.361189417E0,-5.689974156E-1,-1.647967565E-1,-8.089213550E-1,1.002631432E0
7.371143417E0,-3.623357371E-2,-4.866526490E-1,7.675566897E-1,9.095531565E-1
7.381096417E0,1.940187649E-1,5.382712841E-1,1.202206249E0,1.331419965E0
7.391050417E0,-1.499774452E-1,1.260909956E0,-5.133966440E-1,1.369658083E0
7.401004417E0,-1.945915362E-1,-1.604826808E-1,-2.464120172E0,2.476995918E0
7.410958417E0,-4.452739504E-1,-2.227748233E0,-3.361321619E0,4.057044997E0
7.420912417E0,-3.564188574E-1,-3.266520127E0,-2.846847333E0,4.347611745E0
7.430865417E0,-5.874031349E-1,-2.966707068E0,-2.185192198E0,3.731147037E0
7.440819417E0,1.686688741E-2,-1.885132386E0,-6.122590274E-1,1.982137665E0
7.450773417E0,-6.205163009E-2,3.048726547E-1,1.363423925E0,1.398471501E0
7.460727417E0,-5.093639655E-1,1.585656711E0,2.243777205E0,2.794332658E0
7.470681417E0,-8.615432992E-1,1.852695542E0,2.229986255E0,3.024496045E0
7.480634417E0,-5.654270327E-1,1.915261334E0,2.229833643E0,2.993341240E0
7.490588417E0,-1.049441089E-1,9.270766264E-1,2.183429262E0,2.374415229E0
7.500542417E0,-4.353541856E-1,-5.994232196E-1,4.074483123E-1,8.454913307E-1
7.510496417E0,-4.753134361E-1,-1.950651022E0,-2.048231696E0,2.868137959E0
7.520450417E0,-6.845635034E-1,-2.667853537E0,-2.757034686E0,3.897089933E0
7.530403417E0,-9.436840345E-1,-2.137295900E0,-1.286735061E0,2.667257100E0
7.540357417E0,-8.955539214E-1,-4.142284513E-2,4.638102087E-1,1.009382280E0
7.550311417E0,-1.260804267E0,1.985575272E0,1.478007425E0,2.777884538E0
7.560265417E0,-1.137690922E0,2.556519628E0,1.219877704E0,3.052578394E0
7.570219417E0,-7.573778567E-1,1.138398508E0,1.180137688E-1,1.372406511E0
7.580172417E0,-6.125706840E-1,3.617473519E-1,-1.017662276E0,1.241668433E0
7.590126417E0,-7.331912877E-1,-4.104967582E-1,-1.578542112E0,1.788259559E0
7.600080417E0,-3.166153986E-1,-8.897702211E-1,-1.660072471E0,1.909915434E0
7.610034417E0,-3.081014141E-1,-3.934433538E-1,-1.272218471E0,1.366844538E0
7.619988417E0,-4.790954152E-1,6.264192295E-1,-5.492541093E-1,9.610481489E-1
7.629941417E0,-5.224433464E-1,1.643686818E0,-2.213255909E-1,1.738861244E0
7.639895417E0,-7.100109514E-1,1.708816615E0,7.784348497E-1,2.007518515E0
7.649849417E0,-7.844231294E-1,1.309235439E0,9.180093491E-1,1.781055374E0
7.659803417E0,-7.168443000E-1,6.391690832E-1,-1.015725678E-1,9.657742251E-1
7.669757417E0,-6.722222239E-1,3.826002771E-1,-3.592763186E-1,8.528453338E-1
7.679711417E0,-8.377021544E-1,-3.740358603E-1,-2.383368954E0,2.553839325E0
7.689665417E0,-6.145281125E-1,-6.067538738E-1,-1.257786958E0,1.525720517E0
7.699619417E0,-6.455891068E-1,2.222047198E-1,-2.759438476E-1,7.364137691E-1
7.709573417E0,-5.827979044E-1,6.970816612E-1,6.810643834E-1,1.135528482E0
7.719527417E0,-2.680078055E-1,9.004291105E-1,1.021224985E0,1.387624314E0
7.729480417E0,-3.681615282E-1,4.717632991E-1,7.649035156E-2,6.032862464E-1
7.739434417E0,-2.261059638E-1,-9.047513723E-2,-5.877893069E-1,6.362436064E-1
7.749388417E0,-3.137501898E-1,-6.782887101E-1,-6.341966110E-1,9.801633014E-1
7.759342417E0,-5.137491946E-1,-1.681601334E0,-7.004160360E-1,1.892697521E0
7.769296417E0,-6.250392866E-1,-2.124080023E0,-1.200138089E0,2.518476025E0
7.779250417E0,-5.669810764E-1,-1.746572671E0,-3.940169656E-1,1.878092917E0
7.789203417E0,-6.315830518E-1,-4.804025602E-1,-2.422910750E-2,7.938959761E-1
7.799157417E0,-8.087151676E-1,1.283048683E-1,-2.370426142E-1,8.524503284E-1
7.809111417E0,-5.892636093E-1,1.530140322E0,-6.094471014E-1,1.749281789E0
7.819065417E0,-5.739410172E-1,2.312181442E0,-8.323526099E-1,2.523569333E0
7.829019417E0,-5.187067563E-1,2.237131260E0,-1.431567961E-1,2.300936080E0
7.838972417E0,-7.233704504E-1,1.047787716E0,-1.118414479E-1,1.278136305E0
7.848926417E0,-7.787850248E-1,-6.144523180E-1,-6.793640131E-1,1.202328253E0
7.858880417E0,-6.907476649E-1,-2.189789863E0,-1.054779524E0,2.526830391E0
7.868834417E0,-5.757658967E-1,-2.109601732E0,2.887010103E-1,2.205736637E0
7.878788417E0,-6.986972469E-1,-4.192202193E-1,1.179308553E0,1.433419721E0
7.888741417E0,-6.792154938E-1,1.451931474E0,1.184778623E0,1.993273458E0
7.898695417E0,-8.597418451E-1,1.715692356E0,2.066616511E-1,1.930146455E0
7.908649417E0,-8.509265097E-1,9.009202766E-1,-2.045589924E-1,1.256016581E0
7.918603417E0,-7.453267452E-1,-3.051480585E-1,8.358126998E-1,1.160693829E0
7.928557417E0,-7.373149634E-1,-5.827434522E-1,1.109168570E0,1.453780658E0
7.938510417E0,-6.937944297E-1,-4.502882302E-1,5.568996361E-1,9.971195543E-1
7.948464417E0,-7.363679338E-1,-1.778459877E-1,-3.873195648E-3,7.575499527E-1
7.958418417E0,-4.381322343E-1,-3.914143699E-1,4.535685182E-2,5.892557235E-1
7.968372417E0,-2.084674541E-1,-5.350903988E-2,7.802045095E-1,8.093460159E-1
7.978326417E0,-5.245313780E-2,2.107242966E-1,9.491241378E-1,9.736491615E-1
7.988279417E0,-6.640249757E-2,2.913468754E-1,1.354161351E0,1.386739073E0
7.998233417E0,5.194337480E-2,4.878788102E-1,1.584689290E0,1.658904455E0
8.008187417E0,5.988406907E-1,-4.122006369E-1,1.370649329E0,1.551515105E0
8.018141417E0,5.847034389E-1,-6.657113492E-1,8.750650585E-1,1.245306616E0
8.028095417E0,4.772679045E-1,-5.265914708E-1,3.711885586E-1,8.017881116E-1
8.038048417E0,5.600988670E-1,-1.022027223E0,1.869097567E-1,1.180332852E0
8.048002417E0,2.859295946E-1,-1.183030890E0,2.472825506E-1,1.241960740E0
8.057956417E0,2.084608028E-1,-7.708700144E-1,6.556906834E-1,1.033260257E0
8.067910417E0,-1.684390968E-1,-2.001326501E-2,8.519969156E-1,8.687180235E-1
8.077864417E0,-2.784039905E-1,-5.178294182E-2,6.030233502E-1,6.662037345E-1
8.087817417E0,-2.501629439E-1,-7.269083083E-2,5.431601411E-1,6.024021865E-1
8.097771417E0,-2.338957158E-1,1.122940224E-1,5.703572953E-1,6.265976362E-1
8.107725417E0,-1.811707510E-1,-1.404822797E-1,2.264100373E-2,2.303708466E-1
8.117679417E0,-8.586228708E-2,3.225359237E-1,-9.907826257E-1,1.045491256E0
8.127633417E0,-3.612553452E-1,-1.778781474E-1,-1.265484817E0,1.328005227E0
8.137587417E0,-2.341599735E-1,-2.499596983E-1,-8.669304121E-1,9.321368372E-1
8.147540417E0,-4.055951287E-2,2.902329808E-1,2.021534479E-1,3.560144291E-1
8.157494417E0,-5.313465728E-1,7.631972980E-1,2.116586816E-1,9.537288366E-1
8.167448417E0,-5.794259248E-1,6.877734786E-1,-1.442157269E-2,8.994302318E-1
8.177402417E0,-6.207819289E-1,-1.042453301E-1,-4.456864715E-1,7.712805734E-1
8.187356417E0,-4.780367037E-1,-2.278028440E-1,-3.467010042E-1,6.329413971E-1
8.197309417E0,-3.879653167E-1,-5.831428170E-3,-7.994833642E-1,8.886645836E-1
8.207263417E0,-3.376365409E-1,-1.028332275E-1,-5.960938150E-1,6.927488309E-1
8.217217417E0,-1.339926012E-2,3.465212023E-1,2.557174516E-1,4.308687722E-1
8.227171417E0,-1.973554968E-1,4.308748895E-1,2.145755652E-1,5.202355579E-1
8.237125417E0,-3.989631984E-1,5.307020634E-1,2.885004508E-1,7.239121659E-1
8.247078417E0,7.287856299E-2,3.745983624E-1,5.774923602E-1,6.921940798E-1
8.257032417E0,-1.443879274E-1,4.908135277E-1,3.401126540E-1,6.143471412E-1
8.266986417E0,-1.907084734E-1,-4.664031565E-2,-1.007609743E-1,2.206758138E-1
8.276940417E0,-1.635407563E-1,1.096528351E-2,-3.758052278E-1,4.099943727E-1
8.286894417E0,-1.131703556E-1,1.837113297E-1,-7.905116889E-1,8.194303584E-1
8.296847417E0,3.977314459E-2,-6.704709828E-2,-3.116653651E-1,3.212670481E-1
8.306801417E0,2.278906619E-2,3.668513864E-1,7.346009052E-1,8.214242334E-1
8.316755417E0,1.481449827E-1,6.606973618E-1,1.080609307E0,1.275219359E0
8.326709417E0,-2.101512694E-1,8.700756294E-1,2.706945097E-1,9.351313675E-1
8.336663417E0,-3.573828805E-1,8.207952958E-1,-7.130737960E-1,1.144509362E0
8.346616417E0,-7.962543673E-2,-4.324004281E-1,-1.333577397E0,1.404186247E0
8.356570417E0,-1.594549413E-2,-1.389382054E0,-1.585189519E0,2.107952220E0
8.366524417E0,-1.832053628E-1,-1.414947835E0,-1.630558358E0,2.166647673E0
8.376478417E0,-2.247445675E-1,-6.061808467E-1,-9.296915013E-1,1.132383163E0
8.386432417E0,-4.194444417E-2,-3.912079632E-2,-1.627069616E-1,1.725205161E-1
8.396386417E0,1.154440546E-1,4.576498747E-2,-1.471814346E-1,1.925724241E-1
8.406339417E0,4.216542324E-2,8.788768584E-1,2.677112603E-1,9.197128758E-1
8.416293417E0,5.645441945E-2,7.659589380E-1,-1.574158162E-1,7.840025098E-1
8.426247417E0,2.928426297E-1,4.884775651E-1,2.024118948E-1,6.044317269E-1
8.436201417E0,2.959314214E-1,4.988663131E-1,-5.780265033E-2,5.829100710E-1
8.446155417E0,3.334673665E-1,5.248314589E-1,4.060616452E-1,7.426537581E-1
8.456108417E0,3.714717466E-1,5.329181582E-1,-2.141264990E-1,6.839906282E-1
8.466062417E0,6.507291017E-1,2.425477678E-1,-7.435670257E-1,1.017432900E0
8.476016417E0,6.389421382E-1,7.230228335E-1,-4.497801071E-1,1.064570908E0
8.485970417E0,7.126406635E-1,2.686596787E-1,8.092362276E-1,1.111259650E0
8.495924417E0,7.061638489E-1,5.040299892E-4,4.878861192E-1,8.583125893E-1
8.505877417E0,6.152075589E-1,-6.339896196E-1,-1.602240292E0,1.829643991E0
8.515831417E0,7.037420784E-1,-1.594361461E0,-1.969546300E0,2.629896197E0
8.525785417E0,4.952047867E-1,-7.491897082E-1,-2.512399462E-1,9.325419616E-1
8.535739417E0,2.370265344E-1,7.801337582E-1,1.168647909E0,1.424966033E0
8.545693417E0,-3.644618852E-2,1.583242396E0,1.791780711E0,2.391330786E0
8.555646417E0,-1.849937885E-1,1.088107776E0,1.858788341E0,2.161780592E0
8.565600417E0,-1.746903368E-1,5.727698565E-2,1.397016764E-1,2.308980841E-1
8.575554417E0,-4.417609067E-1,-1.319215466E0,-1.474649076E0,2.027331262E0
8.585508417E0,-2.576225841E-1,-2.023120244E0,-1.357391645E0,2.449876934E0
8.595462417E0,-2.507688799E-1,-1.104140257E0,3.276727027E-1,1.178719703E0
8.605416417E0,-6.627725752E-2,5.467930162E-1,1.446118757E0,1.547460738E0
8.615369417E0,-1.197489483E-1,3.826184034E-1,1.321513422E0,1.380990361E0
8.625323417E0,-2.232551538E-1,7.149004662E-1,-2.483081523E-1,7.890389590E-1
8.635277417E0,-2.049191991E-1,-1.050352889E-1,7.289197505E-2,2.415316338E-1
8.645231417E0,9.237771157E-2,-2.052863860E-1,1.587609681E0,1.603490144E0
8.655185417E0,-5.308457770E-2,-2.291523814E-2,1.512353970E0,1.513458823E0
8.665138417E0,-1.185972752E-1,-3.761724329E-1,6.158293372E-1,7.313116884E-1
8.675092417E0,-3.610078984E-1,-4.496812892E-1,2.347227314E-1,6.226031844E-1
8.685045625E0,-2.436215358E-1,-1.003886236E0,3.450152519E-1,1.089116409E0
8.694999625E0,-2.558433129E-1,-5.830118394E-1,8.586481234E-1,1.068941161E0
8.704953625E0,-2.786856253E-1,2.261398959E-1,1.288871341E0,1.337906672E0
8.714906625E0,-1.455625782E-1,6.856158561E-1,1.155712114E0,1.351639026E0
8.724860625E0,-5.814269881E-1,9.407292902E-2,3.913629144E-1,7.071576835E-1
8.734814625E0,-4.441153612E-1,-9.425740868E-1,3.126126140E-2,1.042430635E0
8.744768625E0,-7.051204133E-1,-7.602748597E-1,9.681147248E-2,1.041434165E0
8.754722625E0,-5.663686171E-1,2.002607042E-1,1.098222874E0,1.251787219E0
8.764675625E0,-6.363087715E-1,6.525732404E-1,6.301608628E-1,1.108080954E0
8.774629625E0,-8.440115194E-1,1.167595410E-1,6.381569302E-1,1.064533937E0
8.784583625E0,-5.299841715E-1,-5.740521508E-1,8.684647214E-1,1.168182377E0
8.794537625E0,-4.329292722E-1,-5.843637156E-1,5.205974901E-1,8.943883125E-1
8.804491625E0,-3.960333779E-1,-5.037177479E-1,-2.773299301E-1,6.982019021E-1
8.814445625E0,-4.529709693E-1,-9.456830513E-1,3.571508557E-2,1.049178107E0
8.824398625E0,-5.343093570E-1,-5.771196002E-1,4.814129591E-1,9.221236137E-1
8.834352625E0,-3.918552135E-1,9.047975653E-1,1.440518879E0,1.745652824E0
8.844306625E0,-5.867637784E-1,3.906706041E-1,-1.060484945E0,1.273398433E0
8.854260625E0,-3.587752853E-1,-7.769797701E-1,-1.194107856E0,1.469119069E0
8.864214625E0,-3.412614857E-1,-7.417058569E-1,1.863343906E-1,8.374410337E-1
8.874167625E0,-8.313514204E-1,-1.359412735E0,-9.593111569E-1,1.859953243E0
8.884121625E0,-4.595618046E-1,-5.676640677E-1,-6.222928494E-1,9.595248493E-1
8.894075625E0,-9.888696908E-2,4.636666596E-2,8.204006088E-1,8.276386043E-1
8.904029625E0,-6.745524307E-2,-4.346469283E-2,1.302635102E0,1.305104439E0
8.913983625E0,3.658097780E-1,8.996935308E-2,5.042442897E-1,6.294232137E-1
8.923936625E0,7.384304294E-2,3.118945760E-1,-4.358508700E-1,5.410147894E-1
8.933890625E0,3.445177635E-1,5.061256313E-1,-1.001038642E0,1.173428313E0
8.943844625E0,3.586065931E-1,-1.797644591E-1,-3.991055050E-1,5.658614261E-1
8.953798625E0,2.711939533E-2,-4.464132804E-1,-9.168083310E-1,1.020077347E0
8.963752625E0,6.778229428E-3,-7.779100621E-1,-1.108582386E0,1.354306065E0
8.973706625E0,-4.198003361E-1,-2.073954767E-1,3.138609946E-1,5.636966648E-1
8.983659625E0,-3.885145164E-1,9.780006123E-1,9.125468802E-1,1.392900045E0
8.993613625E0,-3.234548137E-1,1.122585883E0,7.858359629E-1,1.407963154E0
9.003567625E0,-5.325212053E-1,8.447098231E-1,4.201341391E-1,1.083340304E0
9.013521625E0,-2.375210444E-1,1.621398987E0,2.559026914E0,3.038744752E0
9.023475625E0,3.697331867E-1,3.746786447E0,3.991325192E0,5.486874165E0
9.033428625E0,7.056279516E-1,1.421308436E0,5.089065671E-2,1.587645532E0
9.043382625E0,-2.928947979E-1,-2.428518230E-1,-3.530224875E0,3.550669238E0
9.053336625E0,-1.903510477E0,-5.142292290E0,-1.077602785E1,1.209087666E1
9.063290625E0,-6.114383706E-1,-1.041170305E1,-1.069116020E1,1.493580676E1
9.073244625E0,2.309597558E0,-6.075681571E0,3.627638903E0,7.443649068E0
9.083198625E0,3.305929483E-1,7.213240419E0,1.138360268E1,1.348059861E1
9.093151625E0,-6.159056434E-1,1.176245781E1,5.906402923E0,1.317650747E1
9.103105625E0,7.527940781E-1,8.078235403E0,3.890053463E0,8.997616467E0
9.113059625E0,-6.646158734E-1,-3.770634901E0,-4.044641858E-1,3.850064038E0
9.123013625E0,2.587218606E-1,-6.346032264E0,-8.476298642E0,1.059182237E1
9.132967625E0,1.025416853E0,-4.711991013E0,-5.008847135E0,6.952905051E0
9.142920625E0,-1.343565465E0,-7.896021545E-1,2.005368097E0,2.539712764E0
9.152874625E0,3.862797837E-1,2.544246322E0,3.532332212E0,4.370328623E0
9.162828625E0,-1.155590273E0,2.315164107E0,9.179105312E-1,2.745529724E0
9.172782625E0,-4.866569979E-2,5.234029841E-1,-2.477848265E-1,5.811336803E-1
9.182736625E0,-4.813995470E-1,1.476848799E0,-2.234077844E0,2.721016669E0
9.192689625E0,-3.659066591E-1,8.688436210E-2,9.526280817E-1,1.024176175E0
9.202643625E0,-1.084175158E0,2.858984399E-1,1.050889664E0,1.536731199E0
9.212597625E0,-6.493175107E-1,-1.250990739E0,1.713242957E0,2.218511323E0
9.222551625E0,-4.667877937E-3,-1.343571458E0,-8.431860387E-2,1.346222745E0
9.232505625E0,-1.353873229E0,-5.390284985E-1,-3.023245550E0,3.356119500E0
9.242458625E0,-1.991920524E-1,-7.532348120E-1,-2.809765461E0,2.915788419E0
9.252412625E0,-3.966254816E-1,-1.546062291E0,1.513732743E0,2.199774351E0
9.262366625E0,-6.428395998E-1,4.233208716E-1,2.133256643E0,2.267868430E0
9.272320625E0,-1.143702774E-1,9.037871665E-1,1.037142275E0,1.380425985E0
9.282274625E0,-9.383809754E-1,9.230326921E-1,-5.354026401E-1,1.420987049E0
9.292228625E0,-1.986935590E-1,-9.033188045E-1,1.378334325E0,1.659900450E0
9.302181625E0,-4.763877889E-1,-8.723034185E-1,8.954528376E-1,1.337794590E0
9.312135625E0,-8.078681984E-1,-8.735740185E-2,-7.113070598E-1,1.079925958E0
9.322089625E0,-5.386178413E-1,-1.424504524E-1,-5.769184560E-1,8.020200840E-1
9.332043625E0,-3.394593738E-1,-5.108636302E-1,1.917736168E0,2.013436447E0
9.341997625E0,-8.475805137E-1,1.184479246E0,7.589153820E-1,1.642356955E0
9.351950625E0,-4.648993257E-1,5.417264038E-1,7.028101784E-1,1.001768949E0
9.361904625E0,2.960778393E-1,-2.907159609E-1,3.071131908E0,3.099036794E0
9.371858625E0,-7.357815037E-2,-5.531571257E-1,9.541609293E-1,1.105359502E0
9.381812625E0,1.185980335E-1,-1.542294930E0,-3.814349270E-1,1.593182898E0
9.391766625E0,-5.870068764E-1,-3.962448717E0,2.385010267E0,4.661957838E0
9.401720625E0,-1.615247423E0,9.235337985E-1,-8.944436082E-1,2.064453507E0
9.411673625E0,2.956018303E-2,3.119432833E0,-1.740144827E0,3.572091687E0
9.421627625E0,2.740977811E-2,1.590370737E0,3.636407095E0,3.969066255E0
9.431581625E0,-7.399402171E-1,-3.881574708E-1,-4.970776498E-1,9.722468498E-1
9.441535625E0,-9.778172655E-2,-1.635408915E0,-2.634920264E0,3.102729184E0
9.451489625E0,1.777830387E-1,-2.069244250E0,2.831677609E0,3.511662948E0
9.461442625E0,-5.912494699E-1,-9.012301791E-1,2.835376850E0,3.033340346E0
9.471396625E0,3.473571714E-1,-7.226708311E-1,3.414037192E-1,8.714738287E-1
9.481350625E0,-4.558858063E-1,1.585626891E0,-1.634398516E0,2.322348599E0
9.491304625E0,-3.244013317E-1,4.080619776E-1,-7.172437379E-1,8.866732099E-1
9.501258625E0,5.484280804E-1,-4.438656485E-1,2.262001807E0,2.369481430E0
9.511212625E0,-7.573805610E-1,-9.439709866E-1,1.403016592E0,1.852879406E0
9.521165625E0,-5.921421205E-1,-7.491628110E-2,-1.284164625E0,1.416094461E0
9.531119625E0,-1.089615481E0,5.462901556E-1,-6.325050116E-2,1.220530809E0
9.541073625E0,-4.921121578E-1,4.817287087E-2,1.487597151E0,1.567622494E0
9.551027625E0,-1.982949433E-1,1.461429691E-1,2.425556907E0,2.438033011E0
9.560981625E0,-3.385350021E-1,1.115982038E0,-1.568305099E-1,1.176697780E0
9.570934625E0,3.738759390E-1,1.446063793E0,-9.088163567E-1,1.748379502E0
9.580888625E0,-2.416566886E-1,-4.845470667E-2,-9.236533740E-1,9.559714269E-1
9.590842625E0,1.236937632E-1,-1.770795346E0,3.150962189E-1,1.802859377E0
9.600796625E0,3.023429665E-1,-5.907997459E-1,-2.152126193E-1,6.976905336E-1
9.610750625E0,-5.354922852E-1,7.209973580E-1,-6.436503893E-1,1.104932125E0
9.620704625E0,-5.789866892E-1,7.932742059E-1,-1.153148110E0,1.514681523E0
9.630657625E0,-5.472986176E-1,-1.526054873E0,-1.271567091E0,2.060403387E0
9.640611625E0,-3.828964385E-1,-2.376360481E0,-1.355264136E0,2.762325053E0
9.650565625E0,-6.822491024E-1,-1.636463168E0,-1.376130509E0,2.244373124E0
9.660519625E0,-5.003011102E-1,-1.137669361E-1,5.556214347E-1,7.562799054E-1
9.670473625E0,2.113320415E-1,6.766006190E-1,1.721901514E0,1.862094104E0
9.680426667E0,-1.388920197E-1,9.511858660E-1,2.167854618E0,2.371421344E0
9.690380667E0,-2.823314556E-1,1.663182605E0,7.981227171E-1,1.866249528E0
9.700334667E0,1.102483558E-1,1.509338268E0,-2.115250728E-1,1.528070536E0
9.710288667E0,-2.891440100E-1,-9.212416899E-1,-3.997598085E-1,1.045035126E0
9.720242667E0,-1.673821212E-1,-2.321127098E0,-8.807497215E-1,2.488245938E0
9.730196667E0,-2.178208247E-1,-1.682117059E0,-1.582045471E0,2.319446396E0
9.740149667E0,-7.904364060E-1,3.600808954E-1,-1.139156892E0,1.432524481E0
9.750103667E0,-7.909378047E-1,6.326815975E-1,1.893429000E0,2.147310409E0
9.760057667E0,-3.802837564E-1,-1.192118633E-1,3.853602798E0,3.874155615E0
9.770011667E0,-2.666449109E-1,1.901520377E0,2.296055406E-2,1.920262076E0
9.779965667E0,-7.581275428E-1,1.697672406E0,-1.166656348E0,2.194979727E0
9.789918667E0,-4.201730596E-1,-1.169425589E-1,1.237139854E0,1.311768265E0
9.799872667E0,4.266768079E-2,8.521960133E-1,-1.871065155E0,2.056439493E0
9.809826667E0,-6.904171510E-1,-1.946811156E0,-2.512032257E0,3.252238549E0
9.819780667E0,-7.653417644E-1,-3.445957142E-1,3.497532800E0,3.596836097E0
9.829734667E0,6.695018068E-1,2.590202513E0,1.957165698E0,3.314797022E0
9.839688667E0,-3.227277124E-1,-1.889364016E-1,-3.497346566E0,3.517283489E0
9.849641667E0,-8.295757672E-1,-2.689542614E0,-3.289126047E0,4.328993599E0
9.859595667E0,-2.794262482E-1,-3.177037847E0,1.565264547E-1,3.193140937E0
9.869549667E0,5.193628505E-2,-1.044347799E-1,2.125955810E0,2.129152908E0
9.879503667E0,-1.230669033E0,2.790729851E0,8.133757639E-1,3.156627869E0
9.889457667E0,-5.812115913E-1,3.179428774E0,1.226720116E0,3.457082076E0
9.899410667E0,-5.667687128E-1,-6.268595248E-1,2.086064643E0,2.250743284E0
9.909364667E0,-6.947027946E-1,-8.780389524E-1,-2.557096163E0,2.791470072E0
9.919318667E0,2.577034218E-1,-2.230087704E0,-4.568493909E-1,2.290941638E0
9.929272667E0,-1.017884214E-1,9.448568398E-1,1.142549447E0,1.486113915E0
9.939226667E0,-7.555381034E-1,5.853133035E-1,2.782108716E0,2.941693117E0
9.949180667E0,-2.396883331E-2,7.205190557E-1,1.030192859E0,1.257385996E0
9.959133667E0,-1.898590191E-1,-1.130638084E0,3.085552311E-1,1.187263768E0
9.969087667E0,-7.800206146E-1,-1.269773165E0,-9.140893757E-1,1.748232089E0
9.979041667E0,2.180017229E-1,-1.034408702E0,-4.338107765E-2,1.058020808E0
9.988995667E0,-6.662951937E-1,1.298725069E-1,4.718755656E-1,8.267301269E-1
9.998949667E0,-2.805815301E-1,3.480034715E-1,1.308942493E0,1.383171306E0
1.000890267E1,-5.015628662E-1,6.455828941E-1,2.990040967E-1,8.704860894E-1
1.001885667E1,-7.616051743E-1,5.939443785E-1,-1.094185957E0,1.459470888E0
1.002881067E1,-2.513060197E-1,-1.014394267E0,1.113608068E-1,1.050976534E0
1.003876467E1,9.969731094E-2,-1.197556543E0,1.864968848E0,2.218600917E0
1.004871867E1,-3.115865739E-1,-5.181983775E-1,1.321081898E0,1.452884418E0
1.005867267E1,-4.831173859E-1,5.538599610E-2,-3.939391977E-1,6.258259411E-1
1.006862567E1,-9.031532552E-2,-3.360640419E-1,6.367500901E-2,3.537660315E-1
1.007857967E1,-4.636847494E-2,-8.434023857E-1,1.012902058E0,1.318881419E0
1.008853367E1,-1.501573750E-1,-2.775784367E-1,4.667124742E-1,5.633982245E-1
1.009848767E1,-5.045957804E-1,1.061207076E0,7.688620806E-2,1.177577534E0
1.010844167E1,-8.518978053E-1,8.746241784E-1,7.821408150E-1,1.449979855E0
1.011839467E1,2.734298920E-1,-1.639403733E0,3.266166371E0,3.664730722E0
1.012834867E1,-3.315450212E-1,-6.217274237E-1,-1.337521344E-1,7.171866730E-1
1.013830267E1,-6.170701164E-1,5.514257652E-1,-2.864474642E0,2.981620512E0
1.014825667E1,-1.109003751E-1,-1.034933782E0,-3.043271095E-2,1.041303498E0
1.015821067E1,-3.971556048E-1,-1.500875008E0,2.727880468E0,3.138740227E0
1.016816467E1,-8.208242761E-2,-6.427025557E-1,2.059100793E0,2.158633868E0
1.017811767E1,-3.332748469E-1,-1.091260595E0,1.284566036E-1,1.148225983E0
1.018807167E1,-2.578466238E-1,-9.169322920E-1,-1.296987861E0,1.609169730E0
1.019802567E1,6.182833040E-2,-7.130971849E-1,-6.130220890E-3,7.157987966E-1
1.020797967E1,-6.924049851E-2,2.345735689E0,-7.571559548E-1,2.465878203E0
1.021793367E1,-3.134675501E-1,1.030241976E0,8.304417399E-1,1.359887465E0
1.022788667E1,-6.966570803E-1,1.260245712E0,-9.346189499E-3,1.440013088E0
1.023784067E1,-9.443282515E-1,2.314953607E-1,-9.176134926E-1,1.336922014E0
1.024779467E1,-8.844092014E-1,-1.770216472E0,-1.034775907E0,2.233071242E0
1.025774867E1,-6.723480121E-1,-2.339896075E0,1.239074990E0,2.731752610E0
1.026770267E1,-6.209188999E-1,1.578426629E-1,1.567323352E0,1.693209105E0
1.027765667E1,-1.013311071E0,1.560823002E0,7.811847952E-1,2.018221359E0
1.028760967E1,-8.087248155E-1,1.238889341E0,3.140554145E-1,1.512452786E0
1.029756367E1,-5.193912095E-1,-1.796480995E-1,-3.415475607E-2,5.506425479E-1
1.030751767E1,-5.389404614E-1,-9.780567455E-1,-1.859625077E-1,1.132092696E0
1.031747167E1,-5.537618740E-1,-4.542158049E-1,4.878390491E-2,7.178746965E-1
1.032742567E1,-7.094839711E-1,3.087318170E-1,1.053580845E0,1.307178426E0
1.033737967E1,-6.485448012E-1,5.244853038E-1,1.649853877E0,1.848705766E0
1.034733267E1,-5.512978573E-1,3.054515290E-1,1.474773037E-1,6.472862730E-1
1.035728667E1,-5.880843721E-1,-7.334045649E-2,-9.601306441E-1,1.128305324E0
1.036724067E1,-4.887702913E-1,-2.606834918E-1,-3.175505877E-1,6.385065828E-1
1.037719467E1,-1.556901019E-1,-1.882540315E-1,5.053193003E-1,5.612722899E-1
1.038714867E1,-1.255960817E-1,1.480760586E-1,5.910160929E-1,6.220939776E-1
1.039710167E1,-2.754854076E-1,5.627038747E-1,2.852666482E-1,6.884075254E-1
1.040705567E1,-2.442820519E-2,2.857335484E-1,2.003519207E-1,3.498303732E-1
1.041700967E1,3.392517246E-1,2.575107926E-1,7.285127842E-1,8.438805708E-1
1.042696367E1,-1.005795096E-1,3.948057550E-1,-1.280554846E-1,4.270667736E-1
1.043691767E1,8.610230614E-3,-4.248814934E-1,-2.095817506E-1,4.738385060E-1
1.044687167E1,2.165521433E-1,-6.925494844E-1,-5.799750879E-1,9.289191147E-1
1.045682467E1,-1.694420313E-2,-4.517342466E-1,-7.204959592E-1,8.505676709E-1
1.046677867E1,-1.787807565E-1,-8.614001155E-2,1.982422453E-1,2.805042750E-1
1.047673267E1,8.647805370E-2,3.997565925E-1,8.769502008E-1,9.676391072E-1
1.048668667E1,-2.029956296E-1,5.251811224E-1,3.207504764E-1,6.479994638E-1
1.049664067E1,-5.378183807E-1,2.280776632E-1,-9.506344736E-2,5.918657703E-1
1.050659467E1,-3.135502516E-1,-6.337083685E-1,-6.793283451E-1,9.805034712E-1
1.051654767E1,-1.182887889E-1,-1.272428970E0,-9.632784927E-1,1.600304089E0
1.052650167E1,-4.236616181E-1,-1.110468698E0,-1.032785222E0,1.574571437E0
1.053645567E1,-7.463750779E-1,-6.691752398E-1,-7.160313177E-1,1.231897766E0
1.054640967E1,-5.316646613E-1,-2.640000325E-1,-7.526535988E-2,5.983545802E-1
1.055636367E1,-3.861625470E-1,-2.399814248E-2,3.168284565E-1,5.000776884E-1
1.056631667E1,-5.860726375E-1,3.712175024E-1,1.421200848E-1,7.081537185E-1
1.057627067E1,-4.265172520E-1,6.212111145E-1,1.320158038E0,1.520078110E0
1.058622467E1,-2.335643432E-1,6.198101217E-1,6.699669528E-1,9.421107192E-1
1.059617867E1,-3.311561083E-1,-5.600515777E-1,-5.930766517E-1,8.803760858E-1
1.060613267E1,-5.481703644E-1,-1.078155815E0,-3.707310140E-1,1.265050274E0
1.061608667E1,-4.229094103E-1,-1.029659593E-1,9.548927084E-1,1.049416239E0
1.062603967E1,-9.959829200E-2,1.469229877E-1,9.889571249E-1,1.004759861E0
1.063599367E1,-2.390576926E-1,2.388616830E-1,2.967005861E-1,4.497051499E-1
1.064594767E1,-1.072306352E-1,4.732479072E-1,2.028641769E-1,5.259428344E-1
1.065590167E1,2.214350617E-2,4.602109551E-1,5.644858137E-1,7.286485380E-1
1.066585567E1,2.652594497E-1,3.452909482E-1,1.897439021E-1,4.749643807E-1
1.067580967E1,1.807160935E-1,2.621909040E-1,2.400609469E-1,3.987877065E-1
1.068576250E1,1.802449906E-1,-1.309869862E-1,6.712238118E-1,7.072391765E-1
1.069571650E1,2.663098837E-1,-3.591295534E-1,7.417900568E-1,8.661105465E-1
1.070567050E1,8.467126407E-2,-7.646854144E-1,9.872468144E-2,7.756671765E-1
1.071562450E1,3.019576167E-1,-6.553658706E-1,2.378220481E-1,7.597645380E-1
1.072557850E1,3.409113836E-1,-3.339473498E-1,1.169057799E0,1.262710395E0
1.073553150E1,6.161746519E-2,-8.665982902E-2,1.243116294E0,1.247655705E0
1.074548550E1,-9.155924756E-2,7.227918684E-2,5.099222285E-1,5.230946910E-1
1.075543950E1,-2.075494047E-1,-2.611729038E-1,2.744001827E-1,4.319531239E-1
1.076539350E1,-1.608697117E-1,-4.103687042E-1,4.798409352E-1,6.515587929E-1
1.077534750E1,8.804865237E-3,-7.400265366E-1,6.002526471E-1,9.529008557E-1
1.078530150E1,-5.341853594E-2,-9.134993917E-1,7.638264585E-1,1.191958698E0
1.079525450E1,1.736999098E-1,-4.500718832E-1,8.415309843E-1,9.700055445E-1
1.080520850E1,1.912406431E-1,-2.514483994E-1,7.622108728E-1,8.250846597E-1
1.081516250E1,3.166102457E-1,-4.392738301E-1,5.069126666E-1,7.417304072E-1
1.082511650E1,5.058350978E-1,-2.163206667E-1,7.464631516E-1,9.272923022E-1
1.083507050E1,4.680422407E-1,-3.716373324E-2,1.075661100E0,1.173665832E0
1.084502450E1,6.428500517E-1,-7.363924921E-2,7.127720797E-1,9.626645135E-1
1.085497750E1,6.659200948E-1,-3.896444178E-1,-1.337983274E-1,7.830544920E-1
1.086493150E1,6.422865263E-1,-1.024970711E0,-4.336119711E-1,1.284957696E0
1.087488550E1,7.851543237E-1,-6.455600899E-1,-7.304686779E-1,1.251718671E0
1.088483950E1,6.418072008E-1,-1.219518685E-1,-6.073766023E-1,8.920174203E-1
1.089479350E1,6.836679292E-1,4.792775559E-1,4.245949799E-1,9.366908295E-1
1.090474650E1,3.695686972E-1,1.313744227E0,3.706351197E-1,1.414169476E0
1.091470050E1,2.559088382E-1,7.077323645E-1,1.011192917E0,1.260510035E0
1.092465450E1,7.750762090E-2,3.093294024E-1,1.011738462E0,1.060804801E0
1.093460850E1,-3.145883882E-1,5.494792271E-1,-7.269898769E-1,9.640578593E-1
1.094456250E1,-6.241131607E-2,-2.583352500E-1,-1.351467831E0,1.377351651E0
1.095451650E1,3.931521259E-1,-1.054336597E0,-1.158489541E0,1.615020827E0
1.096446950E1,5.825599227E-1,-4.366425830E-1,-1.017290393E0,1.250964649E0
1.097442350E1,8.615382560E-1,-5.432981354E-1,2.132052702E-1,1.040614010E0
1.098437750E1,1.339931128E0,1.078811288E-3,4.475084639E-1,1.412685534E0
1.099433150E1,1.406157131E0,9.516150516E-1,4.682374281E-1,1.761276632E0
1.100428550E1,1.486671390E0,6.286844409E-1,4.143649837E-1,1.666473609E0
1.101423850E1,1.155779942E0,-2.275280249E-1,7.002444202E-1,1.370378971E0
1.102419250E1,1.074553930E0,-6.145026040E-1,1.171852183E-1,1.243387299E0
1.103414650E1,5.795968827E-1,-2.967467791E-1,-4.313993847E-1,7.810868239E-1
1.104410050E1,4.706200588E-1,-4.150587559E-2,-1.711102876E-1,5.024785647E-1
1.105405450E1,2.070745376E-1,-9.321104944E-2,3.387566847E-1,4.078287083E-1
1.106400850E1,8.927050117E-2,-5.474280238E-2,1.603540421E-1,1.915187082E-1
1.107396150E1,2.292525150E-2,4.249978530E-1,5.850569031E-1,7.234917567E-1
1.108391550E1,1.338200718E-1,5.513170069E-1,8.104123950E-1,9.892555300E-1
1.109386950E1,1.051830042E-2,-2.180222064E-1,1.104208669E-1,2.446161994E-1
1.110382350E1,2.400362425E-2,-1.232487810E0,-1.141914439E0,1.680348464E0
1.111377750E1,3.059446686E-1,-1.934123867E0,-2.447410583E-2,1.958324860E0
1.112373150E1,6.571995574E-1,-1.258828347E0,1.713980876E0,2.225823557E0
1.113368450E1,1.083501486E0,-6.996269542E-1,2.433472576E0,2.754131827E0
1.114363850E1,7.647408168E-1,4.633742988E-2,1.902350974E0,2.050832734E0
1.115359250E1,1.194905562E-1,-8.504424334E-2,2.207445531E0,2.212312430E0
1.116354650E1,2.406260072E-1,-5.072167218E-1,2.994587177E0,3.046755986E0
1.117350050E1,1.314416437E-1,-1.118009852E0,2.503640040E0,2.745074933E0
1.118345450E1,-5.191501580E-2,-1.225574062E0,6.111743689E-1,1.370496647E0
1.119340750E1,-1.767514620E-1,-1.244313219E0,2.975881934E-1,1.291555341E0
1.120336150E1,-4.427316907E-1,-5.764185190E-1,3.610702443E-1,8.115672371E-1
1.121331550E1,-1.334225708E-1,6.977856660E-1,7.206909639E-1,1.011979191E0
1.122326950E1,-4.260504980E-1,1.477030063E0,9.584390447E-1,1.811557958E0
1.123322350E1,-6.264361864E-1,9.744460899E-1,8.434737217E-1,1.432974318E0
1.124317750E1,-5.456190049E-1,1.637489355E-1,1.913600725E-1,6.009430004E-1
1.125313050E1,-2.868035523E-1,-4.366402441E-1,-3.874262765E-1,6.503922664E-1
1.126308450E1,2.610729529E-1,-7.358551329E-1,3.055164331E-1,8.384403105E-1
1.127303850E1,8.335873957E-1,-4.967233086E-1,1.274473742E0,1.601838103E0
1.128299250E1,8.879832389E-1,-7.646427298E-1,1.890665314E0,2.224366891E0
1.129294650E1,8.937654774E-1,-9.256475669E-1,1.633024128E0,2.079040151E0
1.130290050E1,9.462679922E-1,-1.177927440E0,1.815976197E0,2.362351734E0
1.131285350E1,9.205540574E-1,-1.189986738E0,2.293756866E0,2.743138489E0
1.132280750E1,5.743106343E-1,-1.106720048E0,1.978536394E0,2.338646666E0
1.133276150E1,5.487970397E-1,-1.105444770E0,1.744655369E0,2.137056080E0
1.134271550E1,4.261051695E-1,-1.456916810E0,1.391689366E0,2.059361915E0
1.135266950E1,1.724294925E-1,-1.568619679E0,1.281186345E0,2.032667725E0
1.136262250E1,2.657732921E-1,-9.299709982E-1,1.986390374E0,2.209350180E0
1.137257650E1,3.509006938E-1,-5.133972287E-2,3.027207916E0,3.047909912E0
1.138253050E1,1.930049125E-1,-3.961547077E-1,1.806195852E0,1.859175329E0
1.139248450E1,4.249279423E-2,-1.049249520E0,1.239919621E0,1.624847949E0
1.140243850E1,2.463627471E-2,-1.435694926E0,1.377061386E0,1.989503689E0
1.141239250E1,2.385072504E-1,-1.801927092E0,1.228098305E0,2.193639077E0
1.142234550E1,3.151141260E-2,-9.594631845E-1,1.819109428E0,2.056871819E0
1.143229950E1,1.065358124E-1,-5.833328515E-1,2.134194537E0,2.215042531E0
1.144225350E1,1.849747303E-1,-6.227547795E-1,1.864655437E0,1.974583263E0
1.145220750E1,1.711916553E-1,-6.169742221E-1,2.142401396E0,2.236033881E0
1.146216150E1,3.289003987E-1,-7.723318183E-1,1.824236266E0,2.008111019E0
1.147211550E1,5.070001555E-1,-9.603262335E-1,1.830454488E0,2.128341905E0
1.148206850E1,5.215064763E-1,-1.194318355E0,2.226224449E0,2.579620250E0
1.149202250E1,6.271836068E-1,-1.392068850E0,1.732436442E0,2.309231687E0
1.150197650E1,8.141348056E-1,-1.477201386E0,1.349278049E0,2.159974692E0
1.151193050E1,5.905739703E-1,-8.901508749E-1,1.776257815E0,2.072736843E0
1.152188450E1,2.106178590E-1,-8.450594866E-1,2.633801984E0,2.774058095E0
1.153183850E1,1.161010715E-1,-6.982014030E-1,2.300680554E0,2.407092784E0
1.154179150E1,-1.492564470E-1,-9.386950439E-1,2.114328037E0,2.318147735E0
1.155174550E1,-4.620460307E-1,-1.110931798E0,1.815805166E0,2.178257192E0
1.156169950E1,-1.669208672E-1,-1.223431057E0,1.634865124E0,2.048763066E0
1.157165350E1,-8.679725686E-2,-1.133906677E0,1.815420712E0,2.142202249E0
1.158160750E1,-1.933969135E-1,-1.614930797E-1,2.966372607E0,2.977053716E0
1.159156050E1,-2.549742522E-1,-9.741490513E-1,1.941240513E0,2.186868303E0
1.160151450E1,1.187726917E-1,-9.673768061E-1,1.980066610E0,2.206941009E0
1.161146850E1,5.730915447E-2,-8.347648787E-1,2.820471128E0,2.941967730E0
1.162142250E1,-4.030151362E-2,-4.196043813E-1,2.786869811E0,2.818569742E0
1.163137650E1,1.026780022E-1,-3.973393536E-1,1.759254112E0,1.806487300E0
1.164133050E1,9.964223748E-2,-8.767741996E-1,2.035348233E0,2.218401227E0
1.165128350E1,-7.630940764E-2,-1.229861825E0,2.579272021E0,2.858500899E0
1.166123750E1,-7.469799723E-2,-1.249642956E0,2.275470284E0,2.597104603E0
1.167119150E1,-2.552207306E-1,-7.016787422E-1,1.691495993E0,1.848958997E0
1.168114550E1,-3.809616680E-1,-1.296221291E0,1.884659931E0,2.318892943E0
1.169110025E1,-6.416094187E-1,-1.904647468E0,1.856741230E0,2.736207708E0
1.170105425E1,-3.893350635E-1,-1.697025704E0,1.834531167E0,2.529225699E0
1.171100725E1,-3.790250336E-1,-1.207102708E0,1.816060982E0,2.213331067E0
1.172096125E1,-4.711918800E-1,-8.208935291E-1,2.513689942E0,2.685986802E0
1.173091525E1,-3.500584754E-1,-7.761956584E-1,3.101942056E0,3.216685430E0
1.174086925E1,-3.221948118E-1,-6.775314957E-1,3.055233328E0,3.145998906E0
1.175082325E1,-9.180472098E-2,-1.552855001E0,2.871386928E0,3.265677518E0
1.176077725E1,-1.759018250E-1,-1.040705568E0,2.724417747E0,2.921722368E0
1.177073025E1,6.814560281E-2,-1.268900176E0,3.505770065E0,3.728964364E0
1.178068425E1,-7.646928331E-2,-2.385613700E0,1.718172452E0,2.940938091E0
1.179063825E1,-4.911334435E-1,-2.840238810E0,1.605367091E0,3.299298722E0
1.180059225E1,-4.847822709E-1,-1.731625434E0,2.883727769E0,3.398444694E0
1.181054625E1,-5.001851160E-1,-6.094728291E-1,3.572535328E0,3.658503922E0
1.182050025E1,-3.072086539E-1,-2.773357773E-1,3.628712160E0,3.652238249E0
1.183045325E1,-5.657366062E-1,-5.592686355E-1,2.573365456E0,2.693519832E0
1.184040725E1,-2.935244151E-1,-2.388834347E0,2.257936823E0,3.300146181E0
1.185036125E1,-1.356306621E-1,-2.263234985E0,2.868805967E0,3.656593490E0
1.186031525E1,-1.970906362E-1,-1.840316986E0,3.543386958E0,3.997649617E0
1.187026925E1,-5.909328614E-2,-1.872845047E0,3.285602515E0,3.782357000E0
1.188022325E1,-2.388027769E-2,-7.084211665E-1,2.991665616E0,3.074490848E0
1.189017625E1,2.876192572E-1,-4.918929237E-1,3.198439241E0,3.248799327E0
1.190013025E1,3.562059091E-1,-1.425317287E0,3.489334419E0,3.786009338E0
1.191008425E1,6.878912543E-2,-1.668239277E0,2.828582678E0,3.284605638E0
1.192003825E1,2.009901352E-2,-1.339190724E0,2.200583823E0,2.576122072E0
1.192999225E1,-2.943341448E-1,-1.681741667E0,2.030607018E0,2.652970503E0
1.193994625E1,-1.342934222E-1,-2.060533068E0,1.710462021E0,2.681326458E0
1.194989925E1,-9.528642727E-2,-1.055893126E0,1.686855642E0,1.992353321E0
1.195985325E1,-4.500089891E-1,-8.247795886E-1,2.291290510E0,2.476445368E0
1.196980725E1,-3.910695669E-1,-3.611784178E-1,2.237437069E0,2.299893453E0
1.197976125E1,-2.565396432E-1,-1.427866673E-1,2.830959279E0,2.846143190E0
1.198971525E1,-5.604065585E-2,-5.489295888E-1,2.353233282E0,2.417058362E0
1.199966825E1,5.665360850E-2,-1.305687348E0,1.865280504E0,2.277564586E0
1.200962225E1,2.662169678E-1,-9.642812902E-1,1.525216090E0,1.824004934E0
1.201957625E1,7.584619305E-1,-1.297765540E0,2.197961347E0,2.662798149E0
1.202953025E1,9.413214670E-1,-1.166274524E0,2.213500323E0,2.673175275E0
1.203948425E1,9.535824935E-1,-9.978910857E-1,1.915294079E0,2.360817146E0
1.204943825E1,6.579343332E-1,-7.814645845E-1,2.151771267E0,2.381949636E0
1.205939125E1,5.481374007E-1,-1.243579978E0,2.489738870E0,2.836502320E0
1.206934525E1,4.235881624E-1,-1.414829721E0,2.622028908E0,3.009353031E0
1.207929925E1,7.045295522E-2,-1.470583507E0,2.767972487E0,3.135163658E0
1.208925325E1,-1.379325830E-1,-1.351226633E0,2.250379881E0,2.628506881E0
1.209920725E1,-1.250038776E-1,-1.804281766E0,2.210604197E0,2.856191446E0
1.210916125E1,-6.200557413E-2,-2.024393767E0,2.687957434E0,3.365580185E0
1.211911425E1,-1.527436899E-1,-1.083846910E0,2.680670049E0,2.895521831E0
1.212906825E1,-3.357352456E-1,-1.368337340E0,3.087134860E0,3.393444692E0
1.213902225E1,-2.782326853E-1,-1.645415255E0,3.173466952E0,3.585484247E0
1.214897625E1,-2.098401245E-2,-1.646508100E0,3.344630742E0,3.728000007E0
1.215893025E1,1.841235219E-2,-1.785741999E0,3.060013427E0,3.543006587E0
1.216888425E1,-4.329684120E-2,-1.537770354E0,2.982783110E0,3.356129819E0
1.217883725E1,-1.491712056E-1,-6.834979945E-1,3.125161350E0,3.202507614E0
1.218879125E1,-2.454010628E-2,-7.519256204E-1,3.418575801E0,3.500379245E0
1.219874525E1,-1.199669581E-2,-9.688859725E-1,3.201719821E0,3.345129857E0
1.220869925E1,8.058402378E-2,-9.049624568E-1,2.926310117E0,3.064105372E0
1.221865325E1,2.430217577E-1,-1.159881179E0,2.948148006E0,3.177414135E0
1.222860725E1,4.545470132E-1,-1.108180098E0,2.922109185E0,3.158068746E0
1.223856025E1,5.812365516E-1,-1.203843470E0,2.562686686E0,2.890404484E0
1.224851425E1,6.354928657E-1,-8.133441889E-1,1.725436156E0,2.010599383E0
1.225846825E1,1.027940877E0,-4.347498393E-1,2.267112274E0,2.526948343E0
1.226842225E1,1.706355229E0,-2.103426488E0,2.432401950E0,3.640416241E0
1.227837625E1,1.924372319E0,-2.634596329E0,-1.731079888E-1,3.267150596E0
1.228833025E1,2.194940822E0,2.945885718E-1,-2.403807896E-1,2.227628910E0
1.229828325E1,1.324522984E0,1.317501063E0,3.092368410E0,3.612881477E0
1.230823725E1,5.128601254E-1,-5.463556445E-1,2.582266672E0,2.688797345E0
1.231819125E1,-1.408765647E-1,-2.152409198E0,-5.400517613E-1,2.223593368E0
1.232814525E1,-1.528974534E-1,-1.472251133E0,-1.686302788E0,2.243773189E0
1.233809925E1,-9.793922496E-1,5.799104762E-1,1.528678811E0,1.905876241E0
1.234805325E1,-1.037804180E0,8.291334254E-1,2.623457675E0,2.940583263E0
1.235800625E1,-1.553227030E0,-1.031890891E0,4.981751722E-1,1.930153237E0
1.236796025E1,-1.501965368E0,-8.204549879E-1,-1.530641721E0,2.296064117E0
1.237791425E1,-1.620139204E0,3.831885070E-1,2.164077902E-1,1.678843889E0
1.238786825E1,-1.561720696E0,-1.101668054E-1,1.494448918E0,2.164367304E0
1.239782225E1,-1.577115245E0,-1.828330779E-1,-6.124519855E-2,1.588858523E0
1.240777625E1,-1.789818093E0,-3.524923790E-1,-1.876014823E-1,1.833819511E0
1.241772925E1,-1.121022703E0,-1.076788151E-1,3.668993336E-1,1.184441535E0
1.242768325E1,-1.531174841E0,-4.002845961E-1,8.997987807E-1,1.820538931E0
1.243763725E1,-1.437718062E0,-1.231425955E0,3.216553330E-1,1.920131575E0
1.244759125E1,-7.553193444E-1,-1.182314606E0,-1.887329185E-1,1.415625394E0
1.245754525E1,-5.627242303E-1,4.981026667E-1,5.199390936E-1,9.138388737E-1
1.246749925E1,-1.633204442E-1,1.256928586E0,2.351163952E0,2.671051285E0
1.247745225E1,-1.503020205E-1,6.355777234E-1,2.368238699E0,2.456644922E0
1.248740625E1,1.640657084E-1,-5.592399842E-1,1.174079680E0,1.310774585E0
1.249736025E1,6.928225493E-1,-1.265195380E0,4.581141436E-1,1.513469855E0
1.250731425E1,1.314918201E0,-1.383317322E0,8.697598797E-1,2.097393368E0
1.251726825E1,1.519873196E0,-2.057427612E0,1.508440720E0,2.969581842E0
1.252722225E1,6.689809661E-1,-2.098568037E0,1.194037104E0,2.505443662E0
1.253717525E1,4.021243494E-1,-1.481896116E0,1.614050791E0,2.227752240E0
1.254712925E1,5.880772092E-1,-7.153378379E-1,2.617854289E0,2.776815461E0
1.255708325E1,6.133415662E-1,1.529181379E-1,3.037149352E0,3.102232748E0
1.256703725E1,1.033556324E0,3.238737667E-1,3.293948539E0,3.467452936E0
1.257699125E1,9.577175713E-1,-8.119455349E-1,3.476134330E0,3.695942150E0
1.258694525E1,8.468557513E-1,-1.331161328E0,2.381417153E0,2.856624372E0
1.259689825E1,6.157973237E-1,-1.510566183E0,2.066948341E0,2.633114502E0
1.260685225E1,1.961808825E-1,-2.250342459E0,2.588307431E0,3.435384036E0
1.261680625E1,-4.158802897E-2,-2.309665970E0,2.513354312E0,3.413683693E0
1.262676025E1,2.961107482E-1,-1.718949255E0,2.738475915E0,3.246801265E0
1.263671425E1,4.786304884E-1,-1.023298992E0,3.171513398E0,3.366708363E0
1.264666825E1,2.257754682E-1,-8.021233821E-1,3.402569633E0,3.503120978E0
1.265662125E1,1.706865107E-1,-1.069312486E0,3.214747126E0,3.392220830E0
1.266657525E1,1.360867815E-1,-1.109467655E0,2.978699707E0,3.181523226E0
1.267652925E1,-1.305171624E-3,-1.133113210E0,2.814856632E0,3.034364037E0
1.268648292E1,-4.855712065E-1,-8.216729629E-1,2.267934977E0,2.460580199E0
1.269643692E1,-7.544447471E-1,-9.211621678E-1,1.388464918E0,1.829087599E0
1.270639092E1,-4.504276863E-1,-1.660628541E0,7.601801348E-1,1.881075780E0
1.271634392E1,-5.956707689E-1,-8.611007380E-1,-5.055210292E-2,1.048271750E0
1.272629792E1,2.178219393E-2,-3.944017124E-1,1.342032471E-1,4.171782428E-1
1.273625192E1,2.959480494E-1,-2.809587121E-1,8.338877964E-1,9.283813348E-1
1.274620592E1,-1.013448188E-1,-1.635267413E-1,8.797369838E-1,9.005270279E-1
1.275615992E1,4.366130546E-2,-3.065870583E-2,4.508057088E-1,4.539515975E-1
1.276611392E1,5.235592510E-1,-1.041453427E-1,5.626629442E-1,7.755966287E-1
1.277606692E1,-1.749730314E-1,-1.251035178E-1,3.413019776E-1,4.034271828E-1
1.278602092E1,-5.414116044E-1,-1.395689446E-1,3.442314327E-1,6.565830449E-1
1.279597492E1,-3.250859676E-1,-1.979311734E-1,1.535929066E-1,4.104246784E-1
1.280592892E1,-4.759293672E-1,8.774331808E-2,-2.768767709E-1,5.575557359E-1
1.281588292E1,-4.573950092E-1,-1.564171118E-1,-3.425304776E-1,5.924555978E-1
1.282583692E1,-2.001510689E-1,1.571029902E-2,-2.588749480E-1,3.276026596E-1
1.283578992E1,1.684568211E-2,4.155089915E-1,2.194021493E-1,4.701795424E-1
1.284574392E1,4.054294150E-1,5.206448525E-1,5.575413680E-1,8.638845120E-1
1.285569792E1,4.467921069E-1,5.434185880E-1,-7.188274562E-3,7.035471696E-1
1.286565192E1,3.992533665E-1,-7.202483296E-2,-3.953138781E-1,5.664484879E-1
1.287560592E1,2.727506100E-1,-4.839640993E-1,-5.602907288E-1,7.890119425E-1
1.288555992E1,5.956573203E-2,-7.742532134E-2,-4.356929952E-1,4.465099583E-1
1.289551292E1,-2.827625781E-2,2.407403934E-1,6.336569130E-2,2.505408043E-1
1.290546692E1,-1.817443264E-1,2.891547543E-1,6.205240667E-1,7.083019056E-1
1.291542092E1,-3.773472116E-1,1.007972270E-1,5.013443631E-1,6.355290469E-1
1.292537492E1,-2.180489574E-1,-2.484908777E-1,2.014149445E-1,3.871189017E-1
1.293532892E1,-3.206819909E-1,-2.672364664E-1,-1.172659099E-1,4.335937752E-1
1.294528292E1,-2.925331293E-1,-3.898981869E-1,1.278865001E-1,5.039356951E-1
1.295523592E1,-2.278977882E-1,-4.573534209E-1,2.683497763E-1,5.771664889E-1
1.296518992E1,-2.548112062E-1,-3.606246865E-1,7.425437629E-2,4.477640313E-1
1.297514392E1,-7.435999162E-2,-2.575066996E-1,9.395949304E-2,2.840202370E-1
1.298509792E1,2.614969126E-1,-1.663111854E-1,4.753093430E-1,5.674143259E-1
1.299505192E1,5.545834809E-1,1.446349722E-1,4.672436938E-1,7.394584382E-1
1.300500592E1,1.863302245E-1,-2.196915865E-2,5.661952472E-1,5.964718387E-1
1.301495892E1,3.330803539E-1,-1.825834018E-1,2.175181764E-1,4.377138081E-1
1.302491292E1,5.412075365E-1,-2.899733645E-1,-8.303046227E-3,6.140513743E-1
1.303486692E1,4.047889256E-1,-2.724001426E-1,-1.207528970E-1,5.026302558E-1
1.304482092E1,5.708263151E-1,-7.018880725E-2,-1.651809186E-2,5.753624927E-1
1.305477492E1,5.066704457E-1,2.390289134E-1,2.342856520E-1,6.072392681E-1
1.306472892E1,5.441619884E-1,3.601884842E-1,3.016759819E-1,7.189272646E-1
1.307468192E1,6.675459863E-1,4.986786175E-1,4.377284110E-2,8.343944325E-1
1.308463592E1,8.868860089E-1,2.602157146E-1,-1.321593529E-1,9.336729114E-1
1.309458992E1,7.121789528E-1,-4.263965070E-2,-2.833642566E-1,7.676667913E-1
1.310454392E1,5.854931784E-1,-1.827664196E-2,-6.004733795E-1,8.388710134E-1
1.311449792E1,5.622836792E-1,-7.359305620E-2,-6.272261453E-1,8.455717067E-1
1.312445192E1,5.434109136E-1,7.762003362E-2,-5.627056289E-1,7.861029929E-1
1.313440592E1,5.165664927E-1,1.736348230E-1,-4.073357534E-1,6.803766671E-1
1.314435892E1,4.217554258E-1,2.748419398E-1,-4.185425270E-1,6.546705873E-1
1.315431292E1,4.698718710E-1,4.560109001E-1,-3.915745836E-1,7.629260585E-1
1.316426692E1,5.298683236E-1,4.262877488E-1,-2.441405493E-1,7.225553909E-1
1.317422092E1,3.816429417E-1,2.680848974E-1,-2.701556888E-1,5.389851049E-1
1.318417492E1,3.209045506E-1,1.489203966E-1,-4.884951067E-1,6.031454919E-1
1.319412792E1,1.657633743E-1,2.699484050E-2,-4.846569943E-1,5.129313988E-1
1.320408192E1,8.564168260E-2,7.025254190E-2,-3.857039791E-1,4.012947507E-1
1.321403592E1,9.223536842E-2,1.585349733E-1,-1.944412628E-1,2.672977845E-1
1.322398992E1,2.764285818E-2,1.812373728E-1,-6.625480056E-3,1.834530182E-1
1.323394392E1,8.668643385E-2,1.237522262E-1,1.092031842E-1,1.864255529E-1
1.324389792E1,1.472091358E-1,6.796218753E-3,1.617260912E-1,2.187968163E-1
1.325385192E1,1.215033140E-1,-2.075820029E-1,2.474477345E-1,3.450850975E-1
1.326380492E1,6.291684441E-2,-2.542205644E-1,3.829359072E-1,4.639251380E-1
1.327375892E1,8.675221503E-3,-2.474360400E-1,5.359774214E-1,5.903995678E-1
1.328371292E1,-1.580946779E-1,-2.596912193E-1,5.585237002E-1,6.359105128E-1
1.329366692E1,-3.428506127E-1,-2.417314965E-1,5.113086033E-1,6.613751937E-1
1.330362092E1,-3.914501841E-1,-2.649326634E-1,5.632502970E-1,7.353050115E-1
1.331357492E1,-4.315977515E-1,-1.002873498E-1,5.422406664E-1,7.002564616E-1
1.332352792E1,-5.260498725E-1,-1.423972428E-2,4.240009028E-1,6.758017488E-1
1.333348192E1,-4.897809825E-1,-6.872291028E-2,2.825754672E-1,5.696113973E-1
1.334343592E1,-4.714236490E-1,-6.381475747E-2,6.886090457E-2,4.806811877E-1
1.335338992E1,-5.318340844E-1,-5.897092402E-2,-1.001288903E-1,5.443811696E-1
1.336334392E1,-5.167982617E-1,-1.281709671E-3,-1.827632037E-1,5.481646420E-1
1.337329792E1,-5.159556779E-1,1.850643754E-3,-1.799620950E-1,5.464430822E-1
1.338325092E1,-5.761452348E-1,1.389006078E-2,-1.670108047E-1,6.000240614E-1
1.339320492E1,-5.639469928E-1,9.679597735E-2,-1.918015373E-1,6.034844667E-1
1.340315892E1,-6.587994287E-1,1.428772992E-1,-1.493870044E-1,6.904687444E-1
1.341311292E1,-7.110629386E-1,1.302321106E-1,-3.370656699E-2,7.236760587E-1
1.342306692E1,-7.609194421E-1,8.062784135E-2,-5.363066196E-2,7.670563826E-1
1.343302092E1,-7.568445175E-1,4.212801933E-2,-1.379744089E-1,7.704708503E-1
1.344297392E1,-7.452136747E-1,-4.891195893E-2,-1.449363962E-1,7.607511811E-1
1.345292792E1,-7.157997680E-1,-7.264288366E-2,-7.536417782E-2,7.234127837E-1
1.346288192E1,-6.573223490E-1,-3.616327465E-2,-2.965707779E-2,6.589840629E-1
1.347283592E1,-5.298624033E-1,1.768081069E-2,2.779357016E-2,5.308853549E-1
1.348278992E1,-4.220844048E-1,5.953050256E-2,1.540741324E-1,4.532526489E-1
1.349274392E1,-3.935499924E-1,-2.393440783E-2,2.380913123E-1,4.605886727E-1
1.350269692E1,-3.772179151E-1,-8.525883615E-2,2.413520122E-1,4.558653511E-1
1.351265092E1,-3.455306109E-1,-1.172676641E-1,2.771919358E-1,4.582340858E-1
1.352260492E1,-3.587281421E-1,-1.757556081E-1,3.393718117E-1,5.241651842E-1
1.353255892E1,-3.320299747E-1,-1.775278991E-1,3.259773025E-1,4.980173298E-1
1.354251292E1,-3.063568973E-1,-1.365927118E-1,2.904747632E-1,4.437203010E-1
1.355246692E1,-2.712852247E-1,-5.277229071E-2,3.024428442E-1,4.096977689E-1
1.356242092E1,-1.560208167E-1,3.788060188E-2,2.804371405E-1,3.231445884E-1
1.357237392E1,-1.211004408E-1,4.502180636E-2,1.903157598E-1,2.300268859E-1
1.358232792E1,-9.433254540E-2,6.918425560E-3,5.386981308E-2,1.088505879E-1
1.359228192E1,-4.787714794E-2,-4.763083398E-2,-4.207013190E-2,7.956641024E-2
1.360223592E1,-9.403784573E-4,-3.752626061E-2,-9.674364477E-2,1.037710815E-1
1.361218992E1,-4.300261661E-3,-2.521670222E-2,-1.646839052E-1,1.666588221E-1
1.362214392E1,3.744893119E-2,4.334073186E-2,-1.773893201E-1,1.864076511E-1
1.363209692E1,6.794040665E-2,1.010971892E-1,-1.831862497E-1,2.199857782E-1
1.364205092E1,4.018221214E-2,1.297093695E-1,-1.695002568E-1,2.171853305E-1
1.365200492E1,7.305986322E-2,1.602967393E-1,-1.638427833E-1,2.405769022E-1
1.366195892E1,1.170000078E-1,8.886890709E-2,-1.145449081E-1,1.862987398E-1
1.367191292E1,1.318539821E-1,4.826350272E-2,-6.830044895E-2,1.561402882E-1
1.368186692E1,1.813881578E-1,-4.455578327E-3,-2.351311594E-2,1.829600574E-1
1.369181988E1,1.915639210E-1,-3.488975108E-2,4.624358207E-2,2.001312056E-1
1.370177387E1,1.869205009E-1,-3.131125510E-2,1.352279717E-1,2.328224059E-1
1.371172787E1,1.403977143E-1,-3.118904829E-2,1.715105295E-1,2.238305981E-1
1.372168187E1,1.343805639E-1,-6.001816034E-2,2.145781964E-1,2.602001497E-1
1.373163587E1,1.254808825E-1,-7.749081016E-2,2.442767894E-1,2.853444013E-1
1.374158987E1,1.143706611E-1,-9.002782524E-2,2.799021202E-1,3.154851095E-1
1.375154287E1,8.283056058E-2,-8.628326833E-2,2.581879002E-1,2.845464742E-1
1.376149687E1,1.736725375E-2,-1.066461968E-1,2.595330521E-1,2.811270851E-1
1.377145087E1,1.355348043E-2,-7.906020284E-2,2.429573652E-1,2.558563930E-1
1.378140487E1,-5.017305717E-2,-6.256286860E-2,1.970768952E-1,2.127692431E-1
1.379135887E1,-1.011202857E-1,-2.327074885E-2,9.005764604E-2,1.373943941E-1
1.380131288E1,-1.791801030E-1,-4.280161858E-3,3.366709828E-2,1.823658483E-1
1.381126588E1,-2.148150817E-1,1.832225025E-2,-2.962901115E-2,2.176214661E-1
1.382121988E1,-2.412703704E-1,6.101686478E-2,-9.087684095E-2,2.649397095E-1
1.383117388E1,-2.540569154E-1,3.696551263E-2,-1.097753343E-1,2.792167427E-1
1.384112788E1,-2.496758891E-1,4.168070734E-2,-1.344058532E-1,2.866012287E-1
1.385108188E1,-2.374169822E-1,3.634804666E-2,-1.671859288E-1,2.926416558E-1
1.386103587E1,-2.282174847E-1,3.686026275E-2,-1.472735283E-1,2.741010606E-1
1.387098887E1,-2.223984819E-1,2.452906966E-2,-1.200711116E-1,2.539287929E-1
1.388094287E1,-2.435116082E-1,-6.768152118E-3,-6.913396955E-2,2.532256246E-1
1.389089687E1,-2.426434428E-1,6.097476482E-3,-1.517586350E-2,2.431940098E-1
1.390085087E1,-2.821387533E-1,1.822986424E-2,4.505805910E-2,2.862950100E-1
1.391080487E1,-2.902186552E-1,2.465303063E-2,1.266278869E-1,3.175992152E-1
1.392075887E1,-3.068750337E-1,-2.295499921E-2,1.932259190E-1,3.633668588E-1
1.393071287E1,-3.208063173E-1,-8.663410127E-2,2.231703874E-1,4.002838775E-1
1.394066587E1,-3.159703045E-1,-1.174992138E-1,2.568392399E-1,4.238038388E-1
1.395061987E1,-2.896696747E-1,-1.520094806E-1,2.846500593E-1,4.336370129E-1
1.396057387E1,-2.681242199E-1,-1.354606909E-1,2.959886876E-1,4.217220640E-1
1.397052788E1,-2.211831381E-1,-1.067900383E-1,2.613579682E-1,3.586559360E-1
1.398048188E1,-2.023509376E-1,-4.312263072E-2,2.281644943E-1,3.080008112E-1
1.399043588E1,-2.165951204E-1,-1.959051132E-2,1.974049240E-1,2.937106371E-1
1.400038888E1,-2.319463272E-1,-3.118261635E-2,1.258595628E-1,2.657293432E-1
1.401034288E1,-2.048672137E-1,-2.196857393E-2,4.939084589E-2,2.118788549E-1
1.402029688E1,-2.274322768E-1,-5.406803370E-2,-2.092075288E-2,2.347050717E-1
1.403025087E1,-2.263856252E-1,-2.298189640E-2,-4.886635065E-2,2.327370599E-1
1.404020487E1,-2.476054631E-1,1.112023473E-2,-1.118660063E-1,2.719303741E-1
1.405015887E1,-2.490198315E-1,5.106198013E-2,-1.165002170E-1,2.796256477E-1
1.406011187E1,-2.484869309E-1,8.191656768E-2,-1.108673018E-1,2.841612878E-1
1.407006587E1,-2.164334448E-1,8.690892041E-2,-1.045485082E-1,2.555914456E-1
1.408001987E1,-1.709307781E-1,7.321766496E-2,-9.456994236E-2,2.086183869E-1
1.408997387E1,-1.297454761E-1,3.064759612E-2,-6.516195595E-2,1.483888278E-1
1.409992787E1,-1.135471538E-1,5.840198994E-3,-1.708380997E-2,1.149735649E-1
1.410988187E1,-9.135090396E-2,-2.605109990E-2,1.327814966E-2,9.591640484E-2
1.411983587E1,-9.127291672E-2,-3.038681030E-2,4.884763956E-2,1.078897375E-1
1.412978887E1,-1.202317639E-1,-1.198679209E-2,1.018163967E-1,1.580061355E-1
1.413974288E1,-1.337986198E-1,-3.010906756E-2,1.498147282E-1,2.031085409E-1
1.414969688E1,-1.416835901E-1,-2.875777602E-2,1.665006351E-1,2.205078477E-1
1.415965088E1,-1.264440650E-1,-5.443406940E-2,1.959261632E-1,2.394540267E-1
1.416960488E1,-1.062912709E-1,-7.527003765E-2,2.252473184E-1,2.601917894E-1
1.417955888E1,-1.351864564E-1,-9.373379052E-2,2.131441668E-1,2.692430822E-1
1.418951188E1,-1.617578124E-1,-9.853143096E-2,1.840148002E-1,2.640747611E-1
1.419946587E1,-1.525866739E-1,-5.349325240E-2,1.569804910E-1,2.253599247E-1
1.420941987E1,-1.560262254E-1,-2.092835426E-2,1.103293580E-1,1.922361731E-1
1.421937387E1,-1.745740320E-1,8.096054792E-3,8.323569953E-2,1.935712283E-1
1.422932787E1,-1.747304450E-1,1.107287228E-2,4.465577066E-2,1.806861222E-1
1.423928187E1,-2.016796041E-1,1.870758176E-2,8.609440327E-3,2.027282881E-1
1.424923487E1,-2.189698939E-1,2.290646732E-2,-1.950280309E-2,2.210268762E-1
1.425918887E1,-2.229354025E-1,-1.317962408E-3,-4.929962933E-2,2.283251720E-1
1.426914287E1,-2.409911659E-1,-6.816099286E-3,-5.322808117E-2,2.468935598E-1
1.427909687E1,-2.436843203E-1,-9.166679978E-3,-6.119637430E-2,2.514181223E-1
1.428905087E1,-2.461533802E-1,5.879960060E-3,-4.509080350E-2,2.503182795E-1