"Time (s)","Linear Acceleration x (m/s^2)","Linear Acceleration y (m/s^2)","Linear Acceleration z (m/s^2)","Absolute acceleration (m/s^2)"
-2.001665998E-4,1.207786247E-2,-2.132596493E-2,-4.207247078E-2,4.869049537E-2
9.752833401E-3,1.099758938E-2,-1.546062291E-2,-2.172825336E-2,2.884605393E-2
1.970683329E-2,1.860774055E-2,-9.848465323E-3,-1.875786781E-3,2.113667083E-2
2.966083330E-2,5.695421934E-2,4.432189465E-3,-1.174881041E-2,5.832205372E-2
3.961383330E-2,7.096955672E-2,1.388830662E-2,-8.750358224E-4,7.232101167E-2
4.956783331E-2,8.550982788E-2,2.185046017E-2,-9.586510062E-4,8.826263244E-2
5.952083331E-2,9.324174732E-2,1.906075358E-2,-5.556609035E-3,9.533211250E-2
6.947483332E-2,1.172768734E-1,1.207800865E-2,-3.449798763E-2,1.228407688E-1
7.942883333E-2,1.139686650E-1,5.724424124E-3,-3.342326939E-2,1.189064362E-1
8.938183333E-2,1.041811569E-1,9.712225199E-4,-3.439449191E-2,1.097161693E-1
9.933583334E-2,1.123327602E-1,-3.751573563E-3,-2.528774589E-2,1.152050061E-1
1.092898333E-1,1.142151251E-1,1.236393750E-2,-3.668543100E-3,1.149409412E-1
1.192428333E-1,1.186452681E-1,6.872817278E-3,5.918551683E-3,1.189914472E-1
1.291968334E-1,1.348486336E-1,3.960319161E-3,2.154669732E-2,1.366166105E-1
1.391508334E-1,1.321916588E-1,1.303695202E-2,2.003665388E-2,1.343356403E-1
1.491038334E-1,1.505897766E-1,8.496589065E-3,9.103822410E-3,1.511037803E-1
1.590578334E-1,1.449954531E-1,-6.445385814E-3,1.458646417E-2,1.458697684E-1
1.690118334E-1,1.357127059E-1,-5.208699703E-3,1.843247026E-2,1.370577435E-1
1.789648334E-1,1.332062969E-1,-1.652540088E-2,6.360893548E-3,1.343780762E-1
1.889188334E-1,1.113092051E-1,-2.256440520E-2,1.090944260E-2,1.140960449E-1
1.988718334E-1,9.050554276E-2,-9.366070032E-3,6.470236480E-3,9.121864117E-2
2.088258334E-1,1.019093674E-1,-2.123708725E-3,5.905980170E-3,1.021024481E-1
2.187798334E-1,7.989898592E-2,-2.055881023E-3,-2.450275719E-3,7.996298174E-2
2.287328334E-1,8.431334138E-2,1.050510764E-2,8.724922836E-3,8.541206648E-2
2.386868333E-1,8.525255039E-2,-2.723633051E-3,-2.810171843E-3,8.534232591E-2
2.486408333E-1,1.058791883E-1,-9.791747332E-3,-1.905607581E-2,1.080250659E-1
2.585938333E-1,1.017810211E-1,4.187775850E-3,-4.466571093E-2,1.112292203E-1
2.685478333E-1,1.210742015E-1,6.676935554E-3,-5.822598875E-2,1.345132317E-1
2.785018333E-1,1.139300734E-1,5.796929598E-3,-6.203808099E-2,1.298552637E-1
2.884548333E-1,1.169992769E-1,3.099258184E-2,-5.857974529E-2,1.344654509E-1
2.984088333E-1,1.274612613E-1,2.918754637E-2,-5.129469931E-2,1.404614971E-1
3.083628333E-1,1.158223785E-1,1.749837756E-2,-4.002594531E-2,1.237864810E-1
3.183158333E-1,1.085792863E-1,-1.364857078E-2,-2.623119414E-2,1.125336414E-1
3.282698333E-1,1.031238341E-1,-5.423292518E-3,-2.975706518E-2,1.074682288E-1
3.382228334E-1,1.190981349E-1,2.718721390E-2,-4.069837511E-2,1.287628366E-1
3.481768334E-1,1.194062832E-1,2.552543521E-2,-1.983492494E-2,1.237046182E-1
3.581308334E-1,1.379739703E-1,2.297604918E-2,-2.937699616E-2,1.429255863E-1
3.680838334E-1,1.285846576E-1,-3.456873894E-3,-2.136338711E-2,1.303930921E-1
3.780378334E-1,8.965024129E-2,9.294734001E-3,-1.481392086E-2,9.134007934E-2
3.879918334E-1,7.571062535E-2,2.183174908E-2,7.946366072E-3,7.919513112E-2
3.979448334E-1,4.829653949E-2,7.021921277E-3,1.146405101E-2,5.013269961E-2
4.078988334E-1,3.994393811E-2,8.847422004E-3,-6.673427224E-3,4.145274054E-2
4.178528334E-1,2.688330486E-2,-1.086705029E-2,6.617878675E-3,2.974224572E-2
4.278058334E-1,7.055674329E-2,-1.796673954E-2,3.465469301E-2,8.063501411E-2
4.377598333E-1,1.709958284E-1,-2.918696165E-2,5.229632735E-2,1.811804567E-1
4.477138333E-1,2.560567363E-1,-4.302849054E-2,7.895436823E-2,2.713858792E-1
4.576668333E-1,3.306797795E-1,-2.851920962E-2,9.858464062E-2,3.462389251E-1
4.676208333E-1,3.770312427E-1,-2.978513181E-2,1.014079687E-1,3.915651774E-1
4.775738333E-1,3.828034678E-1,-2.372098446E-2,1.096402636E-1,3.989012001E-1
4.875278333E-1,3.393330739E-1,-4.959842205E-2,1.255169159E-1,3.651868491E-1
4.974818333E-1,3.061977799E-1,-5.958838999E-2,1.272418445E-1,3.368951523E-1
5.074348333E-1,2.469555451E-1,-6.364051044E-2,1.090441400E-1,2.773585771E-1
5.173888333E-1,2.322056513E-1,-3.807823777E-2,8.679723859E-2,2.508050583E-1
5.273428333E-1,2.293443163E-1,6.166473627E-3,9.332623959E-2,2.476825141E-1
5.372958333E-1,2.208988903E-1,6.158579886E-2,8.101726592E-2,2.432137491E-1
5.472498334E-1,2.333812340E-1,6.118935764E-2,7.372871161E-2,2.522832947E-1
5.572038334E-1,1.785615407E-1,1.739546657E-2,-4.046273232E-4,1.794073293E-1
5.671568334E-1,1.667047030E-1,-2.116575122E-2,-6.154019058E-2,1.789570956E-1
5.771108334E-1,1.622906399E-1,-4.713732898E-2,-6.850305498E-2,1.823536348E-1
5.870648334E-1,1.458851069E-1,-4.468032897E-2,-1.869881094E-2,1.537154571E-1
5.970178334E-1,1.408769667E-1,-4.593572617E-2,3.941140294E-2,1.533286319E-1
6.069718334E-1,1.627594404E-1,-6.790956259E-3,6.434305340E-2,1.751478834E-1
6.169248334E-1,1.966652513E-1,3.038330197E-2,5.084095538E-2,2.053902842E-1
6.268788334E-1,2.131789577E-1,1.864326239E-2,3.773909926E-2,2.172949122E-1
6.368328333E-1,2.422247091E-1,-3.494822323E-2,4.130823970E-2,2.481945984E-1
6.467858333E-1,2.594782345E-1,-3.681231558E-2,6.355338693E-2,2.696722710E-1
6.567398333E-1,2.557664220E-1,-2.492434144E-2,1.006194717E-1,2.759745704E-1
6.666938333E-1,1.891879781E-1,3.274440765E-5,1.085418642E-1,2.181133384E-1
6.766468333E-1,8.214650944E-2,-1.645757318E-2,6.496110409E-2,1.060134226E-1
6.866008333E-1,-2.454514951E-2,-2.435833097E-2,2.689602256E-2,4.380854575E-2
6.965548333E-1,-1.742312390E-1,-3.879569113E-2,3.948215425E-2,1.828126658E-1
7.065078333E-1,-3.130726437E-1,-6.082449138E-2,6.143406361E-2,3.247895367E-1
7.164618333E-1,-4.091672476E-1,-7.521156549E-2,6.062451661E-2,4.204163984E-1
7.264158333E-1,-5.023321040E-1,-1.402729493E-1,7.680025399E-2,5.271739011E-1
7.363688333E-1,-5.334857766E-1,-1.118788701E-1,4.684145987E-2,5.470996964E-1
7.463228334E-1,-5.524658386E-1,-6.332943857E-2,3.970844150E-2,5.574996690E-1
7.562758334E-1,-5.514870147E-1,-4.102406502E-3,7.684937060E-2,5.568308387E-1
7.662298334E-1,-5.710414195E-1,1.179968119E-2,8.981089354E-2,5.781812275E-1
7.761838334E-1,-5.517048235E-1,7.393804193E-3,8.030975282E-2,5.575684147E-1
7.861368334E-1,-5.627066521E-1,-3.199011683E-3,5.855518699E-2,5.657541162E-1
7.960908334E-1,-5.228374122E-1,-2.732637763E-2,5.927848756E-2,5.268962228E-1
8.060448334E-1,-4.932642420E-1,-2.406947851E-2,2.851511657E-2,4.946736945E-1
8.159978334E-1,-4.720278856E-1,-4.488965929E-2,-4.865468144E-3,4.741825377E-1
8.259518334E-1,-3.922749339E-1,-1.209028780E-2,-3.311804473E-2,3.938560698E-1
8.359058334E-1,-3.037233844E-1,2.551783383E-2,-7.287472576E-2,3.133843962E-1
8.458588334E-1,-2.074893245E-1,6.885798097E-2,-1.045955783E-1,2.423499047E-1
8.558128333E-1,-8.871717185E-2,6.495496452E-2,-1.235738862E-1,1.654097619E-1
8.657668333E-1,4.559395641E-2,6.361595213E-2,-1.430720115E-1,1.630809575E-1
8.757198333E-1,1.458823295E-1,8.980036855E-2,-1.787751102E-1,2.476010911E-1
8.856738333E-1,2.018739510E-1,1.060603058E-1,-1.935308513E-1,2.990920777E-1
8.956268333E-1,2.552870965E-1,1.053457761E-1,-2.100957209E-1,3.470006428E-1
9.055808333E-1,3.128656523E-1,1.245304906E-1,-2.159952691E-1,4.000583904E-1
9.155348333E-1,3.542855738E-1,1.163186610E-1,-2.248684189E-1,4.354470169E-1
9.254878333E-1,3.979832782E-1,9.681527317E-2,-2.405041659E-1,4.749801476E-1
9.354418333E-1,4.446118994E-1,8.580204248E-2,-2.240430844E-1,5.052098923E-1
9.453958333E-1,4.977277140E-1,8.315617740E-2,-2.347540140E-1,5.565584194E-1
9.553488333E-1,5.486576933E-1,1.116894203E-1,-2.535069117E-1,6.146263461E-1
9.653028334E-1,5.279057787E-1,1.046616518E-1,-2.255411410E-1,5.835301011E-1
9.752568334E-1,4.804958233E-1,1.086406821E-1,-2.001706570E-1,5.317399044E-1
9.852098334E-1,4.272664265E-1,1.446729791E-1,-1.665468282E-1,4.808583119E-1
9.951638334E-1,3.497835101E-1,1.199696624E-1,-1.458085084E-1,3.974938301E-1
1.005118458E0,2.153428660E-1,1.138201457E-1,-1.799205798E-1,3.028184119E-1
1.015071458E0,-7.438623101E-1,-6.395403814E-1,-4.279618067E-1,1.070277695E0
1.025025458E0,-6.654496863E-1,-3.966371030E-1,-5.567601800E-1,9.540053326E-1
1.034978458E0,3.585730447E-1,4.452069998E-2,6.215607780E-1,7.189537689E-1
1.044932458E0,4.542008945E-1,1.823167103E0,4.034113947E-1,1.921712125E0
1.054886458E0,4.127667935E-1,4.584667307E-1,5.011391258E-1,7.948009766E-1
1.064839458E0,2.011364709E-1,-6.073269010E-2,-9.757418329E-1,9.981064392E-1
1.074793458E0,-1.516408136E-1,-1.130958511E0,-2.091239136E-1,1.160084006E0
1.084747458E0,6.457027620E-1,-4.338587236E-1,2.300002277E-2,7.782637406E-1
1.094700458E0,2.488175909E-1,-2.647677720E-2,4.483709282E-1,5.134663597E-1
1.104654458E0,-3.541433403E-1,-8.323277593E-2,1.630037078E-1,3.986419562E-1
1.114608458E0,-5.496178061E-1,-2.226034999E-2,-3.121041986E-1,6.324431095E-1
1.124561458E0,2.872899310E-1,9.082012296E-2,-6.365065536E-1,7.042189943E-1
1.134515458E0,-1.814054802E-2,4.014119393E-1,9.580399722E-2,4.130847738E-1
1.144469458E0,2.390999570E-2,4.640239245E-1,7.652046472E-1,8.952251351E-1
1.154422458E0,1.237987116E-2,6.784933627E-2,7.001040870E-1,7.034930890E-1
1.164376458E0,2.163031250E-2,-2.441089743E-1,-2.917523798E-1,3.810203576E-1
1.174329458E0,-6.874629915E-2,-3.733833110E-1,-7.597573811E-1,8.493364638E-1
1.184283458E0,-1.705771677E-1,-2.292009133E-1,-5.197622153E-1,5.931124592E-1
1.194237458E0,-3.975342120E-1,1.030864120E-2,3.163662341E-1,5.081607146E-1
1.204190458E0,-5.281974086E-1,3.287117529E-1,4.539018095E-1,7.701108827E-1
1.214144458E0,-3.492101906E-1,5.586195946E-2,3.577788466E-1,5.030646269E-1
1.224098458E0,-1.592411707E-1,-1.008019048E-1,-1.440110743E-1,2.371876135E-1
1.234051458E0,-1.809096363E-1,-2.945938343E-1,-1.235107362E-1,3.671086020E-1
1.244005458E0,-2.764329672E-1,-4.589187205E-2,-7.671663880E-2,2.905282980E-1
1.253959458E0,2.862782165E-2,1.421054667E-1,2.077083027E-1,2.532908503E-1
1.263912458E0,-1.289651652E-1,6.728507996E-2,1.400911009E-1,2.019525003E-1
1.273866458E0,-9.184309334E-2,-6.491871178E-2,-6.518943787E-2,1.299971374E-1
1.283820458E0,7.049637079E-2,-1.181833380E-1,-2.211919820E-1,2.605051489E-1
1.293773458E0,9.010354668E-2,1.835908771E-2,2.851920962E-2,9.627590843E-2
1.303727458E0,1.551397875E-2,1.968161094E-1,1.948292255E-1,2.773728386E-1
1.313680458E0,1.864472419E-1,1.593313640E-1,1.981393343E-1,3.152907442E-1
1.323634458E0,1.760391980E-1,-3.889743268E-2,-1.098539793E-1,2.111177546E-1
1.333588458E0,8.024017096E-2,-1.945397884E-1,-2.881133652E-1,3.567821821E-1
1.343541458E0,8.991219655E-2,-1.098475474E-1,-3.472287154E-1,3.751246027E-1
1.353495458E0,6.997114465E-2,6.435737908E-2,-6.933043599E-2,1.176628347E-1
1.363449458E0,3.386868104E-2,2.019657522E-1,1.320272058E-1,2.436563886E-1
1.373402458E0,1.992299862E-1,1.714590740E-1,8.506646276E-2,2.762736045E-1
1.383356458E0,2.597391665E-1,1.049896806E-1,-2.054197025E-1,3.473967787E-1
1.393310458E0,2.410519038E-1,-2.260942876E-2,-2.986763602E-1,3.844798756E-1
1.403263458E0,2.602934825E-1,1.844445705E-2,-2.037526613E-1,3.310710529E-1
1.413217458E0,2.883943239E-1,5.947203040E-3,-7.886724472E-3,2.885634344E-1
1.423170458E0,2.718958202E-1,4.515570760E-2,1.904204249E-2,2.762769885E-1
1.433124458E0,3.158984569E-1,1.385205388E-2,-2.701062799E-2,3.173535701E-1
1.443078458E0,2.175646618E-1,-1.326733232E-3,-8.165110409E-2,2.323855527E-1
1.453031458E0,1.993628642E-1,-5.419199467E-3,-3.209244311E-2,2.020020897E-1
1.462985458E0,2.481871149E-1,2.840986669E-2,4.146114439E-2,2.532251785E-1
1.472939458E0,2.396095419E-1,4.027971447E-2,7.512444198E-2,2.543204076E-1
1.482892458E0,1.714893334E-1,5.905687809E-3,-1.093780160E-2,1.719392454E-1
1.492846458E0,1.193003024E-1,-3.044820607E-2,-1.430860448E-1,1.887677717E-1
1.502800458E0,1.031507313E-1,-2.347774029E-2,-1.552921075E-1,1.879013473E-1
1.512753458E0,9.459113851E-2,3.375129819E-2,-1.003540081E-1,1.419773241E-1
1.522707458E0,9.853713199E-2,1.232715851E-1,-3.778061450E-2,1.622739194E-1
1.532661458E0,4.047413439E-2,1.461195803E-1,-6.678572774E-2,1.656786671E-1
1.542614458E0,1.633507401E-2,9.943248689E-2,-1.185522974E-1,1.555901710E-1
1.552568458E0,5.000831187E-4,4.166608930E-2,-2.090607637E-1,2.131729720E-1
1.562521458E0,1.296780869E-2,5.354529262E-2,-2.217065370E-1,2.284492306E-1
1.572475458E0,4.152283251E-2,9.175509274E-2,-1.900874260E-1,2.151194370E-1
1.582429458E0,4.032400712E-2,1.145264894E-1,-1.294500455E-1,1.774814261E-1
1.592382458E0,1.425010309E-2,1.061883599E-1,-1.534259686E-1,1.871324692E-1
1.602336458E0,3.125556037E-2,7.546416521E-2,-1.669888777E-1,1.858952273E-1
1.612290458E0,3.988955900E-2,9.711523533E-2,-2.119636139E-1,2.365398898E-1
1.622243458E0,7.582537696E-2,1.011199933E-1,-1.363845509E-1,1.859448482E-1
1.632197458E0,1.017248878E-1,1.053294039E-1,-7.449645102E-2,1.642922924E-1
1.642151458E0,1.489759451E-1,6.133904636E-2,-3.738505036E-2,1.653903045E-1
1.652104458E0,1.985498089E-1,4.107785940E-2,-6.712428153E-2,2.135768862E-1
1.662058458E0,2.393315068E-1,1.650727451E-2,-3.171822131E-2,2.419878216E-1
1.672012458E0,2.278772499E-1,2.569734335E-2,-2.192676634E-2,2.303674837E-1
1.681965458E0,2.110396077E-1,1.512440801E-2,8.442034543E-2,2.278009184E-1
1.691919458E0,1.794642046E-1,1.731068194E-2,1.284317529E-1,2.213634469E-1
1.701872458E0,1.236735812E-1,-3.518211186E-2,2.011488962E-1,2.387337725E-1
1.711826458E0,6.031037495E-2,-8.529742777E-2,1.833654669E-1,2.110352742E-1
1.721780458E0,-1.364418536E-2,-1.068520188E-1,2.496968660E-1,2.719412484E-1
1.731733458E0,-1.335884124E-1,-1.044616771E-1,3.492246625E-1,3.882215486E-1
1.741687458E0,-2.002544184E-1,-1.197971696E-1,4.927241054E-1,5.451882592E-1
1.751641458E0,-3.188893077E-1,-1.618439126E-1,5.860541457E-1,6.865444664E-1
1.761594458E0,-5.136872506E-1,-2.977191710E-1,6.625781187E-1,8.896746932E-1
1.771548458E0,-6.308463027E-1,-4.352930456E-1,7.427244419E-1,1.067280043E0
1.781502458E0,-6.734782058E-1,-5.034984773E-1,7.874457014E-1,1.152021850E0
1.791455458E0,-6.796521346E-1,-5.502300096E-1,7.017015463E-1,1.121189167E0
1.801409458E0,-6.680291855E-1,-4.879665184E-1,7.388097310E-1,1.109150186E0
1.811363458E0,-5.182271750E-1,-3.820740277E-1,5.558070838E-1,8.505653896E-1
1.821316458E0,-7.679705264E-1,-4.089957780E-1,8.136809886E-1,1.191273699E0
1.831270458E0,-5.445954864E-1,-3.269961798E-1,6.613405555E-1,9.169962245E-1
1.841223458E0,-3.764989999E-1,-3.264640832E-1,5.368755537E-1,7.325064196E-1
1.851177458E0,-4.043082114E-1,-2.088982111E-1,5.000632381E-1,6.761411351E-1
1.861131458E0,-4.346988223E-1,-1.906174761E-1,3.054012430E-1,5.644182913E-1
1.871084458E0,-5.002472793E-1,-1.750545269E-1,1.444873300E-1,5.493341573E-1
1.881038458E0,-3.996251763E-1,-1.748469508E-1,5.531524479E-2,4.396947965E-1
1.890992458E0,-3.553833885E-1,-2.047765088E-1,2.436300874E-2,4.108823769E-1
1.900945458E0,-3.200311227E-1,-1.474428052E-1,3.053591430E-2,3.536831101E-1
1.910899458E0,-3.366198197E-1,-1.753813863E-2,6.228454113E-2,3.427825162E-1
1.920853458E0,-3.834589407E-1,1.156672812E-1,-2.140227109E-2,4.010956698E-1
1.930806458E0,-3.690401454E-1,1.571924525E-1,-3.345835268E-2,4.025165306E-1
1.940760458E0,-2.576559497E-1,1.036126614E-1,-2.219322395E-1,3.554941504E-1
1.950714458E0,-1.958475181E-1,3.977334559E-2,-3.289286846E-1,3.848795252E-1
1.960667458E0,-2.173556238E-1,1.053919691E-1,-3.370443276E-1,4.146683170E-1
1.970621458E0,-1.493488513E-1,2.079609025E-1,-3.023086506E-1,3.961607459E-1
1.980574458E0,-2.161730245E-2,4.263479751E-1,-3.524245512E-1,5.535729112E-1
1.990528458E0,-9.378349185E-3,4.194886065E-1,-3.903396517E-1,5.730826189E-1
2.000482208E0,-6.748929396E-2,3.845357054E-1,-5.284956166E-1,6.570617401E-1
2.010435208E0,4.761225446E-1,3.859378678E-1,-9.589527225E-1,1.138082176E0
2.020389208E0,3.289911036E-1,3.510276514E-1,-1.263564299E0,1.352054103E0
2.030343208E0,3.338780603E-1,3.538846010E-1,-1.350695706E0,1.435648899E0
2.040296208E0,5.019527659E-1,4.905381238E-1,-1.431462126E0,1.594260973E0
2.050250208E0,6.447913273E-1,5.678558564E-1,-1.559249516E0,1.780301992E0
2.060204208E0,9.672405660E-1,7.805027175E-1,-1.791499168E0,2.180414656E0
2.070157208E0,1.297795946E0,9.557379234E-1,-2.022035293E0,2.585795046E0
2.080111208E0,1.265668127E0,1.079677845E0,-2.153098585E0,2.720928807E0
2.090064208E0,1.314651715E0,1.134943389E0,-2.208874883E0,2.809899264E0
2.100018208E0,1.333985679E0,1.100751210E0,-2.059934898E0,2.689703107E0
2.109972208E0,1.283886589E0,1.196541467E0,-2.133838441E0,2.762850475E0
2.119925208E0,1.277361681E0,1.329210697E0,-2.176385706E0,2.852211192E0
2.129879208E0,1.267752513E0,1.186136346E0,-1.994153137E0,2.644005031E0
2.139833208E0,1.383859944E0,1.160579921E0,-2.006732252E0,2.699812666E0
2.149786208E0,1.506520641E0,1.123119149E0,-1.844515872E0,2.633104606E0
2.159740208E0,1.706143122E0,1.301267438E0,-2.330543454E0,3.167910050E0
2.169694208E0,1.490739152E0,5.204051167E-1,-2.022414485E0,2.565791311E0
2.179647208E0,1.428151433E0,6.496630812E-1,-2.055471718E0,2.585854331E0
2.189601208E0,1.506324321E0,1.071513378E0,-1.848320655E0,2.614085523E0
2.199555208E0,1.374144064E0,1.189086851E0,-1.813234730E0,2.567103355E0
2.209508208E0,1.471340868E0,7.514443946E-1,-1.583454065E0,2.288414168E0
2.219462208E0,-9.330255836E-3,1.066923898E-1,-2.077330365E0,2.080089364E0
2.229416208E0,5.430389576E-1,6.457238120E-1,-2.672842382E0,2.802844439E0
2.239369208E0,4.052282707E-1,7.399470145E-1,-1.909868447E0,2.087900625E0
2.249323208E0,-1.914048037E-1,1.290543060E0,-1.587720779E0,2.054992569E0
2.259276208E0,3.556813042E-1,9.082012296E-1,-1.012169109E0,1.405640413E0
2.269230208E0,5.604952352E-1,9.748489630E-1,-1.729774205E0,2.063153947E0
2.279184208E0,6.065797730E-1,6.886587471E-1,-2.118781276E0,2.308987654E0
2.289137208E0,9.874254468E-1,2.245020908E-1,-1.913270357E0,2.164720227E0
2.299091208E0,5.518227911E-1,3.712689579E-1,-2.005208468E0,2.112631068E0
2.309045208E0,7.824783455E-1,4.357713479E-1,-1.695414796E0,1.917446312E0
2.318998208E0,9.883010674E-1,7.610876226E-1,-1.696684227E0,2.105880038E0
2.328952208E0,5.254549183E-1,5.320843452E-1,-1.687150342E0,1.845451949E0
2.338906208E0,5.463071126E-1,7.964814037E-1,-1.578014401E0,1.850125276E0
2.348859208E0,2.568497649E-1,7.879953396E-1,-1.253532524E0,1.502748231E0
2.358813208E0,7.823328960E-1,8.758550173E-1,-1.397539797E0,1.825454534E0
2.368766208E0,-3.152963398E-1,5.941151172E-1,-2.734814389E0,2.816308630E0
2.378720208E0,1.583959557E-1,3.119127023E-1,-2.479119449E0,2.503679703E0
2.388674208E0,3.009857181E-1,1.133649400E0,-1.921142756E0,2.250898233E0
2.398627208E0,8.133269396E-1,1.564989143E0,-1.254790260E0,2.164530047E0
2.408581208E0,3.548685412E-1,1.156011491E0,-1.405292913E0,1.853953187E0
2.418535208E0,-2.882566220E-1,2.385745847E-1,-2.160792644E0,2.192951108E0
2.428488208E0,-4.622896403E-2,-1.246205378E-1,-2.674935392E0,2.678235753E0
2.438442208E0,-1.840561692E-1,7.334250301E-1,-2.687946032E0,2.792282725E0
2.448396208E0,-6.671845552E-1,1.618897548E0,-1.927079434E0,2.603766435E0
2.458349208E0,-9.066726212E-1,1.721461219E0,-1.562876836E0,2.495609740E0
2.468303208E0,-1.502970796E0,6.952245855E-1,-2.562500452E0,3.051010817E0
2.478257208E0,-1.868361695E0,3.267260385E-1,-3.442568973E0,3.930496974E0
2.488210208E0,-1.739646498E0,2.282758838E-1,-2.660254496E0,3.186759137E0
2.498164208E0,-1.877010457E0,8.847632504E-1,-1.770874869E0,2.727997813E0
2.508117208E0,-1.394844085E0,2.059565354E0,-1.622020546E0,2.969570696E0
2.518071208E0,-1.022088618E0,2.328388755E0,-2.206000684E0,3.366377631E0
2.528025208E0,-4.006154023E-1,2.406987612E0,-2.715195811E0,3.650530148E0
2.537978208E0,-8.069281854E-1,1.553167827E0,-2.000521047E0,2.658109828E0
2.547932208E0,-1.638932740E0,4.243219149E-1,-1.341861440E0,2.160264275E0
2.557886208E0,-1.810037326E0,3.145141286E-1,-1.316940899E0,2.260417570E0
2.567839208E0,-1.412251392E0,-2.560694540E-1,-1.941626430E0,2.414526610E0
2.577793208E0,-1.672649539E0,-1.575654464E0,-2.952170890E0,3.741090274E0
2.587747208E0,-7.679693569E-1,-1.230990922E0,-2.498148043E0,2.888920080E0
2.597700208E0,7.190072581E-2,1.981001580E-1,-1.063887439E0,1.084559759E0
2.607654208E0,1.156806128E0,2.057512397E0,-4.431756771E-1,2.401658252E0
2.617607208E0,2.118470351E0,2.424947335E0,-2.187937465E-1,3.227407149E0
2.627561208E0,1.586182961E0,1.658513603E0,-4.080280638E-1,2.330907690E0
2.637515208E0,1.357148839E0,8.891393065E-1,8.944485784E-3,1.622498592E0
2.647468208E0,2.387558484E-1,-8.163940966E-2,1.905408776E-1,3.161885108E-1
2.657422208E0,6.602061957E-2,-8.975546193E-1,6.431802732E-1,1.106184379E0
2.667376208E0,-1.455184865E-1,2.811984479E-2,1.191949941E0,1.201129059E0
2.677329208E0,1.605958244E-1,6.691126746E-1,3.578376111E-1,7.755968966E-1
2.687283208E0,9.298417747E-1,6.946457112E-1,-4.786226678E-1,1.255475228E0
2.697237208E0,5.868761180E-1,8.390175587E-1,-1.423974767E0,1.753875189E0
2.707190208E0,9.377935494E-1,9.733093911E-1,-1.171053746E0,1.788338555E0
2.717144208E0,7.445581287E-2,7.426355642E-1,-6.062875584E-1,9.615798733E-1
2.727098208E0,5.642590148E-1,9.877935290E-1,-4.313976306E-1,1.216646295E0
2.737051208E0,-1.382636268E-1,3.713981813E-1,-1.125719991E0,1.193439960E0
2.747005208E0,-2.209041528E-2,-6.186459410E-1,-2.308505590E0,2.390064611E0
2.756958208E0,-1.315287307E-1,9.627060503E-1,-2.368131695E0,2.559716873E0
2.766912208E0,-2.430438309E-1,2.396512910E0,-1.657240957E0,2.923831736E0
2.776866208E0,-4.261548708E-1,2.303842143E0,-1.636258516E0,2.857733110E0
2.786819208E0,-9.690193621E-1,8.985381210E-1,-1.787322502E0,2.222811509E0
2.796773208E0,-3.408142468E-1,-5.168956178E-1,-2.495901543E0,2.571548161E0
2.806727208E0,-6.948224433E-2,-8.294158459E-1,-3.273140345E0,3.377307529E0
2.816680208E0,-7.859235980E-1,1.168069620E0,-3.557560316E0,3.826002867E0
2.826634208E0,-1.221579317E0,2.750705659E0,-2.946327183E0,4.211826388E0
2.836588208E0,-1.391205508E0,5.322788236E0,-2.935264835E0,6.235648084E0
2.846541208E0,9.380782358E-1,3.042952421E0,-1.976193707E0,3.747651502E0
2.856495208E0,3.265612201E-1,-2.155943840E0,-7.659426827E0,7.963765152E0
2.866449208E0,1.477630864E0,-1.217662779E0,-5.809343237E0,6.116744596E0
2.876402208E0,-4.496609701E-1,6.738448262E-1,-2.711295134E0,2.829731991E0
2.886356208E0,-2.376135948E0,5.392596974E0,-1.473361227E0,6.074283289E0
2.896309208E0,-3.685989438E0,5.606888657E0,6.440588173E-1,6.740810805E0
2.906263208E0,-3.597062643E0,3.995488994E0,-1.716232054E0,5.643424884E0
2.916217208E0,-6.118663868E-1,4.637302188E0,-6.734268088E0,8.199348678E0
2.926170208E0,-1.289992398E0,2.408372233E0,-6.766685051E0,7.297421722E0
2.936124208E0,-1.392427869E0,-1.948732551E0,-4.472677925E0,5.073584703E0
2.946078208E0,-2.642561114E0,-9.450246549E-1,-5.353487288E0,6.044503865E0
2.956031208E0,-2.393779337E0,2.064834865E0,-9.128041577E-1,3.290430665E0
2.965985208E0,-1.464262667E0,2.652172474E0,1.708939699E0,3.478298274E0
2.975939208E0,9.575524606E-1,6.882213753E-1,4.231752759E-1,1.252849828E0
2.985892208E0,-2.151566615E0,3.733189917E-1,-3.272274957E0,3.934004240E0
2.995846208E0,-1.526610358E0,7.864692163E-1,-2.554844985E0,3.078360913E0
3.005800375E0,1.634491195E0,2.742955175E0,-1.700057486E-1,3.197540698E0
3.015753375E0,1.419216303E0,3.500666615E0,1.349330381E0,4.011176155E0
3.025707375E0,1.036841874E0,7.681721091E-1,5.619998699E-1,1.407470538E0
3.035660375E0,1.675403286E0,2.141987121E-1,-6.610218823E-1,1.813782563E0
3.045614375E0,2.272502529E0,1.399006571E0,-3.705088198E-2,2.668868655E0
3.055568375E0,2.375103330E0,1.128503265E0,-8.308513373E-1,2.757707271E0
3.065521375E0,1.520514344E0,1.110973313E0,1.849663761E0,2.639598757E0
3.075475375E0,9.701131569E-1,4.874426079E0,5.202633217E0,7.195035895E0
3.085429375E0,-1.706530719E-1,4.062643096E0,1.810455841E0,4.451060745E0
3.095382375E0,-3.930651486E-1,1.287800131E0,-2.389037245E0,2.742339940E0
3.105336375E0,8.776137136E-1,-5.693410492E-1,-4.031038896E0,4.164568362E0
3.115290375E0,3.114003401E0,-2.650306043E0,-6.619473796E0,7.780653741E0
3.125243375E0,3.608583412E0,-4.132440725E0,-8.578447745E0,1.018276516E1
3.135197375E0,3.659783971E0,-5.940374077E0,-7.294241897E0,1.009395996E1
3.145150375E0,3.118266313E0,-4.835975373E0,-4.840931766E0,7.519631838E0
3.155104375E0,1.824885600E0,-8.191919893E-1,1.254590870E0,2.361203341E0
3.165058375E0,1.303109457E0,7.121457844E0,7.436100612E0,1.037828735E1
3.175011375E0,8.131562740E-1,6.629344481E0,7.641073587E0,1.014866676E1
3.184965375E0,-6.360298593E-1,1.510494847E0,-1.531581953E0,2.243183440E0
3.194919375E0,-1.923643756E0,-1.199398416E0,-7.325919188E0,7.668640937E0
3.204872375E0,1.768008344E-1,-5.005597252E0,-4.632247855E0,6.822388334E0
3.214826375E0,2.816700259E-1,-5.372012436E-1,-2.203702728E0,2.285657213E0
3.224780375E0,4.662270676E0,-1.324669749E0,4.745936438E0,6.783467438E0
3.234733375E0,-2.249459310E-1,2.814311087E0,4.555318962E0,5.359279654E0
3.244687375E0,1.165107859E0,-9.884694672E-1,4.935942881E0,5.167018515E0
3.254641375E0,-1.368803071E0,-1.882153230E0,2.647005875E0,3.524593980E0
3.264594375E0,-3.047815551E0,-1.931642309E0,-5.527530831E-1,3.650473615E0
3.274548375E0,-4.178327042E0,-6.500811571E0,-2.667791849E0,8.175333712E0
3.284501375E0,-3.807170351E0,-2.494944354E0,-1.219677730E0,4.712420522E0
3.294455375E0,-3.205717563E0,-1.149008281E0,4.202110884E0,5.408750411E0
3.304409375E0,-1.148169352E0,1.847916613E0,4.668847332E0,5.150846928E0
3.314362375E0,3.126244912E-1,1.459332880E0,2.128390591E0,2.599506306E0
3.324316375E0,1.780266520E0,-1.670356554E-1,-2.557136509E-1,1.806277737E0
3.334270375E0,4.160867841E0,9.764242029E-1,1.590966276E0,4.560416549E0
3.344223375E0,6.065669968E0,2.054067802E0,8.969760373E-1,6.466537923E0
3.354177375E0,4.443753211E0,-3.382555198E0,-5.322118145E0,7.714503472E0
3.364131375E0,3.531761523E0,-4.554006262E0,-7.234012653E0,9.248959485E0
3.374084375E0,4.314431804E0,1.392702688E0,3.493725386E0,5.723640418E0
3.384038375E0,3.588977698E0,5.246117790E0,1.047866185E1,1.225580952E1
3.393992375E0,1.433515669E0,5.032402643E0,7.888726559E0,9.466364152E0
3.403945375E0,-3.261466671E0,1.556321231E0,5.310596207E0,6.423529613E0
3.413899375E0,-3.925558634E0,2.483388501E-1,3.608432554E0,5.337833668E0
3.423852375E0,-5.325281489E0,-3.923184080E0,2.207289410E0,6.972956532E0
3.433806375E0,-4.154494376E0,-4.129062204E0,-2.256116292E0,6.276865374E0
3.443760375E0,-2.681353004E0,-4.513287422E0,-3.112846237E0,6.103214643E0
3.453713375E0,-2.993880833E0,-2.205415378E0,-7.433705592E-1,3.792067935E0
3.463667375E0,1.031794832E-1,8.142949462E-1,2.214989024E0,2.362180908E0
3.473621375E0,1.657775685E0,3.154047765E0,3.887000924E0,5.273045961E0
3.483574375E0,2.236995166E0,3.759843280E0,-1.134514788E-1,4.376464338E0
3.493528375E0,-1.853116834E0,6.644267160E-1,-4.397713404E0,4.818234951E0
3.503482375E0,2.191273302E0,-4.494690353E-1,-6.865751503E0,7.220958717E0
3.513435375E0,-1.369592299E0,-5.416223234E-1,-5.587400472E0,5.778250760E0
3.523389375E0,-2.195428918E0,-3.411914068E0,7.500013018E-1,4.125962638E0
3.533342375E0,-2.197226060E0,1.063444805E0,5.116539983E0,5.669012137E0
3.543296375E0,-2.746546243E0,3.910820727E0,6.270878001E0,7.884284744E0
3.553250375E0,-3.356045969E0,3.615835714E0,2.369282427E0,5.472733473E0
3.563203375E0,-3.001398306E0,1.215687005E0,-3.545259528E0,4.801578054E0
3.573157375E0,-2.024295534E0,-2.422919521E0,-1.956827728E0,3.714496759E0
3.583111375E0,-1.482589595E0,-3.339418534E0,-1.239798291E0,3.858352998E0
3.593064375E0,-1.105798892E0,-4.621575517E0,1.509715998E-1,4.754423611E0
3.603018375E0,-1.778627692E0,-3.051957718E0,4.264265032E0,5.537320529E0
3.612972375E0,1.169223056E0,1.666250054E0,6.205379831E0,6.530712874E0
3.622925375E0,4.456769332E-1,4.149091256E0,8.828848908E0,9.765355048E0
3.632879375E0,3.823370062E-1,1.552530481E0,5.917150691E0,6.129372299E0
3.642833375E0,3.373629643E-2,8.086430275E-1,-4.555959232E0,4.627289294E0
3.652786375E0,2.116633155E0,-1.668119409E0,-3.003055699E0,4.034984735E0
3.662740375E0,-5.459928247E-1,-3.121709738E0,-1.845239465E0,3.667163555E0
3.672694375E0,2.432969715E0,-6.179440997E0,7.394251505E-1,6.682183941E0
3.682647375E0,6.712909086E-1,-5.638830827E0,8.941319516E-1,5.748609965E0
3.692601375E0,-8.044207531E-1,1.847576889E0,1.293415212E0,2.394484500E0
3.702554375E0,-1.424146529E0,6.412539080E0,2.780455708E0,7.133006710E0
3.712508375E0,-2.406423794E0,5.906805212E0,3.156201879E0,7.116377842E0
3.722462375E0,-6.753325772E-1,-4.287617058E-1,-1.047372563E0,1.317915011E0
3.732415375E0,-2.977922320E0,-4.368079423E0,-4.613846083E0,7.016816576E0
3.742369375E0,-3.044070994E0,-5.571304257E0,-4.051486317E0,7.531290773E0
3.752323375E0,-1.551702223E0,-4.382301021E-1,-9.058564961E-1,1.849432724E0
3.762276375E0,-2.305320320E0,1.842141902E0,1.656861765E0,3.384254641E0
3.772230375E0,-1.692791955E-1,2.582496468E0,5.131177318E-1,2.638414914E0
3.782184375E0,-1.737845994E0,9.638181907E-1,-7.926853913E-1,2.139486932E0
3.792137375E0,-8.626646490E-1,7.496715188E-3,-3.511272880E0,3.615699619E0
3.802091375E0,-1.751140406E-1,7.866463870E-1,-3.164964224E0,3.265957134E0
3.812045375E0,2.551843134E-1,1.223291894E0,-1.362259160E0,1.848597336E0
3.821998375E0,-3.192696691E-2,8.063895106E-3,-1.182520136E0,1.182978541E0
3.831952375E0,6.464950232E-2,-2.160601147E0,-1.283671120E0,2.513998492E0
3.841905375E0,2.377225906E-1,-8.880704355E-1,2.926975822E-1,9.648072363E-1
3.851859375E0,9.026394311E-2,9.621359468E-1,1.710225501E0,1.964363618E0
3.861813375E0,-6.784556481E-1,2.322284846E0,6.642407745E-1,2.508889153E0
3.871766375E0,-3.820430009E-1,2.739843872E0,-2.881198263E0,3.994246453E0
3.881720375E0,-6.777288392E-3,1.735034360E0,-4.914009390E0,5.211322140E0
3.891674375E0,1.166262172E0,1.129149383E0,-4.817905723E0,5.084030029E0
3.901627375E0,3.257140682E-1,-1.560092685E0,-5.240848280E0,5.477816128E0
3.911581375E0,1.215922867E0,-2.819757183E0,-7.053420228E0,7.692869159E0
3.921535375E0,1.003661118E0,-3.343486442E0,-5.169568967E0,6.237842618E0
3.931488375E0,2.105665095E0,-4.499993777E-1,1.077449179E0,2.407742026E0
3.941442375E0,2.091936709E0,5.636770268E0,5.748825724E0,8.318556092E0
3.951396375E0,5.810486002E-1,1.112753205E1,3.672790810E0,1.173239018E1
3.961349375E0,6.098415691E-1,5.704300931E0,-1.567546130E0,5.947113310E0
3.971303375E0,-1.083093277E0,-3.394367158E-2,-8.842834278E0,8.908982057E0
3.981256375E0,-6.448416133E-1,-6.359006651E0,-5.288559220E0,8.295881202E0
3.991210375E0,1.624293066E0,-8.987275708E-1,-2.676132610E0,3.256950254E0
4.001163833E0,1.549185581E0,3.255192316E0,2.775429441E0,4.549644114E0
4.011116833E0,-4.795709034E-1,5.612966253E0,2.512791225E0,6.168427527E0
4.021070833E0,-4.647261751E-1,4.011270629E0,-1.234981647E-1,4.039989390E0
4.031024833E0,5.959174118E-1,-1.891416389E0,-2.422145934E0,3.130393656E0
4.040977833E0,-1.462437605E-1,-3.031335758E0,-9.249334465E0,9.734504186E0
4.050931833E0,-7.784761456E-1,-1.165157121E0,-4.558078263E0,4.768615489E0
4.060885833E0,-2.239660181E0,2.439166009E-2,-4.975533208E-1,2.294391419E0
4.070838833E0,9.174984486E-1,1.807110649E0,1.814944456E0,2.720565323E0
4.080792833E0,-1.800752825E0,3.612210440E0,-1.340952491E0,4.253108108E0
4.090746833E0,-2.284154714E0,5.669115311E-1,-4.859044393E0,5.398987299E0
4.100699833E0,-3.097492033E0,-1.753421515E0,-6.687802604E0,7.575991524E0
4.110653833E0,-1.099763835E0,-3.042406876E0,-2.354737478E0,4.001313370E0
4.120606833E0,-2.980954028E-1,7.643111926E-1,2.458684015E0,2.591941272E0
4.130560833E0,-4.803225996E-1,4.891070763E0,3.730913596E0,6.170332184E0
4.140514833E0,-2.664090562E0,4.428772936E0,2.140825279E0,5.594152404E0
4.150467833E0,-5.964940569E-1,8.804977065E-1,2.106424356E-1,1.084182460E0
4.160421833E0,-2.407727724E0,1.083524728E0,-3.418598605E0,4.319490138E0
4.170375833E0,-1.146198694E0,-3.301460164E0,-2.681427848E0,4.404936545E0
4.180328833E0,-1.399538814E0,-1.778437657E0,-4.022595516E0,4.615498248E0
4.190282833E0,-9.567347275E-1,-3.395517890E0,-2.243025838E0,4.180436340E0
4.200236833E0,-3.807863977E-2,-3.834028659E0,-2.914763913E0,4.816334125E0
4.210189833E0,-6.753177398E-1,-2.436866884E0,3.855010808E-1,2.557925985E0
4.220143833E0,-1.610549770E0,2.455367475E0,2.191317448E0,3.663955807E0
4.230096833E0,-2.350407322E0,5.243398250E0,3.167589039E0,6.561345907E0
4.240050833E0,1.377169852E-1,4.443852321E0,1.994113669E0,4.872707537E0
4.250004833E0,-2.538336541E0,-1.138356408E0,-2.698361385E-1,2.794963193E0
4.259957833E0,-7.699638422E-1,-3.319850242E0,-1.519878459E-1,3.411356073E0
4.269911833E0,6.503002815E-1,-1.574249378E0,1.788272966E0,2.469629884E0
4.279865833E0,2.082518307E0,-6.740360302E-1,2.214872957E0,3.113979653E0
4.289818833E0,1.867583869E0,-1.975038589E0,-1.314408178E0,3.019323731E0
4.299772833E0,8.701848992E-1,8.450080311E-1,-2.454873677E0,2.738186462E0
4.309726833E0,1.973829970E-2,-1.161869232E0,-5.818292400E-1,1.299559532E0
4.319679833E0,8.954143191E-1,5.780832213E-1,1.830465598E0,2.118148087E0
4.329633833E0,1.159618931E0,4.301595996E0,1.846585786E-1,4.458984522E0
4.339587833E0,4.503766693E-2,2.638493498E0,4.227808812E-1,2.672530637E0
4.349540833E0,7.856284598E-1,9.026639163E-2,-1.418745017E0,1.624252912E0
4.359494833E0,8.701342477E-1,-2.046095123E0,-1.991321915E0,2.984795107E0
4.369448833E0,1.032150068E0,-4.108323884E-1,-3.285188532E0,3.467936088E0
4.379401833E0,1.000593742E0,-5.627833968E-1,-3.028510383E0,3.238794240E0
4.389355833E0,1.594772813E0,1.693604499E0,2.595753860E0,3.485618256E0
4.399308833E0,1.734713348E0,5.028614232E0,1.742268243E0,5.597471762E0
4.409262833E0,4.729372738E-1,2.732590401E0,3.085132188E0,4.148344318E0
4.419216833E0,1.298726238E0,2.764154840E0,-4.635719347E-1,3.089035571E0
4.429169833E0,1.217740255E0,-2.518527929E0,-1.664708728E0,3.255323241E0
4.439123833E0,2.858769806E0,-3.895431440E0,2.616042529E0,5.494600024E0
4.449077833E0,2.845727007E0,-1.938527405E0,3.389433570E0,4.831595039E0
4.459030833E0,7.911986636E-1,1.692136847E0,3.449056166E-1,1.899547925E0
4.468984833E0,3.678333678E0,1.194166912E0,-1.393365178E0,4.110673884E0
4.478938833E0,1.126166279E0,-2.439933164E0,-6.110617515E0,6.675415399E0
4.488891833E0,4.094491711E0,-3.507360508E0,-9.090779611E0,1.056923432E1
4.498845833E0,1.248870831E0,-5.582309301E0,-6.232737198E-1,5.754157247E0
4.508799833E0,1.909843889E0,3.133311199E0,8.998416992E0,9.717852187E0
4.518752833E0,4.534303046E-1,1.040738663E1,1.023961832E1,1.460715848E1
4.528706833E0,1.991542502E0,5.084162196E0,4.604161924E0,7.142356319E0
4.538659833E0,5.387158187E-1,1.222591982E0,-6.231539104E0,6.373148789E0
4.548613833E0,3.810062968E0,-4.066599323E0,-4.785432626E0,7.345350590E0
4.558567833E0,-3.285104040E0,-6.228599709E0,4.827752726E0,8.537831064E0
4.568520833E0,2.237264869E0,-2.656756107E0,2.517183069E0,4.289512526E0
4.578474833E0,1.806503123E-1,-1.736421320E0,-5.412497388E0,5.687083744E0
4.588428833E0,-5.745200012E-1,-5.609725142E-1,-5.408158754E0,5.467444056E0
4.598381833E0,1.358330269E0,1.986291556E0,3.094341846E0,3.919868202E0
4.608335833E0,-1.611589990E0,6.719511470E0,7.509242263E0,1.020479182E1
4.618289833E0,-8.895925388E-1,6.834178877E0,3.073981841E0,7.546306392E0
4.628242833E0,2.174902267E0,7.613530862E-1,-3.108622208E0,3.869546540E0
4.638196833E0,1.304977789E0,-3.525204456E0,-6.649627887E0,7.638559060E0
4.648150833E0,-1.419461886E0,-7.054777367E0,-4.072746500E0,8.268737497E0
4.658103833E0,-1.633266349E0,-2.270806544E0,-2.691529498E0,3.881810450E0
4.668057833E0,7.920634668E-1,-8.934487045E-2,-5.075234082E0,5.137445672E0
4.678010833E0,5.600143748E-1,2.321976113E-1,-4.007699735E0,4.053293598E0
4.687964833E0,-3.248448795E-1,4.514621172E0,3.407492988E0,5.665539426E0
4.697918833E0,-1.195897688E0,6.053991324E0,5.746848781E0,8.432511675E0
4.707871833E0,-1.326596991E0,3.416360875E0,2.377456834E0,4.368487405E0
4.717825833E0,-7.197722932E-1,-2.524457005E0,-5.226160659E0,5.848393844E0
4.727779833E0,-3.694998462E-1,-7.808757699E0,-7.407622333E0,1.076968410E1
4.737732833E0,1.765254379E0,-4.259774956E0,9.436797953E-1,4.706626950E0
4.747686833E0,-1.297090406E-1,5.108275529E0,9.728589216E0,1.098893769E1
4.757640833E0,-4.420694204E-1,1.069025388E1,7.372369469E0,1.299341314E1
4.767593833E0,-1.119106571E0,5.849952149E0,9.138318059E-1,6.025730515E0
4.777547833E0,-4.014620060E-1,-5.746824222E0,-7.519460857E-2,5.761320562E0
4.787501833E0,-6.857162820E-1,-9.290287778E0,6.618124259E-1,9.339039004E0
4.797454833E0,-3.355662245E-1,-1.999365930E0,-3.078004140E0,3.685672028E0
4.807408833E0,-6.078790243E-1,-7.626464903E-2,-7.230162846E0,7.256072490E0
4.817361833E0,-2.406333894E0,-8.298713440E-1,-6.414812477E0,6.901372934E0
4.827315833E0,-8.508071534E-1,-6.409396201E-1,-2.019440298E0,2.283159111E0
4.837269833E0,-3.944656663E-1,3.640219188E-1,5.784793702E0,5.809643129E0
4.847222833E0,-2.866194308E0,5.618700618E0,7.473687683E0,9.779615229E0
4.857176833E0,-2.703308422E0,1.909297759E0,-2.641070074E0,4.234211318E0
4.867130833E0,5.947522810E-2,3.373843431E-4,-5.376899539E0,5.377228475E0
4.877083833E0,-9.945626313E-1,-2.258102884E0,-1.452260672E0,2.863083045E0
4.887037833E0,7.198575164E-1,-1.344508767E-2,3.316166204E0,3.393425100E0
4.896991833E0,9.784666353E-1,2.020231134E0,-1.759602606E-1,2.251597834E0
4.906944833E0,-1.557248307E0,2.282577574E-1,-8.025803420E0,8.178670089E0
4.916898833E0,1.374499228E-1,-5.011579539E0,-7.834769622E0,9.301528744E0
4.926852833E0,-1.518251471E0,-8.451015866E0,-8.340740887E0,1.197049353E1
4.936805833E0,-6.499261328E-1,-2.588383445E0,1.659961374E0,3.142865666E0
4.946759833E0,9.355423531E-2,5.299162561E0,9.305727351E0,1.070917540E1
4.956713833E0,-1.690287665E0,8.562753818E0,5.668667414E0,1.040728666E1
4.966666833E0,-2.777393813E0,5.190477440E0,-2.041448926E0,6.230769308E0
4.976620833E0,3.390898663E-1,-7.276789713E-1,-4.211994433E0,4.287819460E0
4.986574833E0,1.584290802E0,-1.723498973E0,6.614501908E0,7.016556246E0
4.996527833E0,1.502752403E0,2.030217594E0,4.672830163E0,5.311816073E0
5.006482208E0,3.192856027E-1,1.181962604E0,-4.594921277E0,4.755237159E0
5.016435208E0,-1.362247666E-1,-2.338103319E0,-7.851357003E0,8.193234472E0
5.026389208E0,3.377167208E-2,-6.128264996E0,-7.242026846E0,9.487029316E0
5.036343208E0,6.468309823E-1,-3.016363378E0,1.476968667E-1,3.088470934E0
5.046296208E0,4.230157566E-1,3.324143268E0,7.629144098E0,8.332629264E0
5.056250208E0,-5.248148675E-1,6.189454939E0,4.616180584E0,7.739115341E0
5.066204208E0,-2.649788272E0,3.956429594E0,-3.648813718E0,5.999046138E0
5.076157208E0,-2.643835551E-1,-1.657618979E0,-4.768938508E0,5.055726835E0
5.086111208E0,1.087263511E0,-1.831232167E0,4.934064755E0,5.374062541E0
5.096065208E0,1.394977401E0,3.268948476E0,7.701727924E0,8.482252007E0
5.106018208E0,-9.788981599E-1,3.255983444E0,8.626867953E-1,3.507691307E0
5.115972208E0,-7.590060870E-1,1.077706164E0,-5.116792583E0,5.283853438E0
5.125926208E0,2.910041738E-1,-3.755478333E0,-8.854331074E0,9.622238809E0
5.135879208E0,1.261897112E0,-5.660588901E0,-3.360860859E0,6.702987150E0
5.145833208E0,6.569922736E-1,9.274853468E-1,7.831606278E0,7.913654328E0
5.155786208E0,7.732838181E-1,6.528291730E0,8.097199677E0,1.042982279E1
5.165740208E0,-5.681219413E-1,5.026910938E0,2.235324763E0,5.530756993E0
5.175694208E0,1.240702325E-1,-2.442525235E0,-2.027507409E0,3.176808027E0
5.185647208E0,1.980004629E0,-4.778144072E0,-3.778044200E0,6.405052465E0
5.195601208E0,1.291801673E0,-4.071961804E0,3.393694729E0,5.455894831E0
5.205555208E0,3.593485317E-1,7.866955036E-1,2.506669775E0,2.651681456E0
5.215508208E0,7.797543470E-2,3.865085560E-1,-1.594635696E0,1.642660048E0
5.225462208E0,-1.088372673E-1,-3.142942148E0,-4.539855416E0,5.522700254E0
5.235416208E0,1.439566367E0,-3.607741413E0,-4.198804868E0,5.719974804E0
5.245369208E0,1.419895822E-2,1.624586889E0,6.650424863E0,6.845994086E0
5.255323208E0,-5.881500801E-1,7.009028167E0,1.150796944E1,1.348724424E1
5.265277208E0,-1.787212282E0,7.423645458E0,3.246558025E0,8.297275374E0
5.275230208E0,-6.612496313E-1,1.203485620E-1,-5.400339857E0,5.442003806E0
5.285184208E0,4.115030640E-1,-7.106828696E0,-2.786357887E0,7.644615043E0
5.295137208E0,1.155909092E0,-3.982054431E0,8.212089279E0,9.199526816E0
5.305091208E0,-4.583279324E-1,3.561610975E0,6.197314766E0,7.162530805E0
5.315045208E0,-1.073936391E0,5.075366229E0,-3.622395705E0,6.327276853E0
5.324998208E0,2.956445972E-1,-2.194448340E-1,-8.545661237E0,8.553589173E0
5.334952208E0,-1.266695191E0,-6.443790693E0,-1.311063863E1,1.466341708E1
5.344906208E0,-9.185776619E-2,-1.090429939E1,-1.369612150E1,1.750702508E1
5.354859208E0,1.059099520E0,-1.051002164E1,-4.732905918E0,1.157508726E1
5.364813208E0,-1.094836679E0,3.583172582E0,1.168023076E1,1.226644136E1
5.374767208E0,-9.555206993E-1,1.170527438E1,1.566404637E1,1.957776333E1
5.384720208E0,4.761911763E-1,1.324325348E1,7.614455892E0,1.528366642E1
5.394674208E0,3.959488126E-1,2.152585784E0,1.108426266E0,2.453367035E0
5.404628208E0,3.618431877E0,-1.064652957E1,1.347189716E-1,1.124543420E1
5.414581208E0,-1.417718392E0,-6.164251100E0,-1.005943053E1,1.188276313E1
5.424535208E0,3.303542358E0,-5.202991067E0,-7.658195989E0,9.830181786E0
5.434489208E0,-2.773061611E0,-8.555990928E-1,-4.087022477E-1,2.930692416E0
5.444442208E0,1.173756914E-1,4.559343601E0,4.794006398E-1,4.585980386E0
5.454396208E0,1.190703241E0,2.352589211E0,3.009754270E0,4.001383632E0
5.464349208E0,-1.162219846E0,3.688720672E0,7.752413929E-1,3.944415595E0
5.474303208E0,1.438518473E-1,1.470779974E0,2.397639376E0,2.816480368E0
5.484257208E0,5.396889781E-1,1.759655231E0,2.661689402E0,3.236084239E0
5.494210208E0,-8.660069905E-1,-9.111072958E-1,3.998916632E-1,1.319089820E0
5.504164208E0,1.749909238E0,-3.370833285E0,3.530791178E0,5.185671193E0
5.514118208E0,9.056927010E-1,9.061523652E-1,2.079611071E0,2.442575195E0
5.524071208E0,-1.130789746E0,3.574342702E0,2.597309804E-1,3.757934457E0
5.534025208E0,2.824358284E-1,3.127608994E0,-1.603826349E0,3.526183061E0
5.543979208E0,1.306418543E-1,-6.282131553E-2,-4.637891295E0,4.640156191E0
5.553932208E0,-1.317891072E0,-6.045970699E0,-7.056848450E0,9.385611787E0
5.563886208E0,-7.145221514E-1,-9.255120869E0,-7.342271512E0,1.183540262E1
5.573840208E0,-3.266209713E-1,-8.382629170E0,-9.378864909E0,1.258325316E1
5.583793208E0,9.615833118E-1,-3.297312149E0,5.233304787E0,6.259743514E0
5.593747208E0,-6.566972816E-1,1.322090308E1,1.584319453E1,2.064534676E1
5.603701208E0,-1.475751130E0,1.640464652E1,8.843813687E0,1.869500760E1
5.613654208E0,9.298680872E-3,3.197641681E0,2.062616723E0,3.805178909E0
5.623608208E0,-7.850831339E-1,-4.720194656E0,-1.277446583E1,1.364124519E1
5.633562208E0,2.886337089E0,-8.279918150E0,-3.217639743E0,9.340299346E0
5.643515208E0,-3.559923761E-1,1.861613131E-1,7.891163678E0,7.901382841E0
5.653469208E0,8.287416619E-1,4.579752138E0,4.745428900E0,6.646806589E0
5.663422208E0,-9.738007034E-1,1.421508411E0,2.019692606E-1,1.734867590E0
5.673376208E0,5.558824033E-1,2.156671234E0,-6.555194770E0,6.923208398E0
5.683330208E0,7.827158886E-1,-4.221844652E0,2.052641666E0,4.759196806E0
5.693283208E0,1.416267113E0,-1.672908279E0,6.265258827E0,6.637612735E0
5.703237208E0,-1.499060617E0,5.873329318E-1,-2.467271821E0,2.946111496E0
5.713191208E0,4.229300583E-1,-3.728826140E0,-1.074009554E0,3.903397333E0
5.723144208E0,-2.738277695E0,-3.715145409E0,1.876260406E0,4.982050106E0
5.733098208E0,1.202520829E0,2.159983097E0,2.634353669E0,3.612672498E0
5.743052208E0,3.218349522E-1,1.759305568E0,-8.666491610E-1,1.987414045E0
5.753005208E0,-2.180025744E0,3.340399697E0,-8.580082042E0,9.461954884E0
5.762959208E0,1.197263890E0,-1.279057959E0,-9.217184134E0,9.382212609E0
5.772913208E0,3.957443428E-1,-9.775872726E0,-7.190702326E0,1.214209624E1
5.782866208E0,8.142391053E-1,-8.642066036E0,-6.450406233E0,1.081462118E1
5.792820208E0,8.225293607E-1,-3.278068963E0,2.539848046E0,4.227661147E0
5.802774208E0,-1.061476340E0,7.661918326E0,1.834709857E1,1.991099572E1
5.812727208E0,-8.012477615E-1,1.447932096E1,9.493817076E0,1.733278097E1
5.822681208E0,1.845727123E0,3.512416010E0,-4.217147584E0,5.790346154E0
5.832634208E0,-9.543570303E-1,-1.159356216E1,-9.207520441E0,1.483576468E1
5.842588208E0,1.107697995E0,-8.254114387E0,-1.057462870E1,1.346031839E1
5.852542208E0,9.350742287E-1,-2.285654379E0,3.283257197E0,4.108327832E0
5.862495208E0,-2.318393817E0,8.979201872E0,8.153593733E0,1.234836454E1
5.872449208E0,4.706137000E-1,8.423828652E0,5.578243148E0,1.011430487E1
5.882403208E0,-2.910057196E0,2.234808746E0,3.603579950E0,5.142819409E0
5.892356208E0,-1.703364086E0,1.393509019E0,-4.193624528E0,4.736011326E0
5.902310208E0,3.424584984E0,-2.359019394E0,2.473479225E0,4.838476443E0
5.912264208E0,-1.011105208E0,2.374273610E-1,-2.096384102E0,2.339558034E0
5.922217208E0,-1.715344592E0,-2.056299684E0,-5.794873717E0,6.383677377E0
5.932171208E0,1.279501909E0,-6.920830520E0,-1.560992571E0,7.209141282E0
5.942125208E0,-6.752266695E-1,-3.849973431E0,3.805926063E0,5.455575100E0
5.952078208E0,8.559066564E-1,2.783493336E0,7.243495667E-1,3.000848822E0
5.962032208E0,6.664704640E-1,6.542629103E0,1.006272485E0,6.653026587E0
5.971986208E0,-1.259700605E0,4.390217566E0,-2.701725873E0,5.306616491E0
5.981939208E0,2.022388172E0,1.146635481E0,-6.211885443E0,6.632672734E0
5.991893208E0,8.577625626E-1,-5.202273613E0,9.340108395E-1,5.354603964E0
6.001846208E0,1.954509015E0,-1.507331504E0,3.365097751E0,4.173252524E0
6.011799583E0,3.980996012E-1,9.551578796E-1,3.230791885E0,3.392466075E0
6.021753583E0,1.271264644E0,4.418276015E0,1.919029280E0,4.981962476E0
6.031706583E0,8.668614149E-1,3.542465436E-1,4.281459355E0,4.382674244E0
6.041660583E0,1.678532058E-1,9.282343751E-1,2.485131556E0,2.658133294E0
6.051614583E0,1.395183369E0,7.812687027E-1,2.610985272E0,3.061725251E0
6.061567583E0,3.716890803E-1,-3.731973696E-1,1.520535101E0,1.609178686E0
6.071521583E0,1.606750834E0,-2.321455711E-1,-1.498760070E0,2.209484455E0
6.081475583E0,7.168656423E-1,-3.978973534E0,-2.738603092E0,4.883244170E0
6.091428583E0,5.268737817E-1,-3.272569072E0,1.197194016E0,3.524284016E0
6.101382583E0,1.134604323E0,2.541563619E0,-6.837678435E-1,2.866079389E0
6.111336583E0,-1.091812572E-1,1.997740404E0,3.869886124E0,4.356478610E0
6.121289583E0,2.319389451E-1,2.990874780E0,-4.091384500E-1,3.027626446E0
6.131243583E0,-1.156642114E-1,-4.059371579E0,-4.723883080E0,6.229522227E0
6.141197583E0,-4.241737611E-1,-1.002738311E1,-5.166709678E0,1.128818959E1
6.151150583E0,6.334078217E-1,-9.090020642E0,-1.455669014E0,9.227602778E0
6.161104583E0,-4.705292077E-1,2.382705880E0,1.975132729E0,3.130468710E0
6.171057583E0,-2.526493079E-1,1.073485878E1,4.783592507E-1,1.074848139E1
6.181011583E0,1.070148857E0,9.143882854E0,-3.397029980E0,9.813033420E0
6.190965583E0,-1.499352832E0,-1.026422575E0,-5.296038394E0,5.599073574E0
6.200918583E0,1.768419769E0,-7.989144886E0,-6.233504353E0,1.028641439E1
6.210872583E0,-9.763121556E-1,-5.495830151E0,3.287214593E0,6.477894276E0
6.220826583E0,1.873442779E0,7.913732761E-1,2.984094349E0,3.611215666E0
6.230779583E0,-8.184707353E-1,3.064121096E0,-1.135494489E0,3.368691166E0
6.240733583E0,-7.415935904E-1,4.925327260E0,2.065441221E-1,4.985124888E0
6.250687583E0,1.930415417E0,4.251536229E0,4.699308694E0,6.624618192E0
6.260640583E0,-1.738739010E-1,3.279381663E-1,6.251653526E0,6.262662962E0
6.270594583E0,2.238515515E-1,-9.065540689E-1,9.322645685E-1,1.319494988E0
6.280548583E0,3.705091853E-1,-9.953411150E-1,-7.941464936E0,8.012168640E0
6.290501583E0,9.164493120E-1,-6.411069090E0,-2.509315056E0,6.945383234E0
6.300455583E0,7.717125982E-1,-4.851951721E0,5.153111978E0,7.119799077E0
6.310409583E0,7.172250268E-1,6.146369146E0,1.991147084E0,6.500533218E0
6.320362583E0,5.022121630E-1,6.551435595E0,-1.205855497E0,6.680390175E0
6.330316583E0,1.737350296E-1,2.694953628E0,2.481596915E0,3.667598964E0
6.340270583E0,2.639568728E-1,-1.961451999E0,-1.093786592E0,2.261268733E0
6.350223583E0,-4.492192130E-1,4.177964222E-1,1.024180167E0,1.193857934E0
6.360177583E0,-6.679064671E-1,2.965912431E0,8.507131594E-1,3.156968242E0
6.370130583E0,9.273757115E-2,-3.224447072E-2,-2.830017877E0,2.831720528E0
6.380084583E0,-2.088354120E0,-9.690941334E-1,-3.067830570E0,3.835616088E0
6.390038583E0,-1.335297210E0,-3.126384003E0,-4.675143614E0,5.780507191E0
6.399991583E0,-4.484560782E-1,-5.544856131E-2,-1.115208744E0,1.203277997E0
6.409945583E0,-4.961529127E-1,2.967690570E0,1.686693382E0,3.449389742E0
6.419899583E0,1.974297747E-2,5.315280996E0,5.252535694E0,7.472732637E0
6.429852583E0,-1.553054976E0,5.018566377E0,7.561391240E-1,5.307516803E0
6.439806583E0,-6.899775135E-1,-6.047436011E-1,1.425960481E-2,9.175985661E-1
6.449760583E0,5.606365185E-2,-2.138000489E0,4.625521511E0,5.096041451E0
6.459713583E0,1.549543577E0,-2.690882796E-1,-1.949518709E0,2.504818755E0
6.469667583E0,-9.112077948E-2,-2.346983485E0,-5.565075218E0,6.040421894E0
6.479621583E0,-8.144218308E-1,-2.519241874E0,-5.039102383E0,5.692311952E0
6.489574583E0,8.252341731E-2,-5.810375270E0,-1.897793362E0,6.113009941E0
6.499528583E0,-1.182555439E0,-2.416516235E0,-4.079635690E0,4.886861512E0
6.509482583E0,3.736315984E-2,1.300832405E0,1.856054767E0,2.266826030E0
6.519435583E0,4.337462744E-2,5.498927422E0,9.745156717E0,1.118964537E1
6.529389583E0,-1.883822610E0,7.371818662E0,4.340180018E0,8.759546826E0
6.539343583E0,-2.279616508E-1,-1.347539379E0,-3.293842996E0,3.566122625E0
6.549296583E0,1.654879705E0,-5.276939049E0,-9.281901117E0,1.080455464E1
6.559250583E0,1.478328583E0,-1.036335476E1,-5.846808686E0,1.199040238E1
6.569203583E0,3.196226362E0,-7.103260140E0,-5.321974888E0,9.433747097E0
6.579157583E0,-6.056191485E-2,1.234857686E0,1.171846336E0,1.703456805E0
6.589111583E0,-1.288070163E-1,7.244482677E0,8.664241601E0,1.129460947E1
6.599064583E0,-7.404537488E-1,1.050515676E1,3.620534536E0,1.113619597E1
6.609018583E0,5.082446623E-1,5.458536025E0,-3.452535844E0,6.478729191E0
6.618972583E0,1.941146958E0,-2.550139731E0,-4.093048618E0,5.198491237E0
6.628925583E0,1.020189954E0,-6.883460380E0,-2.724434119E0,7.472975018E0
6.638879583E0,1.824897440E0,-4.351735870E0,-2.032911406E0,5.138149914E0
6.648833583E0,1.375616978E0,-1.348003063E0,-5.488804722E-1,2.002674237E0
6.658786583E0,1.549095534E0,7.613396376E-1,-1.962378198E-1,1.737194376E0
6.668740583E0,2.301584533E0,3.901934713E0,2.790713478E0,5.320758178E0
6.678694583E0,1.129015335E0,4.584199530E0,5.891746293E0,7.549982472E0
6.688647583E0,3.961715184E-2,5.503937316E0,2.873667634E0,6.209095036E0
6.698601583E0,-1.567066586E-1,1.397056525E0,-2.482616669E-1,1.427570582E0
6.708555583E0,2.737044809E0,-1.273837565E0,1.327149553E0,3.297787496E0
6.718508583E0,8.120147514E-1,-1.742950906E0,4.079672527E0,4.510096867E0
6.728462583E0,-5.061236944E-1,3.038914919E-2,3.317696713E0,3.356217539E0
6.738416583E0,5.477993220E-1,-4.614622593E-1,-2.654895523E0,2.749818494E0
6.748369583E0,5.832851236E-1,-4.162970792E0,-5.604594795E0,7.005856847E0
6.758323583E0,-4.206962758E-1,-6.356191217E0,-8.363767222E0,1.051336075E1
6.768276583E0,-3.292628164E-1,-7.055089608E0,9.797863519E-1,7.130405646E0
6.778230583E0,1.352832571E0,2.206100671E0,1.259717124E1,1.286023947E1
6.788184583E0,-1.237689200E0,1.205214759E1,7.741892449E0,1.437786614E1
6.798137583E0,-9.688476001E-1,5.749432665E0,4.935852249E0,7.639193613E0
6.808091583E0,5.110393390E-3,-6.694073743E0,-4.593991862E0,8.118830619E0
6.818045583E0,1.065249548E0,-7.105163409E0,-6.162785788E0,9.465623716E0
6.827998583E0,5.245891649E-2,-5.956915850E0,6.683197922E-1,5.994518307E0
6.837952583E0,1.697696965E0,-1.514266886E0,5.686803138E0,6.124941561E0
6.847906583E0,2.455315288E-1,3.315454890E0,1.508151868E0,3.650623086E0
6.857859583E0,2.056959835E-1,5.608658025E0,-3.771340660E0,6.761831560E0
6.867813583E0,-1.996589526E-1,-5.460621142E-1,-6.607920867E-1,8.801668659E-1
6.877767583E0,-1.504503571E-1,-3.022601187E-1,-2.017792261E-1,3.933336311E-1
6.887720583E0,-5.971893274E-1,2.980835695E0,-3.636143678E-1,3.061736753E0
6.897674583E0,-3.133283863E-1,-6.668983340E-1,4.730129953E0,4.787176353E0
6.907628583E0,-2.129265334E0,-2.638651373E0,-1.062111640E-1,3.392275452E0
6.917581583E0,-9.445929842E-1,-3.634026986E0,-3.280655479E0,4.986091497E0
6.927535583E0,1.436976051E0,-1.597655783E0,-1.217252597E0,2.469637231E0
6.937489583E0,-5.566871263E-1,5.542945261E0,-1.235309676E0,5.706148677E0
6.947442583E0,5.609652051E-1,1.772713818E0,1.420779848E0,2.340045217E0
6.957396583E0,6.245561604E-1,9.622996688E-2,-2.118142760E0,2.210398009E0
6.967349583E0,-1.011673996E0,-4.755504822E0,-4.319734059E0,6.503722990E0
6.977303583E0,7.332788497E-2,-5.175288713E0,1.590681224E0,5.414725939E0
6.987257583E0,9.020448424E-1,2.269620144E0,8.334557456E0,8.685027835E0
6.997210583E0,-1.402558609E0,5.621462258E0,4.612988296E0,7.405921251E0
7.007165250E0,8.576055649E-1,5.124985117E-1,-4.510967247E0,4.620277863E0
7.017119250E0,-3.891912951E-1,-6.853280561E0,-8.610421489E0,1.101173386E1
7.027072250E0,-3.550917587E-1,-5.745046084E0,-1.212814268E0,5.882394335E0
7.037026250E0,2.756415173E0,2.137673045E0,9.856347370E0,1.045538398E1
7.046980250E0,-5.386740842E-1,9.733771019E0,4.266386110E0,1.064135886E1
7.056933250E0,-5.364709264E-1,7.175795435E0,-4.911096892E-1,7.212560565E0
7.066887250E0,1.533143160E0,-2.132481303E0,-1.143159311E0,2.864405290E0
7.076841250E0,-1.129927355E0,-5.311250510E0,7.293524444E-1,5.478875140E0
7.086794250E0,2.499360756E0,7.112833786E-1,2.690182300E0,3.740295314E0
7.096748250E0,-8.622202606E-1,2.948113507E0,3.089657641E0,4.356693857E0
7.106702250E0,4.657953385E-1,-2.193290591E-3,-2.459405854E0,2.503127496E0
7.116655250E0,2.490470064E0,-6.823521157E0,-9.565356590E0,1.201078386E1
7.126609250E0,9.398101079E-1,-5.749996921E0,-4.803611035E0,7.551184451E0
7.136563250E0,1.548687983E0,5.505007356E-1,2.967049715E0,3.391882890E0
7.146516250E0,1.290309610E0,6.719695072E0,1.851773728E0,7.088601180E0
7.156470250E0,1.203610020E0,6.974730154E0,-1.183248991E0,7.176044591E0
7.166424250E0,-1.025676177E-1,2.794410673E0,4.506960735E0,5.303955711E0
7.176377250E0,-3.999954513E-1,3.885566602E0,6.213537866E0,7.339324015E0
7.186331250E0,-1.405363664E-2,-1.316697655E0,2.789940476E-1,1.346004420E0
7.196284250E0,-4.621687491E-1,-3.252661057E0,-1.337412001E1,1.377172793E1
7.206238250E0,1.444271329E0,-7.729974069E0,-1.255588521E1,1.481515009E1
7.216192250E0,-1.861846288E-1,-1.341281104E1,-1.014289017E1,1.681714559E1
7.226145250E0,2.077938621E0,-7.595671127E0,3.688201147E0,8.695681485E0
7.236099250E0,5.656824464E-1,8.080787712E0,1.143200827E1,1.401106490E1
7.246053250E0,9.455605522E-3,1.656596418E1,6.590128375E0,1.782865813E1
7.256006250E0,1.770325669E0,1.154618100E1,7.746419948E0,1.401625380E1
7.265960250E0,-1.929521962E0,2.125317879E0,1.644833457E-1,2.875254051E0
7.275914250E0,-5.780678358E-1,-7.332513093E0,-3.140996194E0,7.997860200E0
7.285867250E0,-7.169405597E-1,-1.060920445E1,-1.173416664E1,1.583539989E1
7.295821250E0,2.549812871E-1,-6.578050951E0,-1.350353527E1,1.502269066E1
7.305775250E0,4.587374568E-1,-5.576391919E0,2.096016019E0,5.974936823E0
7.315728250E0,-2.764965849E0,4.631138638E0,1.618126066E1,1.705654355E1
7.325682250E0,-1.054444113E-1,1.167790707E1,9.829329726E0,1.526434915E1
7.335636250E0,-1.406803979E0,3.973538547E0,-6.625779433E0,7.852964989E0
7.345589250E0,2.343973339E0,2.998673796E0,-4.200130140E0,5.668099217E0
7.355543250E0,-1.846660192E0,-1.277770402E0,6.307866318E0,6.695672375E0
7.365497250E0,-3.352925017E-2,-1.527261153E0,6.432721914E0,6.611623255E0
7.375450250E0,-9.995826121E-2,-1.731704956E0,-7.030906109E0,7.241714881E0
7.385404250E0,-1.193735826E0,-2.927245379E0,-9.331575553E0,9.852516076E0
7.395358250E0,-3.775720005E-1,-2.676815565E0,-5.030852546E0,5.711162712E0
7.405311250E0,-1.705668620E0,3.360979557E-3,5.072671248E0,5.351757686E0
7.415265250E0,5.724493925E-1,5.645585530E0,1.135595236E1,1.269480163E1
7.425218250E0,-3.973383668E-1,6.577530549E0,5.345577174E0,8.485103489E0
7.435172250E0,-4.637120121E-1,2.522204073E0,-3.554139403E0,4.382744472E0
7.445126250E0,-8.603919093E-1,-6.435468351E0,-8.199347026E0,1.045871975E1
7.455079250E0,-5.473123220E-1,-1.154724636E1,-1.574554311E0,1.166694778E1
7.465033250E0,1.685572909E0,-3.322058151E0,8.210980647E0,9.016508724E0
7.474987250E0,-3.989564376E-1,8.148124833E0,9.933792572E0,1.285423430E1
7.484940250E0,-2.139683903E0,1.038355104E1,1.851233738E0,1.076213017E1
7.494894250E0,1.501138316E-1,1.693875225E0,-6.594896779E0,6.810610176E0
7.504848250E0,-1.969268264E0,-8.456389457E0,-1.103539631E1,1.404167055E1
7.514801250E0,1.041320257E0,-1.462829983E1,-1.268089635E1,1.938753816E1
7.524755250E0,3.466220668E0,-9.673611356E0,2.276241531E0,1.052495691E1
7.534709250E0,-2.025991665E0,7.609036108E0,1.826464114E1,1.988967543E1
7.544662250E0,-4.752148740E-1,1.232116862E1,2.199880871E1,2.521873530E1
7.554616250E0,-2.108201617E0,5.722606224E0,1.267257693E0,6.228858492E0
7.564570250E0,4.838393343E-1,-5.837606338E0,-4.947840210E0,7.667650945E0
7.574523250E0,-5.310204078E-1,-8.437905824E0,-1.652022258E1,1.855796302E1
7.584477250E0,2.862734803E0,-6.281384279E0,-1.575669082E1,1.720245171E1
7.594431250E0,-1.098168934E0,-5.104316379E0,-8.918604253E0,1.033448221E1
7.604384250E0,5.537077507E-1,-1.111476758E0,4.623897446E0,4.787734376E0
7.614338250E0,-3.273898728E0,5.283968571E0,1.445856100E1,1.573812959E1
7.624292250E0,-3.386596501E0,1.271825772E1,8.920153765E0,1.589944208E1
7.634245250E0,-4.051730511E-1,5.373388286E0,6.483129591E-2,5.389032378E0
7.644199250E0,1.043493521E0,-4.556987173E0,-3.295044892E0,5.719469526E0
7.654153250E0,9.214909275E-1,-7.682162556E0,-1.096885031E-1,7.738009992E0
7.664106250E0,-1.262576412E0,-1.612880763E0,-4.546604272E0,4.986691685E0
7.674060250E0,1.435197766E0,2.190530705E0,-7.962011467E0,8.381637310E0
7.684014250E0,-3.818740529E0,1.591759450E0,1.657110856E0,4.456735775E0
7.693967250E0,-1.058933386E0,4.528680217E0,7.460732008E0,8.791632756E0
7.703921250E0,-2.797168914E-1,4.046808836E0,6.676673598E0,7.812353911E0
7.713874250E0,-2.868144647E0,-9.096951932E-1,-2.431946452E0,3.868870973E0
7.723828250E0,-1.601394785E0,-2.088687412E0,-7.349929025E0,7.806954402E0
7.733782250E0,6.852560330E-1,-3.812389283E0,-5.468123120E0,6.701063970E0
7.743735250E0,3.551374766E-1,-7.462270410E0,7.551994765E-1,7.508790086E0
7.753689250E0,-7.329435850E-1,1.210178928E0,2.894650075E0,3.221915330E0
7.763643250E0,-9.515543868E-1,4.337875046E0,6.958508223E-2,4.441560283E0
7.773596250E0,-1.839797315E0,4.636635606E0,7.644402407E0,9.127986199E0
7.783550250E0,-1.959943417E0,3.064475437E0,9.151833898E-1,3.750993008E0
7.793504250E0,2.131256567E-1,-1.361442888E0,-2.430523825E-1,1.399294016E0
7.803457250E0,-3.106869797E-1,-5.801771092E-1,2.063913344E0,2.166303341E0
7.813411250E0,-6.636614616E-1,7.792455661E-1,-1.430715437E0,1.759152310E0
7.823365250E0,-1.102516266E0,-6.729110259E-1,-6.057034215E0,6.193223301E0
7.833318250E0,-2.461567789E-1,-2.395686699E0,-7.470946509E0,7.849519071E0
7.843272250E0,2.110237763E0,-5.548260965E0,1.627611068E0,6.155113398E0
7.853226250E0,-4.437470231E-1,3.904624432E-1,9.530352234E0,9.548664097E0
7.863179250E0,-1.574269113E0,7.492927362E0,6.053630551E0,9.760569990E0
7.873133250E0,4.757077942E-1,9.030159187E-1,2.870127730E0,3.046205647E0
7.883087250E0,-4.160351239E0,5.812483191E-1,-5.893662425E0,7.237515377E0
7.893040250E0,2.573571863E0,9.200845259E-1,-3.570204628E0,4.496241625E0
7.902994250E0,1.638087525E0,2.017166609E-1,3.121812942E0,3.531251392E0
7.912948250E0,8.057572804E-1,5.514298582E-1,-3.651819479E0,3.780093278E0
7.922901250E0,1.255711488E0,-5.720547420E0,-3.763676714E0,6.961805551E0
7.932855250E0,1.298373943E0,-2.465055141E0,-7.672680711E0,8.162861082E0
7.942809250E0,1.929721937E0,-7.670759316E0,2.387957264E0,8.262367405E0
7.952762250E0,3.958598618E-1,-3.419958082E0,5.905220032E-1,3.493069503E0
7.962716250E0,1.384429316E0,1.445152212E0,-1.780302334E0,2.678541740E0
7.972669250E0,-1.222309854E0,2.121633548E0,-2.534702789E0,3.524214596E0
7.982623250E0,-5.178241557E-1,1.033176810E1,4.536827143E0,1.129585652E1
7.992577250E0,-6.904950652E-1,1.200326954E1,9.184729748E0,1.512992147E1
8.002530250E0,-8.780211914E-1,6.555335103E0,4.133360492E0,7.799231275E0
8.012483750E0,1.144682438E0,-3.768545691E0,-1.291238878E0,4.144819942E0
8.022437750E0,1.255629627E0,-7.098652534E0,-7.034727849E0,1.007248080E1
8.032390750E0,1.162804713E0,-6.599883285E0,-3.395402700E0,7.512611641E0
8.042344750E0,1.254576836E0,-3.133112394E0,4.259406873E0,5.434418388E0
8.052298750E0,-5.742198198E-1,4.518406659E0,5.199399707E-1,4.584328164E0
8.062251750E0,-9.272951661E-1,5.615077098E0,-1.189326295E0,5.814074662E0
8.072205750E0,-2.040213409E0,1.030205138E0,-6.728467065E-1,2.382544034E0
8.082159750E0,-6.999632422E-2,8.475363672E-1,1.028572011E-1,8.566195088E-1
8.092112750E0,-8.645155851E-1,-2.179900467E-2,2.511492851E0,2.656211350E0
8.102066750E0,-1.451589120E0,-6.607102257E-1,-4.033076066E0,4.336974928E0
8.112020750E0,-1.663433743E0,-5.217501517E0,-3.839358981E0,6.688049886E0
8.121973750E0,-5.388333477E-1,-6.685853727E0,-7.372841340E0,9.967435520E0
8.131927750E0,1.404278567E0,-4.071581150E0,5.562241073E0,7.034791902E0
8.141881750E0,-6.044559181E-1,9.203781146E0,1.670581087E1,1.908295237E1
8.151834750E0,-8.807485521E-1,1.115496251E1,7.157415297E0,1.328297784E1
8.161788750E0,-7.240956514E-1,-3.212933904E-1,-8.183941367E0,8.222191938E0
8.171742750E0,-1.538221174E-1,-5.816955142E0,-1.687703255E1,1.785202666E1
8.181695750E0,3.969326066E-1,-1.954947907E1,-4.621684860E0,2.009227858E1
8.191649750E0,2.046833480E0,-3.188008978E0,1.130865424E1,1.192638206E1
8.201603750E0,-1.619661194E0,9.269949408E0,1.797214587E1,2.028677627E1
8.211556750E0,-3.222983806E0,1.195793725E1,2.024745770E0,1.254908297E1
8.221510750E0,-8.151920553E-1,2.995818601E0,-7.172182440E0,7.815348241E0
8.231464750E0,-4.531572762E-1,-9.207712814E0,1.660119249E0,9.367140583E0
8.241417750E0,1.349326873E0,-5.462153698E0,2.729611829E0,6.253525946E0
8.251371750E0,-5.793587914E-1,-2.637255058E0,3.545886058E-1,2.723325895E0
8.261325750E0,-3.310723908E0,1.062052583E0,-3.385831685E0,4.853112886E0
8.271278750E0,-5.648818894E-1,1.770431065E0,-1.506767247E0,2.392460082E0
8.281232750E0,-1.801790998E0,-5.364380651E0,6.038381013E0,8.275571027E0
8.291186750E0,-9.313605890E-2,2.819585860E0,4.210691381E0,5.068398233E0
8.301139750E0,1.921840548E-1,6.589469393E0,6.573691267E-1,6.624966096E0
8.311093750E0,-4.620131255E0,4.828764587E0,-7.574473216E0,1.010124867E1
8.321047750E0,3.123744131E-1,-9.790443403E-1,-9.693935108E-1,1.412738254E0
8.331000750E0,4.303824078E-1,-4.944902569E-1,4.976615528E0,5.019606732E0
8.340954750E0,2.302952490E0,1.868930921E0,6.313943329E0,6.975842123E0
8.350907750E0,-1.911588406E0,1.288683645E0,-4.672346306E0,5.210153143E0
8.360861750E0,-2.071819510E0,-1.490021406E0,-8.997917055E0,9.352813011E0
8.370815750E0,1.147970108E0,-1.122203241E1,-5.714338846E0,1.264537525E1
8.380768750E0,-4.302422938E-1,-9.011746890E0,2.590722331E0,9.386614546E0
8.390722750E0,1.800097060E0,3.795805410E0,3.371946010E0,5.386882961E0
8.400676750E0,-2.767250064E0,8.461541439E0,8.419702272E0,1.225343800E1
8.410629750E0,-3.455112712E0,1.033342403E1,1.034106634E1,1.502182110E1
8.420583750E0,-3.370389920E-1,5.144880853E0,1.500242339E0,5.369741274E0
8.430537750E0,2.775064063E-1,-3.566133796E0,-3.443542827E0,4.965108987E0
8.440490750E0,8.182258100E-1,-7.263180903E0,-6.071137699E0,9.501684234E0
8.450444750E0,9.433944511E-1,-1.067004824E1,-1.111551895E0,1.076919078E1
8.460398750E0,3.629231539E-1,1.556598973E-1,-2.102719560E0,2.139479555E0
8.470351750E0,-7.296295293E-1,1.046860347E0,-3.694276696E0,3.908446769E0
8.480305750E0,1.241447937E-1,9.197284305E-1,-2.473779187E0,2.642138487E0
8.490259750E0,-3.922797944E-1,1.585672499E0,-5.078910812E0,5.335126591E0
8.500212750E0,2.871610876E0,-3.338236812E0,5.739019943E0,7.233693659E0
8.510166750E0,-1.880322028E-1,5.446103675E0,1.024647360E1,1.160541350E1
8.520120750E0,-2.437081185E0,9.424864955E0,7.966084052E0,1.257878926E1
8.530073750E0,4.050115218E-1,3.735855662E0,-5.028115464E0,6.277148794E0
8.540027750E0,3.462227385E-1,-7.023480145E0,-1.036985453E1,1.252928675E1
8.549981750E0,7.012896831E-1,-1.073053652E1,-1.229412876E1,1.633345717E1
8.559934750E0,3.001600327E0,-6.275067531E0,4.408806742E0,8.235511759E0
8.569888750E0,-2.820983929E0,4.622475404E0,1.575358712E1,1.665835335E1
8.579842750E0,1.202918732E0,8.089998831E0,7.564730585E0,1.114092651E1
8.589795750E0,5.861184285E-1,6.538871682E0,-4.116124070E-1,6.577978600E0
8.599749750E0,8.884670595E-3,-2.290346185E0,-6.015183354E0,6.436473830E0
8.609703750E0,8.801720897E-1,-3.339907946E0,-7.199254464E0,7.984920340E0
8.619656750E0,1.434503994E0,-1.072975182E0,-5.145325241E0,5.448251948E0
8.629610750E0,-1.471980700E0,1.115171614E0,1.883917335E0,2.638082529E0
8.639564750E0,7.114150871E-1,-1.214489495E0,2.810098168E0,3.142888460E0
8.649517750E0,-1.241066991E0,-1.564212633E0,-6.001355274E0,6.324814112E0
8.659471750E0,2.356557278E0,-3.214020901E0,5.278959846E-1,4.020194862E0
8.669425750E0,-1.280542713E0,3.087860792E0,7.287633374E0,8.017747446E0
8.679378750E0,-5.946179412E-1,6.590578026E0,5.610267763E0,8.675505379E0
8.689332750E0,-1.204487979E0,-1.450380793E0,-3.822403517E0,4.262061049E0
8.699285750E0,6.985143752E-1,-6.393601702E0,-8.232406014E0,1.044694088E1
8.709239750E0,1.392885267E0,-8.295316792E0,1.434759079E0,8.532932888E0
8.719193750E0,1.005264425E0,8.263916659E-1,2.843909985E0,3.127507594E0
8.729146750E0,-7.219704808E-1,4.941243966E0,-1.938760124E0,5.356857673E0
8.739100750E0,-6.329936195E-1,2.916998134E0,-3.280945793E0,4.435556823E0
8.749054750E0,-2.158622815E-1,3.576005065E-1,1.692097379E0,1.742890756E0
8.759007750E0,4.749766365E-2,8.935247183E-1,5.866822536E0,5.934665038E0
8.768961750E0,-1.089901556E0,3.005496327E0,1.132520595E0,3.391680479E0
8.778915750E0,-9.769219472E-1,-2.338070574E0,-5.962815106E-1,2.603171554E0
8.788868750E0,-6.908660710E-1,-3.793222695E0,4.549771124E-1,3.882375370E0
8.798822750E0,-7.588115939E-1,-3.585003346E0,9.435184121E-1,3.783949130E0
8.808776750E0,-1.496532354E-1,-2.172773296E0,3.122626582E0,3.807116580E0
8.818729750E0,3.409534836E-1,2.288818892E0,2.650133550E-1,2.329200137E0
8.828683750E0,-1.376485435E0,4.015710420E0,-4.094095854E0,5.897648955E0
8.838637750E0,2.198619597E-1,-4.453853399E-1,-1.751246350E0,1.820321719E0
8.848590750E0,3.612136473E-1,-6.565125096E-1,2.994990635E-1,8.069595177E-1
8.858544750E0,2.252495112E0,4.097366202E-1,5.230692835E0,5.709795606E0
8.868498750E0,-1.067112837E-1,2.245043712E0,3.892139165E0,4.494480598E0
8.878451750E0,-9.802323483E-2,-8.656264830E-1,-1.825704210E0,2.022897334E0
8.888405750E0,1.801428617E0,-6.227295780E0,-3.810332817E0,7.519507562E0
8.898359750E0,1.106093446E0,-2.245336658E0,2.624920064E0,3.627007687E0
8.908312750E0,2.001898359E0,4.579134087E0,7.102604082E0,8.684644539E0
8.918266750E0,5.619002480E-2,4.981168170E0,3.032632670E0,5.831985474E0
8.928220750E0,-1.083237922E0,2.843143707E0,-3.867165415E0,4.920552701E0
8.938173750E0,1.739462457E0,-3.397498342E0,-5.269131262E0,6.506340667E0
8.948127750E0,1.371001186E0,-7.221104339E0,1.892281777E-1,7.352536939E0
8.958081750E0,7.016231936E-1,-4.342559250E0,2.553383766E0,5.086242680E0
8.968034750E0,1.213214291E-1,1.630391420E0,-1.941391371E0,2.538088952E0
8.977988750E0,-6.630544475E-1,1.651922622E0,-1.115559284E0,2.100705135E0
8.987942750E0,5.396538582E-1,-2.645684404E0,3.499504189E0,4.420113327E0
8.997895750E0,-6.392331102E-1,-3.256448883E-1,4.601153532E0,4.656745364E0
9.007850333E0,3.608839374E-2,2.912910345E0,6.896960431E-1,2.993664925E0
9.017804333E0,-2.059732146E-1,3.367063585E0,2.053003024E0,3.948969937E0
9.027757333E0,-4.276996321E-1,5.459986135E0,-1.531524358E0,5.686821821E0
9.037711333E0,3.453557792E-1,-2.649949363E0,-8.925523263E-1,2.817472608E0
9.047665333E0,-4.380114893E-1,-7.343153856E0,-9.188186038E-1,7.413365649E0
9.057618333E0,1.076048625E0,-2.651386608E0,-3.292953342E0,4.362484763E0
9.067572333E0,-6.219427474E-1,-1.898516663E0,-1.677566463E0,2.608717604E0
9.077526333E0,-6.427906293E-1,4.872677761E0,1.509615718E0,5.141508337E0
9.087479333E0,-6.995395383E-1,5.620526703E0,7.294147173E0,9.234947697E0
9.097433333E0,-2.422344301E0,4.451154909E0,4.641192633E0,6.871768403E0
9.107387333E0,-6.684158327E-1,1.308537866E0,-2.206350347E0,2.650855131E0
9.117340333E0,-6.651302822E-1,-1.106132403E0,-5.310126675E0,5.464739014E0
9.127294333E0,-3.319661304E-1,-5.056269808E0,-7.400540185E0,8.969061317E0
9.137248333E0,-9.220695095E-1,-1.286713484E1,-7.149215162E0,1.474871685E1
9.147201333E0,-5.675968979E-2,-4.682602907E0,-7.408392996E-1,4.741184927E0
9.157155333E0,8.353066964E-1,5.891561521E0,9.174722239E0,1.093543610E1
9.167109333E0,-3.175688894E0,1.099324256E1,5.453219737E0,1.267572434E1
9.177062333E0,-1.190675248E0,6.372784445E0,1.362475507E0,6.624683286E0
9.187016333E0,-4.078564114E-1,-8.667491484E-1,1.672776132E0,1.927636098E0
9.196969333E0,2.271674162E-1,-2.964778072E0,2.448226270E0,3.851665344E0
9.206923333E0,5.813980079E-1,-1.136123942E0,-1.670467651E0,2.102204421E0
9.216877333E0,-1.074071389E0,-5.203004515E-1,-5.929863707E0,6.048770577E0
9.226830333E0,-8.127065501E-1,-1.916749451E0,-8.088979661E0,8.352605124E0
9.236784333E0,3.326610720E-1,-4.931487302E0,-2.075834062E0,5.360906402E0
9.246738333E0,-4.722329767E-1,3.695718620E0,4.788857633E0,6.067495161E0
9.256691333E0,2.506278158E-1,5.916938437E0,7.007745287E0,9.175045982E0
9.266645333E0,-2.434324223E0,4.502496386E0,-4.518048225E0,6.827237207E0
9.276599333E0,9.699333550E-1,-1.111381449E0,-1.057815983E0,1.815189822E0
9.286552333E0,-9.989984753E-1,-2.353240591E0,5.880236049E0,6.411935372E0
9.296506333E0,-3.682792399E-1,1.084723408E0,2.306492102E0,2.575298096E0
9.306460333E0,-3.768733313E-2,-1.390494779E0,-4.242216936E0,4.464448522E0
9.316413333E0,4.933768374E-1,-3.276498401E0,-1.208078023E1,1.252693552E1
9.326367333E0,8.869766407E-1,-9.611396981E0,-8.437887697E0,1.282043791E1
9.336321333E0,-7.687985652E-1,-5.307690725E0,-7.102279562E-1,5.409903494E0
9.346274333E0,-3.109595331E-1,9.488920033E0,1.182643688E1,1.516578084E1
9.356228333E0,-5.224867620E-1,1.338201142E1,4.076741610E0,1.399896582E1
9.366182333E0,-1.821646388E0,6.325651794E0,-5.164687711E0,8.366974682E0
9.376135333E0,3.415323579E-1,-9.723839523E0,-7.013119463E0,1.199389612E1
9.386089333E0,2.206293191E0,-1.649445975E1,5.270272053E0,1.745596459E1
9.396043333E0,-1.917581656E0,3.440274233E0,7.457619535E0,8.433782979E0
9.405996333E0,-2.587379039E-1,5.423923432E0,5.680892773E0,7.858653409E0
9.415950333E0,-6.944750456E-1,9.757324773E-1,-5.120841780E0,5.259027476E0
9.425904333E0,3.579230536E-1,1.241679516E1,7.766885787E-1,1.244621051E1
9.435857333E0,2.087237887E0,3.950536770E0,9.917925568E0,1.087789273E1
9.445811333E0,1.706487084E0,-1.242933860E0,-1.271476459E0,2.464474616E0
9.455765333E0,1.234652010E0,-1.137926170E1,-1.280719854E1,1.717662065E1
9.465718333E0,2.457823013E0,-1.405821618E1,-1.249805508E1,1.897039053E1
9.475672333E0,6.781423013E-2,1.816593078E0,7.310970197E0,7.533584432E0
9.485626333E0,-1.523529223E-1,1.206857358E1,1.672994350E1,2.062921931E1
9.495579333E0,-1.889811145E-1,9.885891012E0,-1.585818679E0,1.001405891E1
9.505533333E0,-2.894393492E-1,-3.161141022E0,-9.874076128E0,1.037178707E1
9.515487333E0,-1.702553370E0,-1.004823428E1,-1.830059567E1,2.094701654E1
9.525440333E0,3.533425933E0,-1.058811471E1,8.718762794E-1,1.119613506E1
9.535394333E0,7.468801585E-2,5.349806466E0,1.750668178E1,1.830600760E1
9.545348333E0,-9.318937705E-3,1.149947812E1,5.557577333E0,1.277202997E1
9.555301333E0,-3.823211091E-1,2.732427848E0,-2.459833578E0,3.696364783E0
9.565255333E0,7.847048190E-1,-2.139145374E0,-3.735693110E0,4.375740805E0
9.575209333E0,1.588523894E0,-8.417402562E0,4.392883896E0,9.626707795E0
9.585162333E0,4.171891889E-1,-4.158636836E0,-1.289809819E0,4.374004632E0
9.595116333E0,-7.175100785E-1,-1.111842794E0,-9.041413323E0,9.137733307E0
9.605070333E0,1.875411646E-1,-4.398971432E-1,3.365480744E0,3.399285487E0
9.615023333E0,-1.013487291E0,6.818310703E0,9.091728029E0,1.140947132E1
9.624977333E0,-1.009790937E-1,3.707782010E0,9.009226155E0,9.742894854E0
9.634931333E0,-8.973837344E-1,2.355611052E0,-6.378964368E0,6.858964018E0
9.644884333E0,-2.324233723E0,-7.495495459E0,-9.712259113E0,1.248649237E1
9.654838333E0,-1.581729027E-1,-1.227992938E1,-3.290695440E0,1.271417951E1
9.664792333E0,-3.813060324E-1,-2.790174365E-1,1.017047851E1,1.018144774E1
9.674745333E0,-1.368612159E0,8.897482941E0,1.193297198E1,1.494771294E1
9.684699333E0,-1.962632990E0,8.579467499E0,-1.778260487E0,8.978942097E0
9.694653333E0,4.541066082E-1,4.625948650E-1,-4.649409725E0,4.694381494E0
9.704606333E0,5.271541192E-1,-1.229781952E1,-5.379104524E0,1.343313150E1
9.714560333E0,8.488131798E-1,-3.580556538E0,-9.958112311E-1,3.812152797E0
9.724514333E0,9.557833124E-1,3.240505865E0,1.240804889E0,3.599166122E0
9.734467333E0,-1.514043084E0,2.340645688E0,-7.104497995E0,7.631830741E0
9.744421333E0,-1.228379994E0,1.876673219E0,-6.149696796E0,6.545959858E0
9.754375333E0,2.022340664E0,3.563733514E0,8.116403688E0,9.092088162E0
9.764328333E0,-1.412590969E0,4.540399792E0,2.090888771E1,2.144276635E1
9.774282333E0,4.073268364E-1,6.309837999E0,7.032260908E0,9.456884488E0
9.784236333E0,2.900624249E-1,-4.124416006E0,-9.341515235E0,1.021561797E1
9.794189333E0,-1.611131422E0,-5.312737457E0,-9.835635363E0,1.129427495E1
9.804143333E0,2.805860690E0,-4.122810946E0,3.554662728E-1,4.999678047E0
9.814097333E0,9.494520935E-1,-1.039537879E0,-6.166128641E-1,1.536980710E0
9.824050333E0,-1.964280590E0,8.386234564E-1,-6.481762512E0,6.824582976E0
9.834004333E0,-3.161560998E-1,1.294889880E0,-2.199069979E0,2.571498251E0
9.843958333E0,-1.944508522E0,-4.040842922E0,3.421404684E-1,4.497397583E0
9.853911333E0,-5.226509957E-1,-3.367032595E0,6.713228052E0,7.528446283E0
9.863865333E0,1.693241825E0,1.717160007E0,2.205676748E0,3.268136516E0
9.873819333E0,-8.426227326E-1,2.431887395E0,-1.885687287E0,3.190596483E0
9.883772333E0,-2.615834660E0,4.194707140E0,4.056173737E0,6.394583985E0
9.893726333E0,1.948663188E-1,3.809012516E0,-6.272963119E-1,3.865236072E0
9.903680333E0,1.872266940E-1,-5.176281570E0,-2.659400802E0,5.822487214E0
9.913633333E0,-7.761083888E-1,-4.713274477E0,-9.317904178E0,1.047094259E1
9.923587333E0,1.000710905E0,-7.296607681E0,-3.281438713E0,8.062862146E0
9.933541333E0,9.283684956E-1,2.409011918E0,4.338106011E0,5.048204656E0
9.943494333E0,-8.858444005E-1,2.864291916E0,2.658871629E0,4.007304184E0
9.953448333E0,-4.507983632E-1,-7.902207899E-1,-3.632528053E0,3.744720031E0
9.963402333E0,-7.936331519E-1,-2.084600793E0,-1.405102878E0,2.636233704E0
9.973355333E0,-3.573267107E-1,-5.822657347E-1,1.049272792E1,1.051494436E1
9.983309333E0,1.446985314E0,4.939806721E0,8.179525550E0,9.664372466E0
9.993262333E0,4.946573045E-1,1.513221989E0,-6.757748167E0,6.942743472E0
1.000321633E1,-3.721053143E0,-2.058423977E0,-1.278963117E1,1.347805666E1
1.001316938E1,3.526653396E0,1.271964701E0,2.039988291E-1,3.754569735E0
1.002312338E1,-1.957586259E0,8.093804199E0,1.585461531E1,1.790839572E1
1.003307638E1,3.616829960E-2,8.975249739E0,2.145848622E0,9.228276239E0
1.004303038E1,3.588608008E-1,-7.122046659E0,-9.002856199E0,1.148493576E1
1.005298338E1,9.064081443E-2,-1.008317256E1,-1.821147825E1,2.081673665E1
1.006293738E1,2.058850386E0,-1.113707705E1,-6.697851044E-1,1.134557016E1
1.007289138E1,-8.988323821E-1,3.724043702E0,1.357638339E1,1.410654412E1
1.008284438E1,-1.222915041E0,1.021217617E1,1.584699522E0,1.040650450E1
1.009279838E1,-6.033964026E-1,5.734573721E0,-1.892275929E-2,5.766262312E0
1.010275238E1,8.298491246E-1,8.048208196E0,7.059597811E0,1.073779428E1
1.011270538E1,-1.206658392E0,7.474907997E0,9.316068737E0,1.200497442E1
1.012265937E1,2.172014218E-1,-1.061257362E0,2.313380706E0,2.554442001E0
1.013261337E1,-1.831271344E0,-6.741910399E0,-1.275328488E1,1.454142997E1
1.014256637E1,-4.967886877E-1,-1.306089637E1,-1.195605327E1,1.771386527E1
1.015252037E1,-4.375623866E-1,-1.520618716E1,-1.034213405E1,1.839508971E1
1.016247437E1,1.598333183E0,-5.622755077E0,3.226134870E0,6.676675057E0
1.017242737E1,2.102519877E-1,6.433163964E0,1.417528796E1,1.556819172E1
1.018238137E1,-3.939081197E0,1.228502464E1,6.437310224E0,1.441794556E1
1.019233538E1,9.518010844E-2,7.011812026E0,-6.914034301E-1,7.046460519E0
1.020228838E1,2.654467433E-1,-2.469369217E0,4.186024609E-1,2.518625483E0
1.021224238E1,-2.308623814E-1,-3.103255926E0,9.965737081E-1,3.267514948E0
1.022219638E1,5.251199459E-1,6.126408505E-1,-2.155988571E0,2.302035293E0
1.023214938E1,-2.711330509E0,-5.151305773E0,-3.197172149E0,6.641473786E0
1.024210338E1,-9.012072287E-1,-6.670169740E0,-3.883242334E0,7.770644108E0
1.025205738E1,-1.540956063E0,-5.451466742E0,-5.184242554E0,7.679153995E0
1.026201038E1,6.449138264E-1,-6.492087525E-1,5.445461066E0,5.521814201E0
1.027196438E1,3.589555622E-1,8.726174140E0,1.066253340E1,1.378276397E1
1.028191838E1,-2.441477560E0,5.496289743E0,3.250411925E0,6.836314160E0
1.029187138E1,-8.653947140E-1,-5.977713811E-1,-7.053744748E0,7.131728655E0
1.030182538E1,-2.332683681E0,-8.110717855E0,-7.650410421E0,1.139095856E1
1.031177938E1,1.770255064E0,-3.152459076E0,2.001090566E0,4.132331626E0
1.032173238E1,1.064190618E0,8.682729328E-1,7.012531233E0,7.145767548E0
1.033168637E1,-2.296652699E0,6.186498587E0,-1.501957328E0,6.767810148E0
1.034164037E1,7.373428108E-1,7.350545322E0,5.645589039E0,9.297680708E0
1.035159337E1,-1.046889510E0,3.067631180E0,9.021441574E0,9.586070455E0
1.036154737E1,-1.094987427E-1,2.084031274E0,4.161475659E0,4.655432954E0
1.037150137E1,-3.335329649E-1,-3.965716726E0,-6.158809097E0,7.332740476E0
1.038145437E1,-1.024866923E0,-6.763178476E0,-9.950362412E0,1.207479389E1
1.039140837E1,1.414030553E0,-5.789059246E0,3.038602093E-1,5.966994250E0
1.040136238E1,4.453830375E-1,3.331022517E0,9.259829632E0,9.850813260E0
1.041131538E1,-1.210121040E0,1.147402402E1,2.189144915E0,1.174350781E1
1.042126938E1,-1.104046920E0,5.048152703E0,-5.200870281E0,7.331563067E0
1.043122338E1,3.823976345E-1,-1.478487189E0,-1.285388447E0,1.996090123E0
1.044117638E1,6.917680771E-1,-6.720025440E0,1.939689539E0,7.028490627E0
1.045113038E1,8.417390721E-1,-1.800486338E0,-3.154952914E-1,2.012414718E0
1.046108438E1,-1.169435164E0,-2.922639527E0,-2.273310907E0,3.882955432E0
1.047103738E1,-1.412939317E0,-4.791595591E0,1.942220507E0,5.359851334E0
1.048099138E1,1.291779600E0,-2.861877016E0,4.636448495E0,5.599615097E0
1.049094538E1,-1.786890100E-1,-1.235190977E0,-2.626165813E-1,1.275379936E0
1.050089838E1,-4.935192537E-1,1.712047201E-1,-5.656254945E0,5.680325018E0
1.051085238E1,2.329285864E-1,1.297729872E0,-5.096810893E0,5.264583538E0
1.052080637E1,-5.343427774E-2,4.134493098E0,2.249277096E0,4.707030471E0
1.053075937E1,-4.171378430E-1,3.259694672E0,4.711415062E0,5.744305460E0
1.054071337E1,-5.509706325E-1,-1.079319996E-1,3.881192885E0,3.921591025E0
1.055066737E1,-1.039811456E0,-3.472583023E0,-5.868635173E0,6.897892396E0
1.056062037E1,-7.542653107E-1,-3.411932194E0,-5.533097965E0,6.544109607E0
1.057057437E1,3.375433143E-1,-2.166858253E0,2.434757794E0,3.276775197E0
1.058052837E1,8.616744961E-1,7.008794278E-1,5.657400414E0,5.765404960E0
1.059048137E1,-1.337455563E0,-2.188226902E-1,-6.257726444E0,6.402797123E0
1.060043538E1,-9.742294505E-1,-3.736136913E-1,7.263452214E-1,1.271332999E0
1.061038938E1,-4.452950004E-1,5.100646082E0,8.277455887E0,9.732993067E0
1.062034238E1,1.219938589E-1,3.507024293E0,7.057137303E0,7.881452201E0
1.063029638E1,-2.925699302E-1,-1.310392603E0,-5.990229192E0,6.138857525E0
1.064025038E1,2.855925209E-1,-5.065409591E0,-8.640706558E0,1.002006723E1
1.065020338E1,1.037942028E0,-6.445593975E0,1.486928814E0,6.695816801E0
1.066015738E1,1.102272729E0,2.560245473E0,7.496576024E0,7.998031892E0
1.067011138E1,-2.352396801E-1,9.212499930E0,1.703730122E0,9.371669488E0
1.068006438E1,1.039720093E-1,2.672105048E0,1.981904975E0,3.328498594E0
1.069001838E1,-2.270093586E-1,2.485566005E0,4.091867188E0,4.793010400E0
1.069997238E1,8.230773910E-1,-3.957296151E0,3.841170156E0,5.576041372E0
1.070992538E1,6.111547076E-1,-3.648656135E0,9.454263586E-1,3.818380896E0
1.071987938E1,9.251999626E-1,-3.344022047E0,-8.229625078E0,8.931136957E0
1.072983337E1,7.331987429E-1,-3.968696467E0,-2.088449722E0,4.544200071E0
1.073978637E1,5.539259249E-1,1.165885684E0,7.105975002E-1,1.473455858E0
1.074974037E1,1.514190288E0,4.138260459E0,1.204285753E1,1.282374319E1
1.075969437E1,-7.596107621E-1,6.445338451E0,6.758737516E0,9.370161635E0
1.076964737E1,6.064558851E-1,3.297303379E0,1.786126161E0,3.798716227E0
1.077960137E1,-1.747943404E0,-2.426056552E0,-4.460368366E0,5.369910847E0
1.078955537E1,3.101639463E0,-1.243667218E1,-6.040670782E0,1.416971015E1
1.079950837E1,-2.201433716E0,-1.276938577E1,-3.218161899E0,1.335140777E1
1.080946238E1,1.718058431E0,-6.564840336E0,-2.127128177E0,7.111506711E0
1.081941638E1,-7.723416855E-1,2.702219962E0,8.285478267E0,8.749151646E0
1.082936938E1,-1.320196922E0,1.332957476E1,8.139973814E0,1.567417165E1
1.083932338E1,1.354812731E0,7.336345358E0,1.092698542E1,1.323089155E1
1.084927738E1,6.987929951E-1,1.119974517E0,3.405190939E0,3.652119919E0
1.085923038E1,7.751390666E-1,-8.391768368E0,-8.801217306E-1,8.473324683E0
1.086918438E1,1.016612262E0,-2.680984045E0,-9.637038192E0,1.005453535E1
1.087913838E1,2.528777221E0,-2.821771549E0,-8.986641285E-1,3.894188763E0
1.088909138E1,-2.114867004E0,-4.041168612E0,5.561459885E0,7.192603301E0
1.089904538E1,2.353877645E0,2.725859086E0,6.743429505E0,7.644925717E0
1.090899938E1,-5.312905126E-1,2.614289533E0,5.561500230E0,6.168230231E0
1.091895238E1,-2.353705664E-1,2.796720908E0,4.354118903E0,5.180289428E0
1.092890637E1,-4.491019032E-1,6.716790175E-1,-3.877691280E0,3.960976506E0
1.093886037E1,1.146194163E0,-6.662870076E0,-2.402354279E0,7.174880124E0
1.094881337E1,2.941418080E-1,-5.663637055E0,3.151870261E0,6.488265580E0
1.095876737E1,1.364821117E0,-3.533495808E-1,4.655273606E0,4.864068765E0
1.096872137E1,-2.836240557E-1,1.198214940E0,5.239724445E0,5.382459838E0
1.097867437E1,7.685611682E-1,4.894799532E0,4.144301802E-1,4.972072114E0
1.098862837E1,-7.556066620E-1,-1.517952971E0,-2.609541594E0,3.112045948E0
1.099858238E1,1.387244458E0,-6.578560828E0,-2.001591088E0,7.014861127E0
1.100853621E1,5.740164463E-1,-5.453660617E0,3.063409490E0,6.281431899E0
1.101849021E1,1.862592247E0,-2.491703242E-1,5.427724707E0,5.743825487E0
1.102844421E1,5.520739656E-1,4.822006375E0,7.096849837E0,8.597779292E0
1.103839721E1,2.073188051E-1,3.795161632E0,4.328106979E0,5.760099211E0
1.104835121E1,7.088157074E-1,-5.133329093E0,3.234679699E-1,5.192120840E0
1.105830521E1,2.493040500E0,-6.390910814E0,-1.291399969E0,6.980451694E0
1.106825821E1,7.122765282E-1,-3.389979408E0,-1.669847846E-2,3.464040571E0
1.107821221E1,2.158470714E0,-2.211179563E0,5.881838186E0,6.644120057E0
1.108816621E1,-6.230163693E-1,1.956061451E0,3.064739147E0,3.688760203E0
1.109811921E1,2.974332787E-1,8.030326241E-1,1.257058979E0,1.521027688E0
1.110807321E1,1.038613288E0,-3.022864897E0,3.204244357E0,4.525882416E0
1.111802721E1,6.073530307E-1,-2.445328975E0,5.106975693E-1,2.570860460E0
1.112798021E1,2.947064517E0,-1.826763141E0,-1.634691170E0,3.833336413E0
1.113793421E1,1.022560489E0,-8.736623114E-1,5.284621121E0,5.453085015E0
1.114788821E1,1.685572617E0,2.360133873E0,8.825672700E0,9.289988459E0
1.115784121E1,-1.429346384E-1,3.681163731E0,3.708207980E0,5.227064487E0
1.116779521E1,1.400217018E-1,4.072164702E-1,7.410711417E-1,8.570984585E-1
1.117774921E1,-5.138588664E-1,-4.543105883E0,1.511829767E0,4.815546827E0
1.118770321E1,-1.205320769E0,-6.323473706E0,6.853557719E0,9.402678941E0
1.119765621E1,-2.354878944E-1,-1.198362874E0,4.144476049E0,4.320672384E0
1.120761021E1,-9.603893103E-1,-8.045049530E-1,2.788706129E0,3.057197691E0
1.121756321E1,9.255067221E-1,-1.972648247E0,3.481641530E0,4.107277875E0
1.122751721E1,-5.456652710E-2,1.810911924E-1,1.687126661E0,1.697694877E0
1.123747121E1,1.191368910E-1,1.216440711E0,-1.145529188E0,1.675159313E0
1.124742521E1,9.935444849E-1,-1.239506807E0,1.434138689E0,2.140154562E0
1.125737821E1,3.346948798E-1,-3.257465714E0,2.629629411E0,4.199768372E0
1.126733221E1,3.857845245E-1,-2.047009043E0,2.967109064E0,3.625301632E0
1.127728621E1,-9.107454262E-1,-2.091095880E0,5.499884026E0,5.954062773E0
1.128723921E1,5.703072650E-1,-1.554982803E0,4.793166738E0,5.071259141E0
1.129719321E1,-1.360267598E0,-4.069270331E-1,1.728784856E0,2.237099602E0
1.130714721E1,-8.515357165E-1,-8.310068733E-1,2.704167962E0,2.954354391E0
1.131710021E1,-1.330930071E0,-2.492537640E0,2.157389272E0,3.555059382E0
1.132705421E1,-3.692064987E-1,-1.029235085E0,1.183261271E0,1.611131756E0
1.133700821E1,-5.791129160E-1,-3.645823159E0,1.038083677E0,3.834711984E0
1.134696121E1,7.521638945E-2,-4.207455239E0,4.626071441E-1,4.233478766E0
1.135691521E1,6.093624995E-1,-3.728665341E0,1.412684378E0,4.033601992E0
1.136686921E1,1.593335421E0,-1.059510214E0,3.766207682E0,4.224405279E0
1.137682221E1,1.516285199E0,5.563390635E0,5.288532908E0,7.824258207E0
1.138677621E1,9.933812014E-1,5.846428033E0,5.638884037E0,8.183186429E0
1.139673021E1,1.294051097E0,-1.373536685E0,2.359253283E0,3.021133449E0
1.140668321E1,1.019496036E0,-6.083264825E0,1.050093858E0,6.256850662E0
1.141663721E1,1.711000988E0,-4.655411600E0,6.453566068E-1,5.001686385E0
1.142659121E1,4.731140790E-1,-3.385689306E0,2.812546104E0,4.426866227E0
1.143654421E1,6.697810844E-1,-1.588848122E0,3.518347426E0,3.918139056E0
1.144649821E1,3.677276282E-1,-9.817825913E-1,4.297776595E0,4.423799761E0
1.145645221E1,4.790181223E-1,3.092731522E0,3.629769336E0,4.792668575E0
1.146640521E1,1.911302769E-1,3.601811752E0,3.857990841E0,5.281446015E0
1.147635921E1,4.265038034E-1,-1.093821090E-1,4.185588115E0,4.208683619E0
1.148631321E1,1.135622104E0,-3.188751574E0,1.707836914E0,3.791369290E0
1.149626621E1,6.009206549E-1,-3.848720958E0,-1.521694019E-1,3.898321969E0
1.150622021E1,-3.273784415E-1,-3.351282535E0,-1.618553147E-1,3.371122723E0
1.151617421E1,-1.291083580E-1,-2.766819416E0,2.743200466E0,3.898346758E0
1.152612721E1,5.350630996E-1,-3.775982180E0,2.829261832E0,4.748584679E0
1.153608121E1,7.091001745E-1,-4.637040818E-1,-1.841306043E0,2.026882453E0
1.154603521E1,1.195720298E0,4.866173903E0,1.130249244E0,5.136814075E0
1.155598821E1,1.888550815E0,5.506591367E0,6.921522245E0,9.044149648E0
1.156594221E1,1.158736513E0,1.347400215E0,4.135966011E0,4.501596660E0
1.157589621E1,3.328325781E-1,-4.112312270E0,-3.332708269E0,5.303662333E0
1.158584921E1,7.729888261E-1,-5.849600147E0,-7.489064691E0,9.534223804E0
1.159580321E1,-9.745802835E-1,-3.210303826E0,-4.032883692E0,5.245951607E0
1.160575721E1,-1.324489655E0,-9.825392210E-1,1.891505851E0,2.509472166E0
1.161571021E1,1.105014123E-3,1.854353228E0,3.916005453E0,4.332865775E0
1.162566421E1,-4.153339039E-1,6.789335411E0,1.645230483E0,6.998168397E0
1.163561821E1,-7.135151877E-1,5.657886318E0,3.468211937E0,6.674524369E0
1.164557121E1,-3.311260682E0,-1.564054173E0,-6.569431570E-1,3.720522420E0
1.165552521E1,-6.338564493E-4,-6.726097773E0,-3.431157839E0,7.550710945E0
1.166547921E1,4.820387939E-1,-4.290363495E0,-2.907979681E0,5.205374736E0
1.167543221E1,1.842154182E0,3.542580042E0,3.463575388E0,5.285807398E0
1.168538621E1,2.387088076E0,2.725609410E0,5.381579651E0,6.487567778E0
1.169534021E1,1.666339151E-1,8.150784731E-2,9.360082483E-1,9.542126764E-1
1.170529321E1,-3.750387674E-1,-3.537714574E0,-1.591692792E0,3.897379174E0
1.171524721E1,1.859337394E0,-1.623439080E0,-1.256342695E0,2.769672717E0
1.172520121E1,8.732627273E-1,1.585396510E0,2.927464650E0,3.441819165E0
1.173515421E1,-1.097462736E0,-5.020021749E-1,3.796014156E0,3.983234127E0
1.174510821E1,-3.928389709E-2,-4.862396602E0,-4.051725760E-1,4.879406599E0
1.175506221E1,3.538146537E-1,-5.866663492E0,-2.766045245E0,6.495685617E0
1.176501521E1,1.020634416E0,-1.519015410E0,-6.953608257E-1,1.957710169E0
1.177496921E1,1.867107759E0,-1.897427326E-1,3.809449888E0,4.246645987E0
1.178492321E1,1.229604986E0,2.402014555E0,4.074798288E0,4.887287943E0
1.179487721E1,2.165100580E0,3.930282599E0,5.222955800E0,6.885786020E0
1.180483021E1,1.886545804E0,3.211807730E0,4.881729251E0,6.140524770E0
1.181478421E1,5.056715950E-1,-1.335371908E0,4.420548535E0,4.645446292E0
1.182473821E1,2.263537944E-1,-3.593292943E0,1.228128126E0,3.804114734E0
1.183469121E1,2.441192801E-1,-2.854152260E0,-4.548455501E-1,2.900459243E0
1.184464521E1,4.153138114E0,-1.185673832E0,2.894490154E0,5.199274169E0
1.185459921E1,2.024532785E0,-2.151458441E0,3.767087980E0,4.787322662E0
1.186455221E1,1.731455864E0,-2.796233835E0,9.616243154E-1,3.426599538E0
1.187450621E1,3.854251547E0,-5.438629764E-1,-2.651361465E-2,3.892524232E0
1.188446021E1,1.500967979E0,1.053809763E0,2.405250989E0,3.024673902E0
1.189441321E1,2.632591026E0,-5.238602364E-1,3.958083771E0,4.782404437E0
1.190436721E1,-1.088498955E0,-3.183831727E0,2.113422303E0,3.973432807E0
1.191432121E1,-3.803206304E-1,-2.862993250E0,-1.279152684E0,3.158734829E0
1.192427421E1,-3.766613332E-1,-1.250437008E0,1.538791570E0,2.018253197E0
1.193422821E1,-2.640559465E-1,-3.462183166E-1,7.585230339E0,7.597717549E0
1.194418221E1,-8.639106175E-1,-9.925888306E-1,7.567886328E0,7.681437210E0
1.195413521E1,-1.337595896E0,-1.753102841E0,3.208049725E0,3.892828713E0
1.196408921E1,3.302916706E-1,2.453374743E-1,3.109448712E0,3.136551348E0
1.197404321E1,-1.652200803E0,-1.727472156E-1,6.979671636E0,7.174637638E0
1.198399621E1,-2.839608480E0,-1.077821939E0,5.501230640E0,6.283996738E0
1.199395021E1,-3.221205083E0,-2.452188928E0,2.999803770E0,5.038671986E0
1.200390421E1,-1.997886000E0,-3.461889051E0,2.930101159E0,4.955977913E0
1.201385683E1,-1.440104750E0,-4.238491675E0,2.373174041E0,5.066622978E0
1.202381083E1,-3.100757411E0,-5.452315173E0,1.432661390E0,6.433891196E0
1.203376483E1,-1.508275829E0,-3.615004824E0,1.131204094E0,4.077104188E0
1.204371783E1,-1.530431221E0,-1.105351800E0,3.703145753E0,4.156598464E0
1.205367183E1,-1.134654098E0,1.073721287E0,6.535513626E0,6.719617227E0
1.206362583E1,-3.097849590E0,-4.844500029E-1,6.825686381E0,7.511415210E0
1.207357883E1,-4.206509160E0,-2.501714260E0,3.497920178E0,6.015707699E0
1.208353283E1,-2.636076844E0,-3.290992479E0,2.185055080E0,4.749105003E0
1.209348683E1,-2.103398714E0,-2.802006206E0,2.165495852E0,4.118846587E0
1.210343983E1,-1.960232124E0,-2.563545642E0,3.186307730E0,4.535067055E0
1.211339383E1,-6.135261921E-1,-1.862401920E0,4.940676202E0,5.315565504E0
1.212334783E1,-5.058896962E-1,-7.367263681E-1,4.061819516E0,4.158974382E0
1.213330083E1,9.814677919E-1,-1.909224084E0,3.169358699E0,3.827956399E0
1.214325483E1,1.079987748E0,-9.481201708E-1,2.147474148E0,2.583979607E0
1.215320883E1,-3.701259003E-1,-1.106580884E0,3.497745639E0,3.687240023E0
1.216316183E1,6.368144095E-1,-4.337704307E-1,3.044588765E0,3.140574808E0
1.217311583E1,-8.300827939E-1,-1.467288601E-1,1.035172933E0,1.334971836E0
1.218306983E1,-1.830673320E-1,-8.907893908E-1,8.957261950E-2,9.138066759E-1
1.219302283E1,1.781609333E-1,-6.533468270E-1,-7.565738645E-1,1.015385349E0
1.220297683E1,4.671441449E-1,-2.435108042E-1,-8.969561568E-1,1.040217050E0
1.221293083E1,6.945954251E-1,3.999156368E-1,-5.495058319E-1,9.717777423E-1
1.222288383E1,1.042619362E0,6.468073010E-1,1.083392581E-1,1.231727329E0
1.223283783E1,1.342169589E0,4.363426208E-2,2.624961287E-1,1.368293598E0
1.224279183E1,8.855545248E-1,-1.277739412E-1,-1.005729278E0,1.346114549E0
1.225274483E1,9.987743808E-1,-3.857770693E-1,-1.233799048E0,1.633595513E0
1.226269883E1,1.142083862E0,-3.055170178E-3,-7.290068740E-1,1.354922841E0
1.227265283E1,5.857039706E-1,5.486828363E-1,-1.367967796E-1,8.141347277E-1
1.228260683E1,-1.380085420E-1,6.386896116E-1,-2.318713367E-3,6.534341237E-1
1.229255983E1,-1.223472865E-1,7.682615715E-1,-5.283456355E-2,7.797346933E-1
1.230251383E1,-4.573743246E-2,2.753161490E-1,-1.029744378E-1,2.974804690E-1
1.231246783E1,1.291011129E-1,1.840861362E-1,-6.648187718E-1,7.018110873E-1
1.232242083E1,3.867567703E-3,2.657442570E-1,-6.931251428E-1,7.423324267E-1
1.233237483E1,2.901195449E-1,1.706007028E-1,6.524352461E-2,3.428274604E-1
1.234232883E1,2.819585860E-1,1.774068618E-1,-5.220861912E-2,3.371936813E-1
1.235228183E1,4.035635684E-1,-1.160730779E-2,-5.050579298E-1,6.465924495E-1
1.236223583E1,5.865646807E-1,-8.055884421E-2,-6.234897745E-1,8.598182081E-1
1.237218983E1,4.731000457E-1,1.597985566E-2,-3.062251157E-1,5.637843830E-1
1.238214283E1,4.392694446E-1,1.520293611E-1,-9.844079912E-2,4.751433074E-1
1.239209683E1,3.232481146E-1,4.354310399E-1,-1.976066530E-1,5.771810144E-1
1.240205083E1,1.561297942E-1,2.133122742E-1,-2.205365092E-1,3.442600628E-1
1.241200383E1,2.077061831E-1,8.391923904E-3,-3.102006376E-1,3.734122634E-1
1.242195783E1,8.248075090E-2,-2.152418554E-2,-5.997500789E-1,6.057776176E-1
1.243191183E1,6.914040148E-2,1.653972656E-1,-4.410507989E-1,4.760908083E-1
1.244186483E1,2.938956767E-2,2.244342631E-1,1.319745809E-2,2.267347747E-1
1.245181883E1,4.675484799E-2,2.681240737E-2,5.635546446E-2,7.797986518E-2
1.246177283E1,1.522738478E-1,-5.450072765E-2,-2.565992117E-1,3.033163522E-1
1.247172583E1,3.452144958E-2,-1.685974467E-1,-5.807805419E-2,1.816311919E-1
1.248167983E1,1.225303043E-1,-6.212198853E-2,3.403599912E-1,3.670391540E-1
1.249163383E1,-4.532279179E-2,-1.003411442E-1,4.481651062E-1,4.614915634E-1
1.250158683E1,-3.313307208E-1,-1.086833668E-1,3.110572547E-1,4.672780076E-1
1.251154083E1,-3.311614439E-2,-1.545313847E-1,4.690434667E-1,4.949529286E-1
1.252149483E1,2.196740448E-2,-2.227023178E-1,4.588593712E-1,5.105201385E-1
1.253144783E1,-1.753904495E-1,-1.710158551E-1,3.869649312E-1,4.579848146E-1
1.254140183E1,-1.405259876E-1,-1.252081829E-1,3.896064109E-1,4.326867200E-1
1.255135583E1,7.959025294E-2,-9.385365844E-2,5.338262308E-1,5.478262153E-1
1.256130883E1,-1.853172675E-2,-6.636355877E-2,3.683968055E-1,3.747849425E-1
1.257126283E1,-2.680772960E-2,-2.051875681E-1,2.251672116E-1,3.058118141E-1
1.258121683E1,6.866341487E-2,-1.869746608E-1,2.421255988E-1,3.135267036E-1
1.259116983E1,-1.310021889E-1,-2.458555377E-1,3.144726133E-1,4.201184874E-1
1.260112383E1,-5.843312636E-2,-1.526158369E-1,1.123887473E-1,1.983362157E-1
1.261107783E1,9.024841145E-2,-1.264343441E-1,5.345524549E-3,1.554316369E-1
1.262103183E1,1.681634371E-1,-8.973721862E-2,1.303160182E-1,2.308981909E-1
1.263098483E1,1.917731783E-1,4.443883896E-2,1.149562597E-1,2.279620669E-1
1.264093883E1,2.489716651E-1,1.566597712E-1,-4.558313906E-2,2.976692737E-1
1.265089183E1,2.682443802E-1,1.933633286E-1,1.595354319E-2,3.310573061E-1
1.266084583E1,2.676305687E-1,1.311588943E-1,3.649188817E-2,3.002672722E-1
1.267079983E1,1.746517999E-1,7.163891673E-2,-1.223442167E-1,2.249522015E-1
1.268075383E1,5.381601870E-2,6.052277505E-2,-1.606399709E-1,1.799010017E-1
1.269070683E1,-4.925592139E-2,5.113507032E-2,-5.595434546E-2,9.039817468E-2
1.270066083E1,1.511359066E-2,8.701826334E-2,-2.322806418E-2,9.132437650E-2
1.271061483E1,-5.563479513E-3,6.749090195E-2,-1.777553558E-3,6.774314612E-2
1.272056783E1,1.012060936E-1,9.628200710E-2,1.141136760E-1,1.803741370E-1
1.273052183E1,1.626261239E-1,2.693286002E-2,2.045198160E-1,2.626803957E-1
1.274047583E1,1.350822298E-1,-3.395712018E-2,1.440251076E-1,2.003584948E-1
1.275042883E1,6.928628951E-2,-7.008881986E-2,1.631601208E-1,1.906154706E-1
1.276038283E1,7.464920953E-2,-1.434924263E-1,3.242710850E-1,3.623731743E-1
1.277033683E1,-4.317130879E-2,-1.205573076E-1,3.692668712E-1,3.908399269E-1
1.278028983E1,-1.626420575E-1,-1.338655704E-1,2.593041337E-1,3.340824203E-1
1.279024383E1,-2.098824437E-1,-1.356314296E-1,2.488735780E-1,3.526819852E-1
1.280019783E1,-2.457415169E-1,-1.351601440E-1,3.031863177E-1,4.130122285E-1
1.281015083E1,-2.306628634E-1,-9.554818153E-2,2.689152020E-1,3.669471317E-1
1.282010483E1,-1.845036274E-1,-5.276468933E-2,2.511618859E-1,3.160822581E-1
1.283005883E1,-1.100479607E-1,-1.087359917E-1,2.969248268E-1,3.348110248E-1
1.284001183E1,3.035041139E-2,-1.182979435E-1,2.945990968E-1,3.189109260E-1
1.284996583E1,3.453847960E-2,-7.572319686E-2,1.990661180E-1,2.157642891E-1
1.285991983E1,7.486701831E-2,-3.590365827E-2,1.891764298E-1,2.065958971E-1
1.286987283E1,1.107193673E-1,-1.857660413E-3,2.207358992E-1,2.469545837E-1
1.287982683E1,-2.208113283E-2,-6.655300856E-3,6.041518629E-2,6.466733480E-2
1.288978083E1,-1.029889096E-1,9.880625010E-3,-7.954844534E-2,1.305078443E-1
1.289973383E1,-7.070292369E-2,9.452608824E-3,-8.948052585E-2,1.144334730E-1
1.290968783E1,-6.254781201E-2,2.349879026E-2,-7.749344140E-2,1.023213340E-1
1.291964183E1,-1.092217492E-1,4.899265051E-2,-1.295678669E-1,1.764015375E-1
1.292959483E1,-3.074319810E-3,4.339569569E-2,-1.300888538E-1,1.371705061E-1
1.293954883E1,2.151760742E-2,5.632447422E-2,-9.725030601E-2,1.144249791E-1
1.294950283E1,4.974986494E-2,3.870330513E-2,-8.039161384E-2,1.021557951E-1
1.295945583E1,6.361302853E-2,4.789103508E-2,-9.071224183E-2,1.207016133E-1
1.296940983E1,1.220613576E-1,6.860538125E-3,2.796723247E-2,1.254121529E-1
1.297936383E1,1.044631389E-1,-1.615059435E-2,8.761818767E-2,1.372965254E-1
1.298931683E1,1.334764382E-1,-5.264014363E-2,9.580662847E-2,1.725278364E-1
1.299927083E1,1.068667831E-1,-8.813449681E-2,1.520293611E-1,2.056723742E-1
1.300922433E1,9.409544080E-2,-1.169864130E-1,3.090621847E-1,3.435974488E-1
1.301917733E1,1.053090848E-1,-1.048370683E-1,3.229528302E-1,3.554987268E-1
1.302913133E1,2.605402350E-2,-1.119180465E-1,3.286047488E-1,3.481171387E-1
1.303908533E1,-4.494301513E-2,-1.091768718E-1,3.465951696E-1,3.661525304E-1
1.304903833E1,-5.575159326E-2,-1.253666425E-1,3.931223416E-1,4.163774858E-1
1.305899233E1,-7.393380269E-2,-5.573332071E-2,3.142352164E-1,3.275914856E-1
1.306894633E1,-1.427634247E-1,-6.722134531E-2,2.412742442E-1,2.882938875E-1
1.307889933E1,-1.634045345E-1,-5.185486257E-2,1.974324059E-1,2.614756654E-1
1.308885333E1,-1.910228343E-1,-3.888632298E-2,1.300976247E-1,2.343656572E-1
1.309880733E1,-2.488194913E-1,1.644178569E-2,8.603008389E-2,2.637852287E-1
1.310876033E1,-1.585063219E-1,4.237126350E-2,9.871444881E-2,1.914787729E-1
1.311871433E1,-1.433683191E-1,7.065190673E-3,8.979452133E-2,1.693146417E-1
1.312866833E1,-1.828531046E-1,-2.655688405E-2,2.312339902E-2,1.862128286E-1
1.313862233E1,-1.704064290E-1,-3.692458212E-2,-1.820998371E-2,1.753093817E-1
1.314857533E1,-1.862971146E-1,2.119030952E-3,1.768285722E-2,1.871464364E-1
1.315852933E1,-2.057806219E-1,1.143130660E-2,3.629571408E-2,2.092694865E-1
1.316848333E1,-2.361224087E-1,-2.976232767E-4,-1.415026188E-2,2.365462119E-1
1.318571492E1,3.222868323E-2,-5.049070716E-3,3.625156760E-2,4.876840465E-2
1.319566792E1,5.877250241E-2,-4.400614500E-3,3.527976036E-2,6.868940194E-2
1.320562192E1,9.054513937E-2,2.900218964E-4,2.981612206E-2,9.532841922E-2
1.321557492E1,1.179489195E-1,1.604826808E-2,2.061786711E-2,1.208080749E-1
1.322552792E1,1.542052563E-1,-5.461299419E-3,1.424907982E-2,1.549584561E-1
1.323548192E1,1.694293776E-1,1.025426209E-2,1.110269308E-2,1.701021272E-1
1.324543492E1,1.777560867E-1,1.576994061E-3,2.081345648E-2,1.789774099E-1
1.325538892E1,2.034710814E-1,1.804567695E-2,-1.672303677E-4,2.042698102E-1
1.326534192E1,2.149297420E-1,1.478293061E-2,-5.344355106E-3,2.155038077E-1
1.327529592E1,2.349009984E-1,2.470156252E-2,5.165430307E-3,2.362526781E-1
1.328524892E1,2.255397158E-1,2.561723650E-2,-1.318371713E-2,2.273724183E-1
1.329520292E1,2.260394152E-1,2.248722196E-2,-3.991952598E-2,2.306362090E-1
1.330515592E1,2.410092009E-1,3.179481983E-2,-4.438972235E-2,2.471169620E-1
1.331510992E1,2.413732083E-1,3.603288174E-2,-4.053289890E-2,2.473910066E-1
1.332506292E1,2.597601068E-1,3.565573633E-2,-7.296067983E-2,2.721578686E-1
1.333501592E1,2.283213642E-1,5.146660745E-2,-9.286080122E-2,2.517987002E-1
1.334496992E1,1.992371673E-1,5.501528263E-2,-1.207181060E-1,2.393637218E-1
1.335492292E1,1.417296735E-1,5.709104419E-2,-1.115087414E-1,1.891583651E-1
1.336487692E1,1.270811740E-1,1.410126221E-1,-4.370852172E-2,1.947937865E-1
1.337482992E1,1.080356597E-1,-5.622682571E-2,3.046770653E-1,3.281177743E-1
1.338478392E1,9.024263732E-4,-1.503558880E-1,-1.164180636E-2,1.508086174E-1
1.339473667E1,-1.643864464E-1,-1.483000070E-1,-2.897809911E-1,3.646763204E-1
1.340469067E1,-1.788522387E-1,1.806029499E-2,-2.000174600E-1,2.689261643E-1
1.341464367E1,-4.873868035E-2,1.655048543E-1,1.066020504E-1,2.028085622E-1
1.342459667E1,-2.411243727E-1,2.319713241E-1,-5.753104717E-2,3.395018111E-1
1.343455067E1,-2.852563425E-1,7.330712736E-2,-2.348250577E-1,3.766801343E-1
1.344450367E1,-2.414650096E-1,1.144884825E-3,-3.418627256E-1,4.185412582E-1
1.345445767E1,-2.015816267E-1,3.495056212E-2,-1.334779000E-1,2.442806661E-1
1.346441067E1,-2.571636142E-1,1.134646350E-1,-1.271827877E-2,2.813700454E-1
1.347436467E1,-2.748442421E-1,1.057474798E-1,-7.574424684E-2,3.040708435E-1
1.348431767E1,-3.085575334E-1,3.034412563E-2,-2.297061127E-1,3.858670958E-1
1.349427167E1,-2.825043505E-1,-6.219332457E-2,-2.097156519E-1,3.572917188E-1
1.350422467E1,-1.486902721E-1,2.184870601E-2,-1.526433188E-1,2.142105173E-1
1.351417867E1,-1.939209702E-1,1.394806516E-1,-3.506692171E-2,2.414329801E-1
1.352413167E1,-2.161445558E-1,1.046563894E-1,7.037562579E-2,2.502481919E-1
1.353408567E1,-2.284340144E-1,6.255351305E-2,-2.022084117E-2,2.377055392E-1
1.354403867E1,-2.901187591E-1,-5.866277575E-2,-1.103463149E-1,3.158900519E-1
1.355399167E1,-1.948598869E-1,-4.613394678E-2,-1.310045278E-1,2.392925048E-1
1.356394567E1,-7.028641921E-2,-4.740045369E-2,2.568681836E-3,8.481498606E-2
1.357389867E1,-1.047423800E-1,-2.337658346E-2,6.520113230E-2,1.255731598E-1
1.358385267E1,2.707534935E-2,-5.474806488E-2,1.056919312E-1,1.220705103E-1
1.359380567E1,6.965170395E-2,2.691882670E-2,1.843568623E-2,7.691461253E-2
1.360375967E1,7.686612653E-2,-1.329072118E-3,1.515972519E-1,1.699761590E-1
1.361371267E1,6.273185313E-3,1.174120903E-3,1.458658111E-1,1.460053638E-1
1.362366667E1,-9.629662514E-2,-5.453230262E-2,1.381477788E-1,1.770074033E-1
1.363361967E1,-1.638062016E-1,-1.156245965E-1,1.325253886E-1,2.403424591E-1
1.364357367E1,-1.414311914E-1,-1.501366174E-1,1.167101321E-1,2.369916469E-1
1.365352667E1,-1.638509328E-1,-1.382503974E-1,9.028276384E-2,2.326183097E-1
1.366347967E1,-1.527478926E-1,-1.099411029E-1,1.850450796E-1,2.639330337E-1
1.367343367E1,-9.380357338E-2,-3.258828700E-2,2.189855352E-1,2.404491037E-1
1.368338667E1,-2.149917042E-2,1.670900345E-2,1.699808979E-1,1.721479328E-1
1.369334067E1,-1.724976126E-2,-6.808848739E-2,2.397668320E-1,2.498434112E-1
1.370329367E1,5.245385500E-2,-2.735169607E-1,2.786747897E-1,3.939829604E-1
1.371324767E1,-4.981809463E-3,-3.187551141E-2,-9.378992379E-2,9.918375097E-2
1.372320067E1,2.684072983E-3,-6.574726224E-2,1.645643297E-1,1.772324049E-1
1.373315467E1,-3.670931323E-2,-6.416675985E-2,3.157858980E-1,3.243234190E-1
1.374310767E1,-1.531992611E-1,-3.015643001E-2,1.691038156E-1,2.301641247E-1
1.375306167E1,-1.338698279E-1,-1.746873218E-1,1.088640457E-1,2.455364976E-1
1.376301467E1,-1.400760261E-1,-1.346812570E-1,2.520617723E-2,1.959481703E-1
1.377296767E1,-1.694902251E-1,-4.687654316E-2,1.058229089E-1,2.052384827E-1
1.378292167E1,-5.625589734E-2,1.801468670E-2,1.881125289E-1,1.971689084E-1
1.379287467E1,-5.897730114E-2,-8.058808029E-2,1.815630627E-1,2.072146386E-1
1.380282867E1,-1.060854123E-1,-1.832277650E-1,3.475701928E-2,2.145567033E-1
1.381278167E1,4.223822108E-2,-3.461393791E-1,4.439410776E-2,3.515215127E-1
1.382273567E1,2.272123118E-1,-3.914132005E-1,-2.531277198E-1,5.185589365E-1
1.383268867E1,2.628867958E-1,-1.387240219E-1,-7.226404256E-1,7.813853123E-1
1.384264267E1,3.566505533E-2,1.097514777E0,-4.314306673E-1,1.179806383E0
1.385259567E1,-6.494718041E-2,1.153373228E0,1.606727153E-1,1.166320565E0
1.386254967E1,3.637239300E-1,6.681408674E-1,-1.617942113E-1,7.777433270E-1
1.387250267E1,1.511106356E-1,-9.954475343E-2,-4.354842496E-1,4.715825631E-1
1.388245667E1,-2.959056571E-4,-4.496029365E-1,-3.623528311E-1,5.774447699E-1
1.389240967E1,1.034494875E-1,-4.204925734E-1,-1.268483269E-1,4.512275466E-1
1.390236267E1,3.314941139E-1,-3.856531084E-2,-2.047732928E-1,3.915453131E-1
1.391231667E1,-1.017093744E-1,1.934656549E-1,-3.883600768E-1,4.456425762E-1
1.392226967E1,-4.769800387E-2,1.777723128E-1,-1.868015832E-1,2.622459270E-1
1.393222367E1,2.516559390E-2,1.988117641E-1,-8.163414717E-2,2.163875196E-1
1.394217667E1,-1.774361892E-1,3.270511436E-1,-1.383468765E-1,3.969709184E-1
1.395213067E1,-2.789623265E-1,2.965327710E-1,-1.661556494E-1,4.397264646E-1
1.396208367E1,-7.817886299E-2,9.254446685E-2,-2.188671291E-2,1.231074375E-1
1.397203767E1,-2.051046107E-2,-1.610036677E-1,-1.540583450E-1,2.237785371E-1
1.398199067E1,-8.840507671E-2,-4.699348748E-2,-5.330082053E-1,5.423297819E-1
1.399194467E1,5.876332959E-2,1.046125352E-1,-4.208632869E-1,4.376331999E-1
1.400189767E1,1.980194481E-1,1.640354490E-1,1.094382423E-1,2.794567216E-1
1.401185067E1,1.037191903E-1,1.886615825E-1,2.955714887E-1,3.656683854E-1
1.402180467E1,-1.060636497E-1,7.994137824E-2,9.843202829E-2,1.653148086E-1
1.403175767E1,-1.917085665E-1,-4.564044178E-2,6.192756861E-2,2.065677810E-1
1.404171167E1,-2.301982838E-1,-1.916664666E-1,1.595646679E-1,3.393938237E-1
1.405166467E1,-2.986143432E-1,-2.848933035E-1,1.011781731E-1,4.249373402E-1
1.406161867E1,-3.458188055E-1,-2.556496239E-1,7.989840120E-2,4.374141413E-1
1.407157167E1,-3.524413620E-1,-1.829938763E-1,2.256914145E-1,4.567694024E-1
1.408152567E1,6.425666079E-2,1.201719761E-2,3.881913847E-1,3.936570622E-1
1.409147867E1,1.251804087E0,1.073349988E-1,2.325519526E-1,1.277738112E0
1.410143267E1,3.433004098E-1,1.132412714E-1,2.577093056E-1,4.439513972E-1
1.411138567E1,-5.568155824E-1,-8.207210362E-2,5.349029955E-1,7.764667653E-1
1.412133967E1,-1.286412660E-1,-2.758014679E-2,3.474482784E-1,3.715232778E-1
1.413129267E1,-4.694612503E-2,-2.298534626E-1,2.430804491E-1,3.378234119E-1
1.414124667E1,-1.005343764E-1,-4.448573363E-1,1.722656974E-1,4.875250568E-1
1.415119967E1,1.582453534E-1,-4.263696098E-1,2.212136167E-1,5.057352077E-1
1.416115267E1,-4.489833875E-2,-3.475789636E-1,2.794919381E-1,4.482663720E-1
1.417110667E1,-6.233693949E-1,-2.070575076E-1,4.135624534E-1,7.762062334E-1
1.418105967E1,-7.402687575E-1,-5.137363672E-3,4.236377907E-1,8.529321213E-1
1.419101367E1,-8.892258453E-1,-4.210053742E-2,4.650296456E-1,1.004364292E0
1.420096667E1,-1.083695906E0,-8.909285545E-2,2.544626391E-1,1.116729863E0
1.421092067E1,-9.041265973E-1,-1.922453409E-1,4.212918878E-3,9.243489189E-1
1.422087367E1,-5.591442360E-1,-2.794512999E-1,6.775402665E-2,6.287494841E-1
1.423082767E1,-4.781708973E-1,-1.497623956E-1,1.891357917E-1,5.355824211E-1
1.424078067E1,-4.543046095E-1,-9.484710038E-2,2.195448214E-1,5.134087838E-1
1.425073467E1,-4.360891806E-2,4.369390368E-2,1.316570771E-1,1.454114194E-1
1.426068767E1,1.019391517E-1,8.804971218E-2,1.479813337E-2,1.355113546E-1
1.427064167E1,-3.983180313E-1,1.523901343E-2,-9.534119010E-2,4.098529298E-1
1.428059467E1,-2.660061391E-1,-9.703454375E-3,-1.062415695E-1,2.866019787E-1
1.429054767E1,-1.952395174E-1,-9.988564610E-2,-4.499783278E-2,2.238758951E-1
1.430050167E1,-4.398397674E-1,-1.891281903E-1,-4.909731567E-2,4.812889359E-1
1.431045467E1,-3.688728054E-1,-8.868881285E-2,-1.478304756E-1,4.071691315E-1
1.432040867E1,-1.803890149E-1,9.623932242E-3,-1.080047974E-1,2.104705514E-1
1.433036167E1,-2.481656995E-1,1.574871522E-1,-5.415983498E-3,2.939689616E-1
1.434031567E1,1.674675453E-2,3.005878150E-1,-1.320447475E-1,3.287389598E-1
1.435026867E1,4.136366765E-1,2.972163105E-1,-2.963170087E-1,5.892678551E-1
1.436022267E1,5.829876465E-1,1.899818838E-2,-2.241512579E-1,6.248834400E-1
1.437017567E1,6.585183969E-1,-7.303698599E-2,-2.361824888E-1,7.033939497E-1
1.438012967E1,9.017443686E-1,3.683453500E-2,-2.718832487E-1,9.425604438E-1
1.439008279E1,8.608716734E-1,2.007799369E-1,-2.478155243E-1,9.180550938E-1
1.440003679E1,8.744223764E-1,3.013690031E-1,-1.887077755E-1,9.439535968E-1
1.440998979E1,9.011835475E-1,2.751021409E-1,-2.051390362E-1,9.643106338E-1
1.441994279E1,7.263450752E-1,1.828465265E-1,-2.808622330E-1,7.999335063E-1
1.442989679E1,7.031363069E-1,9.773211658E-2,-2.675639105E-1,7.586452918E-1
1.443984979E1,6.297329928E-1,1.110620141E-1,-2.529049408E-1,6.876476731E-1
1.444980379E1,4.605181898E-1,7.443447053E-2,-2.446054029E-1,5.267345600E-1
1.445975679E1,2.924693216E-1,1.486198497E-1,-3.138683036E-1,4.540258536E-1
1.446971079E1,2.290033140E-1,2.788344187E-1,-2.852602163E-1,4.599614569E-1
1.447966379E1,2.309401311E-1,2.630305642E-1,-2.404924715E-1,4.246822938E-1
1.448961779E1,2.640338368E-1,2.241962814E-1,-3.591231215E-1,4.989461453E-1
1.449957079E1,2.751184035E-1,8.484192967E-2,-3.782812312E-1,4.753787741E-1
1.450952479E1,3.429606865E-1,1.006510466E-1,-3.898461467E-1,5.288976118E-1
1.451947779E1,2.622814628E-1,1.859724480E-1,-3.524596345E-1,4.770797744E-1
1.452943179E1,2.275822578E-1,2.312509471E-1,-2.876812559E-1,4.336256331E-1
1.453938479E1,5.298264429E-2,2.306159395E-1,-2.716224629E-1,3.602355264E-1
1.454933879E1,-8.965608850E-4,2.038783765E-1,-3.316172343E-1,3.892777753E-1
1.455929179E1,-1.067517025E-1,1.605779904E-1,-3.119261509E-1,3.667139766E-1
1.456924479E1,-1.898307698E-1,1.722478634E-1,-2.671429110E-1,3.702301750E-1
1.457919879E1,-2.583136519E-1,7.624418378E-2,-2.077492332E-1,3.401453545E-1
1.458915179E1,-4.281244689E-1,-4.089840835E-1,-7.294044846E-1,9.394623162E-1
1.459910579E1,-1.966664938E-1,3.755818641E-1,-1.523433566E-1,4.504974414E-1
1.460905879E1,-3.367700566E-1,3.595435363E-1,-2.526081946E-1,5.536212835E-1
1.461901279E1,-2.048855228E-1,6.561341947E-1,-3.137709475E-1,7.556072832E-1
1.462896579E1,-1.890887581E-1,4.213591307E-1,-4.409291768E-1,6.385269097E-1
1.463891979E1,-3.693128449E-1,1.319020754E-1,-7.223936731E-1,8.219749107E-1
1.464887279E1,1.340271363E-1,4.776122689E-2,-5.307695988E-1,5.495095769E-1
1.465882679E1,1.350986020E-1,-1.598833412E-1,7.737620473E-3,2.094616572E-1
1.466877979E1,-7.010720205E-2,1.800293380E-1,-5.792968109E-1,6.106638826E-1
1.467873379E1,-5.060048863E-1,2.055448329E-1,-4.619233122E-1,7.153060672E-1
1.468868679E1,-1.215434040E-1,2.591871893E-1,2.035079554E-1,3.512353713E-1
1.469864079E1,-3.847622851E-1,5.853928256E-1,3.088218641E-1,7.655701928E-1
1.470859379E1,-7.539707572E-1,4.197400367E-1,1.771992856E-1,8.809388106E-1
1.471854679E1,-8.455986730E-1,-9.581072152E-2,1.300467539E-1,8.608884761E-1
1.472850079E1,-9.208554813E-1,-5.119605678E-1,1.536928940E-1,1.064753467E0
1.473845379E1,-5.819105894E-1,-6.267431653E-1,6.263245046E-2,8.575253659E-1
1.474840779E1,-3.478402611E-1,-6.992702740E-1,5.886333525E-2,7.832219709E-1
1.475836079E1,-4.381478025E-1,-2.353176856E-1,5.097281009E-2,4.999461345E-1
1.476831479E1,-2.507098595E-1,-8.467469931E-2,3.991385418E-1,4.788912339E-1
1.477826779E1,-1.528166522E-1,1.070098937E-1,5.598849320E-1,5.901484420E-1
1.478822179E1,-1.612989521E-1,1.922260451E-1,2.915655613E-1,3.846799721E-1
1.479817479E1,-1.744334064E-2,-2.224029404E-1,-4.765656173E-1,5.261959004E-1
1.480812879E1,-9.120242123E-2,-1.422849762E-1,-5.527027971E-1,5.779647723E-1
1.481808179E1,2.436077949E-2,-2.497801888E-1,4.783314764E-2,2.554830724E-1
1.482803579E1,4.137873519E-2,4.302311110E-1,-9.176512071E-1,1.014344491E0
1.483798879E1,4.749081875E-1,4.414770609E-1,-7.924281138E-1,1.023905317E0
1.484794279E1,7.974504335E-1,8.351227283E-2,6.968080115E-1,1.062281930E0
1.485789579E1,7.618248104E-1,4.348012948E-1,3.249531627E-1,9.354270498E-1
1.486784879E1,3.234760829E-1,8.921336657E-1,5.971112305E-1,1.121196270E0
1.487780279E1,1.506905315E-1,5.734095418E-1,3.731602398E-1,7.005388665E-1
1.488775579E1,1.290826942E-1,-5.594615936E-2,2.572310033E-1,2.931895356E-1
1.489770979E1,-4.449387222E-1,-7.380221111E-1,-1.049575210E-3,8.617703897E-1
1.490766279E1,-5.488211960E-1,-1.078123655E0,-2.684561956E-1,1.239202990E0
1.491761679E1,-5.183423652E-1,-4.643671560E-1,-5.568250841E-1,8.912742773E-1
1.492756979E1,-4.354125116E-1,6.176004589E-2,-9.649659991E-3,4.398766582E-1
1.493752379E1,-2.128455933E-1,8.493782401E-2,7.155658793E-1,7.513668932E-1
1.494747679E1,-3.638595489E-1,3.989186865E-1,3.484063447E-1,6.425860804E-1
1.495743079E1,-1.017613963E-1,9.207668960E-2,1.228874230E-1,1.842140529E-1
1.496738379E1,1.122442480E-2,-1.419095850E-1,4.004173279E-2,1.478771733E-1
1.497733779E1,9.848717485E-2,-2.983834147E-1,-1.444379210E-1,3.458246649E-1
1.498729079E1,1.905691635E-2,-3.285784364E-1,-2.710915357E-1,4.264007219E-1
1.499724479E1,1.059954383E-1,-1.296696085E-1,-3.977509975E-2,1.721374418E-1
1.500719779E1,2.437258355E-2,2.428787202E-1,1.363219857E-1,2.795850127E-1
1.501715179E1,7.213417590E-2,2.073586392E-1,3.163089314E-1,3.850354330E-1
1.502710479E1,5.566490829E-2,2.416683465E-1,3.089595661E-1,3.961794861E-1
1.503705779E1,1.241500196E-1,-2.668142974E-2,2.730743265E-1,3.011556306E-1
1.504701179E1,1.172128099E-1,-1.100352430E-1,1.262741303E-1,2.044303145E-1
1.505696479E1,1.750597894E-1,-5.078248322E-2,-1.573661149E-1,2.408088133E-1
1.506691879E1,2.001676603E-1,-2.255446494E-1,-5.301875085E-2,3.061837178E-1
1.507687179E1,2.529344693E-1,-1.474352038E-1,1.174442500E-2,2.930032706E-1
1.508682579E1,2.582804324E-1,-2.368356228E-2,8.816782594E-2,2.739402460E-1
1.509677879E1,2.149188698E-1,1.666520780E-1,8.790879428E-2,2.858163603E-1
1.510673279E1,3.040238948E-1,1.173273057E-1,2.784210205E-1,4.286192832E-1
1.511668579E1,2.184554120E-1,-2.309767127E-2,1.660357815E-1,2.753618532E-1
1.512663979E1,2.287520299E-1,-1.364266509E-1,-2.453433216E-2,2.674727195E-1
1.513659279E1,1.570806976E-1,-1.170495629E-1,-2.357626587E-1,3.065272859E-1
1.514654679E1,1.958689701E-1,-1.392233741E-1,-3.950671256E-2,2.435335330E-1
1.515649979E1,1.444878417E-1,-1.055270398E-1,3.947806120E-2,1.832244793E-1
1.516645379E1,1.175196060E-1,-4.245663285E-2,1.004291448E-1,1.603104382E-1
1.517640679E1,-6.060302809E-2,4.928735018E-2,1.635980773E-1,1.812906528E-1
1.518636079E1,1.170280013E-2,5.763308108E-2,2.494135684E-1,2.562531086E-1
1.519631379E1,-3.098596718E-2,7.516712666E-2,9.200506121E-2,1.227809365E-1
1.520626679E1,-5.179891203E-2,-7.746449769E-2,3.860887259E-2,1.008688293E-1
1.521622079E1,-7.574413721E-2,-1.204695994E-1,-9.747308493E-4,1.423061797E-1
1.522617379E1,3.334937520E-2,-1.009843379E-1,4.747939110E-4,1.063496251E-1
1.523612779E1,1.876170505E-2,-4.241921067E-2,-1.727618337E-2,4.949603542E-2
1.524608079E1,5.031368271E-2,-1.910870075E-2,6.975552857E-2,8.810472676E-2
1.525603479E1,3.056383476E-2,3.318294883E-3,1.788815296E-1,1.815041617E-1
1.526598779E1,-3.332766742E-3,7.081679821E-2,1.643465209E-1,1.789857681E-1
1.527594179E1,-8.672729127E-2,9.222053111E-2,7.423215687E-2,1.467537479E-1
1.528589479E1,-7.063385345E-2,-2.240185261E-2,8.301145881E-2,1.112739257E-1
1.529584879E1,-1.395933202E-1,-1.103539163E-1,6.601915777E-2,1.897967625E-1
1.530580179E1,-2.141714495E-1,-1.720607525E-1,5.851981133E-2,2.808894456E-1
1.531575579E1,-2.374794743E-1,-6.461407185E-2,1.184020239E-1,2.731126476E-1
1.532570879E1,-2.700749972E-1,-3.748065233E-2,2.756120181E-1,3.876948387E-1
1.533566279E1,-2.997480087E-1,3.546277821E-2,3.704024005E-1,4.778121133E-1
1.534561579E1,-3.133956293E-1,-2.081608772E-3,3.399793375E-1,4.623928021E-1
1.535556979E1,-3.256160177E-1,-9.872848213E-2,3.347080725E-1,4.772867042E-1
1.536552279E1,-3.206963166E-1,-1.861297381E-1,3.578516445E-1,5.153136970E-1
1.537547679E1,-2.964737872E-1,-2.509116250E-1,4.099193457E-1,5.647010006E-1
1.538542979E1,-3.320815033E-1,-2.981851941E-1,3.888603061E-1,5.919500591E-1
1.539538517E1,-3.543999600E-1,-3.989052379E-1,3.834566018E-1,6.570872742E-1
1.540533817E1,-3.996567513E-1,-3.526625329E-1,3.319633895E-1,6.279299905E-1
1.541529117E1,-4.082414871E-1,-2.743308932E-1,3.296777129E-1,5.921198740E-1
1.542524517E1,-4.138936251E-1,-1.789505267E-1,3.962137645E-1,6.002637513E-1
1.543519817E1,-4.047106460E-1,-1.130202466E-1,4.251738542E-1,5.977767890E-1
1.544515217E1,-4.131578992E-1,-1.049762321E-1,3.213466001E-1,5.338380806E-1
1.545510517E1,-3.864928416E-1,-1.253426689E-1,2.346160197E-1,4.691824570E-1
1.546505917E1,-3.942554589E-1,-1.525982952E-1,1.825465643E-1,4.604854555E-1
1.547501217E1,-3.711080132E-1,-2.149722987E-1,1.981852350E-1,4.724527850E-1
1.548496617E1,-3.651685578E-1,-1.874553019E-1,1.126147422E-1,4.256402776E-1
1.549491917E1,-3.570432669E-1,-1.653118962E-1,6.351450294E-2,3.985498834E-1
1.550487317E1,-3.558650529E-1,-1.049405640E-1,3.910764009E-2,3.730708584E-1
1.551482617E1,-3.487544002E-1,-5.652327955E-2,3.366242051E-3,3.533211632E-1
1.552478017E1,-3.513822120E-1,-1.257151365E-3,-1.560563385E-2,3.517308277E-1
1.553473317E1,-3.186347345E-1,-4.590064287E-4,-2.526377231E-2,3.196350465E-1
1.554468717E1,-3.007954643E-1,4.195435703E-2,-6.987948954E-2,3.116427802E-1
1.555464017E1,-2.326387107E-1,8.622947395E-2,-1.220556566E-1,2.765029388E-1
1.556459417E1,-1.403524715E-1,1.130816424E-1,-2.001010752E-1,2.693078431E-1
1.557454717E1,5.348696664E-2,1.509125429E-1,-2.599654537E-1,3.053153916E-1
1.558450117E1,2.094205137E-1,1.654890668E-1,-2.790267920E-1,3.861340874E-1
1.559445417E1,2.611291227E-1,1.747756147E-1,-3.074635559E-1,4.396234440E-1
1.560440717E1,2.926000068E-1,1.578502643E-1,-3.491825625E-1,4.821409876E-1
1.561436117E1,2.392715728E-1,1.147194475E-1,-4.106265664E-1,4.889024588E-1
1.562431417E1,1.502967580E-1,1.264214802E-1,-4.294689265E-1,4.722447088E-1
1.563426817E1,1.331786688E-1,1.887159616E-1,-4.554951757E-1,5.107113931E-1
1.564422117E1,7.388344355E-2,2.113131112E-1,-3.786042899E-1,4.398331530E-1
1.565417517E1,1.845017271E-1,3.213202876E-1,-3.975656408E-1,5.434574990E-1
1.566412817E1,2.699633885E-1,3.564643925E-1,-4.833466333E-1,6.584611319E-1
1.567408217E1,2.999715916E-1,3.521719515E-1,-5.259330744E-1,7.004381757E-1
1.568403517E1,4.099304554E-1,3.918400472E-1,-5.883813375E-1,8.171745219E-1
1.569398917E1,4.553883179E-1,3.858560067E-1,-5.846861896E-1,8.355365451E-1
1.570394217E1,5.360718539E-1,3.999290854E-1,-6.416684756E-1,9.268520586E-1
1.571389617E1,5.577066249E-1,3.686301094E-1,-6.470388508E-1,9.303677292E-1
1.572384917E1,5.421556626E-1,3.988467658E-1,-7.011443067E-1,9.719129816E-1
1.573380317E1,-2.316106971E-1,3.905086362E-1,-1.105780693E0,1.195362477E0
1.574375617E1,-1.769126259E0,6.489941597E-2,-2.201877812E0,2.825293888E0
1.575371017E1,2.089269356E0,4.893832988E-1,-1.063783359E0,2.395031835E0
1.576366317E1,1.372765437E0,1.676417778E0,3.073542130E-1,2.188453363E0
1.577361717E1,4.582805700E-1,1.348637486E0,-6.069503403E-1,1.548299992E0
1.578357017E1,7.728706393E-1,5.582021034E-1,-1.140065842E0,1.486159055E0
1.579352417E1,-3.655201947E-1,3.090171611E-1,-1.228008842E0,1.317991781E0
1.580347717E1,5.969888044E-1,2.069972813E-1,-8.481140721E-1,1.057610981E0
1.581343017E1,5.024677594E-1,4.799494010E-1,-1.022524528E0,1.236277351E0
1.582338417E1,8.014106065E-2,2.259317350E-1,-9.676937252E-1,9.969447750E-1
1.583333717E1,-1.151601083E-1,1.970535064E-1,-9.736146158E-1,1.000008677E0
1.584329117E1,6.529515553E-1,4.656278157E-1,-1.405995456E0,1.618634677E0
1.585324417E1,8.674449670E-1,1.013611910E0,-1.168776548E0,1.773670909E0
1.586319817E1,1.218297933E0,1.041976168E0,-3.864383894E-1,1.649029659E0
1.587315117E1,1.109773391E0,7.518472677E-1,-5.921118611E-1,1.465424085E0
1.588310517E1,6.688939156E-1,5.893127990E-1,-1.419825583E0,1.676488392E0
1.589305817E1,6.525678317E-1,-5.645428240E-2,-1.539080715E0,1.672662939E0
1.590301217E1,1.344571625E-1,2.017102289E-1,-1.690188847E0,1.707484725E0
1.591296517E1,1.752045080E-3,4.341148317E-1,-1.054855245E0,1.140692047E0
1.592291917E1,1.881408148E-1,9.850523543E-1,-1.010111766E0,1.423394143E0
1.593287217E1,-1.043213439E-1,1.058013911E0,-7.119891375E-1,1.279533083E0
1.594282617E1,-3.701404452E-2,1.006417496E0,-9.087181234E-1,1.356471468E0
1.595277917E1,2.114456237E-1,8.007048476E-1,-1.313931922E0,1.553143458E0
1.596273317E1,-1.917418226E-1,6.010727191E-1,-1.489054862E0,1.617200582E0
1.597268617E1,-2.189731099E-2,1.837733102E-1,-1.334142823E0,1.346918407E0
1.598264017E1,1.940383896E-1,2.244325089E-1,-1.416263459E0,1.447004849E0
1.599259317E1,2.403571084E-2,2.426927787E-1,-1.342948145E0,1.364912899E0
1.600254717E1,8.100294024E-3,4.017744666E-1,-1.228097720E0,1.292173497E0
1.601250017E1,1.490670886E-1,6.132191402E-1,-9.908264798E-1,1.174732235E0
1.602245417E1,-6.911204249E-2,7.686761391E-1,-1.028726085E0,1.286046982E0
1.603240717E1,-3.765997182E-1,7.278245670E-1,-1.225261528E0,1.474049443E0
1.604236117E1,-3.232658755E-1,3.889398283E-1,-1.196673321E0,1.299154361E0
1.605231417E1,-4.461339296E-1,1.433901000E-1,-1.139996552E0,1.232553586E0
1.606226717E1,-5.597531504E-1,1.746814746E-1,-9.878122401E-1,1.148742891E0
1.607222117E1,-5.161233468E-1,1.994356620E-1,-5.049234438E-1,7.490698075E-1
1.608217417E1,-7.227515227E-1,3.389823872E-1,1.277084523E-1,8.084480633E-1
1.609212817E1,-1.033154693E0,4.276542431E-1,4.557512838E-1,1.207479194E0
1.610208117E1,-1.033409851E0,1.667994279E-1,1.770484275E-1,1.061651598E0
1.611203517E1,-1.081877275E0,-4.329904121E-1,-6.292422652E-2,1.167004111E0
1.612198817E1,-9.829937690E-1,-8.118063712E-1,-9.578850210E-2,1.278468526E0
1.613194217E1,-5.012966352E-1,-6.840148884E-1,5.657473505E-3,8.480605468E-1
1.614189517E1,-8.515650988E-2,-4.057763010E-1,1.292942172E-1,4.343075319E-1
1.615184917E1,2.000491080E-1,-1.585291260E-1,-1.153070927E-3,2.552497973E-1
1.616180217E1,3.759545510E-1,1.037588418E-1,-3.133815229E-2,3.912669184E-1
1.617175617E1,1.284548494E-1,4.864526743E-1,1.353180188E-1,5.210065440E-1
1.618170917E1,-6.789531000E-2,7.167060864E-1,6.213631421E-1,9.509834603E-1
1.619166317E1,-2.597149006E-1,6.202147490E-1,6.001751715E-1,9.012926278E-1
1.620161617E1,-5.498346647E-1,2.795723373E-1,9.609372675E-2,6.242698572E-1
1.621157017E1,-3.507339019E-1,-1.563253105E-2,-6.812409693E-1,7.663862631E-1
1.622152317E1,-1.429722434E-1,-3.208612812E-1,-1.075888849E0,1.131781711E0
1.623147717E1,-2.010263970E-1,-9.169837475E-2,-1.201760399E0,1.221903540E0
1.624143017E1,-8.040425844E-2,3.886147231E-1,-1.147827144E0,1.214493063E0
1.625138417E1,2.752934179E-1,8.390549809E-1,-1.190497200E0,1.482256155E0
1.626133717E1,3.667682098E-1,8.812560904E-1,-1.221768694E0,1.550435409E0
1.627129117E1,3.495233821E-1,7.760752058E-1,-1.564968678E0,1.781456225E0
1.628124417E1,2.288962003E-1,7.773908293E-1,-1.871919725E0,2.039807204E0
1.629119817E1,-1.206574412E-1,8.660778880E-1,-1.997001608E0,2.180060676E0
1.630115117E1,-2.685649538E-1,9.240261340E-1,-2.101746291E0,2.311555515E0
1.631110517E1,-1.910269274E-1,9.104939228E-1,-2.123568684E0,2.318412049E0
1.632105817E1,-3.272321881E-1,9.072393626E-1,-2.212451917E0,2.413525979E0
1.633101217E1,-3.207464565E-1,7.900693470E-1,-2.362421012E0,2.511597280E0
1.634096517E1,-2.146316984E-1,7.884572697E-1,-2.401816335E0,2.537016622E0
1.635091917E1,-1.385650507E-1,9.531189555E-1,-2.313744988E0,2.506202682E0
1.636087217E1,4.136744276E-2,1.025254886E0,-2.406462240E0,2.616088561E0
1.637082517E1,3.632605382E-1,1.045142435E0,-2.376105543E0,2.621098716E0
1.638077917E1,7.440054207E-1,1.137945349E0,-1.687134262E0,2.166768493E0
1.639073092E1,1.098683343E0,1.123023840E0,-9.195299175E-1,1.820390865E0
1.640068492E1,1.324972050E0,1.237280772E0,-4.169023830E-1,1.860167261E0
1.641063792E1,1.496363735E0,9.523757744E-1,2.920190129E-1,1.797609287E0
1.642059192E1,1.512629666E0,5.916171867E-1,7.478354931E-1,1.788104395E0
1.643054492E1,1.557202991E0,-7.723762572E-2,1.152647588E0,1.938928381E0
1.644049892E1,1.571780830E0,-8.173980635E-1,1.432466386E0,2.278287629E0
1.645045192E1,1.518160255E0,-1.072568800E0,1.430015233E0,2.345241556E0
1.646040592E1,1.255520723E0,-5.998524052E-1,1.247936153E0,1.869090644E0
1.647035892E1,1.220888980E0,-3.603919673E-1,1.307250601E0,1.824652407E0
1.648031292E1,1.106949844E0,6.418664038E-2,1.465428017E0,1.837644458E0
1.649026592E1,8.774285761E-1,2.842126876E-1,1.730143749E0,1.960626214E0
1.650021992E1,5.262828109E-1,2.867989111E-1,2.229652671E0,2.308804506E0
1.651017292E1,-5.244031504E-2,4.651454204E-1,1.830432853E0,1.889337100E0
1.652012692E1,-4.611511874E-1,1.630794293E-1,1.539522180E0,1.615358740E0
1.653007992E1,-9.887499873E-1,-4.724953705E-1,1.500432374E0,1.858003154E0
1.654003392E1,-1.405825448E0,-8.472767508E-1,1.364296622E0,2.134368374E0
1.654998692E1,-1.841646351E0,-9.299973106E-1,7.251614526E-1,2.186873433E0
1.655994092E1,-2.205440521E0,-1.022229536E0,3.314798248E-1,2.453324273E0
1.656989392E1,-2.369964066E0,-8.124127275E-1,-9.033275753E-2,2.506971105E0
1.657984792E1,-1.377259022E0,-1.462412024E-1,-3.720314348E-1,1.434097727E0
1.658980092E1,1.210023319E0,-2.840752780E-1,7.307733178E-1,1.441833845E0
1.659975492E1,1.413087544E0,6.160205412E-1,1.063517895E-1,1.545188796E0
1.660970792E1,-3.039100276E0,1.216174663E0,-2.430652463E0,4.077166013E0
1.661966192E1,-3.459755402E0,1.209918727E0,-2.478936431E0,4.424809216E0
1.662961492E1,3.197386523E-1,3.001703238E-1,-7.427028072E-1,8.625210078E-1
1.663956892E1,1.077283849E0,3.137645155E-1,-1.068410845E0,1.549351605E0
1.664952192E1,-5.887383100E-1,3.847064441E-1,-1.518541493E0,1.673493386E0
1.665947592E1,5.743728341E-1,-1.769548720E-1,-1.565752789E0,1.677140118E0
1.666942892E1,1.145947922E0,-4.500221819E-1,-1.324619755E0,1.808406508E0
1.667938292E1,-2.888054928E-1,-2.023756421E-1,-1.639718021E0,1.677211883E0
1.668933592E1,-2.163677368E-1,8.310939968E-2,-1.632400523E0,1.648773373E0
1.669928992E1,-2.242406106E-1,5.963329661E-1,-1.501345709E0,1.630930960E0
1.670924292E1,1.018116459E-1,1.110395608E0,-1.522624896E0,1.887254777E0
1.671919692E1,6.815701675E-1,1.395963680E0,-1.610628708E0,2.237716989E0
1.672914992E1,1.283452726E0,1.289738483E0,-2.106771680E0,2.783731878E0
1.673910392E1,1.573458835E0,7.735334212E-1,-2.609240463E0,3.143606599E0
1.674905692E1,1.336004869E0,4.022644633E-1,-2.965900445E0,3.277696013E0
1.675900992E1,1.063474918E0,3.334941906E-1,-2.920257372E0,3.125715981E0
1.676896392E1,6.065381116E-1,1.230090451E-1,-2.632879001E0,2.704638893E0
1.677891692E1,-5.112610947E-1,-3.832382083E-1,-2.650001988E0,2.725943867E0
1.678887092E1,-1.718592721E0,-8.422843981E-1,-3.014705107E0,3.570917365E0
1.679882392E1,-2.511418591E0,-1.095432583E0,-3.120464281E0,4.152648940E0
1.680877792E1,-2.800203217E0,-6.893779546E-1,-3.475349633E0,4.516019829E0
1.681873092E1,-2.766432623E0,1.460221657E0,-4.912517180E0,5.823935250E0
1.682868492E1,-2.238102921E0,5.840873762E0,-7.121406389E0,9.478361670E0
1.683863792E1,-1.834124054E0,7.294685701E0,-6.071777970E0,9.666588759E0
1.684859192E1,-1.274089726E0,3.606771360E0,-2.818872499E0,4.751646708E0
1.685854492E1,-1.245424628E0,2.384712059E0,-1.966672101E0,3.332526558E0
1.686849892E1,-4.003149285E-1,1.713941699E0,-4.135519284E-1,1.808002596E0
1.687845192E1,-1.497075341E0,-6.676409304E-2,-9.224260435E-1,1.759705040E0
1.688840592E1,-2.112077736E0,-3.269558340E-1,-1.744302782E0,2.758688941E0
1.689835892E1,-5.777262123E-1,1.850994587E-1,-2.587238560E0,2.657410911E0
1.690831292E1,-1.697257693E0,7.979467160E-1,-3.158890721E0,3.673689320E0
1.691826592E1,-1.166338771E0,9.864299583E-1,-2.771559754E0,3.164637998E0
1.692821992E1,-7.528057726E-1,3.938503785E0,-3.200244277E0,5.130311104E0
1.693817292E1,-6.753884912E-2,3.903453820E0,-2.687831719E0,4.739826217E0
1.694812692E1,-6.506061640E-2,1.657522500E0,-1.535199626E0,2.260188402E0
1.695807992E1,1.118545311E0,2.320742351E-1,4.606582671E-1,1.231750016E0
1.696803392E1,3.433388552E-1,4.920139611E-2,-1.431442246E0,1.472864301E0
1.697798692E1,2.308620707E-1,-8.334972024E-2,-4.139630754E0,4.146900921E0
1.698794092E1,4.649274655E-1,1.067329111E0,-5.214722335E0,5.343096295E0
1.699789392E1,4.793790417E-1,2.174928580E0,-3.180502322E0,3.882745629E0
1.700784792E1,1.976846768E-1,3.524972906E0,-4.427628636E-1,3.558166968E0
1.701780092E1,-5.941286389E-2,4.098767195E0,-1.015532720E-1,4.100455520E0
1.702775492E1,-9.341062222E-2,1.240889089E0,-1.392380506E0,1.867419275E0
1.703770792E1,-1.143929974E0,-1.165193959E0,-1.834666822E0,2.456064962E0
1.704766192E1,8.633601022E-1,-4.226022488E-1,-2.455135340E0,2.636602523E0
1.705761492E1,-2.645677058E-1,2.369016963E-1,-6.861532152E-1,7.726090340E-1
1.706756892E1,-2.631831582E-1,-3.429777896E-1,-1.670635758E0,1.725665951E0
1.707752192E1,-6.017431755E-1,-8.858128256E-1,-1.906328250E0,2.186514717E0
1.708747592E1,-7.523284205E-1,-1.528534092E0,-2.680097607E-1,1.724599593E0
1.709742892E1,-8.525482350E-1,-7.872585905E-1,-7.055525225E-1,1.358093864E0
1.710738292E1,-1.550538627E0,-1.047905830E0,-9.617675722E-1,2.104108724E0
1.711733592E1,-3.214038443E0,-5.736036694E-1,2.262288905E0,3.972029126E0
1.712728992E1,-2.881581548E0,-6.043471599E-1,5.955129526E0,6.643215741E0
1.713724292E1,-2.600601494E0,-1.859843763E0,7.193625349E0,7.872127579E0
1.714719692E1,-2.845662395E0,-2.512093652E0,6.175428053E0,7.248746142E0
1.715714992E1,-1.553248665E0,-2.186796674E0,4.114469308E0,4.911569891E0
1.716710392E1,-4.754945901E-1,-2.476725014E0,1.828794756E0,3.115245120E0
1.717705692E1,5.813747652E-1,-2.908006285E0,1.927137029E0,3.536715185E0
1.718701092E1,2.427548030E0,-1.367868394E0,3.026550689E0,4.113886539E0
1.719696392E1,3.958674340E0,8.158000195E-1,3.070423518E0,5.075838135E0
1.720691792E1,5.138294549E0,1.319049990E0,1.615624861E0,5.545467288E0
1.721687092E1,5.075608304E0,1.403320647E0,8.890270400E-1,5.340550306E0
1.722682492E1,5.535479536E0,1.711650760E0,1.259315420E0,5.929347126E0
1.723677792E1,5.749394658E0,1.877280745E0,1.094086262E0,6.146279092E0
1.724673192E1,4.175292045E0,5.577430969E-1,-3.985766244E-1,4.231194199E0
1.725668492E1,2.588934837E0,-1.788049310E-1,-7.207219541E-1,2.693324141E0
1.726663892E1,1.437202338E0,-2.580785573E-1,-1.191667228E0,1.884734964E0
1.727659192E1,1.058219770E-1,-6.512628794E-2,-1.252588783E0,1.258736820E0
1.728654592E1,-9.131416152E-1,-1.683916247E-1,-1.815103793E0,2.038819542E0
1.729649892E1,-1.872699451E0,-9.617693263E-1,-1.656834868E0,2.679011992E0
1.730645292E1,-1.222436300E0,-1.572354881E0,-7.610092700E-1,2.132084775E0
1.731640592E1,-5.713831162E-1,-1.110669842E0,-3.982219908E-1,1.310971746E0
1.732635992E1,-8.235972816E-1,-6.957853335E-1,-6.833494753E-2,1.080323737E0
1.733631292E1,-1.971833694E-1,2.241383940E-1,8.453612030E-1,8.965237667E-1
1.734626692E1,-5.777522324E-2,7.321304566E-1,1.381226065E0,1.564333221E0
1.735621992E1,1.718165216E-1,5.266505277E-1,1.406113277E0,1.511302830E0
1.736617392E1,7.256803199E-1,7.940162176E-1,5.463784486E-1,1.206483771E0
1.737612692E1,6.243694881E-1,7.691275442E-1,-5.704368174E-2,9.922945220E-1
1.738608092E1,4.496748207E-1,2.063061404E-1,7.798329189E-1,9.235307517E-1
1.739603417E1,2.626106610E-1,-8.175366426E-1,2.335672631E0,2.488513042E0
1.740598817E1,-9.062109835E-1,-1.202053637E0,2.142650780E0,2.618607198E0
1.741594117E1,-1.065579843E0,-9.887016016E-1,5.388524973E-1,1.550275225E0
1.742589517E1,-1.511232474E0,-3.667987615E-1,3.957807782E-1,1.604682942E0
1.743584817E1,-2.854744583E0,-7.062401551E-1,6.191040704E-1,3.005267316E0
1.744580217E1,-3.052601204E0,5.726499885E-1,1.321287135E0,3.375218780E0
1.745575517E1,-2.853663725E0,7.277187324E-1,1.006021639E0,3.112081417E0
1.746570917E1,-2.242216145E0,2.204645884E-1,9.840770388E-1,2.458565739E0
1.747566217E1,-1.833766789E0,-1.326308724E0,1.764762774E-1,2.270008666E0
1.748561617E1,-1.413449048E0,-2.042725958E0,8.726589292E-1,2.632888367E0
1.749556917E1,-9.505433301E-1,-1.451291204E0,7.419420844E-1,1.886864287E0
1.750552317E1,-7.721097703E-1,-1.073607266E-1,1.751586074E-1,7.989745683E-1
1.751547617E1,-4.141809792E-1,1.033252122E0,-6.364565599E-1,1.282276407E0
1.752543017E1,-6.306507864E-1,6.874986595E-1,-7.885134029E-1,1.221526998E0
1.753538317E1,-1.056518559E0,4.300100863E-2,-9.352598047E-1,1.411662656E0
1.754533717E1,-1.183035860E0,-3.795579708E-1,-2.880841291E-1,1.275394278E0
1.755529017E1,-1.188304494E0,9.250879884E-3,-4.183191633E-1,1.259819063E0
1.756524417E1,-1.111616653E0,-1.155234396E-2,1.496007201E-1,1.121697559E0
1.757519717E1,-1.036157238E0,-5.214652169E-1,6.247592050E-1,1.317524899E0
1.758515117E1,-6.339801910E-1,-1.001230431E-1,3.182873368E-1,7.164232932E-1
1.759510417E1,-4.711324576E-1,5.611455917E-1,-4.993826222E-1,8.866979030E-1
1.760505817E1,-2.709011905E-1,6.671415782E-1,3.179748031E-1,7.871297961E-1
1.761501117E1,-1.561815055E-1,1.314331287E-1,1.235760204E0,1.252505733E0
1.762496517E1,2.437449303E-2,-7.281824166E-1,1.384117806E0,1.564169380E0
1.763491817E1,-4.920309545E-2,-1.137800338E0,3.637985551E-1,1.195558423E0
1.764487217E1,-2.627036683E-1,-1.184336573E0,3.535746986E-1,1.263598593E0
1.765482517E1,2.163607749E-1,-7.077598464E-1,7.680013704E-1,1.066565558E0
1.766477917E1,3.923560275E-1,-5.224206519E-1,1.013030697E0,1.205445056E0
1.767473217E1,6.627271497E-1,-3.417393494E-1,3.070027953E-1,8.063769430E-1
1.768468617E1,1.033654265E0,3.133230507E-2,-4.176490724E-1,1.115281848E0
1.769463917E1,8.729621074E-1,5.855518699E-2,-6.713656068E-1,1.102825158E0
1.770459317E1,6.292986909E-1,1.571181929E-1,-3.773728663E-1,7.504087213E-1
1.771454617E1,4.372753979E-1,2.108862644E-1,1.066918051E-1,4.970572718E-1
1.772450017E1,9.529757353E-2,6.712293667E-1,3.320905665E-1,7.549269067E-1
1.773445317E1,-2.176154778E-1,6.229699570E-1,9.206294864E-2,6.662759563E-1
1.774440717E1,-1.969204091E-1,1.393683851E-2,-8.771992922E-2,2.160246953E-1
1.775436017E1,-1.844982187E-1,-5.486155933E-1,-7.844449103E-2,5.840994779E-1
1.776431417E1,-2.204234752E-1,-7.030908448E-1,5.003947753E-1,8.906841053E-1
1.777426717E1,-5.142300550E-1,-1.308969390E-1,6.285730514E-1,8.225999265E-1
1.778422117E1,-3.587885511E-1,3.889556158E-1,6.829167813E-1,8.639392488E-1
1.779417417E1,-5.341547712E-1,2.171521407E-1,9.439356109E-1,1.106115188E0
1.780412817E1,-6.175104117E-1,1.846334356E-1,6.824516353E-1,9.386952906E-1
1.781408117E1,-9.872461566E-1,-2.861551327E-1,-2.033661604E-1,1.047806055E0
1.782403517E1,-1.260922381E0,1.928037500E-1,-3.252472776E-1,1.316390644E0
1.783398817E1,-1.537096755E0,1.012379901E0,5.215663737E-1,1.913010973E0
1.784394217E1,-1.847790313E0,7.149209315E-1,7.093535051E-1,2.104429465E0
1.785389517E1,-1.291889235E0,4.139167947E-1,2.730547383E-1,1.383786038E0
1.786384917E1,-1.838059669E0,-4.661985040E-3,2.032375216E-2,1.838177939E0
1.787380217E1,-1.235874517E0,-4.398410100E-1,4.361835766E-1,1.382426146E0
1.788375617E1,-1.079444688E0,-2.661477149E-1,-2.578885227E-1,1.141289591E0
1.789370917E1,-1.148514484E0,-3.339385790E-1,-1.120601923E0,1.639008592E0
1.790366317E1,-6.224147639E-1,-5.663338262E-1,-1.078720656E0,1.368127331E0
1.791361617E1,1.390750558E-1,-3.330036092E-1,-6.040094832E-1,7.036055220E-1
1.792357017E1,1.969332547E-1,-4.243166524E-1,-7.916866869E-2,4.744417840E-1
1.793352317E1,7.520044117E-1,-1.474837357E-1,1.811704221E-1,7.874546395E-1
1.794347717E1,1.064882051E0,5.451891249E-1,8.954534224E-1,1.494336574E0
1.795343017E1,1.361516417E0,9.356585848E-1,5.094450957E-1,1.728790978E0
1.796338417E1,1.422407421E0,9.369987667E-1,-1.092242342E-1,1.706792164E0
1.797333717E1,1.128410879E0,1.278082058E0,5.089270324E-2,1.705694852E0
1.798329117E1,1.780595280E0,1.027881455E0,2.866158932E-2,2.056181248E0
1.799324417E1,7.009552954E-1,-2.516349256E-2,-5.362674433E-1,8.829237217E-1
1.800319817E1,6.767832714E-1,-6.238043547E-1,-6.194095874E-1,1.109430352E0
1.801315117E1,7.403067644E-1,-1.023284959E0,-2.297262856E-1,1.283721301E0
1.802310517E1,6.288217042E-1,-3.742247254E-1,-1.265217599E-1,7.426093431E-1
1.803305817E1,3.861532280E-1,6.816087592E-1,-3.854396850E-2,7.843407764E-1
1.804301217E1,3.615524203E-1,8.823296392E-1,2.058331007E-1,9.754962892E-1
1.805296517E1,-2.528226413E-2,8.258917290E-1,5.194385719E-1,9.759880998E-1
1.806291917E1,1.165795930E-1,1.377288258E-1,-2.720960873E-1,3.264909060E-1
1.807287217E1,1.278820050E-1,-2.932261705E-1,-1.151189877E0,1.194811085E0
1.808282617E1,-8.159168176E-2,-5.352535361E-1,-5.742977339E-1,7.892853968E-1
1.809277917E1,-5.233159337E-2,-4.861673301E-1,4.109788612E-1,6.387494758E-1
1.810273317E1,3.070066691E-1,-1.546728873E-1,5.219382566E-1,6.249770721E-1
1.811268617E1,4.206563320E-1,2.177748692E-1,-2.845699525E-1,5.525918034E-1
1.812264017E1,3.882537306E-1,3.058286744E-1,-7.952113885E-1,9.362869698E-1
1.813259317E1,6.689596968E-1,9.872146547E-2,-1.108053798E0,1.298089451E0
1.814254717E1,8.459543299E-1,1.716719127E-1,-1.408026486E0,1.651559433E0
1.815250017E1,5.566822658E-1,1.689149505E-1,-1.529307094E0,1.636217465E0
1.816245417E1,5.261889631E-1,2.290576565E-1,-1.403598097E0,1.516387105E0
1.817240717E1,6.761892673E-1,4.078216571E-1,-1.298889668E0,1.520087102E0
1.818236117E1,5.554417060E-1,2.515279216E-1,-1.457781029E0,1.580160534E0
1.819231417E1,2.705913795E-1,9.982892811E-2,-2.021411687E0,2.041884110E0
1.820226817E1,6.499259866E-1,1.641325128E-1,-1.797790479E0,1.918695879E0
1.821222117E1,4.390106323E-1,4.250557405E-1,-1.686167717E0,1.793478265E0
1.822217517E1,6.492312643E-1,6.042448336E-1,-1.534828620E0,1.772656748E0
1.823212817E1,8.432016800E-1,6.606710494E-1,-4.384446949E-1,1.157458016E0
1.824208217E1,8.898995177E-1,1.003107387E0,2.398206264E-1,1.362225941E0
1.825203517E1,8.608417795E-1,1.317244955E0,8.817463794E-1,1.803790320E0
1.826198917E1,1.126981893E0,1.103038641E0,1.258679827E0,2.017686135E0
1.827194217E1,1.175861838E0,8.072163069E-1,1.287357497E0,1.921337699E0
1.828189617E1,7.803571949E-1,4.871520013E-1,-2.277432024E-2,9.202136131E-1
1.829184917E1,6.750418974E-1,-1.014130558E0,-1.612674356E0,2.021103889E0
1.830180317E1,1.054828202E0,-1.456558376E0,-1.828826623E0,2.564923323E0
1.831175617E1,7.565038441E-1,-1.029242687E0,-7.545109668E-1,1.483551608E0
1.832171017E1,9.662503400E-1,-4.202335417E-1,-1.483381308E0,1.819520831E0
1.833166317E1,9.175007144E-1,-1.495249987E-1,-2.614070848E0,2.774442590E0
1.834161717E1,9.491125164E-1,-4.047805202E-1,-1.785577692E0,2.062268056E0
1.835157017E1,6.543502092E-1,-5.525887764E-1,4.027319482E-1,9.464256834E-1
1.836152417E1,5.703760064E-1,2.622979081E-1,1.030306003E0,1.206507124E0
1.837147717E1,5.713662323E-1,4.985336065E-2,1.202436045E-1,5.860061889E-1
1.838143117E1,7.308817106E-1,-9.343061239E-1,-1.035184627E0,1.574396145E0
1.839138417E1,1.954302462E-1,-6.795715892E-1,6.845311975E-1,9.841714721E-1
1.840133783E1,-2.990593529E-1,2.279893702E-1,2.596876525E0,2.623963288E0
1.841129083E1,2.214432661E-1,9.162522608E-1,2.406884117E0,2.584888097E0
1.842124483E1,4.556150436E-1,3.300145125E-1,1.567904565E0,1.665778908E0
1.843119783E1,4.734665930E-1,-6.778554314E-1,2.818194222E-1,8.735449544E-1
1.844115183E1,5.797414917E-1,-1.812906994E0,-5.486226100E-1,1.980837887E0
1.845110483E1,4.930978887E-1,-1.813915054E0,-1.323277527E0,2.298803333E0
1.846105883E1,2.690863062E-1,-1.394177940E0,-9.713801023E-1,1.720383351E0
1.847101283E1,1.179525923E-1,-1.023372667E0,9.704857707E-2,1.034709068E0
1.848096583E1,-3.373357382E-1,-4.306725758E-1,1.505754510E0,1.602052094E0
1.849091983E1,-3.465889569E-1,1.141702185E0,1.986120232E0,2.316955192E0
1.850087283E1,-6.095878731E-1,2.853995554E0,1.507490548E0,3.284724608E0
1.851082683E1,-1.080563333E0,2.503190097E0,4.380669647E-1,2.761427248E0
1.852077983E1,-1.224067527E0,1.280281781E0,-3.539053586E-1,1.806297803E0
1.853073383E1,-1.173924510E0,2.450123692E-1,-8.565700230E-1,1.473717076E0
1.854068683E1,-7.536971806E-1,-5.984502429E-1,-9.793051261E-1,1.373040663E0
1.855064083E1,2.200736289E-1,-8.976165998E-1,-1.636116428E0,1.879102160E0
1.856059383E1,4.365156984E-1,-6.917209339E-1,-1.689431633E0,1.877019725E0
1.857054783E1,4.792743400E-1,7.071049583E-1,-9.784221965E-1,1.298849995E0
1.858050083E1,3.732809848E-1,1.847250030E0,2.891682029E-2,1.884809685E0
1.859045483E1,6.506634667E-1,1.737274429E0,-4.105014360E-1,1.899999162E0
1.860040783E1,7.641487862E-1,7.377689266E-1,-7.962001526E-1,1.327464139E0
1.861036183E1,6.286634640E-1,-2.630843586E-1,-1.024012937E0,1.230054318E0
1.862031483E1,6.319200707E-1,-6.612814987E-1,-2.382778385E-1,9.451944375E-1
1.863026883E1,7.405690851E-1,4.758803236E-1,-4.899504787E-1,1.007450308E0
1.864022183E1,9.196945897E-1,5.148789132E-1,-1.302271990E0,1.675365861E0
1.865017583E1,7.491294819E-1,1.480362976E-1,-4.717685616E-1,8.975941743E-1
1.866012883E1,6.943138086E-1,3.786446357E-1,4.610386285E-1,9.154234222E-1
1.867008283E1,8.641253565E-1,5.663572150E-1,-7.153191268E-3,1.033210673E0
1.868003583E1,8.613188392E-1,4.572025627E-1,1.557522833E-2,9.752676114E-1
1.868998983E1,5.853971379E-1,-2.631831765E-2,5.999214023E-1,8.386227709E-1
1.869994283E1,2.654152780E-1,-1.519276196E-1,-2.619552612E-3,3.058335061E-1
1.870989683E1,5.797938243E-2,-7.305218875E-1,-5.007596415E-1,8.875720002E-1
1.871984983E1,1.374644586E-1,-7.962328970E-2,-5.573039711E-2,1.683514859E-1
1.872980383E1,3.552902716E-1,4.663306510E-1,-5.830159324E-1,8.268028971E-1
1.873975683E1,3.096841823E-1,-4.855855322E-1,-1.648804009E0,1.746497141E0
1.874971083E1,1.863329288E-1,-1.047021146E0,-1.364431985E0,1.729927132E0
1.875966383E1,1.645241301E-1,-4.085741937E-1,1.850023949E-1,4.777310407E-1
1.876961783E1,3.649690946E-1,7.400376463E-1,1.084775740E0,1.362936743E0
1.877957083E1,5.159830867E-1,1.327891565E0,1.197895389E0,1.861313493E0
1.878952483E1,4.696257032E-1,1.218153360E0,1.357091975E-1,1.312578720E0
1.879947783E1,-2.657932274E-2,7.534546673E-1,-8.569673413E-1,1.141399764E0
1.880943183E1,-2.536061682E-1,9.176737189E-2,-3.563474482E-1,4.469013794E-1
1.881938483E1,-2.569427356E-1,7.275626117E-1,9.335682052E-1,1.211163291E0
1.882933883E1,-4.166134574E-1,2.287419069E-1,4.992998841E-1,6.893402695E-1
1.883929283E1,-4.954046883E-1,-1.587626638E0,-1.284189183E0,2.101220123E0
1.884924583E1,-6.681428408E-1,-1.567067828E0,-1.965882142E0,2.601309099E0
1.885919983E1,-9.542400860E-1,-2.622926456E-1,-1.039993377E0,1.435603636E0
1.886915283E1,-8.888449723E-1,9.463736075E-1,-4.889798409E-1,1.387360687E0
1.887910683E1,-7.708923069E-1,8.900929874E-1,-4.538743275E-1,1.261959738E0
1.888905983E1,-9.657180972E-1,-3.650440121E-1,-4.289877006E-1,1.117988829E0
1.889901383E1,-1.193034965E0,-1.028480210E0,1.999864697E-2,1.575278996E0
1.890896683E1,-1.418582172E0,-7.485061687E-1,-5.606111562E-1,1.699094386E0
1.891892083E1,-9.132340743E-1,4.990540087E-1,4.910082400E-2,1.041855205E0
1.892887383E1,-8.400984165E-1,1.901623873E0,1.758078822E0,2.722642071E0
1.893882783E1,-1.410433931E0,1.620024306E0,1.754816076E0,2.773658610E0
1.894878083E1,-1.303589367E0,-9.099729359E-2,4.023369688E-1,1.367296889E0
1.895873483E1,-1.214663742E0,-1.368274775E0,5.760624236E-1,1.918184502E0
1.896868783E1,-1.669975462E0,-1.073255848E0,9.957913506E-1,2.220877433E0
1.897864183E1,-2.053400342E0,-3.731418210E-1,-1.718058139E-1,2.094088112E0
1.898859483E1,-1.589758533E0,1.314161718E-2,-4.534854877E-1,1.653225328E0
1.899854883E1,-1.179858410E0,1.302128148E-1,2.380962825E-1,1.210665555E0
1.900850183E1,-1.291526561E0,9.689187169E-2,1.444765711E0,1.940303289E0
1.901845583E1,-1.270169021E0,2.922958785E-1,1.163611702E0,1.747214474E0
1.902840883E1,-7.050515623E-1,-5.698988736E-2,-5.306833524E-1,8.842908873E-1
1.903836283E1,-6.705746247E-1,-6.096049762E-1,-1.547542806E0,1.793370372E0
1.904831583E1,-8.150751840E-1,-1.217366325E0,-1.064556946E0,1.810969303E0
1.905826983E1,-5.656489345E-1,-1.658339356E0,3.680793017E-2,1.752541857E0
1.906822283E1,-6.480733694E-1,-1.569528921E0,1.068622515E-1,1.701422836E0
1.907817683E1,-8.842852405E-1,-1.121952045E0,-4.521613857E-1,1.498394706E0
1.908812983E1,-5.642029546E-1,-4.826870674E-1,-1.159130981E0,1.376552364E0
1.909808383E1,-3.475650400E-1,-4.768287420E-2,-5.750204498E-1,6.735901062E-1
1.910803683E1,-7.547045097E-2,6.024175787E-1,-8.387304604E-2,6.128926627E-1
1.911799083E1,-6.932258610E-1,4.835395914E-1,4.464968956E-1,9.558933563E-1
1.912794483E1,-9.646783892E-1,4.373448336E-1,-1.111163932E0,1.535109176E0
1.913789783E1,-2.088569883E-1,-6.662814528E-1,-9.434470761E-1,1.173731060E0
1.914785183E1,-1.752359368E-1,5.358581382E-1,-6.763070887E-1,8.804787653E-1
1.915780483E1,-6.197102804E-1,1.137560602E0,2.785788953E-2,1.295708693E0
1.916775883E1,-9.142479815E-1,1.167764395E0,4.325594723E-2,1.483709584E0
1.917771183E1,-1.327241208E0,7.263838130E-1,-4.962625480E-1,1.592318808E0
1.918766583E1,-1.009254857E0,-8.900538111E-1,-6.529071164E-1,1.495686751E0
1.919761883E1,-4.927324012E-1,-1.460243876E0,-8.878535038E-1,1.778589677E0
1.920757283E1,-1.018286247E0,-1.759165235E0,-2.724018967E-1,2.050797893E0
1.921752583E1,-6.445257175E-1,-1.341191057E0,8.920190603E-1,1.734907737E0
1.922747983E1,-5.395815355E-1,-1.142079915E0,7.748151308E-1,1.481834422E0
1.923743283E1,-3.324217016E-1,-9.179181325E-1,3.045820481E-1,1.022667155E0
1.924738683E1,9.905683983E-2,4.474312806E-1,1.603245721E0,1.667454302E0
1.925733983E1,4.053045038E-1,2.343403820E0,2.998510074E0,3.827123707E0
1.926729383E1,4.942967141E-1,3.498776211E0,3.692818693E0,5.111034544E0
1.927724683E1,8.458558774E-1,2.582751406E0,2.097940923E0,3.433283138E0
1.928720083E1,1.197924991E0,7.618641329E-1,2.506327128E-1,1.441623390E0
1.929715383E1,1.196281266E0,-7.954955631E-1,-7.750291389E-1,1.632351746E0
1.930710783E1,1.447450753E0,-1.369830719E0,-1.134675879E0,2.293259521E0
1.931706083E1,1.393152924E0,-1.006888196E0,-1.671068452E0,2.397325318E0
1.932701483E1,1.046149911E0,-2.153628927E-1,-3.735610664E-2,1.068740516E0
1.933696783E1,9.708014473E-1,1.070160332E0,2.130328943E0,2.574101783E0
1.934692183E1,9.085589330E-1,1.898931230E0,1.470794007E0,2.568005873E0
1.935687583E1,1.422176309E0,1.880254639E0,-1.505871454E-1,2.362333476E0
1.936682883E1,1.055579277E0,9.321917707E-1,-1.065812343E0,1.766121473E0
1.937678283E1,1.041822533E0,6.374634504E-3,-2.553740446E0,2.758083590E0
1.938673583E1,7.622516571E-1,-9.161440873E-1,-3.477511057E0,3.676061850E0
1.939669029E1,7.438145091E-1,-1.407995496E0,-3.386362905E0,3.742080312E0
1.940664329E1,4.370112134E-1,-1.015706967E0,-2.844230997E0,3.051604399E0
1.941659729E1,3.045780646E-1,-2.387517554E-1,-2.042079256E0,2.078426781E0
1.942655029E1,-1.421431447E-1,7.838484943E-2,-1.878207529E-1,2.482448256E-1
1.943650429E1,3.387601930E-1,2.916332136E0,1.744799210E0,3.415270982E0
1.944645729E1,4.426265870E-1,3.513643341E0,2.302604288E0,4.224167886E0
1.945641129E1,8.210057225E-2,2.330860373E0,3.736929211E-1,2.362053552E0
1.946636429E1,2.090774283E-2,-3.066490388E-1,1.036052646E0,1.080683049E0
1.947631829E1,8.144033390E-1,-1.565898970E0,-1.062111055E0,2.059944726E0
1.948627129E1,1.209780952E0,-2.197833878E0,-2.136572307E0,3.295297396E0
1.949622529E1,4.292404100E-1,-1.203710153E0,-1.266068369E-1,1.284209778E0
1.950617829E1,5.223075083E-1,-2.905896610E-1,-3.769232154E-2,5.988891345E-1
1.951613229E1,2.639475172E-1,-3.751672965E-1,-9.116206813E-1,1.020524894E0
1.952608529E1,5.299017623E-1,-4.651845968E-1,-2.651595354E-1,7.533273963E-1
1.953603929E1,4.450834408E-1,5.724441665E-1,6.117123127E-1,9.486746263E-1
1.954599229E1,5.118287497E-1,1.132164207E0,-3.856683111E-1,1.300962915E0
1.955594629E1,4.928012521E-1,-2.701805395E-1,-1.122849008E0,1.255643458E0
1.956590029E1,-2.808929309E-2,6.445210397E-2,-1.358489460E-1,1.529641076E-1
1.957585329E1,3.606486966E-1,4.194652176E-1,5.150984761E-1,7.558736609E-1
1.958580729E1,3.235123722E-1,1.350943043E0,1.568089337E0,2.094901317E0
1.959576029E1,1.773903434E-1,1.776777048E0,2.604945683E0,3.158187142E0
1.960571429E1,7.357851125E-2,1.624041928E0,1.565261039E0,2.256760532E0
1.961566729E1,-8.480227824E-2,9.729123652E-1,-1.982346439E-1,9.965173711E-1
1.962562129E1,2.938597529E-1,8.730857760E-1,-1.324611277E0,1.613452002E0
1.963557429E1,3.646564148E-1,4.874706745E-1,-2.560731085E0,2.632099095E0
1.964552829E1,4.972538337E-1,-2.054061955E0,-4.050287345E0,4.568507356E0
1.965548129E1,7.734145034E-1,-4.050056380E0,-4.489229930E0,6.095433704E0
1.966543529E1,4.257424594E-1,-3.496726761E0,-3.759958178E0,5.152246130E0
1.967538829E1,1.673617473E-1,-1.064132438E0,-1.008958696E0,1.475935449E0
1.968534229E1,2.893422306E-1,2.407006908E0,1.788415346E0,3.012611929E0
1.969529529E1,-1.163905452E-1,4.428225052E0,2.791936716E0,5.236185109E0
1.970524929E1,-2.298225454E-1,3.592781312E0,1.129071615E0,3.773022484E0
1.971520229E1,1.264523242E-1,5.296630132E-1,-2.247160404E0,2.312198733E0
1.972515629E1,3.213629357E-1,-1.786270003E0,-3.876647844E0,4.280471139E0
1.973510929E1,-3.483248491E-2,-3.130937814E0,-3.756236717E0,4.890122613E0
1.974506329E1,8.247972764E-2,-2.566266936E0,-2.826345241E0,3.818475653E0
1.975501729E1,6.139740888E-2,-3.443612409E-1,-1.917272776E-1,3.988905301E-1
1.976497029E1,-1.083039556E-2,2.594997230E0,2.359628966E0,3.507417395E0
1.977492429E1,-4.469641977E-1,3.127334175E0,3.518361167E0,4.728515765E0
1.978487729E1,-5.952946468E-1,2.430733740E0,-1.444147076E0,2.889360311E0
1.979483129E1,1.078557519E0,9.561969298E-1,-2.917198108E0,3.253865961E0
1.980478429E1,-8.484432338E-2,-2.656239797E0,-2.031047899E0,3.344841399E0
1.981473829E1,1.374729736E-2,-1.411158255E0,-2.240142576E0,2.647601815E0
1.982469129E1,-1.078918950E0,-7.282736331E-1,-2.451895398E0,2.776011460E0
1.983464529E1,-5.892750844E-1,3.537506998E-1,-2.956594601E0,3.035430170E0
1.984459829E1,-2.564639035E-1,9.730930442E-1,-1.819363197E0,2.079126318E0
1.985455229E1,-1.707670707E0,1.080835594E0,7.963966191E-1,2.172232124E0
1.986450529E1,-8.253287152E-1,1.779201304E0,-3.444989428E-1,1.991332290E0
1.987445929E1,-3.230941866E-1,1.250666218E0,1.463964459E-1,1.299995293E0
1.988441229E1,-2.977032374E-1,2.088204432E-1,1.319196171E0,1.368397505E0
1.989436629E1,-4.745909395E-1,1.274721664E0,1.475953006E0,2.007134563E0
1.990431929E1,-7.359984628E-1,1.698876348E0,1.084776325E0,2.145836494E0
1.991427329E1,-1.825690761E-2,2.198600448E0,2.479905900E0,3.314228495E0
1.992422729E1,-1.674094021E-1,1.349987608E0,2.597756239E0,2.932376157E0
1.993418029E1,-4.491262423E-1,9.783871132E-1,-9.460461634E-1,1.433164006E0
1.994413429E1,-3.834557978E-1,5.617595494E-2,-2.434319252E0,2.464975519E0
1.995408729E1,-1.142544111E-1,1.001674819E-1,-1.410885774E0,1.419044137E0
1.996404129E1,3.543803352E-1,-1.272892070E-1,-2.880071213E0,2.904582268E0
1.997399429E1,-4.700398688E-1,-1.967582220E0,-3.241748398E0,3.821158194E0
1.998394829E1,-3.177060505E-1,-2.620521496E0,-2.666105220E0,3.751824501E0
1.999390129E1,-6.250147283E-1,-1.086949443E0,-7.114128944E-1,1.441600086E0
2.000385529E1,-1.057292584E0,1.441470805E0,4.333927006E-2,1.788178957E0
2.001380829E1,-5.041367009E-1,3.107927266E0,1.065173827E0,3.323847317E0
2.002376229E1,-2.931830108E-1,3.269414499E0,2.369516608E0,4.048411589E0
2.003371529E1,-4.701597368E-1,1.137498037E0,4.793605864E-2,1.231766954E0
2.004366929E1,-2.362176817E-1,-1.649894807E0,-3.139160169E0,3.554191643E0
2.005362229E1,5.913890722E-1,-3.183047031E0,-3.181157210E0,4.538864465E0
2.006357629E1,7.395623408E-1,-2.411323907E0,-2.482031363E0,3.538631816E0
2.007353029E1,3.578498537E-1,-1.514964459E0,-3.029799110E-1,1.585865901E0
2.008348329E1,3.204312550E-2,3.385707432E-1,2.513300518E0,2.536205118E0
2.009343729E1,-1.226197302E-1,2.076333999E0,3.106096503E0,3.738185918E0
2.010339029E1,-1.679878744E-1,2.312757978E0,1.456924412E0,2.738557674E0
2.011334429E1,9.801729625E-2,1.416540617E0,-2.122626990E-1,1.435705458E0
2.012329729E1,-2.996537680E-2,6.951234287E-1,-9.641661000E-1,1.188995699E0
2.013325129E1,1.432925337E-1,-3.141305512E-1,1.227458035E0,1.275093714E0
2.014320429E1,1.571452546E-1,-5.594586700E-1,-6.842084312E-1,8.976802392E-1
2.015315829E1,-6.679228758E-3,-1.474000036E0,-1.574034493E0,2.156456655E0
2.016311129E1,5.836003982E-1,-8.139142925E-1,1.162822913E0,1.534667074E0
2.017306529E1,-4.746539798E-1,-3.967511237E-2,1.353536868E-1,4.951677853E-1
2.018301829E1,7.001184127E-1,-1.510101914E-1,4.352141082E-2,7.175402308E-1
2.019297229E1,-6.790666639E-2,-1.605577006E0,6.079268253E-1,1.718157112E0
2.020292529E1,-3.366508830E-1,-1.839496622E0,-5.562637514E-1,1.951028191E0
2.021287929E1,-9.658659587E-1,-2.314911507E0,-3.599084026E-1,2.534017836E0
2.022283229E1,-9.754225018E-1,5.007146180E-2,8.195398986E-2,9.801391048E-1
2.023278629E1,-1.556571345E0,-2.531470156E-1,-2.102527186E-1,1.590975792E0
2.024274029E1,-1.299534177E0,-3.751281202E-1,3.575829649E-1,1.399062458E0
2.025269329E1,-1.609224645E0,1.516352588E0,2.756376581E0,3.533630002E0
2.026264729E1,-1.084474755E0,1.076899833E0,1.777018246E0,2.343841417E0
2.027260029E1,-8.626343165E-1,-5.660525751E-1,7.055367351E-1,1.249934225E0
2.028255429E1,-1.473558425E0,-4.159592271E-2,1.722251470E0,2.266992452E0
2.029250729E1,-1.025488482E0,1.412049955E-1,1.684091371E0,1.976797719E0
2.030246129E1,-1.329953586E0,-4.069094914E-1,-1.488480665E0,2.037136855E0
2.031241429E1,-1.640714971E0,-1.672151064E0,-1.324106078E0,2.690964828E0
2.032236829E1,-9.098665897E-1,-3.329708648E-1,1.536385149E0,1.816371695E0
2.033232129E1,9.148597464E-2,-9.452907032E-1,-1.233148545E0,1.556470215E0
2.034227529E1,-4.677601491E-1,-8.315033019E-1,-3.083184189E0,3.227417240E0
2.035222929E1,-8.107659323E-1,5.903957033E-1,-1.313690432E0,1.652782816E0
2.036218229E1,-7.585807751E-1,7.097847372E-1,1.113436160E0,1.522819506E0
2.037213629E1,-7.013522483E-1,-1.118964118E-1,1.464902937E-1,7.251725238E-1
2.038208929E1,-5.890017271E-2,2.583299875E-2,1.385228777E-1,1.527257732E-1
2.039204329E1,-7.063148533E-1,2.529613080E0,2.304102052E0,3.493810137E0
2.040199617E1,-3.830950977E-1,3.384944955E0,2.921801621E0,4.487932588E0
2.041195017E1,-1.009124610E0,1.732330023E0,2.488821149E0,3.195861465E0
2.042190317E1,-5.847339540E-1,4.193126053E-1,2.578995447E0,2.677490313E0
2.043185717E1,-1.163171078E-2,-9.388651979E-1,2.085668494E0,2.287272661E0
2.044181017E1,-9.202717099E-1,-3.990701294E-1,1.279438028E0,1.625767097E0
2.045176417E1,-4.146143309E-1,5.663566303E-1,2.086821565E0,2.201701415E0
2.046171717E1,-3.032781372E-1,1.755176264E-1,1.820839911E0,1.854249726E0
2.047167117E1,1.369354683E-1,-6.900427830E-1,1.630193491E0,1.775511527E0
2.048162517E1,-2.022264284E-1,5.743135214E-2,-1.152561049E0,1.171576229E0
2.049157817E1,-4.024028961E-1,-6.804843396E-1,-3.893131730E0,3.972588790E0
2.050153217E1,1.053064536E-1,-1.162534645E0,-3.289822451E0,3.490774700E0
2.051148517E1,2.419218051E-1,-7.590253097E-1,1.727475080E-1,8.151608933E-1
2.052143917E1,5.714516748E-2,7.445148593E-1,6.962393698E-1,1.020939374E0
2.053139217E1,-7.405412377E-1,3.471667349E-2,-8.652774042E-1,1.139434754E0
2.054134617E1,-9.448252648E-1,-5.687803012E-1,-1.664541498E0,1.996723368E0
2.055129917E1,3.900844207E-1,-1.830718197E0,-1.371162130E0,2.320297515E0
2.056125317E1,9.132403600E-1,-2.021115233E0,-1.614427936E0,2.743226622E0
2.057120617E1,1.103537518E-1,-1.982647571E0,-1.051065665E0,2.246732822E0
2.058116017E1,1.123552903E-1,-6.766900814E-1,-4.836644295E-1,8.393238099E-1
2.059111317E1,-1.667518096E-1,6.242347097E-1,1.589798294E0,1.716080929E0
2.060106717E1,1.045816546E-1,1.293920411E0,1.214364365E0,1.777596176E0
2.061102117E1,-4.429856060E-1,2.129040801E0,-2.339734107E-1,2.187188729E0
2.062097417E1,-4.837426725E-1,1.301011915E0,-6.238306671E-2,1.389435361E0
2.063092817E1,-1.622730982E-1,1.526567674E-1,-6.098002732E-2,2.309874688E-1
2.064088117E1,-1.563234832E-2,-4.276390404E-1,4.671837598E-1,6.335457241E-1
2.065083517E1,-1.339425344E-2,-6.896410793E-1,1.649379668E-1,7.092170029E-1
2.066078817E1,-2.839745232E-1,-4.307129216E-1,8.252415186E-1,9.732310695E-1
2.067074217E1,-4.167930766E-1,-3.395478129E-1,-4.316654330E-1,6.894521246E-1
2.068069517E1,1.229025527E-1,-1.004767996E-1,-1.970107632E0,1.976493032E0
2.069064917E1,8.322864633E-2,-4.993218112E-1,-3.257834673E-2,5.072579496E-1
2.070060217E1,2.872987384E-1,7.237665993E-1,5.760820118E-1,9.686326133E-1
2.071055617E1,-2.206544767E-1,1.360207956E0,4.931915903E-1,1.463588749E0
2.072050917E1,-1.446154937E-1,1.666107382E0,-5.763197011E-1,1.768890004E0
2.073046317E1,-1.227457742E-1,2.210592502E-1,-2.072276908E0,2.087645876E0
2.074041717E1,1.506444846E-1,5.039130449E-1,-1.988895321E0,2.057261946E0
2.075037017E1,2.938301514E-1,1.319728852E0,-1.907283101E0,2.337894186E0
2.076032417E1,-1.081569712E-1,1.019535724E0,-2.952931613E-1,1.066934428E0
2.077027717E1,6.174960861E-1,7.070172501E-1,4.044168234E-2,9.395798731E-1
2.078023117E1,4.593129690E-1,3.210635948E-1,-1.088962931E0,1.224700168E0
2.079018417E1,4.094423956E-1,7.161500162E-1,-5.381286120E-1,9.849346801E-1
2.080013817E1,6.794586649E-1,5.637359083E-1,-1.309191585E-3,8.828725647E-1
2.081009117E1,3.659067687E-1,-8.192451990E-1,-5.478370366E-1,1.051273455E0
2.082004517E1,-1.086749614E-1,-1.380807112E0,-1.324213374E0,1.916241005E0
2.082999817E1,4.743283630E-1,-1.947515160E0,-1.881836311E0,2.749383676E0
2.083995217E1,1.124805121E-1,-1.827447265E0,-1.575076175E0,2.415177080E0
2.084990617E1,-7.118249770E-1,7.289665282E-2,-7.400300449E-1,1.029394573E0
2.085985917E1,-8.847074825E-1,1.453968059E0,-1.790095836E-2,1.702072528E0
2.086981317E1,-7.501236548E-1,1.762033879E0,-5.707458428E-1,1.998299203E0
2.087976617E1,-5.052056085E-1,1.232980730E0,-1.424310105E0,1.950418791E0
2.088972017E1,-4.944705591E-1,5.239958918E-1,-4.599799901E-2,7.219339612E-1
2.089967317E1,-4.089574787E-1,-2.929460889E-1,1.410544882E0,1.497564855E0
2.090962717E1,-4.134451071E-1,-1.417329991E-1,6.725759804E-3,4.371159291E-1
2.091958017E1,-3.898316748E-1,-4.042028153E-1,-6.807269990E-1,8.824612727E-1
2.092953417E1,-1.176039521E-1,4.278097790E-1,1.845457274E-1,4.805299388E-1
2.093948717E1,-3.593058835E-1,5.037428910E-1,1.694672200E0,1.804098524E0
2.094944117E1,-4.506986316E-1,5.548762071E-1,1.757228052E0,1.897068077E0
2.095939417E1,-2.622376452E-1,5.804630381E-1,2.324753541E-1,6.780491954E-1
2.096934817E1,-2.362936590E-2,1.403331757E-3,-1.167487237E0,1.167727179E0
2.097930217E1,-2.811444343E-1,-5.730721575E-1,-8.879055440E-1,1.093540189E0
2.098925517E1,-2.579878523E-1,-2.499333858E-2,7.602508861E-1,8.032208966E-1
2.099920917E1,-2.860759760E-1,7.307499290E-1,1.699893179E0,1.872290507E0
2.100916217E1,7.413977087E-3,9.010009682E-1,-1.647224969E-1,9.159646351E-1
2.101911617E1,3.816893540E-1,9.274888551E-1,-1.013176292E0,1.425639694E0
2.102906917E1,5.414129931E-1,3.084926659E-1,2.644485140E-1,6.769259712E-1
2.103902317E1,3.136711793E-1,-5.945910805E-1,5.897916859E-1,8.943055376E-1
2.104897617E1,1.817924197E-1,-9.397937357E-2,-2.751673374E-1,3.429251669E-1
2.105893017E1,2.890722355E-1,2.476371843E-1,-1.011404001E0,1.080659514E0
2.106888417E1,3.936613087E-1,2.746443039E-1,1.085190600E-1,4.921128997E-1
2.107883717E1,1.271140098E-1,-4.286880308E-1,3.739779729E-1,5.829158803E-1
2.108879117E1,-2.589468688E-2,1.844322914E-1,7.837490916E-1,8.055733632E-1
2.109874417E1,2.214787880E-1,6.531357425E-1,7.239303213E-1,9.998571207E-1
2.110869817E1,3.757191275E-1,-5.456797063E-1,-2.293868548E-1,7.011059362E-1
2.111865117E1,2.365546641E-1,-6.843516880E-1,-5.464240569E-1,9.071243531E-1
2.112860517E1,1.115205089E-1,-1.492259136E0,-9.170281863E-1,1.755054087E0
2.113855817E1,3.064867055E-1,-2.347975758E0,-1.320866720E0,2.711385836E0
2.114851217E1,6.925882953E-1,-1.040644757E0,-5.293382004E-1,1.357504692E0
2.115846517E1,6.266611581E-1,8.841428608E-1,1.172897373E0,1.596903583E0
2.116841917E1,4.261106513E-1,2.095482461E0,3.541836861E0,4.137296869E0
2.117837317E1,2.822027072E-1,1.579574438E0,2.470846516E0,2.946146004E0
2.118832617E1,5.408583847E-1,3.731541002E-1,-4.823052442E-1,8.151012964E-1
2.119828017E1,1.058532121E0,-1.449779699E0,-1.249792060E0,2.187311505E0
2.120823317E1,1.260421128E0,-2.398961724E0,8.797872698E-1,2.849158545E0
2.121818717E1,9.962834669E-1,-2.215187829E0,8.745592743E-1,2.581567700E0
2.122814017E1,7.972437344E-1,-8.427790725E-1,-1.487730467E-1,1.169618552E0
2.123809417E1,4.761892759E-1,-6.939656800E-1,-8.064479828E-3,8.416707357E-1
2.124804717E1,1.297762178E0,-5.339700723E-1,-3.710295144E-1,1.451541804E0
2.125800117E1,8.566620436E-1,-1.112235727E0,4.508378685E-1,1.474514480E0
2.126795417E1,6.160010992E-1,-4.445556200E-1,1.260812892E0,1.471983764E0
2.127790817E1,1.848120680E-1,5.364703417E-2,1.559139004E0,1.570970381E0
2.128786217E1,2.246457130E-1,-6.647757947E-2,3.518146867E-1,4.226801849E-1
2.129781517E1,-5.063389085E-2,-2.826105505E-1,-8.796024978E-1,9.252745908E-1
2.130776917E1,-1.743288875E-1,-7.824492556E-1,-7.096894276E-1,1.070643023E0
2.131772217E1,1.868163474E-2,-8.154562032E-1,-5.913338891E-1,1.007468903E0
2.132767617E1,-3.875438786E-1,-4.573510820E-1,-9.434552622E-1,1.117796091E0
2.133762917E1,-1.528927756E-1,-4.227098376E-1,-7.084223360E-1,8.390006041E-1
2.134758317E1,-4.556405521E-1,-6.364010113E-1,-3.593663657E-1,8.612541697E-1
2.135753617E1,-4.276093657E-1,-4.779391283E-1,-7.059928179E-3,6.413465698E-1
2.136749017E1,-2.571179328E-1,3.452546954E-2,8.818723869E-1,9.192391127E-1
2.137744417E1,-4.465557332E-1,7.987220567E-1,7.083340430E-1,1.157197504E0
2.138739717E1,-2.165825854E-1,1.266271852E0,2.956077415E-1,1.318232285E0
2.139735146E1,-7.099360339E-3,5.793058741E-1,-6.500232697E-2,5.829845617E-1
2.140730446E1,2.106176214E-1,-2.182321215E-1,1.575447473E-1,3.417680335E-1
2.141725846E1,2.593111503E-1,-8.023338819E-1,6.192695466E-1,1.046172405E0
2.142721146E1,8.753398776E-2,-3.913015187E-2,2.373118785E-1,2.559497909E-1
2.143716546E1,2.266060286E-1,1.192031509E0,8.825056404E-1,1.500368494E0
2.144711846E1,9.769699674E-2,2.112201405E0,1.412910373E0,2.543079865E0
2.145707246E1,2.679691225E-2,1.685984992E0,8.277675158E-1,1.878420221E0
2.146702546E1,1.255204973E-1,-5.619794047E-1,-1.682706750E0,1.778504499E0
2.147697946E1,5.009262141E-2,-2.143707372E0,-2.453369189E0,3.258375507E0
2.148693346E1,-1.849241519E-1,-1.453154127E0,-5.949536079E-1,1.581083064E0
2.149688646E1,-4.006845091E-1,7.707033688E-1,1.048573874E0,1.361630981E0
2.150684046E1,-7.036774667E-1,1.562347956E0,2.148764629E0,2.748323588E0
2.151679346E1,-8.108980063E-1,2.066516524E0,2.235764181E0,3.150664627E0
2.152674746E1,-5.270445935E-1,1.377442040E0,1.415411519E0,2.044140980E0
2.153670046E1,-5.061666349E-1,7.997119904E-1,4.248803240E-1,1.037432995E0
2.154665446E1,-3.844338543E-1,-4.334950268E-2,-8.827067846E-1,9.637633710E-1
2.155660746E1,-3.739102913E-1,-7.908879572E-1,-9.131204921E-1,1.264555930E0
2.156656146E1,-2.772662685E-1,-1.325638048E0,-1.081733726E0,1.733303399E0
2.157651546E1,-2.206484833E-1,-1.425378098E0,-8.612843406E-1,1.679940235E0
2.158646846E1,-8.624970531E-1,-1.061543291E0,-1.835191902E0,2.288821671E0
2.159642246E1,-1.416392975E-1,-3.937684590E-1,-1.413196594E0,1.473852063E0
2.160637546E1,-9.256411350E-1,6.618457550E-1,1.783739913E0,2.115792851E0
2.161632946E1,-1.034492244E0,1.634203219E0,4.694138879E-1,1.990262235E0
2.162628246E1,-8.724500374E-1,1.223174365E0,-8.416625467E-1,1.722126719E0
2.163623646E1,-9.287718073E-1,-5.998073816E-2,-2.270952432E0,2.454269690E0
2.164618946E1,-1.310090302E0,-2.383557819E0,-3.666853840E0,4.565468383E0
2.165614346E1,-7.230896379E-1,-3.307697974E0,-2.729697783E0,4.349134914E0
2.166609746E1,-8.058910355E-1,-1.466399240E0,1.202060946E0,2.060276100E0
2.167605046E1,-1.051420006E0,1.838021370E0,4.008467766E0,4.533389507E0
2.168600446E1,-8.761527868E-1,4.838873838E0,4.600291652E0,6.733871621E0
2.169595746E1,-1.359168614E0,5.524877365E0,3.294984080E0,6.574840630E0
2.170591146E1,-1.001648689E-1,4.101438788E0,1.588163705E0,4.399329163E0
2.171586446E1,-3.018839966E-1,1.360360569E0,-6.337925684E-1,1.530819338E0
2.172581846E1,5.557707215E-1,-6.102622032E-2,-2.561814281E0,2.622117028E0
2.173577146E1,-3.668061436E-1,-2.060290993E0,-4.309828291E0,4.791029704E0
2.174572546E1,-6.849989748E-1,-2.795408208E0,-4.836866781E0,5.628393279E0
2.175567946E1,-4.769045731E-1,-2.364439178E0,-3.227791679E0,4.029472636E0
2.176563246E1,-1.104928534E0,-5.079651654E-1,4.482914060E-2,1.216924536E0
2.177558646E1,-1.095379520E0,9.803324819E-1,6.928751743E-1,1.625110481E0
2.178553946E1,-1.672617964E0,-4.517377549E-1,-3.332063906E0,3.755578215E0
2.179549346E1,-2.602040384E-1,-1.301161603E0,-4.851587439E0,5.029774184E0
2.180544646E1,2.004378748E-1,-2.332396436E0,-1.720438541E0,2.905194873E0
2.181540046E1,-2.315224772E-1,-9.783087605E-1,-2.150780749E0,2.374141638E0
2.182535346E1,3.098004322E-1,-5.658835906E-1,-1.615386879E0,1.739446842E0
2.183530746E1,3.528194941E-1,-1.316541535E-1,-3.144784606E-1,4.906231891E-1
2.184526146E1,5.156300611E-1,1.350566483E-1,1.117844084E0,1.238422405E0
2.185521446E1,-3.264419369E-1,6.963747329E-1,8.712298697E-1,1.162128905E0
2.186516846E1,2.458805710E-1,1.326137985E0,-9.008156115E-1,1.621902579E0
2.187512146E1,9.752006365E-2,2.163002014E-1,9.328454894E-1,9.625469583E-1
2.188507546E1,2.617548662E-1,1.750173386E0,2.931710021E0,3.424404494E0
2.189502846E1,3.888630470E-1,7.114301437E-1,8.305496210E-1,1.160672215E0
2.190498246E1,6.344332771E-1,-7.719131577E-1,-1.334008922E0,1.666713926E0
2.191493546E1,8.419410203E-1,-1.628615620E0,-3.465369898E0,3.920464520E0
2.192488946E1,1.097447095E0,-3.713017023E0,-4.324423818E0,5.804440274E0
2.193484346E1,1.341642462E0,-3.197562743E0,-2.839510832E0,4.481878374E0
2.194479646E1,7.764034539E-1,-2.257746788E0,-1.288984777E0,2.713246144E0
2.195475046E1,1.002553071E0,5.167079222E-1,1.664227795E0,2.010411373E0
2.196470346E1,3.718713672E-1,3.478520286E0,2.931132900E0,4.563982009E0
2.197465746E1,-1.494226176E-1,3.193549799E0,2.588945070E0,4.113845405E0
2.198461046E1,2.125106758E-1,3.129576582E0,2.334517806E0,3.910164160E0
2.199456446E1,6.982536625E-1,1.169574693E0,2.214639945E0,2.600017928E0
2.200451746E1,6.561722747E-1,9.857879341E-2,-1.481269294E-1,6.798686784E-1
2.201447146E1,5.285279225E-1,-9.792302817E-1,2.869708192E-1,1.149167508E0
2.202442546E1,7.471644520E-1,3.362488139E-1,5.660145682E-1,9.958365702E-1
2.203437846E1,4.771822793E-1,3.290614164E0,3.548937719E0,4.863209171E0
2.204433246E1,-4.231062788E-1,4.900104711E0,4.366860278E0,6.577196499E0
2.205428546E1,5.705973235E-1,4.332072853E0,3.280272778E0,5.463755669E0
2.206423946E1,1.278586088E0,3.437713153E0,3.397226447E0,4.999380125E0
2.207419246E1,1.031713720E0,1.029590596E0,4.259614742E-1,1.518529938E0
2.208414646E1,1.230524899E0,-1.539947273E0,-1.157739344E0,2.286042326E0
2.209410046E1,1.593570187E0,-1.545270578E0,-3.529347793E0,4.169367211E0
2.210405346E1,1.187179197E0,-2.266350381E0,-6.120532054E0,6.633750909E0
2.211400746E1,1.130456382E0,-2.178650333E0,-4.354992477E0,4.999040746E0
2.212396046E1,1.097777682E0,-1.485266451E0,-8.103238097E-1,2.016868103E0
2.213391446E1,-3.848298935E-1,-8.366137683E-2,3.235529592E0,3.259408691E0
2.214386746E1,1.444202149E-1,1.281907307E0,5.152030828E0,5.311079475E0
2.215382146E1,-1.809800587E-1,9.511554605E-1,4.170819510E0,4.281726973E0
2.216377446E1,-4.586200739E-1,-7.208757359E-1,2.098425949E0,2.265697611E0
2.217372846E1,-5.670569440E-1,-2.960066970E0,1.375903053E0,3.313104172E0
2.218368246E1,-7.157920935E-1,-3.776529479E0,6.156644458E-1,3.892759424E0
2.219363546E1,-4.651993610E-1,-3.529607409E0,-9.912840244E-1,3.695562599E0
2.220358946E1,-8.503754827E-1,-2.761473892E0,-1.192387020E0,3.125806028E0
2.221354246E1,-1.401445737E0,-1.622739753E0,2.869199485E-1,2.163251608E0
2.222349646E1,-8.012037612E-1,-2.521015334E-1,2.306067594E0,2.454267792E0
2.223344946E1,-4.261757746E-1,-5.524724168E-1,1.161179845E0,1.354691919E0
2.224340346E1,-3.903259473E-2,3.244245744E-1,-1.868710773E0,1.897064786E0
2.225335746E1,-2.676872502E-1,-1.400963050E0,-1.119949374E0,1.813460926E0
2.226331046E1,-6.810438450E-2,3.247835934E-1,-1.012055381E0,1.065072150E0
2.227326446E1,-2.512535227E-1,-5.546300393E-1,-4.252887520E-1,7.427067630E-1
2.228321746E1,-4.311607452E-1,1.011347868E0,-1.178540229E0,1.611732350E0
2.229317146E1,-4.086898224E-1,6.157813901E-1,8.704568678E-1,1.141888458E0
2.230312446E1,-1.219164344E0,1.183089947E0,-3.231568980E-1,1.729304456E0
2.231307846E1,-5.808620375E-1,1.032065138E0,-1.752088349E0,2.114798510E0
2.232303146E1,-9.049691811E-1,-1.940930611E-1,6.508301854E-1,1.131468632E0
2.233298546E1,-9.929638564E-1,-2.768446112E-1,1.251128148E0,1.621092780E0
2.234293946E1,-8.330038436E-1,-9.857247841E-1,-3.304191399E-1,1.332188261E0
2.235289246E1,-3.167587285E-1,-1.982985540E0,-2.081856694E0,2.892523991E0
2.236284646E1,-2.176191140E-2,-1.867214763E0,-1.812867817E0,2.602586075E0
2.237279946E1,-4.990342013E-1,-1.828810251E-1,-7.419947094E-1,9.127084705E-1
2.238275346E1,-6.507412346E-1,1.657015547E0,3.203812248E-1,1.808814199E0
2.239270646E1,-5.327618548E-1,2.938204815E0,-5.170315656E-1,3.030545227E0
2.240266004E1,-4.669526486E-1,2.201208891E0,-1.324291434E0,2.610960199E0
2.241261404E1,-6.353784064E-1,4.659763098E-1,-1.434667278E0,1.636798655E0
2.242256704E1,-6.175832096E-1,-8.678180194E-1,1.265056801E-1,1.072623337E0
2.243252104E1,-2.109816471E-1,-9.060196334E-1,8.381755596E-1,1.252167361E0
2.244247404E1,-3.042790527E-1,-1.912647629E-1,-3.679430616E-1,5.143442893E-1
2.245242804E1,5.160544228E-2,4.448772168E-1,-1.016722628E0,1.110992243E0
2.246238104E1,3.673518715E-1,6.552693915E-1,1.184311430E0,1.402468872E0
2.247233504E1,-2.212594077E-1,1.118831386E0,4.098341517E0,4.254073646E0
2.248228904E1,-6.186309575E-1,2.853585665E0,4.627111076E0,5.471362931E0
2.249224204E1,-4.666220617E-1,2.526105335E0,3.202838686E0,4.105742316E0
2.250219604E1,-5.156441310E-1,2.320040685E-1,2.190343595E0,2.262149381E0
2.251214904E1,-4.174394132E-1,-1.099306948E0,1.489797750E0,1.897953837E0
2.252210304E1,-7.479780190E-2,-1.279961938E0,-4.540655315E-3,1.282153615E0
2.253205604E1,-1.162488233E-1,-3.723039150E-1,-6.531673175E-1,7.607572140E-1
2.254201004E1,-2.667905431E-2,2.981126887E-1,-1.396649266E0,1.428359941E0
2.255196304E1,-2.700422894E-1,5.799011207E-1,-2.265743733E0,2.354315784E0
2.256191704E1,-3.153477953E-1,-9.209551764E-1,-2.390683236E0,2.581272749E0
2.257187104E1,-2.185570805E-1,-7.988390011E-1,-1.177519305E0,1.439605036E0
2.258182404E1,-3.328666747E-1,5.916604561E-1,-2.361398041E-1,7.187658349E-1
2.259177804E1,-5.420732534E-1,1.146788093E0,1.393736476E-1,1.276084385E0
2.260173104E1,-5.315923386E-1,1.124258187E0,-2.624587065E-1,1.270996246E0
2.261168504E1,-4.740161582E-1,-4.561623430E-1,-1.384970330E0,1.533270432E0
2.262163804E1,-7.191915916E-1,-1.744665309E0,-2.618920528E0,3.227977435E0
2.263159204E1,-6.076333681E-1,-1.653265727E0,-2.289598326E0,2.888730927E0
2.264154604E1,-8.679109901E-1,-4.526727247E-1,-7.719552577E-1,1.246634270E0
2.265149904E1,-7.571517156E-1,9.736356658E-1,1.077683945E0,1.637879060E0
2.266145304E1,-8.105541900E-1,1.391767718E0,2.224666750E-1,1.625886496E0
2.267140604E1,-7.459362444E-1,3.352699900E-1,-1.377225108E0,1.601741504E0
2.268136004E1,-5.673271219E-1,-1.287697220E0,-2.244745212E0,2.649321660E0
2.269131304E1,-4.137273449E-1,-2.304989367E0,-2.246995805E0,3.245479386E0
2.270126704E1,-3.440495477E-1,-1.696392451E0,-2.503501461E0,3.043622349E0
2.271122104E1,-7.387155908E-1,-9.356328571E-1,-1.095748917E0,1.619189692E0
2.272117404E1,-9.436844730E-1,1.180246446E0,1.939843029E0,2.458965847E0
2.273112804E1,-1.404809348E0,2.233013651E0,3.339623479E0,4.255928130E0
2.274108104E1,-1.057826800E0,2.750426747E0,2.970676743E0,4.184347636E0
2.275103504E1,-6.389614340E-1,2.026059639E0,1.261846095E0,2.470919857E0
2.276098804E1,-6.776901014E-2,5.166582209E-1,6.973933178E-1,8.705663649E-1
2.277094204E1,-1.099722393E-2,3.369826394E-1,9.696402633E-1,1.026586810E0
2.278089604E1,-7.456457108E-2,-2.630364114E-1,-3.855683237E-1,4.726636873E-1
2.279084904E1,-1.503915560E-1,-2.226111013E-1,-2.216807508E0,2.233026836E0
2.280080304E1,-3.515212661E-1,-1.409432741E0,-2.513135042E0,2.902742770E0
2.281075604E1,-5.898133206E-1,-1.530161372E0,-1.853601276E0,2.474896214E0
2.282071004E1,-3.543017998E-1,-6.492631316E-1,4.430695501E-1,8.621966166E-1
2.283066304E1,-5.828152999E-1,9.938249320E-1,2.771702426E0,3.001615566E0
2.284061704E1,-3.462780678E-1,2.025438665E0,1.351759899E0,2.459586370E0
2.285057104E1,5.350051391E-1,4.494661117E-1,-2.163411319E-1,7.314736972E-1
2.286052404E1,7.228448588E-1,-8.193486947E-1,-1.286450593E0,1.687836515E0
2.287047804E1,3.850441208E-1,-2.415637983E0,-2.085293103E0,3.214344905E0
2.288043104E1,3.174985474E-1,-1.495950483E0,-5.768889275E-1,1.634464441E0
2.289038504E1,-2.858765494E-1,9.437756896E-1,2.446713595E0,2.637962352E0
2.290033804E1,-8.733186413E-1,2.071436371E0,2.166217983E0,3.121863937E0
2.291029204E1,-6.210030998E-1,1.237747380E0,1.493482958E0,2.036701935E0
2.292024604E1,-5.356140535E-1,1.858309454E-1,3.327296671E-1,6.573618379E-1
2.293019904E1,-6.392482399E-1,-1.918100742E0,-2.638193536E-1,2.038957925E0
2.294015304E1,-3.174149688E-1,-2.256704230E0,-6.203603446E-3,2.278926222E0
2.295010604E1,-3.810416286E-1,-2.514847106E0,-6.903772438E-1,2.635577627E0
2.296006004E1,-2.444476012E-1,-1.490748215E0,-1.275877073E0,1.977358637E0
2.297001304E1,-3.093658379E-1,-3.131090426E-1,-1.515443346E-1,4.655214062E-1
2.297996704E1,-1.666817161E-1,9.892892468E-1,2.395644599E0,2.597227185E0
2.298992104E1,-6.040955834E-2,2.910090818E0,3.046737324E0,4.213654732E0
2.299987404E1,-2.743791327E-2,2.240229700E0,2.979615966E0,3.727934180E0
2.300982804E1,6.493570525E-2,2.168097278E0,1.586150509E0,2.687142700E0
2.301978104E1,6.917196183E-1,-6.377897251E-1,2.047636449E-2,9.411009750E-1
2.302973504E1,5.932113204E-1,-2.439039125E0,-1.806632931E0,3.092690426E0
2.303968804E1,7.281572735E-1,-1.847654657E0,-1.053449575E0,2.248065113E0
2.304964204E1,6.419551353E-1,-7.393628776E-1,7.050908849E-1,1.206613864E0
2.305959604E1,3.010872769E-1,5.925083023E-1,1.859312836E0,1.974528769E0
2.306954904E1,3.271359648E-1,2.700882704E0,2.269713115E0,3.543075352E0
2.307950304E1,4.959780078E-1,2.268802704E0,2.514795651E0,3.423106346E0
2.308945604E1,6.557620925E-1,7.395499885E-1,1.953585155E0,2.189395594E0
2.309941004E1,3.113889745E-1,-2.073510379E-1,6.012571988E-1,7.081438875E-1
2.310936304E1,1.387262877E-1,-1.302637441E0,-1.294313929E0,1.841563963E0
2.311931704E1,-3.860779451E-1,-1.605765871E0,-2.223656059E0,2.769871203E0
2.312927104E1,-6.145736477E-1,-8.441192544E-1,-2.155262347E0,2.394868236E0
2.313922404E1,-8.151775834E-1,1.152959830E-1,-2.034198378E0,2.194486432E0
2.314917804E1,-7.861604103E-1,5.132159650E-2,-1.241358621E0,1.470256210E0
2.315913104E1,-6.016758228E-1,-4.965040380E-1,2.224883097E-1,8.111911633E-1
2.316908504E1,-4.912339425E-1,-4.614716148E-1,1.225647152E0,1.398741498E0
2.317903804E1,-6.786410049E-1,-7.439213669E-1,2.599843403E0,2.788038438E0
2.318899204E1,-7.127822392E-1,-2.771779025E-1,2.898020411E0,2.997233459E0
2.319894604E1,-4.876627190E-1,-2.458970529E-1,1.107055678E0,1.234444232E0
2.320889904E1,-5.197031950E-1,-6.135126704E-1,-1.410968220E-1,8.163317468E-1
2.321885304E1,-4.853394740E-1,-1.044978713E0,3.929182738E-1,1.217341237E0
2.322880604E1,-2.895735976E-1,-1.397840636E0,-5.874288261E-2,1.428727420E0
2.323876004E1,-2.772232549E-1,-1.101563973E0,-1.576346775E0,1.942978403E0
2.324871304E1,-3.428199148E-1,-1.156170536E0,-2.156019269E0,2.470359264E0
2.325866704E1,-4.204429451E-1,-1.320770826E0,-1.633565288E0,2.142368641E0
2.326862104E1,-2.682254681E-1,-6.376376975E-1,-1.011099946E0,1.225091766E0
2.327857404E1,-5.275955474E-1,1.483029306E-1,2.189542526E-1,5.901625078E-1
2.328852804E1,-8.161773842E-1,9.093917227E-1,5.909166902E-1,1.357321392E0
2.329848104E1,-6.947181436E-1,1.227367403E0,1.502427444E-1,1.418321869E0
2.330843504E1,-6.458515736E-1,5.635411960E-1,-5.776119357E-1,1.033604607E0
2.331838904E1,-6.789856982E-1,-6.331780261E-1,4.736949268E-1,1.042268140E0
2.332834204E1,-6.767047725E-1,-1.848690784E-1,-3.047378764E-1,7.648340333E-1
2.333829604E1,-5.003268745E-1,-4.659523362E-1,4.936921120E-2,6.854749302E-1
2.334824904E1,-4.543779190E-1,-3.198157990E-1,1.133889136E0,1.262713749E0
2.335820304E1,-4.547199080E-1,-1.956840885E-1,4.507829046E-1,6.695279563E-1
2.336815604E1,-2.025906369E-1,8.872161573E-1,-2.675451994E-1,9.485651847E-1
2.337811004E1,-3.271902343E-1,8.480427361E-1,-9.818933961E-1,1.338037583E0
2.338806404E1,-2.328898120E-1,1.586045551E-1,-1.040921330E0,1.078383181E0
2.339801733E1,-3.961567177E-1,3.997191703E-1,-4.914152062E-1,7.471308218E-1
2.340797133E1,-3.164648328E-1,-4.047559619E-1,-1.253149531E0,1.354385885E0
2.341792433E1,-4.179617157E-1,-1.054338351E0,-4.671621251E-1,1.226605807E0
2.342787833E1,-2.197793495E-1,-7.776866984E-1,-7.479758263E-3,8.081803698E-1
2.343783133E1,-4.912864213E-1,-6.326699030E-1,-4.232545057E-1,9.059679523E-1
2.344778533E1,-2.642351089E-1,6.328973597E-1,2.333108042E0,2.431824911E0
2.345773933E1,-1.156114585E-1,2.045638456E0,3.534322019E0,4.085270473E0
2.346769233E1,-9.698539060E-3,2.640005003E0,2.264317304E0,3.478053095E0
2.347764633E1,-2.565050167E-1,1.527533634E0,-1.659246844E-1,1.557782022E0
2.348759933E1,1.928323100E-1,-8.147802651E-1,-1.995456189E0,2.164000135E0
2.349755333E1,6.117036515E-1,-1.856196855E0,-1.641541475E0,2.552313957E0
2.350750733E1,6.235602334E-1,-1.790588756E0,-1.556821460E0,2.453309707E0
2.351746033E1,1.890019818E-1,-7.921725905E-1,2.010255200E-1,8.388506553E-1
2.352741433E1,-3.051644673E-1,6.976061565E-1,1.515169696E0,1.695735507E0
2.353736733E1,-4.366043203E-1,1.465821535E0,1.547308917E0,2.175642661E0
2.354732133E1,2.199597179E-1,1.875820695E0,8.743709940E-1,2.081252073E0
2.355727433E1,3.773485638E-1,1.182373078E0,1.771923567E0,2.163356457E0
2.356722833E1,2.971377385E-1,8.511306506E-1,2.098692290E0,2.284124241E0
2.357718233E1,-7.608601660E-2,2.783292192E-1,1.281901752E0,1.313974253E0
2.358713533E1,6.491564199E-2,-3.818009627E-1,-6.263654351E-1,7.364235697E-1
2.359708933E1,3.486833930E-1,-3.059315854E-1,-1.267483103E0,1.349699100E0
2.360704233E1,4.175495967E-1,-2.675785285E-1,-1.972606148E0,2.033991383E0
2.361699633E1,8.007453395E-1,-7.531944662E-1,-3.035898340E0,3.228803762E0
2.362695033E1,8.138763586E-1,-3.840538949E-1,-9.551257199E-1,1.312309896E0
2.363690333E1,8.628817999E-1,-7.967877978E-1,8.728407776E-1,1.463313643E0
2.364685733E1,7.725901922E-1,-7.520776480E-1,1.088577892E0,1.532161291E0
2.365681033E1,7.832254735E-1,2.450620705E-1,-5.358911750E-1,9.801412715E-1
2.366676433E1,1.293763121E0,8.615854722E-1,-1.142459984E0,1.929084590E0
2.367671733E1,1.052574247E0,-1.629993224E-1,1.355872246E0,1.724201517E0
2.368667133E1,1.287279729E0,9.351580632E-1,1.564731281E0,2.231589945E0
2.369662533E1,7.181310529E-1,1.341196904E0,-1.143759236E0,1.903340888E0
2.370657833E1,1.320632978E0,-3.274464154E-1,-9.361099899E-1,1.651543075E0
2.371653233E1,1.487621124E0,-8.300140160E-1,-1.738614610E0,2.434074904E0
2.372648533E1,1.429235653E0,-8.567182499E-1,-2.635082232E0,3.117745834E0
2.373643933E1,1.754472990E0,-1.374141287E0,-1.241060705E0,2.550817795E0
2.374639233E1,1.594000396E0,-1.179046013E0,-1.229555431E-1,1.986480513E0
2.375634633E1,1.085004439E0,-5.418690759E-1,-9.660676146E-1,1.550530027E0
2.376630033E1,1.122333941E0,-9.228496742E-1,-1.362366164E0,1.991814891E0
2.377625333E1,1.445487112E0,-7.983378947E-2,2.511389648E0,2.898772910E0
2.378620733E1,6.677226453E-1,2.530890697E0,5.551658197E0,6.137765879E0
2.379616033E1,-1.405496688E-1,1.033760830E0,1.073847002E-1,1.048783647E0
2.380611433E1,8.396540281E-1,-1.481471608E0,-2.703164873E0,3.194820392E0
2.381606833E1,1.109542134E0,-2.468863433E0,-1.197084088E0,2.959625097E0
2.382602133E1,1.302543593E0,-3.619237624E0,-2.197663724E0,4.430036866E0
2.383597533E1,1.127591904E0,-1.846047258E0,6.277178961E-1,2.252417310E0
2.384592833E1,5.048224697E-1,1.159415740E0,2.938688088E0,3.199215257E0
2.385588233E1,6.560605929E-1,2.483584383E0,2.847238512E0,3.834758667E0
2.386583533E1,-4.963352362E-1,5.968866974E-1,2.884691682E-1,8.281526775E-1
2.387578933E1,1.233300280E0,9.809756756E-2,-1.534570173E0,1.971181963E0
2.388574333E1,-1.098617123E0,-1.864562466E0,2.974739973E0,3.678672407E0
2.389569633E1,-4.304245077E-1,2.146512866E-3,1.643399428E0,1.698832406E0
2.390565033E1,-6.212735336E-1,-5.003392267E-1,-4.536103258E-1,9.176505179E-1
2.391560333E1,-6.424724677E-1,-5.816663951E-1,-9.581779665E-1,1.291979753E0
2.392555733E1,-8.351185622E-1,-2.262169037E0,-1.370387959E0,2.773588817E0
2.393551133E1,-5.950720506E-1,-1.776158997E0,-4.061475992E-2,1.873633125E0
2.394546433E1,-5.848194330E-1,1.449250526E0,1.810214643E0,2.391488639E0
2.395541833E1,-5.675541766E-1,3.908509907E0,4.114384523E0,5.703220795E0
2.396537133E1,-6.589817888E-1,3.720720729E0,3.797204064E0,5.356937413E0
2.397532533E1,-7.012447326E-1,2.304515743E0,-5.172856271E-2,2.409400927E0
2.398527833E1,-2.903429816E-1,-3.316599190E-2,-1.740344217E0,1.764708764E0
2.399523233E1,-4.129095387E-1,-1.227418274E0,-9.365675345E-1,1.598189179E0
2.400518633E1,5.426172271E-2,-1.209898846E0,4.535831362E-1,1.293266103E0
2.401513933E1,-8.057182503E-1,-3.448266792E-1,7.477261502E-1,1.152033738E0
2.402509333E1,-5.668331419E-1,1.827143794E-1,9.532177734E-1,1.123969963E0
2.403504633E1,-6.966266017E-1,4.496906447E-1,8.137692815E-1,1.161779128E0
2.404500033E1,1.567684929E-1,9.545351511E-1,4.729590547E-1,1.076756232E0
2.405495433E1,-3.582004309E-3,3.994209623E-1,9.090490758E-1,9.929351229E-1
2.406490733E1,-9.106881235E-2,-3.298835349E-1,-9.596000093E-1,1.018797749E0
2.407486133E1,3.308303088E-1,-1.667505451E0,-1.892253125E0,2.543746256E0
2.408481433E1,5.102091075E-1,-1.380052237E0,-1.549965307E0,2.137112529E0
2.409476833E1,2.857493359E-1,-7.588235807E-1,5.431250578E-1,9.759358268E-1
2.410472233E1,1.078931156E-1,6.684384906E-1,3.310428916E0,3.378962940E0
2.411467533E1,4.551115618E-1,2.125337175E0,3.177973694E0,3.850156028E0
2.412462933E1,4.858610457E-1,1.512636682E0,2.311162857E0,2.804568495E0
2.413458233E1,4.043539658E-1,8.976879358E-2,1.841475320E-1,4.532889581E-1
2.414453633E1,4.286980807E-1,-1.869476466E0,-7.433243662E-1,2.057001559E0
2.415448933E1,6.238065474E-2,-2.812484416E0,-6.668182272E-1,2.891125471E0
2.416444333E1,-2.206757460E-1,-1.906066588E0,-1.423927989E0,2.389426404E0
2.417439733E1,-9.466963738E-2,-7.294512624E-1,-1.150557793E0,1.365593175E0
2.418435033E1,-9.004405126E-2,-1.530473614E-1,1.401421764E0,1.412626768E0
2.419430433E1,-4.548291779E-1,8.367394835E-1,7.440432814E-1,1.208554074E0
2.420425733E1,-2.212999362E-2,1.465638517E0,8.126097786E-1,1.675983488E0
2.421421133E1,-6.384507528E-1,-3.677886951E-1,2.035112590E0,2.164387013E0
2.422416533E1,-2.712490451E-1,-1.814233142E-1,1.266834354E-1,3.500559330E-1
2.423411833E1,-3.516345193E-1,-1.642312138E0,-1.516225411E0,2.262692089E0
2.424407233E1,-2.083334797E-1,-1.705683677E0,-2.148164120E0,2.750885081E0
2.425402533E1,-5.148396637E-2,-1.908262802E0,-7.356335235E-1,2.045794271E0
2.426397933E1,-5.722295737E-1,-1.481222516E-1,-3.893427014E-1,7.077956101E-1
2.427393333E1,-2.608024827E-1,1.999537253E-1,-8.691102540E-1,9.291674020E-1
2.428388633E1,-4.531753295E-1,4.059645814E-1,-1.059299129E-1,6.175728840E-1
2.429384033E1,-6.438056329E-1,-2.508315182E-1,-8.321999976E-1,1.081646421E0
2.430379333E1,-6.887707213E-1,-1.115221900E0,-9.352533728E-2,1.314105011E0
2.431374733E1,-8.791196640E-1,-1.524898294E0,-9.110549632E-1,1.981965523E0
2.432370133E1,-7.452331898E-1,-1.782732437E0,-1.556959162E0,2.481457088E0
2.433365433E1,-1.000892315E0,-6.739114845E-1,-1.418791795E0,1.862501617E0
2.434360833E1,-1.250531002E0,-6.215695488E-1,-1.465469533E0,2.024296777E0
2.435356133E1,-9.225236920E-1,-6.502068722E-1,-1.056869026E0,1.546218315E0
2.436351533E1,-6.755472431E-1,2.494989377E-1,4.735674575E-1,8.619048290E-1
2.437346833E1,-2.834677889E-1,1.953247186E0,2.276530969E0,3.012992169E0
2.438342233E1,-5.786470391E-1,3.798140203E0,3.713501172E0,5.343294148E0
2.439337633E1,-6.059078548E-1,3.964887591E0,3.990321225E0,5.657748794E0
2.440332933E1,-2.921027925E-1,2.586960817E0,3.046318371E0,4.007211740E0
2.441328333E1,1.496940197E-2,2.679743850E-1,1.256815150E-1,2.963615988E-1
2.442323633E1,1.313724273E-1,-1.569683872E0,-1.080781507E0,1.910302290E0
2.443319033E1,5.310066303E-1,-2.581787201E0,-1.204431407E0,2.897973120E0
2.444314433E1,3.842994048E-1,-3.997609195E0,-1.240062000E0,4.203132055E0
2.445309733E1,4.275438769E-1,-7.186947244E0,-1.680358509E0,7.393146095E0
2.446305133E1,1.832350447E0,-6.354539963E0,1.231854556E0,6.727194954E0
2.447300433E1,7.788844275E-1,4.377447832E-1,7.382707347E0,7.436575100E0
2.448295833E1,1.541369608E0,3.874087933E0,1.441200664E1,1.500301013E1
2.449291233E1,1.143047410E0,2.001379711E0,8.922656958E0,9.215524148E0
2.450286533E1,3.172562534E-1,2.318660742E-1,3.002889931E0,3.028491595E0
2.451281933E1,8.679583526E-1,-2.140201966E0,2.773245506E0,3.608975865E0
2.452277233E1,2.107603593E0,-2.183836228E0,1.105123758E-1,3.036996306E0
2.453272633E1,5.569543806E-1,-3.826889209E0,-4.191868901E-3,3.867207878E0
2.454268033E1,1.071565035E-1,-1.847988533E0,-1.749311507E-1,1.859339948E0
2.455263333E1,-4.452595516E-1,6.392047513E-1,2.975899476E0,3.076169123E0
2.456258733E1,-5.009860019E-1,1.383009174E0,5.001837493E0,5.213643606E0
2.457254033E1,-6.052326841E-1,7.093350863E-1,4.148525831E0,4.252026509E0
2.458249433E1,-5.358127492E-1,-2.007608750E0,3.026884857E0,3.671460218E0
2.459244833E1,-2.067163957E-1,-4.967910778E0,2.337319207E0,5.494172389E0
2.460240133E1,-1.596597729E0,-5.298502995E0,-1.621596622E-1,5.536203939E0
2.461235533E1,-9.554211505E-1,-2.845642807E0,1.392910264E0,3.309185937E0
2.462230833E1,-1.385698747E0,-6.215590239E-3,4.254824410E0,4.474788309E0
2.463226233E1,-4.751218667E-1,2.945895658E0,6.937702661E0,7.552202343E0
2.464221533E1,-1.156062216E0,-4.741577339E-1,4.832178192E0,4.991117258E0
2.465216933E1,-3.201576784E-1,-3.376295169E0,6.580324933E-1,3.454689099E0
2.466212333E1,-1.805609595E-1,-4.803417492E0,1.402204998E0,5.007154953E0
2.467207633E1,-3.866487795E-1,-1.906071850E0,2.909485046E0,3.499672901E0
2.468203033E1,-9.231361147E-2,5.717892784E-1,4.484063915E0,4.521315514E0
2.469198333E1,-3.633516451E-1,7.231257445E-1,5.151054343E0,5.214239744E0
2.470193733E1,-4.219064301E-1,-3.326269900E0,1.821972517E0,3.815974363E0
2.471189133E1,-1.405221230E-1,-3.978273622E0,-1.392795659E0,4.217379189E0
2.472184433E1,1.042912454E0,-5.261061519E-1,2.350775697E0,2.624995323E0
2.473179833E1,9.221607260E-1,9.933027756E-1,6.413813773E0,6.555458635E0
2.474175133E1,1.564405006E-1,-1.794598192E-1,3.339429351E0,3.347904994E0
2.475170533E1,4.141653379E-1,-2.703559560E0,4.486773223E-1,2.771656284E0
2.476165933E1,1.876025786E-1,-1.256208209E0,2.375568768E-1,1.292163714E0
2.477161233E1,3.423062735E-1,1.391128618E-1,5.188422144E0,5.201562296E0
2.478156633E1,-1.054372119E0,7.321743107E-1,3.964357249E0,4.167002302E0
2.479151933E1,-3.082785116E-1,-2.423046405E0,9.774997982E-1,2.630911511E0
2.480147333E1,-1.458286539E-1,-2.909176898E0,-9.410231128E-1,3.061062025E0
2.481142733E1,1.508042324E-1,-1.641706951E0,1.256647335E0,2.072946250E0
2.482138033E1,6.318367844E-2,-3.635909790E-1,2.219984300E0,2.250449037E0
2.483133433E1,1.377146463E-1,-9.337354356E-1,1.677161543E0,1.924499423E0
2.484128733E1,8.876773565E-1,-1.688064262E0,-3.958892441E-1,1.947886119E0
2.485124133E1,1.244314973E0,-1.686948028E0,-9.350615841E-1,2.295311214E0
2.486119533E1,1.078692151E0,-1.244731879E0,-1.224883798E0,2.052626251E0
2.487114833E1,3.535167380E-1,-8.615386945E-1,5.753549105E-1,1.094648930E0
2.488110233E1,4.412196007E-1,2.223349957E0,4.391884022E0,4.942327896E0
2.489105533E1,-1.684835539E-1,1.977880336E0,3.071147110E0,3.656821284E0
2.490100933E1,1.242393176E-1,-4.030292791E-1,6.341995347E-1,7.616278997E-1
2.491096333E1,4.503124230E-1,-2.250517291E0,3.017091941E0,3.790838052E0
2.492091633E1,3.551774204E-1,-5.940689242E-1,4.715800766E0,4.766324134E0
2.493087033E1,6.744932093E-1,6.779384619E-1,3.223907958E0,3.362755443E0
2.494082333E1,1.128333842E0,-7.327637100E-1,1.383773405E0,1.930002267E0
2.495077733E1,1.331010031E0,-3.504279025E0,1.374319627E0,3.992532232E0
2.496073133E1,1.330784036E0,-4.380501832E0,3.120516322E0,5.540523853E0
2.497068433E1,1.448569179E0,-1.679151936E0,4.576378587E0,5.085385419E0
2.498063833E1,9.472120982E-1,1.575484895E0,4.923915743E0,5.255883337E0
2.499059133E1,1.858538591E-1,3.816483504E-1,4.924972919E0,4.943233292E0
2.500054533E1,-4.659126482E-1,-2.656771894E0,3.367562352E0,4.314624861E0
2.501049933E1,-6.139744543E-1,-3.257973252E0,2.225970095E0,3.993281508E0
2.502045233E1,-6.484013982E-1,-5.953798699E-1,2.177380610E0,2.348592745E0
2.503040633E1,-1.086315531E0,-4.123748839E-1,2.348381847E0,2.620120565E0
2.504035933E1,-9.635601092E-1,-2.257245682E0,1.078328308E0,2.680745809E0
2.505031333E1,-1.220276777E0,-2.464190338E0,1.100562930E-1,2.751985070E0
2.506026733E1,-9.513959272E-1,1.395204127E-1,1.536291593E-1,9.737669508E-1
2.507022033E1,-1.349638968E0,1.624251258E0,1.075729805E0,2.370002554E0
2.508017433E1,-2.025843877E0,8.108977139E-2,5.908517861E-1,2.111806051E0
2.509012733E1,-2.133648553E0,-1.373223274E0,-7.025067079E-1,2.632814840E0
2.510008133E1,-1.552943294E0,-5.537997347E-1,-1.555156465E0,2.266459497E0
2.511003533E1,-9.405197407E-1,8.253239644E-1,-7.655700982E-1,1.466913291E0
2.511998833E1,-8.894892624E-1,4.542351007E-2,-1.351560509E-1,9.008449374E-1
2.512994233E1,-6.691779441E-1,-1.500507218E0,-9.330872717E-1,1.889437189E0
2.513989533E1,-4.259141848E-1,-9.991347885E-1,-1.489426745E0,1.843384183E0
2.514984933E1,-2.777095971E-1,6.623772669E-1,-1.026850006E0,1.253111008E0
2.515980333E1,-6.324781144E-1,1.372844959E0,1.607077986E-1,1.520052250E0
2.516975633E1,-3.441542860E-1,8.065900701E-1,8.145832139E-1,1.196902471E0
2.517971033E1,-4.920480577E-1,-7.479173541E-2,2.410099500E-1,5.529836261E-1
2.518966333E1,3.611193975E-1,-8.366196156E-3,-3.523245639E-1,5.045887541E-1
2.519961733E1,1.365075910E0,-4.292674899E-1,-9.636357576E-2,1.434220609E0
2.520957133E1,1.096009849E0,-1.465442635E0,4.344598174E-2,1.830477332E0
2.521952433E1,9.015674903E-1,-1.590690579E0,4.076868787E-1,1.873320328E0
2.522947833E1,1.526770280E0,-7.634826422E-1,7.728130442E-1,1.873812486E0
2.523943133E1,1.082657294E0,-8.694809675E-3,1.315707722E0,1.703909981E0
2.524938533E1,1.621634337E0,8.731845939E-1,2.377957064E0,3.007794716E0
2.525933933E1,1.204377393E0,8.405068445E-1,3.688427142E0,3.970071969E0
2.526929233E1,5.891633295E-1,-4.758838320E-1,2.794264492E0,2.895080811E0
2.527924633E1,1.989764217E0,-1.677978399E0,9.872894990E-1,2.783794839E0
2.528919933E1,2.404713484E-1,-2.410968397E0,1.985685199E-1,2.431054203E0
2.529915333E1,1.010544460E0,-7.190777171E-1,1.019732190E0,1.605654574E0
2.530910733E1,2.085394552E0,-3.386356473E-2,4.122799251E0,4.620334495E0
2.531906033E1,1.113093659E0,1.879423749E-1,3.179232892E0,3.373695542E0
2.532901433E1,1.083974014E0,-1.702395787E0,8.913548166E-1,2.206278425E0
2.533896733E1,1.386648189E0,-2.378535646E0,5.381584328E-1,2.805323424E0
2.534892133E1,1.492627657E0,-6.969828433E-1,1.794691163E0,2.436111404E0
2.535887533E1,8.884640262E-1,-5.292496151E-1,3.766501504E0,3.905893888E0
2.536882833E1,6.586072015E-1,-8.631589580E-1,3.017507970E0,3.206892761E0
2.537878233E1,1.975663072E-1,-1.881631073E0,1.635670578E0,2.500997038E0
2.538873533E1,1.543553835E-1,-2.073968800E0,1.575509453E0,2.609099884E0
2.539868933E1,2.357700408E-1,-1.113585264E0,2.735669544E0,2.963030123E0
2.540864333E1,-1.554940557E-1,-1.026717859E0,3.590248006E0,3.737406682E0
2.541859633E1,-3.189582317E-1,-8.555230790E-1,3.091116229E0,3.223143440E0
2.542855033E1,-5.591725219E-1,-8.524363339E-1,2.920057982E0,3.092904820E0
2.543850333E1,-2.834871943E-1,-7.920948225E-1,2.770635894E0,2.895548731E0
2.544845733E1,-5.105831100E-1,-9.673569256E-1,3.210036024E0,3.391283799E0
2.545841133E1,-1.450384155E0,-1.555569863E0,3.272272910E0,3.902714670E0
2.546836433E1,-1.210138801E0,-2.532346069E0,2.575558746E0,3.809293292E0
2.547831833E1,-1.000996688E0,-2.702571965E0,1.842360588E0,3.420552899E0
2.548827133E1,-7.317804276E-1,-1.715278373E0,2.013602731E0,2.744499672E0
2.549822533E1,7.798139155E-1,-1.615948212E0,3.888377359E0,4.282391488E0
2.550817933E1,5.805038224E-1,-7.585277116E-1,3.720136592E0,3.840802682E0
2.551813233E1,-2.750913236E-1,-5.075734019E-1,2.525515059E0,2.590662523E0
2.552808633E1,6.149224341E-2,-9.937097418E-1,3.557419106E0,3.694113025E0
2.553803933E1,-4.281063060E-1,-1.081241975E0,3.734364038E0,3.911244557E0
2.554799333E1,-2.918452044E-1,-2.274335924E0,2.741641306E0,3.574125707E0
2.555794733E1,-1.628983118E-2,-2.467111022E0,1.320683410E0,2.798411482E0
2.556790033E1,1.199415227E-1,-1.700304238E0,1.741894898E0,2.437133215E0
2.557785433E1,2.339806467E-1,-1.065621139E0,3.532882435E0,3.697506410E0
2.558780833E1,2.312676848E-1,-3.158706826E-1,3.426114031E0,3.448407804E0
2.559776133E1,-1.691360483E-1,-3.342823952E-1,2.426599758E0,2.455348877E0
2.560771533E1,4.808920453E-1,-3.411347473E-1,2.258408108E0,2.334103095E0
2.561766833E1,-8.223377913E-3,-2.714523089E-1,2.333807954E0,2.349556032E0
2.562762233E1,-4.149141835E-1,-3.521620113E-1,1.563626449E0,1.655626629E0
2.563757633E1,-1.421072209E-1,-5.591464287E-1,6.311385173E-1,8.550877259E-1
2.564752933E1,-1.019768297E-1,-5.228451598E-1,2.306299728E-1,5.804795597E-1
2.565748333E1,-8.896901873E-1,-4.522534794E-1,-3.398492369E-1,1.054314632E0
2.566743633E1,-2.208871959E-1,-2.695127875E-1,-9.855710024E-1,1.045360463E0
2.567739033E1,1.050193553E-1,3.604673964E-1,-6.661013585E-1,7.646285560E-1
2.568734433E1,-3.571314137E-1,8.266594684E-1,-3.002369821E-1,9.492370456E-1
2.569729733E1,-3.358354888E-1,7.557456064E-1,-1.000125892E0,1.297762958E0
2.570725133E1,-5.018741208E-1,4.018978429E-1,-1.270212876E0,1.423671401E0
2.571720433E1,-8.848114168E-1,3.290035290E-1,-1.368148475E0,1.662216838E0
2.572715833E1,-4.982690931E-1,-1.322622639E-1,-1.107799152E0,1.221877390E0
2.573711233E1,-8.536835450E-1,5.149759769E-2,-1.339569624E0,1.589299964E0
2.574706533E1,-1.307094919E0,3.772179151E-1,-9.289699548E-1,1.647354139E0
2.575701933E1,-9.016687933E-1,3.651533550E-1,-2.588837188E-1,1.006660005E0
2.576697233E1,-6.659731583E-1,6.190610933E-1,-4.065118808E-1,9.959963826E-1
2.577692633E1,-9.955683524E-1,1.169437283E-1,-4.681403643E-1,1.106339722E0
2.578688033E1,-7.531136285E-1,-1.547442234E-1,-1.569369292E-1,7.847006511E-1
2.579683333E1,-6.960533553E-1,-2.057284355E-2,2.928308988E-1,7.554226966E-1
2.580678733E1,-7.577351946E-1,-1.054381621E-1,6.874588984E-1,1.028532726E0
2.581674033E1,-8.556597577E-1,-9.332039237E-2,6.476001835E-1,1.077148232E0
2.582669433E1,-7.473569716E-1,-1.098136336E-1,7.733293533E-1,1.081036431E0
2.583664833E1,-6.487254801E-1,-3.360429919E-1,6.127531171E-1,9.535386848E-1
2.584660133E1,-9.637625691E-1,-3.066566402E-1,2.502052814E-1,1.041863363E0
2.585655533E1,-7.907942556E-1,-2.417098618E-1,5.914289063E-1,1.016645151E0
2.586650933E1,-5.067335225E-1,-2.809253830E-1,9.910977906E-1,1.148029949E0
2.587646233E1,-5.980459810E-1,-2.703009921E-1,5.430244857E-1,8.518199421E-1
2.588641633E1,-4.641447426E-1,-3.571730751E-1,3.555814630E-1,6.851577369E-1
2.589636933E1,-2.829006455E-1,-2.377928120E-1,4.469266659E-1,5.799324455E-1
2.590632333E1,-3.067551658E-1,1.327534300E-1,2.875894547E-1,4.409420589E-1
2.591627733E1,-4.455587098E-1,1.017772204E-1,-3.745550931E-2,4.585674232E-1
2.592623033E1,-4.475399657E-1,5.716471910E-2,-4.634608376E-1,6.468042780E-1
2.593618433E1,-2.992362311E-1,7.720546603E-2,-5.588736561E-1,6.386256881E-1
2.594613733E1,-2.757323246E-1,6.436439574E-2,-4.490731788E-1,5.308839893E-1
2.595609133E1,-1.240197363E-1,2.972823840E-1,-5.573373002E-1,6.437255448E-1
2.596604533E1,2.458779033E-1,1.294368893E-1,-2.908864072E-1,4.022744753E-1
2.597599833E1,1.943048765E-1,-1.938527405E-2,-3.164027792E-1,3.718076016E-1
2.598595233E1,3.312248131E-1,5.088656366E-2,-4.893932390E-1,5.931315719E-1
2.599590533E1,5.567489972E-1,-3.327358067E-2,-1.996525937E-1,5.923999791E-1
2.600585933E1,3.929959687E-1,3.089668751E-2,8.843650550E-2,4.040067477E-1
2.601581333E1,4.463216253E-1,9.537978172E-2,1.710562009E-1,4.874018053E-1
2.602576633E1,5.735601807E-1,6.891528368E-3,2.134669331E-1,6.120350526E-1
2.603572033E1,2.919939429E-1,3.208601117E-2,2.158312547E-1,3.645176338E-1
2.604567433E1,4.375087749E-1,-6.342942595E-2,4.935433003E-1,6.625875108E-1
2.605562733E1,5.136298748E-1,-7.315919280E-2,4.578843480E-1,6.919725370E-1
2.606558133E1,2.930881032E-1,-8.088804245E-2,3.256712008E-1,4.455392717E-1
2.607553433E1,5.976526827E-1,-1.467861629E-1,5.129458237E-1,8.011543701E-1
2.608548833E1,7.413556087E-1,-8.897357225E-2,5.648322612E-1,9.362477869E-1
2.609544233E1,5.938252415E-1,1.316500604E-2,3.780710238E-1,7.040876606E-1
2.610539533E1,5.741844441E-1,-4.332728326E-2,3.576771051E-1,6.778627743E-1
2.611534933E1,5.037523927E-1,3.152877152E-2,2.142507523E-1,5.483282971E-1
2.612530233E1,2.321460097E-1,-1.181956172E-2,1.485777497E-3,2.324514559E-1
2.613525633E1,1.239579020E-1,-2.617213726E-2,-1.662451118E-1,2.090166966E-1
2.614521033E1,1.243962239E-1,6.881938934E-2,-1.960559714E-1,2.421744677E-1
2.615516333E1,7.126498729E-2,4.094161928E-2,-1.118876410E-1,1.388299636E-1
2.616511733E1,1.291945953E-1,1.063146597E-1,-2.282554185E-1,2.830098698E-1
2.617507133E1,2.634256167E-1,1.471808499E-1,-2.594538224E-1,3.979592241E-1
2.618502433E1,2.997341947E-1,1.678092420E-2,-9.514296949E-2,3.149196271E-1
2.619497833E1,3.222163003E-1,2.779649377E-2,-1.863016462E-1,3.732349027E-1
2.620493133E1,3.710374081E-1,1.487707078E-2,-2.088967493E-1,4.260609549E-1
2.621488533E1,3.103629709E-1,-1.021040797E-2,-4.126730919E-2,3.132609407E-1
2.622483933E1,2.241681417E-1,1.695283234E-2,7.241191864E-2,2.361826417E-1
2.623479233E1,1.619724052E-1,-5.233258009E-4,6.066720128E-2,1.729619704E-1
2.624474633E1,-2.198099926E-2,-3.794199765E-2,2.640017867E-2,5.118328778E-2
2.625469933E1,-5.890558138E-2,-1.054428399E-2,1.230990922E-1,1.368737957E-1
2.626465333E1,-3.754570261E-3,7.116646171E-3,2.177912414E-1,2.179398272E-1
2.627460733E1,-1.225143707E-1,2.597742498E-2,1.869962955E-1,2.250604633E-1
2.628456033E1,-9.951237448E-2,-1.380936921E-2,1.956355566E-1,2.199242650E-1
2.629451433E1,-3.076951057E-2,-1.176354539E-1,2.454111493E-1,2.738822648E-1
2.630446833E1,-1.450866696E-1,-1.149398875E-1,1.581014022E-1,2.434283731E-1
2.631442133E1,-1.213387880E-1,-8.750065863E-2,1.005507669E-1,1.802496143E-1
2.632437533E1,-1.140538882E-1,-4.697653055E-2,1.080235085E-1,1.639639052E-1
2.633432833E1,-1.967455774E-1,1.695692539E-4,6.558120131E-2,2.073879093E-1
2.634428233E1,-2.014101206E-1,1.519866765E-2,-3.654568255E-2,2.052623275E-1
2.635423633E1,-2.664985478E-1,3.213337362E-2,-4.186343282E-2,2.716736584E-1
2.636418933E1,-3.239407173E-1,4.491421759E-2,-1.083722949E-2,3.272190716E-1
2.637414333E1,-3.355397659E-1,9.652583599E-3,2.089794874E-3,3.356850817E-1
2.638409633E1,-3.691915152E-1,-1.318839490E-2,-1.169296950E-1,3.874904673E-1
2.639405033E1,-3.525765789E-1,-5.658935308E-2,-1.269126463E-1,3.789715275E-1
2.640400429E1,-2.175633462E-1,7.424209714E-3,-4.662774414E-2,2.226276600E-1
2.641395729E1,-2.079394870E-1,7.309662759E-2,3.306308091E-3,2.204379253E-1
2.642391129E1,-2.074179154E-1,6.589578152E-2,-1.783839315E-2,2.183635819E-1
2.643386529E1,-1.532257015E-1,4.686835706E-2,2.450392663E-2,1.620962705E-1
2.644381829E1,-2.094748197E-1,2.924543381E-2,1.975540280E-2,2.124270967E-1
2.645377229E1,-2.766721183E-1,-7.000871301E-3,-2.225801110E-2,2.776542676E-1
2.646372529E1,-2.666723563E-1,-3.771395624E-2,1.287352234E-2,2.696334840E-1
2.647367929E1,-2.932106023E-1,-6.225764394E-2,6.103674531E-2,3.058986038E-1
2.648363329E1,-3.205764487E-1,-7.108401597E-2,6.075607896E-2,3.339363680E-1
2.649358629E1,-2.597656982E-1,-2.315380454E-2,7.228327990E-2,2.706273992E-1
2.650354029E1,-2.322587878E-1,-1.626110673E-3,1.111105460E-1,2.574729931E-1
2.651349329E1,-2.072641336E-1,-2.585580289E-2,1.350841302E-1,2.487461876E-1
2.652344729E1,-1.554624807E-1,-1.468001962E-2,8.090470701E-2,1.758682959E-1
2.653340129E1,-1.632025862E-1,-5.301553488E-2,7.281917721E-2,1.864091298E-1
2.654335429E1,-1.309578963E-1,-4.511828542E-2,9.994704187E-2,1.708070299E-1
2.655330829E1,-9.720228575E-2,-1.448413789E-2,8.560791492E-2,1.303333791E-1
2.656326229E1,-1.531800932E-1,6.956432462E-3,4.297528088E-2,1.592463741E-1
2.657321529E1,-1.456303876E-1,3.153169513E-2,4.888096869E-2,1.568177499E-1
2.658316929E1,-1.341841706E-1,1.559978664E-2,4.613160789E-2,1.427475752E-1
2.659312229E1,-1.399197775E-1,5.784650445E-3,-3.668543100E-3,1.400873461E-1
2.660307629E1,-1.382208690E-1,-1.206339061E-2,-6.141681433E-2,1.517318658E-1
2.661303029E1,-4.215243146E-2,-3.204625010E-2,-3.317885578E-2,6.248700740E-2
2.662298329E1,-4.415853806E-2,9.470735192E-3,-6.574901640E-3,4.563880630E-2
2.663293729E1,-2.175186150E-2,4.880670905E-2,-1.276856482E-2,5.493882575E-2
2.664289129E1,2.779093891E-2,5.111811340E-2,4.407543451E-2,7.299343621E-2
2.665284429E1,-1.711984344E-2,3.093177080E-2,7.335653633E-2,8.143122808E-2
2.666279829E1,-2.031125374E-2,-5.960651636E-3,8.688699335E-2,8.942832890E-2
2.667275129E1,-4.603366703E-3,-3.870856762E-2,9.564144462E-2,1.032803472E-1
2.668270529E1,-2.360126272E-2,-4.228647888E-2,1.427170855E-1,1.507094303E-1
2.669265929E1,-2.785533138E-2,-4.183098078E-2,1.447337902E-1,1.532110324E-1
2.670261229E1,-2.895292684E-2,-4.077672780E-2,1.100732499E-1,1.209013393E-1
2.671256629E1,-6.825644866E-2,-3.493009686E-2,1.001540333E-1,1.261343920E-1