"Time (s)","Linear Acceleration x (m/s^2)","Linear Acceleration y (m/s^2)","Linear Acceleration z (m/s^2)","Absolute acceleration (m/s^2)"
-2.302416600E-3,2.251721635E-2,-1.673999369E-2,7.637925446E-3,2.907903585E-2
7.652583416E-3,2.281734296E-2,-6.146593094E-3,4.799570024E-2,5.349765404E-2
1.760658331E-2,6.991828216E-2,-1.383217335E-2,3.675150454E-2,8.019082420E-2
2.756058332E-2,9.961095488E-2,-2.860282481E-2,5.944045544E-2,1.194723050E-1
3.751458332E-2,1.288264765E-1,-4.635555625E-2,3.719063044E-2,1.418740344E-1
4.746858333E-2,1.299359400E-1,-4.529370189E-2,4.079017639E-2,1.435224945E-1
5.742320837E-2,1.197424890E-1,-4.118778706E-3,5.053923905E-2,1.300363129E-1
6.737720838E-2,1.216955229E-1,-7.683241367E-3,6.937838316E-2,1.402932377E-1
7.733120839E-2,1.144495254E-1,-1.155117452E-2,6.397672534E-2,1.316250162E-1
8.728520840E-2,1.097142492E-1,-3.607498169E-2,4.195231050E-2,1.228764303E-1
9.723920841E-2,1.243761333E-1,-5.118184805E-2,3.896789163E-2,1.400267856E-1
1.071942083E-1,1.353014639E-1,-7.725750625E-2,6.555985898E-2,1.690363970E-1
1.171482083E-1,1.477746164E-1,-4.948615551E-2,7.157576680E-2,1.714914203E-1
1.271022083E-1,1.802939611E-1,-4.330681801E-2,7.032972515E-2,1.983120347E-1
1.370562083E-1,2.182348075E-1,-4.325360835E-2,4.509898961E-2,2.270049002E-1
1.470102083E-1,2.171374679E-1,-3.692458212E-2,4.892745405E-2,2.256235814E-1
1.569642083E-1,2.207125103E-1,-3.395478129E-3,4.641607493E-2,2.255659405E-1
1.669182084E-1,1.949186697E-1,-2.801985741E-3,7.145414472E-2,2.076218527E-1
1.768722084E-1,1.881085090E-1,-2.408877432E-2,5.867213130E-2,1.985132217E-1
1.868262084E-1,1.824400719E-1,-6.587180793E-2,5.828446090E-2,2.025353137E-1
1.967812084E-1,1.661980966E-1,-5.120172858E-2,6.771660447E-2,1.866251934E-1
2.067352084E-1,1.601494809E-1,-1.547231734E-2,1.222991931E-1,2.020998305E-1
2.166892084E-1,1.550516590E-1,2.844085693E-2,1.909039897E-1,2.475767206E-1
2.266432084E-1,1.416134966E-1,2.454134881E-2,2.117364496E-1,2.559081560E-1
2.365972083E-1,1.194472503E-1,-4.529662549E-2,2.105354315E-1,2.462612389E-1
2.465512083E-1,8.717089394E-2,-9.041023314E-2,1.983463258E-1,2.347637961E-1
2.565052083E-1,2.395110894E-3,-1.101054096E-1,2.053814033E-1,2.330460439E-1
2.664592083E-1,-3.952586219E-2,-9.808178008E-2,2.334050614E-1,2.562425648E-1
2.764132083E-1,-1.457393651E-1,-1.243463033E-1,2.234887683E-1,2.943623537E-1
2.863672083E-1,-2.254652186E-1,-1.294924378E-1,1.614533186E-1,3.060556001E-1
2.963222084E-1,-2.488359000E-1,-1.056931007E-1,1.410582304E-1,3.049389464E-1
3.062762084E-1,-3.086907403E-1,-4.831729710E-2,1.320827544E-1,3.392202653E-1
3.162302084E-1,-2.735244159E-1,-6.023801565E-3,1.429381102E-1,3.086797623E-1
3.261842084E-1,-2.148499092E-1,-4.473938584E-2,1.487689537E-1,2.651307182E-1
3.361382084E-1,-1.803286058E-1,-8.568451345E-2,9.544702470E-2,2.212925133E-1
3.460922084E-1,-1.256616436E-1,-1.417306602E-1,3.146240562E-2,1.920112280E-1
3.560462084E-1,-1.023047214E-1,-9.821158826E-2,-8.757959604E-3,1.420861498E-1
3.660002083E-1,-1.336716073E-1,-3.296777129E-2,4.230226636E-2,1.440293522E-1
3.759542083E-1,-1.493456445E-1,3.376357734E-2,4.235635310E-2,1.588652301E-1
3.859082083E-1,-1.594058978E-1,4.380441606E-2,-2.982547760E-2,1.679840059E-1
3.958632083E-1,-1.301298026E-1,3.564638078E-2,-1.180026591E-1,1.792458020E-1
4.058172083E-1,-1.353308096E-1,2.359234571E-2,-1.235411417E-1,1.847523762E-1
4.157712084E-1,-8.919298902E-2,6.004564226E-2,-8.433468372E-2,1.366499445E-1
4.257252084E-1,-2.021961691E-2,6.221905231E-2,-8.613182545E-2,1.081606894E-1
4.356792084E-1,4.111844273E-2,4.250633419E-2,-1.448861101E-1,1.564912128E-1
4.456332084E-1,1.109723690E-1,3.968095958E-2,-1.966930255E-1,2.292980408E-1
4.555872084E-1,2.307425683E-1,6.259561300E-2,-2.089683777E-1,3.175344492E-1
4.655412084E-1,2.632644163E-1,8.370347679E-2,-1.811034715E-1,3.303224066E-1
4.754952084E-1,2.528108189E-1,1.276950037E-1,-1.771530926E-1,3.340696670E-1
4.854492084E-1,2.776595486E-1,1.232973129E-1,-1.940784431E-1,3.605044997E-1
4.954042083E-1,2.444408952E-1,1.005276704E-1,-2.178371421E-1,3.425057433E-1
5.053582083E-1,2.150990371E-1,8.477761030E-2,-2.670122257E-1,3.532001807E-1
5.153122083E-1,1.819692432E-1,9.409222484E-2,-2.118256196E-1,2.946799032E-1
5.252662083E-1,1.885058273E-1,1.082658756E-1,-1.882046226E-1,2.875359572E-1
5.352202083E-1,1.422961590E-1,6.553559303E-2,-1.606449410E-1,2.243878515E-1
5.451742084E-1,1.667276716E-1,3.464826107E-2,-1.979384825E-1,2.611096729E-1
5.551282084E-1,2.176239928E-1,3.967803597E-2,-2.079758129E-1,3.036255712E-1
5.650822084E-1,1.461677650E-1,4.035338938E-2,-1.968818906E-1,2.485073246E-1
5.750362084E-1,4.903933687E-2,-1.719835693E-1,-3.868281063E-1,4.261680285E-1
5.849912084E-1,5.705933766E-1,-5.752362120E-1,-6.575661778E-2,8.128944789E-1
5.949452084E-1,-1.755733760E-1,6.392760873E-1,5.271440327E-2,6.650404006E-1
6.048992084E-1,-5.152739657E-1,6.124280119E-1,5.979052824E-1,9.990325601E-1
6.148532083E-1,-4.761353353E-1,4.462589139E-1,-3.824815786E-1,7.564020318E-1
6.248072083E-1,-1.099202941E0,-3.329463065E-1,-6.602366012E-1,1.324768930E0
6.347612083E-1,-1.249814279E0,-7.058033681E-1,-3.254443288E-2,1.435706539E0
6.447152083E-1,-1.282559564E0,-2.352545357E-1,-3.855624765E-2,1.304526855E0
6.546692083E-1,-1.443313263E0,-2.880958235E-1,4.572388154E-1,1.541174783E0
6.646232083E-1,-1.151507600E0,-9.368175030E-2,2.911591798E-1,1.191435979E0
6.745772084E-1,-1.188169387E-1,-1.732021290E-1,-1.334732223E-1,2.488604900E-1
6.845322084E-1,1.009498394E-1,-2.392563701E-2,-2.283311400E-1,2.507955655E-1
6.944862084E-1,-6.268271824E-2,2.650344050E-1,2.274125424E-1,3.548081502E-1
7.044402084E-1,-2.253307875E-1,3.547663611E-1,5.300232017E-1,6.764301362E-1
7.143942084E-1,-1.307899533E-1,-5.983455777E-2,4.579270327E-1,4.799826595E-1
7.243482084E-1,2.059067756E-2,-5.505165231E-1,4.262444794E-2,5.525479724E-1
7.343022084E-1,-1.712184794E-1,-5.077236754E-1,-4.634751633E-1,7.084548858E-1
7.442562083E-1,7.820714889E-2,-2.871760565E-1,1.097177392E-1,3.172135367E-1
7.542102083E-1,4.148195317E-1,4.178636652E-1,1.750910720E-1,6.142818328E-1
7.641642083E-1,3.697688547E-1,3.373860973E-1,5.027979809E-1,7.094816376E-1
7.741182083E-1,6.806877496E-1,7.756740868E-2,2.295809823E-1,7.225371567E-1
7.840732083E-1,1.000645855E0,-2.212352514E-1,-4.176490724E-2,1.025661480E0
7.940272084E-1,7.959894336E-1,-3.222815698E-1,8.501266837E-3,8.587996624E-1
8.039812084E-1,1.071798649E0,-9.081895351E-2,3.125535572E-1,1.120129525E0
8.139352084E-1,1.004659238E0,4.036683798E-2,4.164460078E-1,1.088300024E0
8.238892084E-1,7.176020260E-1,5.159290731E-2,1.412523580E-1,7.331894192E-1
8.338432084E-1,7.366712581E-1,2.611424983E-2,-1.221290392E-1,7.471827077E-1
8.437972084E-1,5.338200181E-1,4.291680872E-2,2.566459894E-2,5.361570067E-1
8.537512084E-1,1.645129473E-1,1.281703824E-1,2.399480957E-1,3.179107506E-1
8.637052084E-1,1.203974593E-2,1.803918654E-1,1.993614024E-1,2.691303575E-1
8.736592083E-1,-2.423934013E-2,-6.571568727E-2,1.230154771E-1,1.415588385E-1
8.836142083E-1,-1.194242999E-1,-2.236209154E-1,-1.591006914E-1,2.993016993E-1
8.935682083E-1,-6.058197811E-2,-2.518033254E-1,-2.501330683E-1,3.600578323E-1
9.035222083E-1,1.971301049E-2,-1.671660483E-2,-1.373937804E-1,1.398037859E-1
9.134762083E-1,3.951548338E-2,2.671241999E-1,1.030191690E-1,2.890151566E-1
9.234302083E-1,7.074301366E-2,2.407550114E-1,1.943146706E-1,3.173731884E-1
9.333842084E-1,1.425701376E-1,9.661880672E-2,-8.932557464E-2,1.940115879E-1
9.433382084E-1,1.527017909E-1,-9.732631981E-2,-2.609308290E-1,3.176084807E-1
9.532922084E-1,-4.509007260E-3,-4.374243557E-2,-2.468203282E-1,2.507070128E-1
9.632462084E-1,-1.269573775E-1,6.912695289E-2,-6.220034122E-2,1.573708797E-1
9.732002084E-1,-1.873887533E-1,1.173208737E-1,-4.892774642E-2,2.264346631E-1
9.831552084E-1,-1.061396087E-1,3.948800147E-2,-1.540887505E-1,1.912282976E-1
9.931092084E-1,-9.577984091E-2,-2.813329339E-2,-2.379401618E-1,2.580325187E-1
1.003063208E0,-1.217171394E-1,-4.756125212E-3,-1.853877264E-1,2.218249126E-1
1.013017208E0,-4.973663561E-2,1.095622033E-1,-7.951570094E-2,1.442232852E-1
1.022971208E0,-2.560510352E-2,9.569143832E-2,-1.138160527E-2,9.970964664E-2
1.032925208E0,1.053591881E-1,-1.076530874E-2,-9.669715941E-2,1.434112654E-1
1.042879208E0,2.732686368E-1,-1.197901529E-1,-2.316929966E-1,3.777658974E-1
1.052833208E0,3.296459187E-1,-9.859867394E-2,-1.384088570E-1,3.708707887E-1
1.062786708E0,3.145366769E-1,4.760627568E-2,3.775693327E-2,3.203517826E-1
1.072740708E0,3.359305792E-1,1.113467735E-1,1.671730649E-1,3.914004236E-1
1.082695708E0,3.147471036E-1,6.543619037E-2,6.771163434E-2,3.285308199E-1
1.092649708E0,3.123589911E-1,-5.587131500E-2,8.922851086E-4,3.173177261E-1
1.102603708E0,2.982309851E-1,-7.249962687E-2,-2.892909944E-2,3.082771629E-1
1.112557708E0,2.260745898E-1,-3.897403121E-2,6.008131027E-2,2.371464929E-1
1.122511708E0,1.839068094E-1,4.718001366E-2,1.290059495E-1,2.295434670E-1
1.132465708E0,1.840002918E-1,2.671592832E-3,1.534204137E-1,2.395852002E-1
1.142419708E0,1.272316485E-1,-3.941257238E-2,8.375025451E-2,1.573383245E-1
1.152373708E0,1.370417414E-1,-5.960593164E-2,3.210413754E-2,1.528528103E-1
1.162327708E0,1.170741943E-1,-9.236261845E-3,5.983046472E-2,1.318004553E-1
1.172281708E0,6.766372371E-2,2.287723124E-2,1.068485105E-1,1.285237387E-1
1.182236708E0,3.407691501E-2,6.023801565E-3,6.228366405E-2,7.125150615E-2
1.192190708E0,3.291503672E-2,-3.624864399E-2,-2.890337169E-2,5.685744216E-2
1.202144708E0,-2.317467179E-2,-7.375326991E-2,-6.810222834E-2,1.030268108E-1
1.212098708E0,-5.723594550E-2,-3.640944242E-2,-2.841980696E-2,7.354785097E-2
1.222052708E0,-3.550246619E-2,1.242767215E-2,-7.972678542E-3,3.845043229E-2
1.232006708E0,-9.524935227E-2,5.108770788E-2,-1.011363655E-2,1.085572598E-1
1.241960708E0,-9.101143654E-2,3.622116208E-2,-8.033255696E-2,1.266821766E-1
1.251914708E0,-9.426449843E-2,-2.246324837E-2,-1.371470279E-1,1.679276643E-1
1.261868708E0,-1.106614798E-1,-4.757294655E-3,-1.539449090E-1,1.896513379E-1
1.271823708E0,-8.212597109E-2,2.294681311E-2,-9.972016990E-2,1.312072545E-1
1.281777708E0,-7.198843405E-2,5.823826790E-2,-6.815836161E-2,1.149764878E-1
1.291731708E0,-7.541683931E-2,4.771094084E-2,-8.804708093E-2,1.253647558E-1
1.301685708E0,-4.251934424E-2,3.151473820E-2,-1.419674724E-1,1.515118365E-1
1.311639708E0,3.143280409E-3,3.763852715E-2,-1.260086668E-1,1.315474174E-1
1.321593708E0,-4.248733073E-4,3.338058472E-2,-1.015386540E-1,1.068856501E-1
1.331547708E0,1.828548588E-2,4.292557955E-2,-6.920267433E-2,8.346241374E-2
1.341501708E0,2.044013003E-2,4.665142536E-2,-1.033527526E-1,1.152212909E-1
1.351455708E0,-1.658544447E-2,8.187271357E-3,-9.862410933E-2,1.003435266E-1
1.361409708E0,3.120280752E-2,8.380229473E-3,-1.153801829E-1,1.198183210E-1
1.371364708E0,1.658646774E-2,1.783810079E-2,-6.459302187E-2,6.903308791E-2
1.381318708E0,-2.706113331E-2,5.836632192E-2,-1.755071014E-2,6.668552989E-2
1.391272708E0,3.340300513E-2,3.424421847E-2,2.655805349E-3,4.791117357E-2
1.401226708E0,4.851895295E-2,6.371126175E-3,-3.490758508E-2,6.011006189E-2
1.411180708E0,7.378393125E-2,-2.088976264E-2,-5.873791248E-2,9.659499498E-2
1.421134708E0,1.521093218E-1,-2.800231576E-3,-2.822450995E-2,1.547310894E-1
1.431088708E0,1.547383579E-1,1.872161508E-2,2.341488272E-2,1.576157194E-1
1.441042708E0,1.527794858E-1,2.838296950E-2,2.724159300E-2,1.577633311E-1
1.450996708E0,1.880833659E-1,8.417066932E-3,2.863089144E-2,1.904361507E-1
1.460950708E0,1.785260006E-1,-2.098624170E-2,-1.369008601E-2,1.802758267E-1
1.470905708E0,1.318452478E-1,-2.120375812E-2,1.104772925E-2,1.339956008E-1
1.480859708E0,1.428075163E-1,-1.173770070E-2,2.645017236E-2,1.457098897E-1
1.490813708E0,1.082229716E-1,-6.807913184E-3,4.135150909E-2,1.160538951E-1
1.500767708E0,4.632321384E-2,-1.566469073E-2,3.368961006E-2,5.938192067E-2
1.510721708E0,1.442820562E-2,-4.216485679E-2,1.881546289E-2,4.837426908E-2
1.520675708E0,-4.392342517E-2,-4.802844465E-2,4.935342371E-2,8.168083745E-2
1.530629708E0,-1.026325949E-1,-4.539251983E-2,7.878129065E-2,1.371146314E-1
1.540583708E0,-1.531619120E-1,-3.838229299E-2,1.056036383E-1,1.899576272E-1
1.550537708E0,-2.776174486E-1,-8.588331878E-2,1.307156754E-1,3.186439706E-1
1.560491708E0,-4.524281649E-1,-1.341251868E-1,1.709743398E-1,5.019093893E-1
1.570446708E0,-6.726157415E-1,-1.228798217E-1,2.159481990E-1,7.170390582E-1
1.580400708E0,-9.084644274E-1,-9.665272057E-2,2.985319340E-1,9.611298975E-1
1.590354708E0,-1.083125217E0,-1.139961469E-1,4.015233287E-1,1.160765412E0
1.600308708E0,-1.172682049E0,-1.424849510E-1,4.255012983E-1,1.255602049E0
1.610262708E0,-1.265936368E0,-2.622873831E-1,5.031113917E-1,1.387267325E0
1.620216708E0,-1.388714448E0,-3.687628412E-1,6.482609189E-1,1.576310906E0
1.630170708E0,-1.437952243E0,-4.756575447E-1,7.546258646E-1,1.692163393E0
1.640124708E0,-1.443198511E0,-5.756782615E-1,7.407030594E-1,1.721298471E0
1.650078708E0,-1.457161078E0,-6.300725698E-1,7.165604907E-1,1.741771738E0
1.660032708E0,-1.414431234E0,-5.943981224E-1,7.320895261E-1,1.699964681E0
1.669987708E0,-1.321653609E0,-4.556729311E-1,8.061120602E-1,1.613760433E0
1.679941708E0,-1.258023916E0,-3.542617464E-1,8.233473131E-1,1.544676781E0
1.689895708E0,-1.232416912E0,-3.265131998E-1,8.076706356E-1,1.509236287E0
1.699849708E0,-1.087909482E0,-3.508843946E-1,7.026730612E-1,1.341795935E0
1.709803708E0,-1.050427368E0,-4.132443649E-1,6.110609329E-1,1.283574706E0
1.719757708E0,-9.921660769E-1,-3.853964156E-1,5.478782594E-1,1.197119254E0
1.729711708E0,-1.051009385E0,-3.519140893E-1,5.305260623E-1,1.228788899E0
1.739665708E0,-1.009228837E0,-3.309757948E-1,4.296949214E-1,1.145742356E0
1.749619708E0,-6.996924430E-1,-4.017955166E-1,3.548952922E-1,8.814532435E-1
1.759573708E0,-1.057576247E0,-4.482434589E-1,2.168115404E-1,1.168929836E0
1.769528708E0,-4.780221222E-1,-1.345923793E-1,4.310962066E-1,6.576201010E-1
1.779482708E0,-5.380114119E-1,4.735367596E-2,6.771903107E-1,8.661901447E-1
1.789436708E0,-8.279555038E-2,1.722624815E-1,4.717504352E-1,5.089969929E-1
1.799390708E0,9.747684907E-2,-5.868908823E-2,2.351639038E-1,2.612435776E-1
1.809344708E0,1.952333412E-1,-2.712956035E-1,-2.995294690E-2,3.355809009E-1
1.819298708E0,-4.437371559E-2,-3.925247562E-1,-8.317781210E-2,4.036870809E-1
1.829252708E0,-6.561014503E-2,-3.038371128E-1,-1.127530289E-1,3.306583248E-1
1.839206708E0,-1.610706914E-1,-2.799284327E-1,-1.887106991E-1,3.740527009E-1
1.849160708E0,-2.966980279E-1,-1.549032676E-1,-4.142173415E-1,5.325417806E-1
1.859114708E0,2.203551724E-1,-8.906478882E-3,-4.167234582E-1,4.714808246E-1
1.869069708E0,9.095409729E-2,2.261504209E-1,-5.882170308E-1,6.367228094E-1
1.879023708E0,4.033338460E-1,4.228829151E-1,-5.377538055E-1,7.941582377E-1
1.888977708E0,6.004502099E-1,4.720170683E-1,-6.301959461E-1,9.901956866E-1
1.898931708E0,8.732308600E-1,3.876160187E-1,-1.118424420E0,1.470935585E0
1.908885708E0,9.885150024E-1,2.818404722E-1,-1.483357627E0,1.804701031E0
1.918839708E0,1.298117251E0,3.131523120E-1,-1.433272424E0,1.958939154E0
1.928793708E0,1.881238433E0,5.260061646E-1,-1.352097868E0,2.375691304E0
1.938747708E0,2.309018391E0,7.582622480E-1,-1.165235474E0,2.695236776E0
1.948701708E0,2.048816710E0,1.048771802E0,-1.215131519E0,2.602713356E0
1.958655708E0,1.567778265E0,1.256084833E0,-1.598986317E0,2.567573765E0
1.968610708E0,1.411398575E0,1.167662069E0,-1.899231777E0,2.638666707E0
1.978564708E0,1.341000438E0,1.144995922E0,-2.091173648E0,2.735380240E0
1.988518708E0,1.328011871E0,9.203055507E-1,-2.064365918E0,2.621485167E0
1.998472708E0,1.341621412E0,7.554105610E-1,-2.115191086E0,2.616223702E0
2.008426708E0,1.400750357E0,7.609595686E-1,-2.234504983E0,2.744844904E0
2.018380708E0,1.768326214E0,8.653200889E-1,-2.177482644E0,2.935504576E0
2.028334708E0,2.130492665E0,1.036593806E0,-2.013875211E0,3.109536795E0
2.038288708E0,2.448188263E0,1.305764531E0,-2.061472716E0,3.456633701E0
2.048242708E0,2.543768312E0,1.326435608E0,-2.113152747E0,3.563088994E0
2.058196458E0,2.662085844E0,1.252078906E0,-2.311152332E0,3.741099802E0
2.068150458E0,2.336258376E0,1.059115527E0,-2.411884655E0,3.520939717E0
2.078105458E0,2.039270546E0,8.111772108E-1,-2.429960738E0,3.274346044E0
2.088059458E0,1.852470717E0,7.068102586E-1,-2.563642121E0,3.240908734E0
2.098013458E0,1.683907184E0,6.743745840E-1,-2.459970110E0,3.056432140E0
2.107967458E0,1.719027900E0,7.201308006E-1,-2.281826207E0,2.946247805E0
2.117921458E0,1.637810951E0,1.053123300E0,-1.656371476E0,2.556376315E0
2.127875458E0,1.598283774E0,1.560494973E0,-1.187452555E0,2.529762667E0
2.137829458E0,1.685428337E0,1.389212485E0,-1.432080762E0,2.611787762E0
2.147783458E0,1.703255766E0,8.725355530E-1,-1.729227783E0,2.579268738E0
2.157737458E0,1.534600286E0,4.779028755E-1,-1.565473292E0,2.243679083E0
2.167691458E0,1.414739090E0,3.678459978E-1,-1.249088640E0,1.922763584E0
2.177646458E0,1.432348564E0,3.355126494E-1,-9.379343212E-1,1.744681042E0
2.187600458E0,1.163922116E0,2.041923720E-1,-3.948162800E-1,1.245908950E0
2.197554458E0,6.962028978E-1,3.048545283E-1,4.034105176E-1,8.604503495E-1
2.207508458E0,2.510674533E-1,4.964853269E-1,2.521284306E-1,6.108201793E-1
2.217462458E0,6.099084467E-3,5.713507372E-1,-4.781534287E-1,7.450567530E-1
2.227416458E0,-1.895153490E-1,4.128350598E-1,-1.030683441E0,1.126346842E0
2.237370458E0,-3.907353620E-1,1.607984304E-4,-1.548711956E0,1.597242271E0
2.247324458E0,-1.006282863E0,-4.454408884E-2,-2.196034105E0,2.416020523E0
2.257278458E0,-1.067679651E0,-7.596000910E-2,-2.197093620E0,2.443957884E0
2.267232458E0,-7.726582392E-1,2.825801450E-1,-2.074341268E0,2.231533999E0
2.277187458E0,-1.055711497E0,3.287351418E-1,-1.289940796E0,1.698982289E0
2.287141458E0,-1.265495634E0,3.901414311E-1,-7.002192771E-1,1.497997521E0
2.297095458E0,-1.141552789E0,3.272166198E-1,-1.087277179E0,1.610088554E0
2.307049458E0,-7.787109113E-1,2.795413470E-1,-1.901120720E0,2.073353332E0
2.317003458E0,-3.220702661E-1,3.025951642E-1,-2.141142783E0,2.186272057E0
2.326957458E0,1.964006647E-2,4.057283539E-1,-1.748597854E0,1.795158958E0
2.336911458E0,6.595286496E-2,3.733365333E-1,-1.118689591E0,1.181184299E0
2.346865458E0,-1.435292637E-1,2.252207136E-1,-1.165348325E0,1.195559174E0
2.356819458E0,-7.625627290E-1,9.447170913E-2,-1.105813730E-1,7.763086110E-1
2.366773458E0,-1.163214311E0,8.018655199E-1,9.425009966E-1,1.698341536E0
2.376728458E0,-7.463669649E-1,7.207453430E-1,3.332094312E-1,1.089755028E0
2.386682458E0,2.478551392E-1,4.750277996E-1,-2.280782479E-1,5.823257401E-1
2.396636458E0,1.193702644E0,4.244517231E-1,-4.076813239E-1,1.330897941E0
2.406590458E0,1.561922863E0,-2.669230556E-1,1.544395834E-1,1.592074914E0
2.416544458E0,1.108542406E0,-5.489366055E-2,7.375151575E-1,1.332594532E0
2.426498458E0,1.123905892E0,-2.349294305E-1,1.469041889E0,1.864521484E0
2.436452458E0,1.313491042E0,-6.565914470E-1,1.865405342E0,2.374048891E0
2.446406458E0,1.377329481E0,-4.064183253E-1,1.788086148E0,2.293352225E0
2.456360458E0,1.538243979E0,-1.031653494E-1,9.260103866E-1,1.798425106E0
2.466314458E0,1.319530924E0,7.856494367E-2,-5.909313083E-2,1.323187933E0
2.476269458E0,4.752727614E-1,1.976434904E-1,-1.102274995E0,1.216534961E0
2.486223458E0,-3.299452961E-1,2.910773188E-1,-2.053062665E0,2.099680026E0
2.496177458E0,-5.198238669E-1,3.200467640E-1,-2.305905626E0,2.385340131E0
2.506131458E0,-4.862459387E-1,7.797308850E-1,-2.697377298E0,2.849606930E0
2.516085458E0,-5.271397569E-1,1.168013486E0,-2.074590652E0,2.438454059E0
2.526039458E0,-3.665104938E-1,1.169169481E0,-1.495041826E0,1.932986621E0
2.535993458E0,8.905656617E-2,7.895588851E-1,-1.432633908E0,1.638222885E0
2.545947458E0,2.907131469E-1,2.231677562E-1,-1.690074827E0,1.729355632E0
2.555901458E0,2.090693884E-1,-6.124607563E-2,-2.533505571E0,2.542855004E0
2.565855458E0,-6.134438194E-2,-1.797276217E-1,-2.772421049E0,2.778917707E0
2.575810458E0,-6.034966093E-1,-1.827114558E-1,-2.182877285E0,2.272123428E0
2.585764458E0,-1.139325731E0,1.077188686E0,-1.221545330E0,1.987604482E0
2.595718458E0,-1.054636194E0,2.596147962E0,-8.310785016E-1,2.922829660E0
2.605672458E0,-4.882363674E-1,2.819754260E0,-5.848724234E-1,2.920867095E0
2.615626458E0,-5.894319360E-1,1.522021464E0,-9.751699752E-1,1.901298457E0
2.625580458E0,-7.889709476E-1,-3.959570718E-1,-1.120908902E0,1.426777462E0
2.635534458E0,-7.866415630E-1,-1.149457932E0,-1.458639400E0,2.016850859E0
2.645488458E0,-9.983968699E-1,-8.235826635E-1,-8.486996707E-1,1.547700179E0
2.655442458E0,-3.757671843E-1,5.630675715E-1,1.948531991E-1,7.044244715E-1
2.665396458E0,3.633504391E-1,1.296161065E0,-5.600802290E-1,1.457994139E0
2.675351458E0,4.869563754E-1,8.896100074E-1,-9.040812814E-1,1.358637347E0
2.685305458E0,3.528261819E-1,-5.396980047E-2,-6.142523432E-1,7.104259251E-1
2.695259458E0,3.276124763E-1,-8.513586920E-1,-8.760307261E-1,1.264741630E0
2.705213458E0,4.251474321E-1,-1.514382661E0,-1.388758156E0,2.098274148E0
2.715167458E0,-1.485367096E-1,-2.129141958E0,-1.289935826E0,2.493841027E0
2.725121458E0,9.783100761E-2,-5.956377321E-1,-7.862426367E-1,9.912278738E-1
2.735075458E0,1.161665895E0,9.954042649E-1,-8.173813990E-1,1.734476767E0
2.745029458E0,9.839588519E-1,1.906121551E0,5.383163077E-1,2.211619054E0
2.754983458E0,1.088867622E0,2.070763357E0,2.132290099E0,3.165494376E0
2.764937458E0,1.924305661E0,6.030496627E-1,2.846335702E0,3.488301607E0
2.774892458E0,2.471403463E0,-1.066239774E-1,1.310736711E0,2.799506113E0
2.784846458E0,2.941332783E0,-1.412122461E0,3.110060915E-1,3.277537670E0
2.794800458E0,2.501675084E0,-1.037782545E0,4.331360078E-1,2.742804703E0
2.804754458E0,7.731018966E-1,-1.656989819E-1,4.488515693E-1,9.091811846E-1
2.814708458E0,-2.414306938E-1,6.102721435E-1,5.283386189E-1,8.425334208E-1
2.824662458E0,5.595960796E-2,4.789068425E-1,1.627607560E-1,5.088951809E-1
2.834616458E0,5.702058524E-3,-8.045815516E-1,-4.586807388E-1,9.261598171E-1
2.844570458E0,-5.556224215E-1,-1.531973425E0,-7.565481368E-1,1.796670235E0
2.854524458E0,-5.528506220E-1,-1.321503482E0,1.558320978E-1,1.440936815E0
2.864478458E0,-3.005554909E-1,1.341672868E-1,6.706224257E-1,7.470400938E-1
2.874432458E0,-1.047410424E0,4.195464939E-1,6.937499177E-1,1.324528900E0
2.884387458E0,-1.228169349E0,-6.774122125E-1,1.043556671E0,1.748227039E0
2.894341458E0,1.000672022E-1,-1.199093192E0,4.209316993E-1,1.274763281E0
2.904295458E0,1.153477893E0,-5.566631162E-1,-1.047857005E0,1.654807958E0
2.914249458E0,9.817792292E-1,8.810888600E-1,3.793922022E-1,1.372642152E0
2.924203458E0,4.255013714E-1,2.023300338E0,1.433100224E0,2.515665305E0
2.934157458E0,-3.011004880E-1,8.675385225E-1,4.444965631E-2,9.193804239E-1
2.944111458E0,-3.298838273E-1,-9.913398653E-1,-1.326168391E0,1.688283349E0
2.954065458E0,1.861954096E-1,-1.704065167E0,-1.912399707E0,2.568224964E0
2.964019458E0,4.210601187E-1,-2.078977525E-1,-1.771315164E0,1.832503891E0
2.973973458E0,-2.364862882E-1,2.687740502E0,-1.523585594E-1,2.702422599E0
2.983928458E0,-9.709625380E-1,4.382008660E0,7.715763581E-1,4.554129798E0
2.993882458E0,-2.362310024E-1,3.366874135E0,-4.319747508E-1,3.402682576E0
3.003836458E0,8.504114614E-2,8.711860156E-1,-2.362909546E0,2.519829081E0
3.013790458E0,2.089003307E-1,-1.437119892E0,-2.602740113E0,2.980471276E0
3.023744458E0,9.289982225E-2,-1.643671616E0,-2.444832546E0,2.947455332E0
3.033698458E0,3.335014265E-4,-5.193122721E-1,-2.968734298E0,3.013812980E0
3.043652458E0,3.643562333E-1,-1.416663408E-1,-3.381461184E0,3.403983630E0
3.053606458E0,2.616013950E-1,7.672424018E-1,-2.684052663E0,2.803789381E0
3.063560625E0,3.664892976E-1,2.697085522E0,-7.507684565E-1,2.823515184E0
3.073514625E0,4.423021761E-1,3.570990493E0,-6.051341951E-1,3.648806889E0
3.083469625E0,1.413870449E-1,1.539161991E0,-1.764430945E0,2.345682521E0
3.093423625E0,-5.514566823E-1,-8.244147223E-1,-2.625973440E0,2.807044819E0
3.103377625E0,-1.599970549E0,-2.167282761E0,-2.312029122E0,3.549999857E0
3.113331625E0,-1.104651888E0,-5.649141222E-1,-2.944413097E0,3.195145105E0
3.123285625E0,-3.406154049E-1,2.755658251E-1,-4.281449999E0,4.303808717E0
3.133239625E0,1.849000321E-1,7.231076181E-2,-3.977378121E0,3.982330170E0
3.143193625E0,2.223715408E0,2.991241985E0,-5.573677642E0,6.705096665E0
3.153147625E0,2.590192281E0,5.737155266E0,-5.648857048E0,8.457755763E0
3.163101625E0,2.510433920E0,4.361451604E0,-3.258907637E0,5.995416378E0
3.173055625E0,1.607856835E0,6.355163276E-1,-1.845017855E0,2.528472957E0
3.183010625E0,1.205575488E0,-1.035127909E0,-4.531272873E0,4.801805483E0
3.192964625E0,1.282788775E0,-1.837203929E0,-2.535951462E0,3.384067838E0
3.202918625E0,1.203934613E0,1.078525359E0,-6.705230230E-1,1.749936178E0
3.212872625E0,7.579594354E-1,3.335859334E0,-7.193654001E-1,3.495704018E0
3.222826625E0,5.505295332E-1,5.821310733E0,-2.640956345E-1,5.853245930E0
3.232780625E0,-3.181839873E-1,5.782655960E0,2.539506569E0,6.323720789E0
3.242734625E0,1.314080442E0,1.585207645E0,-4.428073025E-1,2.106126538E0
3.252688625E0,3.043101525E0,-7.399382436E-1,-6.069033287E0,6.829431933E0
3.262642625E0,2.603633860E0,-3.148402278E0,-5.440580980E0,6.803768631E0
3.272596625E0,1.224159913E0,-5.640261056E0,-2.501031598E0,6.290172599E0
3.282551625E0,1.776674283E0,-5.328053654E0,-2.456274378E0,6.130090625E0
3.292505625E0,2.600400935E0,-1.144401845E0,2.850593644E-1,2.855345766E0
3.302459625E0,1.431627164E0,3.017518203E0,4.366780171E0,5.497612346E0
3.312413625E0,1.834227696E0,4.744786876E0,1.769596667E0,5.385987941E0
3.322367625E0,6.678337424E-1,5.855209381E0,1.136254334E0,6.001712482E0
3.332321625E0,-1.850154488E0,3.245398230E0,-1.489462997E0,4.021713729E0
3.342275625E0,-2.761770930E0,-8.238644993E-1,-1.242890006E-1,2.884714742E0
3.352229625E0,-5.413704838E0,-3.575696332E0,1.804204583E0,6.734163535E0
3.362183625E0,-6.003799995E0,-5.760406719E0,4.106659182E0,9.278607093E0
3.372137625E0,-7.186028647E0,-5.936366395E0,5.499586987E0,1.082242629E1
3.382092625E0,-7.937395858E0,-1.187757195E0,3.660417225E0,8.821092587E0
3.392046625E0,-5.551759354E0,9.922953004E-1,1.367477215E0,5.803160847E0
3.402000625E0,-2.793892609E0,3.645163009E0,-6.626897421E0,8.062804642E0
3.411954625E0,-1.340225243E0,8.638384044E-2,-3.098180543E0,3.376742298E0
3.421908625E0,7.015931536E-1,-3.551780051E0,6.089150047E-1,3.671260270E0
3.431862625E0,1.223077008E0,-4.189670933E0,4.927808819E0,6.582747120E0
3.441816625E0,3.044657177E0,-7.442148972E-1,4.312330899E0,5.331040323E0
3.451770625E0,3.411644219E0,1.731357631E0,3.741396776E0,5.351164860E0
3.461724625E0,3.634384251E0,1.631528703E0,3.768261516E-1,4.001578781E0
3.471678625E0,4.612381063E0,3.184031702E0,-2.300353402E0,6.058361389E0
3.481633625E0,2.804461159E0,1.786090493E-2,-7.096552214E-1,2.892910635E0
3.491587625E0,8.885861599E-1,2.497199625E-1,-2.284605096E0,2.464014178E0
3.501541625E0,7.088915750E-1,-1.319409594E0,-3.854841238E-1,1.546598510E0
3.511495625E0,-1.766365204E0,-6.760486418E-1,-1.959138840E-1,1.901438942E0
3.521449625E0,-2.150806038E0,-8.996280420E-1,6.287812707E0,6.706108102E0
3.531403625E0,-3.491523032E0,4.409473032E-1,5.232339996E0,6.305755263E0
3.541357625E0,-3.561361883E0,1.253957616E0,-8.827933234E-1,3.877503349E0
3.551311625E0,-4.761843789E0,1.022055874E0,-1.901385307E0,5.228290405E0
3.561265625E0,-4.102624603E0,1.784387784E0,-8.246679068E-1,4.549246702E0
3.571219625E0,-1.892228128E0,-1.018698987E0,2.241050649E0,3.104928812E0
3.581174625E0,-7.824841196E-1,-1.366443427E0,-2.506630014E0,2.960176188E0
3.591128625E0,-6.841064704E-1,-3.076283889E0,-3.915861611E0,5.026479523E0
3.601082625E0,6.442321142E-1,-2.665868992E0,-3.187806956E0,4.205235510E0
3.611036625E0,3.881361193E-3,-1.604789386E0,-2.443946401E0,2.923737000E0
3.620990625E0,1.516013596E0,-3.810238677E-1,-2.474957694E0,2.927266984E0
3.630944625E0,9.660322024E-2,2.037946444E0,2.770249685E0,3.440471074E0
3.640898625E0,-8.537452331E-1,5.139630053E0,3.081903356E0,6.053330183E0
3.650852625E0,-5.981459684E-1,1.354779986E0,6.488181585E-1,1.616840256E0
3.660806625E0,-1.947303893E-1,-1.638697389E0,-4.925676924E-1,1.722170720E0
3.670760625E0,-9.856640462E-1,-1.555209675E0,-2.428772584E-1,1.857202226E0
3.680714625E0,-1.175598421E-1,-4.104862332E-2,-2.253663093E0,2.257100494E0
3.690669625E0,5.788179331E-2,9.742917234E-1,-4.856800232E0,4.953897774E0
3.700623625E0,-2.205833600E-1,-5.660584223E-1,-1.806831737E0,1.906231906E0
3.710577625E0,6.363459013E-1,-1.668594788E0,2.464033341E0,3.043124213E0
3.720531625E0,1.771575329E-1,-7.150285202E-1,2.231553601E0,2.349996181E0
3.730485625E0,-2.666503561E-1,1.996542310E0,7.540674555E-1,2.150790862E0
3.740439625E0,7.571897225E-1,4.145889321E0,2.073096396E0,4.696750281E0
3.750393625E0,8.495335568E-1,1.780162001E0,2.636684077E0,3.292838735E0
3.760347625E0,9.560565966E-1,2.521027029E-2,-4.750272149E-1,1.067862645E0
3.770301625E0,1.351495916E-1,7.015372396E-2,-7.888388005E-1,8.034012760E-1
3.780256625E0,7.913925719E-1,1.590536213E-1,-1.775265543E0,1.950171276E0
3.790210625E0,1.249567673E0,-9.797957075E-1,-2.888315787E0,3.296025953E0
3.800164625E0,1.260661010E0,-2.558455641E0,-2.044493571E0,3.509261377E0
3.810118625E0,1.209079432E0,-2.279796638E0,-7.079773629E-1,2.675925584E0
3.820072625E0,1.218930675E0,2.194109201E-1,-1.459674357E0,1.914309894E0
3.830026625E0,1.603841552E0,8.452828503E-1,-7.652069861E-1,1.967829401E0
3.839980625E0,5.948120322E-1,-8.682390189E-1,1.183391079E0,1.583683931E0
3.849934625E0,3.461129570E-2,-9.824784100E-1,3.511718438E0,3.646728418E0
3.859888625E0,-3.874547817E-2,-6.790272135E-1,1.719505325E-1,7.015312925E-1
3.869842625E0,-1.296548881E0,1.592507894E0,-3.275532441E0,3.866035846E0
3.879797625E0,-2.205704522E0,4.294668800E0,6.945164877E-1,4.877670109E0
3.889751625E0,-1.166333362E0,2.416916769E0,4.379073650E0,5.135962053E0
3.899705625E0,-1.524822572E0,-1.102566186E0,1.246667308E-1,1.885809605E0
3.909659625E0,-4.835564022E-1,-3.502644144E0,-3.793665329E0,5.185965621E0
3.919613625E0,-8.391551144E-1,-4.435990155E0,-2.773675861E0,5.298628855E0
3.929567625E0,2.038853566E-1,-3.957753403E0,2.610287699E0,4.745417064E0
3.939521625E0,2.847316097E-1,3.380760688E-1,4.888252405E0,4.908195095E0
3.949475625E0,3.362958840E-1,3.503850424E0,3.935296587E0,5.279831621E0
3.959429625E0,1.083480436E0,2.180107459E0,1.941527027E0,3.113892352E0
3.969383625E0,1.962002149E-2,1.387062464E0,1.237553545E0,1.858995966E0
3.979338625E0,2.970199902E-1,-1.656761777E-1,3.762975633E-1,5.072172381E-1
3.989292625E0,3.781461605E-1,-2.052004319E-1,-1.498507470E0,1.559046624E0
3.999246625E0,-3.880670948E-2,-1.404110606E0,-1.965120542E0,2.415518847E0
4.009200625E0,9.811619094E-1,-2.380246541E0,-2.806781335E0,3.808710247E0
4.019154625E0,8.607002769E-1,-4.165085730E0,-1.560790257E0,4.530431583E0
4.029108625E0,-1.416604571E-1,-2.158583273E0,3.009971201E-2,2.163436023E0
4.039062625E0,-4.017559748E-1,1.667238818E0,1.339308838E0,2.175969050E0
4.049016625E0,-2.904237828E-1,4.024126318E0,-4.559834182E-2,4.034850406E0
4.058970875E0,4.770681124E-2,3.737471248E0,-9.710821867E-2,3.739036945E0
4.068924875E0,-6.996497583E-1,2.440190442E0,2.840427675E0,3.809470902E0
4.078879875E0,-1.849247877E0,-6.587607640E-1,1.603636900E0,2.534824405E0
4.088833875E0,-1.100751503E0,-3.568108401E0,-1.231085355E0,3.931745488E0
4.098787875E0,-4.288425435E-1,-3.598460128E0,-3.931353517E0,5.346808552E0
4.108741875E0,-5.208762561E-1,-1.992365059E0,-1.615552356E0,2.617410937E0
4.118695875E0,-1.669960551E0,1.898072274E0,2.330596079E0,3.438477088E0
4.128649875E0,-1.095379373E0,5.224049814E0,1.213463601E0,5.473851143E0
4.138603875E0,-2.622122098E-1,3.869673285E0,-3.233764610E-1,3.892004485E0
4.148557875E0,-1.220597862E-1,3.977971905E-1,2.163674444E-1,4.689947411E-1
4.158511875E0,-2.939943485E-3,-3.005311555E0,-1.136810697E0,3.213136279E0
4.168465875E0,-1.439573530E-1,-4.456462426E0,-2.628158837E0,5.175712506E0
4.178420875E0,-1.029635327E0,-2.135501974E0,-1.835244527E0,2.998106079E0
4.188374875E0,-3.770026279E-1,1.597435343E0,3.507930319E0,3.872919542E0
4.198328875E0,-3.535450605E-1,3.281660907E0,4.985247188E0,5.978877984E0
4.208282875E0,-1.094788220E0,2.896203681E0,3.152844115E0,4.418934602E0
4.218236875E0,-1.037780645E0,1.942397677E0,1.920102829E0,2.921761845E0
4.228190875E0,1.272878036E0,4.347837532E-1,-2.864248647E0,3.164360239E0
4.238144875E0,9.872298574E-1,-1.614412733E0,-4.761190655E0,5.123464425E0
4.248098875E0,3.661026870E-1,-3.622066507E0,-4.047968924E0,5.444212465E0
4.258052875E0,1.327185367E0,-4.388643495E0,-4.154327438E0,6.187087295E0
4.268006875E0,1.063284007E0,-1.618450820E0,-1.643036608E0,2.539591548E0
4.277960875E0,-1.032402230E0,5.001425264E0,2.236373461E0,5.575076259E0
4.287915875E0,-5.394615945E-1,6.338732600E0,4.674787518E0,7.894567001E0
4.297869875E0,-4.945789884E-1,2.112753966E0,4.587264348E0,5.074577017E0
4.307823875E0,1.085888904E0,-2.547871011E0,1.962495142E-1,2.776565373E0
4.317777875E0,8.871096649E-1,-1.521388795E0,-7.373514354E0,7.580916920E0
4.327731875E0,-6.131507277E-1,-1.949490350E0,-7.448060507E-1,2.175132753E0
4.337685875E0,-1.632519806E0,1.082328973E0,2.436728890E0,3.126372436E0
4.347639875E0,-3.350224335E-1,3.230984259E-1,4.045748152E0,4.072433023E0
4.357593875E0,1.298170168E0,3.215682095E-1,-1.156850859E0,1.768320053E0
4.367547875E0,1.675973535E-1,-3.539202690E-1,-2.987149226E0,3.012707907E0
4.377501875E0,7.742985293E-2,-2.966837461E0,-1.087304076E0,3.160751502E0
4.387456875E0,1.410830080E-1,-2.236982741E0,-3.918753060E0,4.514490197E0
4.397410875E0,6.700623355E-1,-1.848053437E0,7.534470659E-1,2.105223865E0
4.407364875E0,-1.026478269E0,2.417831274E0,-4.141103375E-1,2.659145178E0
4.417318875E0,1.406430781E-1,2.316568024E0,1.143428576E0,2.587217964E0
4.427272875E0,4.943760169E-1,2.752790776E0,3.220645212E0,4.265538687E0
4.437226875E0,-1.138509752E0,1.074945694E0,4.648672099E0,4.905289490E0
4.447180875E0,-3.831029183E-1,-1.363404629E0,1.227999779E0,1.874466187E0
4.457134875E0,1.036215930E0,-1.322111592E0,-2.462019559E0,2.980480301E0
4.467088875E0,1.516980871E0,-1.136382388E0,-4.148535186E0,4.561024017E0
4.477043875E0,7.748377888E-1,-1.862737550E0,-3.438457211E0,3.986621724E0
4.486997875E0,9.273388010E-1,-2.849838184E0,-1.734235631E0,3.462529155E0
4.496951875E0,1.147664445E0,8.273576260E-2,-1.341585744E0,1.767436334E0
4.506905875E0,9.911204486E-1,4.030617312E0,5.562485486E-1,4.187792748E0
4.516859875E0,6.919323839E-1,3.194839110E0,3.401746052E0,4.717800713E0
4.526813875E0,3.362066408E-1,3.715526063E0,1.983098976E0,4.225026672E0
4.536767875E0,4.146712317E-1,1.552419968E0,9.527994052E-1,1.868097078E0
4.546721875E0,1.729448661E0,1.291771560E0,-3.303452895E0,3.946196582E0
4.556675875E0,1.498765625E0,-2.153271078E0,-1.448462614E0,2.996818092E0
4.566629875E0,1.592644719E0,-5.258070084E0,-2.389107412E0,5.990964232E0
4.576583875E0,2.126065591E0,-5.624182382E0,-5.068179417E0,7.863715723E0
4.586538875E0,2.387178415E0,-3.760870636E0,-6.358064665E0,7.763230964E0
4.596492875E0,1.369831596E0,-1.611135954E-1,3.053532958E-1,1.412670106E0
4.606446875E0,-7.357434511E-1,6.212825675E0,6.374547966E0,8.931706615E0
4.616400875E0,-3.830922472E-1,8.004819517E0,6.841963860E0,1.053737940E1
4.626354875E0,-1.250967204E0,4.409532089E0,4.645190082E0,6.525847308E0
4.636308875E0,2.254769094E0,1.140344462E0,-6.054350928E0,6.560452295E0
4.646262875E0,7.929284893E-2,-5.287250029E0,-2.597950951E0,5.891574439E0
4.656216875E0,-1.515120580E0,-4.359369410E0,-2.844494706E0,5.421332139E0
4.666170875E0,4.916003437E-1,-3.851603050E0,-2.356159228E0,4.541806168E0
4.676125875E0,2.212212620E0,-1.412930546E0,-2.957714927E0,3.954533474E0
4.686079875E0,2.416939427E0,1.064668043E0,-2.683315914E0,3.765009765E0
4.696033875E0,-1.069561870E0,3.112703857E0,5.840204841E0,6.703795975E0
4.705987875E0,-9.829695030E-1,6.878597251E0,6.720600221E0,9.666840048E0
4.715941875E0,-3.031795934E-2,4.705362024E0,3.689591323E0,5.979501241E0
4.725895875E0,-1.669386208E0,9.740718681E-1,6.598284656E-1,2.042312395E0
4.735849875E0,2.938003671E0,-5.673308349E0,-5.421727218E0,8.379344797E0
4.745803875E0,2.797804397E0,-4.154568343E0,-9.505023265E0,1.074400367E1
4.755757875E0,-2.010705435E0,-1.438268285E0,6.870481315E-1,2.565850179E0
4.765711875E0,-1.163861452E0,3.687841836E0,5.479270837E0,6.706501307E0
4.775666875E0,-8.452237934E-1,5.388092864E0,4.316542064E0,6.955464281E0
4.785620875E0,2.834635131E0,4.299244831E0,6.456583232E-1,5.189945771E0
4.795574875E0,1.220746528E0,-8.158076209E-1,-1.427978355E0,2.048142168E0
4.805528875E0,-7.750968935E-1,-2.833640812E0,-3.028838412E0,4.219497313E0
4.815482875E0,-1.026888890E0,-5.511147518E0,-1.241606542E0,5.741849402E0
4.825436875E0,-3.737941510E-1,-3.870277888E0,-3.598375343E0,5.297837116E0
4.835390875E0,8.286788043E-1,-1.501550362E0,-9.636600235E-1,1.967232241E0
4.845344875E0,-3.404248953E-1,1.901719183E0,6.773709896E-1,2.047255826E0
4.855298875E0,1.064460978E0,2.366463484E0,-6.426300502E-1,2.673237733E0
4.865252875E0,7.641367994E-2,2.715426484E0,1.081403066E0,2.923835261E0
4.875207875E0,-1.300629799E0,3.621479446E0,1.905676871E0,4.293990637E0
4.885161875E0,-1.506950996E-1,1.439951699E0,-7.638510168E-2,1.449829159E0
4.895115875E0,-3.873430999E-1,-9.085006070E-1,-1.064063148E0,1.451770785E0
4.905069875E0,-2.094566202E-1,-3.473681715E0,-2.201213861E0,4.117727431E0
4.915023875E0,1.204909782E0,-2.642502934E0,-1.932045767E0,3.488184368E0
4.924977875E0,2.839202537E-1,-1.789247990E-3,-6.764152622E-1,7.335881125E-1
4.934931875E0,1.034334881E0,1.510148692E0,7.862198326E-1,1.992119309E0
4.944885875E0,1.375862268E0,2.229662611E0,2.178320550E0,3.407267638E0
4.954839875E0,-1.753308079E-1,1.567105250E0,7.388673261E-1,1.741403079E0
4.964793875E0,7.077654744E-1,-4.592876798E-1,-1.976317083E0,2.148884909E0
4.974748875E0,7.817806265E-1,-2.365943667E0,-2.715870287E0,3.685759325E0
4.984702875E0,-6.181432997E-1,-4.234267647E0,-1.667439378E0,4.592545887E0
4.994656875E0,1.936561279E-2,-2.430740756E0,-1.067789286E-1,2.433162015E0
5.004610875E0,8.103506338E-1,3.755093586E-1,-2.094767346E0,2.277218844E0
5.014564875E0,6.571848663E-1,1.001095945E-1,6.953529319E-1,9.619925048E-1
5.024518875E0,-4.095151569E-1,3.094649409E0,3.831237490E0,4.941956934E0
5.034472875E0,-9.782634446E-1,3.473793982E0,1.042426988E0,3.756447527E0
5.044426875E0,3.954480717E-1,6.458401716E-1,-7.443257019E-1,1.061842481E0
5.054380875E0,-1.083949529E-2,7.867721021E-2,-1.163442718E0,1.166150314E0
5.064334833E0,-5.245496962E-1,-3.755273096E0,-2.774158841E-1,3.801866381E0
5.074289833E0,-3.299812565E-1,-1.242568994E0,-2.651776618E0,2.946995854E0
5.084243833E0,6.262854014E-1,6.343743664E-1,-1.354958034E0,1.621904903E0
5.094197833E0,-2.139307635E-1,9.918117356E-1,5.007701080E0,5.109454668E0
5.104151833E0,-9.721569049E-1,3.554777334E0,3.792288018E0,5.288003342E0
5.114105833E0,-1.573721083E0,-6.401397210E-1,2.196789273E0,2.777095608E0
5.124059833E0,9.412151939E-1,-1.013045315E0,-4.639070094E0,4.840776610E0
5.134013833E0,5.430674627E-2,-3.912553841E0,3.500377178E-1,3.928556120E0
5.143967833E0,-8.528172800E-1,-1.715656103E0,9.230306455E-1,2.126677867E0
5.153921833E0,-2.266415139E0,2.532230294E-1,3.384780941E0,4.081360252E0
5.163875833E0,-3.398300142E-1,2.982624359E0,5.395752132E-1,3.050028510E0
5.173830833E0,3.790864659E-1,5.167544076E0,1.959953650E0,5.539732542E0
5.183784833E0,-2.549722970E-1,4.088452706E0,6.302292752E-1,4.144592301E0
5.193738833E0,2.523115654E0,2.055005111E0,-2.890264664E0,4.352331379E0
5.203692833E0,5.207160424E-1,-3.123032379E0,4.785302818E-1,3.202103631E0
5.213646833E0,4.323453180E-2,-3.553466388E0,1.011930251E0,3.694995998E0
5.223600833E0,-8.104043551E-1,-7.094361262E0,-4.949580342E-2,7.140669911E0
5.233554833E0,7.919552933E-1,-2.307818250E0,-3.020678038E0,3.883003228E0
5.243508833E0,-7.607760391E-1,2.806595101E0,4.385193053E0,5.261717814E0
5.253462833E0,-1.407851362E0,6.075312611E0,5.931082267E0,8.606346823E0
5.263417833E0,-1.150166103E0,4.129971446E0,3.219611424E0,5.361477775E0
5.273371833E0,1.153877842E-1,9.053524661E-1,-8.365123191E-1,1.238034850E0
5.283325833E0,3.960074675E-1,-2.234304716E0,-3.971183873E0,4.573755659E0
5.293279833E0,4.176239294E-1,-4.050502523E0,-4.468483132E0,6.045520816E0
5.303233833E0,-1.418381905E0,-6.801550244E0,-1.385330518E0,7.084633625E0
5.313187833E0,-7.123239637E-1,-2.525850981E0,-6.567727107E-1,2.705305713E0
5.323141833E0,-1.368855988E0,1.986825407E0,1.832922890E0,3.029991458E0
5.333095833E0,-1.073939534E0,6.763946800E0,5.502934518E0,8.785591087E0
5.343049833E0,-1.077404302E0,6.468361278E0,2.617383295E-1,6.562697967E0
5.353003833E0,-5.227338069E-1,-1.792301990E0,-2.452351481E0,3.082146142E0
5.362958833E0,1.421206987E0,-5.309351335E0,-6.823827551E0,8.762058168E0
5.372912833E0,2.605369898E0,-5.186900699E0,-5.568595242E0,8.043702141E0
5.382866833E0,-6.333505189E-1,-4.601851104E0,-3.944028819E-1,4.661943811E0
5.392820833E0,-1.605326745E0,1.462891495E0,3.775969316E0,4.356038310E0
5.402774833E0,-2.453509814E0,2.835672719E0,6.098949981E0,7.159465137E0
5.412728833E0,-1.319361793E0,3.233943534E0,1.631953796E0,3.855175679E0
5.422682833E0,-6.696270834E-1,2.624715119E0,-7.207345256E-1,2.803031955E0
5.432636833E0,1.172079201E0,5.385402560E-1,-3.554899541E0,3.781680315E0
5.442590833E0,6.598769975E-1,-1.634617202E0,1.427033445E-1,1.768551751E0
5.452544833E0,5.902831444E-1,1.336130292E0,5.722855901E0,5.906332026E0
5.462499833E0,-1.247250275E0,1.666990312E0,2.452958714E0,3.217374147E0
5.472453833E0,5.000155833E-1,1.119789745E0,2.549412045E0,2.829036307E0
5.482407833E0,-2.832880235E-1,-4.765428132E-1,-2.167171664E0,2.236957348E0
5.492361833E0,3.421154715E-1,-2.368909374E0,-5.095504625E0,5.629648479E0
5.502315833E0,8.603403807E-1,-3.284793845E0,-3.319900528E0,4.748873097E0
5.512269833E0,1.791398303E-1,-7.453632903E-1,-5.173310600E0,5.229799239E0
5.522223833E0,-8.401405165E-1,-2.560882235E0,-4.775757238E0,5.483777084E0
5.532177833E0,-4.088474049E-1,-3.531774387E0,-4.366969036E0,5.631252533E0
5.542131833E0,-1.511661367E0,-8.220828527E-1,2.086111128E0,2.704218916E0
5.552085833E0,-2.941985333E0,5.616424881E0,7.101522932E0,9.520038556E0
5.562040833E0,-2.040375962E0,4.949970351E0,7.372658322E0,9.111609697E0
5.571994833E0,6.927459508E-2,4.285911425E0,-2.311374234E0,4.869937018E0
5.581948833E0,-1.285344739E0,8.225126231E-1,-4.372299066E0,4.630943450E0
5.591902833E0,8.239326194E-1,-3.811595231E0,-4.186612254E-1,3.922040335E0
5.601856833E0,1.006028802E0,-4.176994169E0,-8.948333251E-1,4.388633150E0
5.611810833E0,1.864879531E-1,-2.869992367E0,-4.857161298E0,5.644789616E0
5.621764833E0,-3.167062863E-1,-9.208300459E-1,-4.751559706E0,4.850314473E0
5.631718833E0,-2.427194712E0,-1.861630672E-1,3.106544107E0,3.946713462E0
5.641672833E0,-2.155464368E0,1.751845690E0,3.740224702E0,4.658784260E0
5.651627833E0,-6.073302997E-1,3.407511114E0,-3.793211585E-1,3.481934323E0
5.661581833E0,9.795852808E-1,3.143201180E0,-1.103354391E0,3.472274743E0
5.671535833E0,2.760837057E-1,-5.621559906E-1,-4.109337499E0,4.156789176E0
5.681489833E0,1.237052439E0,-2.035527450E0,-4.464906683E0,5.060539736E0
5.691443833E0,6.346648268E-1,-3.087523992E0,-1.244255916E0,3.388772142E0
5.701397833E0,7.934405592E-1,-4.745378029E-1,-1.328800222E-1,9.340188155E-1
5.711351833E0,6.091965116E-1,-2.644776331E0,-1.381689165E0,3.045492929E0
5.721305833E0,1.639310031E0,-2.568974197E-2,-1.643079877E0,2.321143861E0
5.731259833E0,-5.127081709E-1,3.428787378E0,5.923807746E0,6.863741746E0
5.741213833E0,-2.395055784E0,6.139447212E0,1.091311466E1,1.274853622E1
5.751168833E0,-7.520465847E-1,5.869292985E0,3.737741097E0,6.998920110E0
5.761122833E0,1.305464862E0,2.567243421E0,-6.740131091E0,7.329689244E0
5.771076833E0,9.141409043E-1,-4.728984776E0,-3.052175527E0,5.702168539E0
5.781030833E0,1.685994347E0,-8.940930676E0,1.259950427E0,9.185330336E0
5.790984833E0,1.369341600E0,-3.550673758E0,-1.473259193E0,4.080793207E0
5.800938833E0,-3.036786167E-1,6.633635167E0,1.194245265E0,6.747114790E0
5.810892833E0,-2.755309172E0,1.148057290E1,9.268339670E0,1.500991016E1
5.820846833E0,-6.732782310E-1,6.326688505E0,7.278502947E0,9.667310700E0
5.830800833E0,1.653118816E0,-2.004208009E0,-1.882165801E0,3.208145830E0
5.840754833E0,9.580845572E-1,-8.527407984E0,-1.110942557E1,1.403759058E1
5.850709833E0,1.938720217E0,-8.849704172E0,-1.059700716E1,1.394175243E1
5.860663833E0,1.680642976E0,-7.917153382E0,-3.257982900E0,8.724696617E0
5.870617833E0,4.485974712E-1,1.695303699E0,2.870293499E0,3.363611020E0
5.880571833E0,-3.133050121E0,7.591857573E0,6.222113977E0,1.030373752E1
5.890525833E0,-1.546362984E0,1.030509544E1,6.486243818E0,1.227426533E1
5.900479833E0,1.465406163E-1,3.241002878E0,6.747140148E-1,3.313730950E0
5.910433833E0,-7.802120378E-1,-8.676426029E-1,-1.169464531E1,1.175271303E1
5.920387833E0,7.340065357E-1,-8.106078674E0,-3.987290028E0,9.063429750E0
5.930341833E0,-2.394027697E-1,-8.190993109E0,2.165756637E0,8.475858872E0
5.940296833E0,3.214886874E-2,-5.712212799E0,-5.086203459E0,7.648521049E0
5.950250833E0,-7.348824486E-1,-4.037550355E0,-8.311728172E0,9.269665058E0
5.960204833E0,-1.542385415E0,3.671210015E0,3.107598653E0,5.051129095E0
5.970158833E0,-1.884823361E0,8.763294604E0,1.068126905E1,1.394408118E1
5.980112833E0,-1.186564947E0,1.062731679E1,1.593965897E0,1.081149970E1
5.990066833E0,-2.979204249E-1,2.622729989E0,-2.967307869E0,3.971446231E0
6.000020833E0,9.244388013E-1,-7.840137951E0,1.301617101E0,8.001034762E0
6.009974833E0,4.616410379E-1,-3.482380618E0,-5.783168761E0,6.766470877E0
6.019928833E0,1.883781752E-1,-2.472301596E0,4.097385498E0,4.789188808E0
6.029882833E0,-8.372758924E-1,3.475207254E0,2.888539150E0,4.595841033E0
6.039837833E0,-1.417836506E0,3.657692422E0,4.053024427E0,5.640565682E0
6.049791833E0,1.485288085E0,3.205580446E0,-2.603903709E0,4.388865595E0
6.059745958E0,1.366469301E0,-3.467059743E0,-3.818099089E0,5.335318385E0
6.069699958E0,1.598542513E0,-5.004428394E0,-4.411932955E0,6.860378570E0
6.079653958E0,1.311033165E0,5.795649058E-1,3.805598912E0,4.066606265E0
6.089607958E0,7.034909405E-1,4.199414733E0,5.599572621E0,7.034571568E0
6.099561958E0,3.299498643E-1,3.189090713E0,4.295244166E0,5.359877697E0
6.109515958E0,3.144257187E0,1.373440790E0,-3.069744363E0,4.603913913E0
6.119469958E0,1.997449505E0,-1.931523026E0,-6.130023254E0,6.730361864E0
6.129423958E0,1.623280913E0,-5.068058379E0,-5.873155071E0,7.925541441E0
6.139378958E0,1.879513650E0,-8.638485786E0,-1.722756962E0,9.006880691E0
6.149332958E0,-1.812600307E-3,-2.811565819E0,2.204365510E0,3.572692674E0
6.159286958E0,-1.643147120E0,5.981388786E0,7.415239500E0,9.667611966E0
6.169240958E0,-3.247356462E0,9.347713283E0,1.011753314E1,1.415236886E1
6.179194958E0,-1.053774388E0,5.063324474E0,1.151276416E0,5.298408494E0
6.189148958E0,1.746895145E0,-5.138305074E0,-9.869821694E0,1.126353417E1
6.199102958E0,3.367312676E0,-8.207598617E0,-1.386227715E1,1.645801317E1
6.209056958E0,-2.565043114E0,-8.680603280E0,-4.422719899E0,1.007436205E1
6.219010958E0,2.838507084E-1,-1.957404556E0,5.910690687E0,6.232837894E0
6.228964958E0,-8.557671272E-1,7.049559311E0,6.811739017E0,9.840142900E0
6.238919958E0,-1.455283902E-1,8.707328564E0,7.898290849E0,1.175677454E1
6.248873958E0,1.921657019E0,4.353867180E0,7.736335255E0,9.082940509E0
6.258827958E0,1.031332408E0,-1.901972952E0,-5.539729877E0,5.947247662E0
6.268781958E0,2.579675186E0,-4.442424431E0,-6.360407059E0,8.175856949E0
6.278735958E0,1.715602601E0,-4.696695281E0,-1.312514557E0,5.169616360E0
6.288689958E0,1.301771614E0,-3.508978432E-1,4.457392133E0,4.656831891E0
6.298643958E0,1.918444412E0,4.576307543E0,6.237376964E0,7.970438575E0
6.308597958E0,5.257526147E-1,5.622914706E0,6.407271323E0,8.540884697E0
6.318551958E0,2.350368731E-2,2.258511604E0,7.483585850E0,7.816999697E0
6.328505958E0,1.968886441E0,-1.360865183E0,-1.741172183E0,2.959754793E0
6.338460958E0,4.573395922E0,-3.772462741E0,-1.380643975E1,1.502548515E1
6.348414958E0,1.105536645E0,-6.274550638E0,-7.439672091E0,9.794943481E0
6.358368958E0,-1.317723257E0,-3.337998830E0,3.243863628E0,4.837487159E0
6.368322958E0,-2.818344496E0,1.738760206E0,8.679437930E0,9.289725267E0
6.378276958E0,-9.468072516E-1,6.188548036E0,3.399464761E0,7.123968797E0
6.388230958E0,-1.629611401E0,4.014627516E0,2.822319433E0,5.170914270E0
6.398184958E0,-1.415517939E0,3.656311895E0,-3.199985245E0,5.060851042E0
6.408138958E0,-1.026484774E0,-2.222328449E0,-4.704406589E-2,2.448392916E0
6.418092958E0,-1.226269003E0,-3.323617603E0,-2.786157036E0,4.506976888E0
6.428047958E0,1.007493310E0,-6.926366664E0,-3.031946500E0,7.627732134E0
6.438001958E0,1.409896718E0,-5.800387056E0,-7.506787017E0,9.590836777E0
6.447955958E0,1.878376805E0,-3.633680831E0,-7.961486971E0,8.950821784E0
6.457909958E0,3.903424291E-1,8.385796022E-1,2.245768182E0,2.428797581E0
6.467863958E0,-2.338225233E0,7.690825791E0,1.099358521E1,1.361892119E1
6.477817958E0,-1.055969213E0,9.491960585E0,6.853507433E0,1.175512445E1
6.487771958E0,-2.300807731E-1,1.266232676E0,8.639068168E-1,1.550037851E0
6.497725958E0,2.041794642E0,-6.990859113E0,-1.089287627E1,1.310327402E1
6.507679958E0,3.785286269E0,-7.292128714E0,-1.367352201E1,1.595207628E1
6.517634958E0,-1.709174026E0,-8.616016690E0,2.237009053E0,9.064283146E0
6.527588958E0,-1.145159571E0,2.811467586E0,1.333102253E1,1.367230420E1
6.537542958E0,-5.863419018E-1,1.360809986E1,9.622127207E0,1.667661568E1
6.547496958E0,1.449827792E0,1.228163209E1,4.169034355E0,1.305072162E1
6.557450958E0,6.249632728E-1,-1.008452327E0,3.027756677E0,3.251901856E0
6.567404958E0,2.106312528E-1,-1.038997480E1,-2.515886157E0,1.069231616E1
6.577358958E0,2.546524397E0,-9.012448556E0,-1.387014750E1,1.673588980E1
6.587312958E0,2.737835353E0,-2.191648693E0,-6.831596162E0,7.679177855E0
6.597266958E0,-1.444578893E0,6.639881748E0,1.106051594E1,1.298113442E1
6.607220958E0,-2.175715177E0,1.101207527E1,1.437014759E1,1.823460118E1
6.617175958E0,1.959319373E-1,5.381874935E0,2.030895579E0,5.755649745E0
6.627129958E0,2.293562446E0,-6.118193167E-1,-1.108270730E1,1.133407043E1
6.637083958E0,1.333135640E0,-8.948272440E0,-7.883057098E0,1.199964247E1
6.647037958E0,-5.262136676E-1,-1.101444106E1,-6.480290183E0,1.279019052E1
6.656991958E0,1.277375422E0,-2.554547946E0,-9.774576983E-1,3.018745887E0
6.666945958E0,1.983276878E-1,1.040184581E1,7.433603851E0,1.278656312E1
6.676899958E0,-4.146403145E-1,1.145764012E1,8.128123262E0,1.405403257E1
6.686853958E0,1.616715513E0,5.177651573E0,4.722111958E-1,5.444706445E0
6.696807958E0,9.485861208E-1,-3.185952512E0,-1.388545668E1,1.427781553E1
6.706762958E0,3.682788379E-1,-1.512209836E1,-9.704886943E0,1.797215398E1
6.716716958E0,2.935469780E0,-1.532354312E1,-5.106878629E0,1.641670387E1
6.726670958E0,1.680642098E0,-4.666607848E0,1.903501706E0,5.312730505E0
6.736624958E0,-2.816215232E0,1.558445758E1,1.789266233E1,2.389463855E1
6.746578958E0,-4.717931784E0,2.165515849E1,2.237943204E1,3.149672599E1
6.756532958E0,7.335648517E-1,1.204830480E1,-3.180455545E0,1.248259041E1
6.766486958E0,2.273111955E0,-4.587845269E0,-9.603440090E0,1.088307970E1
6.776440958E0,-2.851735313E0,-1.409416135E1,-7.443284501E0,1.619198143E1
6.786394958E0,1.467494277E0,-1.592747981E1,-7.883675734E0,1.783228801E1
6.796348958E0,3.263814036E0,-8.553916336E0,-1.413724949E1,1.684291512E1
6.806303958E0,7.706692357E-1,-3.360304204E0,-8.673436933E0,9.333492574E0
6.816257958E0,-1.433047891E0,3.107082344E0,1.767115226E1,1.799936691E1
6.826211958E0,-4.741006066E0,1.487503829E1,1.486821342E1,2.155939872E1
6.836165958E0,8.763382897E-2,1.284585799E1,5.967686421E0,1.416464008E1
6.846119958E0,-1.333877944E0,2.570532480E0,-1.011302552E0,3.067507205E0
6.856073958E0,1.534719277E0,-9.926095297E0,-4.198572442E0,1.088626390E1
6.866027958E0,1.384554885E0,-1.217901345E1,-7.705387112E0,1.447820263E1
6.875981958E0,2.713373819E0,-2.125570478E0,-5.333919581E0,6.350680706E0
6.885935958E0,-2.920222288E-1,5.732954042E0,6.208154919E0,8.455366729E0
6.895889958E0,-2.990130868E-1,1.054317302E1,1.196730683E1,1.595193840E1
6.905844958E0,2.336404118E-1,8.107479667E0,2.415000637E0,8.462744382E0
6.915798958E0,8.476161086E-1,-1.473052787E0,-4.419914405E0,4.735396596E0
6.925752958E0,1.286953162E0,-7.247048435E0,-7.982512389E0,1.085801379E1
6.935706958E0,3.402936253E0,-7.833732326E0,-6.258285438E0,1.058836503E1
6.945660958E0,3.293904100E0,-7.549748265E0,-8.122414041E0,1.156815080E1
6.955614958E0,3.845926281E0,-3.168437178E0,-1.116750245E1,1.222878792E1
6.965568958E0,-1.873929413E0,1.451146193E0,1.189361788E1,1.212747224E1
6.975522958E0,-5.399399625E0,1.259719930E1,1.487231466E1,2.022445772E1
6.985476958E0,-1.343978425E0,1.196752902E1,1.014254987E1,1.574481968E1
6.995431958E0,1.534296231E-1,2.532970551E0,-3.053610141E0,3.970392343E0
7.005385958E0,8.876874429E-1,-8.101505567E0,-8.178870662E0,1.154626809E1
7.015339958E0,1.266321261E0,-1.277344140E1,-6.400873300E0,1.434348471E1
7.025293958E0,1.354517739E0,-9.049487743E0,-9.885537840E0,1.347040479E1
7.035247958E0,9.507697635E-1,-7.310638075E0,-7.341045350E0,1.040386174E1
7.045201958E0,-1.135859574E0,2.849290885E0,1.001635058E1,1.047549113E1
7.055155958E0,-2.687146133E0,1.761112357E1,1.344258389E1,2.231760493E1
7.065110208E0,-2.729387003E0,1.387654085E1,8.801152986E0,1.665737774E1
7.075064208E0,2.597852133E-2,4.322429625E0,-4.119784719E0,5.971323043E0
7.085019208E0,-9.285776798E-1,-8.749857702E0,-3.259844361E0,9.383434956E0
7.094973208E0,1.425299600E0,-9.456928162E0,-6.335679184E0,1.147195711E1
7.104927208E0,7.142036974E-1,-1.709491383E0,5.821084446E-1,1.941982995E0
7.114881208E0,-3.077493678E0,4.721458824E0,7.271885068E0,9.200187673E0
7.124835208E0,-1.020291477E0,8.151814426E0,2.198505723E0,8.504498841E0
7.134789208E0,-9.728400059E-2,3.435744395E0,3.607757493E0,4.982942690E0
7.144743208E0,-1.936957135E0,-1.993973628E0,-6.460027242E-1,2.853953975E0
7.154697208E0,7.856578421E-1,-3.783329206E0,-7.674523169E0,8.592388725E0
7.164651208E0,4.340351268E-1,-5.089883696E0,-5.733662724E0,7.679205087E0
7.174605208E0,-1.737989251E0,-1.043908673E0,-2.713951816E0,3.387607771E0
7.184560208E0,-1.063379609E0,9.327057409E-1,-3.658924431E-2,1.414939915E0
7.194514208E0,-5.128814678E-1,1.007808548E0,2.137491197E0,2.418179912E0
7.204468208E0,-1.162457608E0,1.664930922E0,1.212720420E0,2.365162465E0
7.214422208E0,-5.600067003E-1,1.034251996E0,-1.707020058E0,2.072969410E0
7.224376208E0,-1.893760976E0,-7.240437573E-1,1.222202850E0,2.367350798E0
7.234330208E0,-1.710759206E0,8.911975265E-2,3.226323735E0,3.652917223E0
7.244284208E0,-5.653402015E-1,-9.339213771E-1,2.640035993E0,2.856852941E0
7.254238208E0,-1.741454603E0,-1.789642677E0,-2.480475419E0,3.519693644E0
7.264192208E0,2.025365867E-2,-4.026802588E0,-5.090936780E0,6.491008134E0
7.274147208E0,-1.123925188E0,-3.711310220E0,5.581833923E-1,3.917728944E0
7.284101208E0,-2.740792290E0,-1.101075146E0,3.935525798E0,4.920637373E0
7.294055208E0,-1.326440578E0,4.397527170E-1,3.383145767E0,3.660396473E0
7.304009208E0,1.589408066E-1,8.292579710E-2,-5.392039150E-1,5.682250696E-1
7.313963208E0,-8.038656331E-1,-2.909165788E0,-1.423269593E0,3.336936001E0
7.323917208E0,1.513547386E0,-1.491019526E0,-6.923318510E0,7.241982057E0
7.333871208E0,1.082135942E0,-1.722120785E0,-4.490361659E0,4.929509714E0
7.343825208E0,-7.034868474E-1,2.241301494E0,2.775280922E0,3.636001970E0
7.353779208E0,-2.240375149E0,7.581093433E0,1.656936902E0,8.076985722E0
7.363734208E0,-1.747273898E0,6.093778118E0,5.639520798E0,8.484768274E0
7.373688208E0,-1.287497537E0,5.302950972E-1,2.713318855E0,3.049747860E0
7.383642208E0,-2.339064601E-1,-3.986443352E0,-6.657225759E0,7.763059811E0
7.393596208E0,1.013077036E0,-5.685828992E0,-2.524717791E0,6.303108466E0
7.403550208E0,-4.174374763E-1,-2.042315483E0,-1.950876725E-1,2.093648915E0
7.413504208E0,-1.804077990E-1,6.827536440E-1,3.977704103E0,4.039904633E0
7.423458208E0,-7.126840791E-1,2.401487136E0,1.053174756E0,2.717395100E0
7.433412208E0,7.151918037E-1,3.396610735E0,4.184099706E0,5.436465226E0
7.443366208E0,-5.037985491E-1,3.327622946E0,1.787409917E0,3.810737679E0
7.453320208E0,1.615313935E0,7.986320096E-1,-4.114987371E0,4.492234773E0
7.463275208E0,5.656495923E-1,-2.074464059E0,-8.394017208E-1,2.308236523E0
7.473229208E0,-1.352278255E-3,-1.024920425E0,-1.261437374E0,1.625327030E0
7.483183208E0,-1.021655120E-1,-1.274232836E0,6.098391572E-1,1.416337146E0
7.493137208E0,-7.424044530E-1,-9.549380243E-2,1.571795887E0,1.740926692E0
7.503091208E0,4.031779446E-2,1.554452460E0,1.532324257E0,2.183109160E0
7.513045208E0,-2.775285892E-1,1.070157409E-1,-2.034644229E0,2.056271291E0
7.522999208E0,2.311371895E0,4.700167358E-2,-8.005884880E0,8.332997174E0
7.532953208E0,4.828760055E-1,-3.128312414E0,-3.158248112E0,4.471469438E0
7.542907208E0,6.007080721E-1,-2.022948335E0,-3.053520387E0,3.711759274E0
7.552862208E0,7.251922236E-1,-4.065771942E0,-2.602062128E0,4.881304391E0
7.562816208E0,-1.410429399E0,-2.737791499E0,1.219927113E0,3.312557251E0
7.572770208E0,-6.812944713E-1,4.726297980E0,7.092377302E0,8.550080149E0
7.582724208E0,-2.999448552E0,7.365685517E0,1.205243410E1,1.443991629E1
7.592678208E0,-1.569934572E0,5.042697836E0,-9.315073541E-1,5.362947135E0
7.602632208E0,-1.953531361E0,-2.384681654E0,-5.485472394E0,6.292328563E0
7.612586208E0,6.939927965E-1,-9.003606396E0,-1.956476018E0,9.239824271E0
7.622540208E0,6.447869419E-1,-8.501357469E0,-4.447226164E0,9.615958068E0
7.632494208E0,-2.164698291E0,-1.514304893E0,-2.729890156E0,3.798860127E0
7.642449208E0,-2.511369767E0,5.650118877E0,7.327801992E0,9.587883158E0
7.652403208E0,-3.865108949E0,1.027912913E1,1.026339076E1,1.503119266E1
7.662357208E0,-3.037731735E0,7.857870217E0,2.476231509E0,8.780982914E0
7.672311208E0,-2.061241458E-1,-1.270143878E-1,-1.400728284E0,1.421499048E0
7.682265208E0,2.226233950E0,-7.967074571E0,-1.413131690E-1,8.273473529E0
7.692219208E0,1.711606906E0,-2.738783187E0,-4.143610661E0,5.253574103E0
7.702173208E0,-3.954497527E-1,1.444793778E0,7.359197447E-1,1.668948004E0
7.712127208E0,-2.001392283E0,5.103801239E0,-2.236437196E0,5.920811556E0
7.722081208E0,-1.076698397E0,2.215650929E0,-1.829800477E0,3.068641110E0
7.732035208E0,8.008779982E-1,-5.103034669E-1,-2.056797574E0,2.265442884E0
7.741990208E0,1.346577951E-1,-8.399659771E-1,-1.535482339E0,1.755386447E0
7.751944208E0,-2.047861713E0,-3.147696519E-1,9.387003064E-1,2.274637509E0
7.761898208E0,-9.197790089E-1,3.856978396E0,7.152065679E-1,4.029118539E0
7.771852208E0,1.285095574E-1,1.052592373E0,-6.136962730E-1,1.225189179E0
7.781806208E0,-8.949163556E-4,-3.415263938E0,-6.820592871E0,7.627877534E0
7.791760208E0,3.711928856E0,-6.577611240E0,-7.489514342E0,1.063655069E1
7.801714208E0,3.477783171E-1,-6.813176263E0,-7.118772218E0,9.859880245E0
7.811668208E0,1.111190171E0,-2.813107145E0,2.208704729E0,3.745222555E0
7.821622208E0,-2.698396468E0,6.281561449E0,1.109543669E1,1.303257737E1
7.831577208E0,-2.370829746E0,1.052956070E1,5.568249671E0,1.214487079E1
7.841531208E0,2.342777291E0,1.686799509E0,2.728331289E-1,2.899713078E0
7.851485208E0,2.156299936E0,-3.312945265E0,-1.247810906E1,1.308924908E1
7.861439208E0,3.985038850E0,-8.210554385E0,-5.562974898E0,1.068833138E1
7.871393208E0,-7.336888857E-2,-4.860635421E0,1.682037829E0,5.143968404E0
7.881347208E0,1.833827893E0,6.831828296E-1,5.704378114E0,6.030720785E0
7.891301208E0,-2.534262786E0,6.575506243E0,6.253137549E0,9.421332147E0
7.901255208E0,-4.381956035E-1,9.522369615E0,7.765897608E0,1.229539361E1
7.911209208E0,1.416953576E0,3.584439089E0,6.561776980E0,7.610051127E0
7.921164208E0,1.532884275E0,-4.363305756E0,-4.235381541E0,6.271094651E0
7.931118208E0,3.773435133E0,-6.298899028E0,-1.293996776E1,1.487809488E1
7.941072208E0,1.641632838E0,-3.917300611E0,-2.197860483E0,4.782341806E0
7.951026208E0,-1.557899686E0,2.408030171E0,8.301116061E0,8.782607163E0
7.960980208E0,-6.712385760E-1,5.952548565E0,8.891595964E0,1.072118811E1
7.970934208E0,7.565265021E-1,5.635047678E0,1.544366598E-1,5.687701238E0
7.980888208E0,1.522287366E0,2.710677960E0,-1.074595212E1,1.118662687E1
7.990842208E0,1.602635272E0,-5.998404769E0,-6.370540284E0,8.895677776E0
8.000796208E0,1.502283310E0,-9.293610751E0,5.394839966E-1,9.429692408E0
8.010750208E0,4.613384080E-1,-4.118123817E-1,-4.218801177E-1,7.486022963E-1
8.020705208E0,-6.926292258E-1,3.192377433E0,1.916914927E0,3.787554851E0
8.030659208E0,-1.617557220E0,3.809121859E0,2.089843114E0,4.636091558E0
8.040613208E0,-8.036929210E-1,-1.102560924E0,-9.057649872E-1,1.637673079E0
8.050567208E0,1.421815390E0,-3.663528528E0,-1.016627085E1,1.089936068E1
8.060521208E0,7.333013615E-1,-7.028720419E0,-4.228699928E0,8.235444414E0
8.070474750E0,-1.491368313E0,4.496567309E-2,9.037586905E0,9.159922403E0
8.080428750E0,-2.099311364E0,1.169425589E1,1.215314186E1,1.699592852E1
8.090382750E0,-1.155314869E0,8.626749839E0,4.718895990E0,9.900684047E0
8.100336750E0,-8.142968465E-1,-4.495479727E-1,-2.957208266E0,3.100040881E0
8.110291750E0,1.620772750E0,-8.232855080E0,-4.638207630E0,9.587480227E0
8.120245750E0,1.955026786E0,-1.073961607E1,-7.113985103E0,1.302959198E1
8.130199750E0,4.768778586E0,-8.057324005E0,-1.633194458E1,1.882535878E1
8.140153750E0,9.966295490E-1,-4.693504456E0,-5.131021782E0,7.024929826E0
8.150107750E0,-3.604541817E0,1.240316998E1,1.782304772E1,2.201118754E1
8.160061750E0,-1.536802640E0,2.221300859E1,1.769190871E1,2.843911297E1
8.170015750E0,4.254711851E-1,8.162653994E0,5.801341322E0,1.002324833E1
8.179969750E0,4.041792803E0,-8.390477888E0,-6.641170474E0,1.143859054E1
8.189923750E0,4.290434831E0,-1.452380306E1,-1.408103318E1,2.067907595E1
8.199878750E0,6.817756387E0,-1.618366621E1,-1.442945473E1,2.272888070E1
8.209832750E0,6.230564227E-1,-1.139722435E1,-8.508365357E0,1.423647440E1
8.219786750E0,-4.011353660E0,3.607802224E0,1.367544809E1,1.470119299E1
8.229740750E0,-4.224790918E-1,2.125254261E1,2.367598663E1,3.181825575E1
8.239694750E0,-3.471360371E-1,1.703962139E1,1.441227093E1,2.232000793E1
8.249648750E0,2.735388878E0,-3.959160828E0,-4.726684481E-1,4.835361645E0
8.259602750E0,4.347697198E0,-1.291271740E1,-1.979441075E1,2.403038573E1
8.269556750E0,1.947016393E0,-9.006897794E0,-4.860218514E0,1.041809986E1
8.279510750E0,-2.365060152E0,1.757415748E-1,7.477369090E0,7.844453017E0
8.289465750E0,-3.018946677E0,4.142275742E0,1.036419091E1,1.156239338E1
8.299419750E0,4.859096141E0,8.147289850E0,-2.533854650E0,9.818837334E0
8.309373750E0,1.890036446E0,3.954937969E0,-6.050726239E0,7.471616969E0
8.319327750E0,-3.660020784E0,-6.897863826E0,8.582008114E-1,7.855748604E0
8.329281750E0,1.121675106E0,-7.991269180E0,9.102784529E-1,8.120784753E0
8.339235750E0,-5.136062667E-1,2.042636495E0,-6.598817337E0,6.926799080E0
8.349189750E0,-1.845073696E0,5.228055741E0,3.764750555E0,6.701508078E0
8.359143750E0,-2.443052361E0,4.849433910E0,8.358343345E0,9.967317470E0
8.369097750E0,-2.040285622E0,2.365684050E-1,9.971139908E-1,2.283192138E0
8.379052750E0,1.698005552E0,-4.350910243E0,-1.292385751E1,1.374189710E1
8.389006750E0,9.172994240E-1,-5.859618182E0,-3.298185139E0,6.786353121E0
8.398960750E0,-2.220738006E0,-7.039755285E-1,1.207555750E1,1.229822539E1
8.408914750E0,-2.585919136E0,4.774602998E0,6.400610175E0,8.393546460E0
8.418868750E0,2.002969861E0,3.419616605E0,-2.869626331E-1,3.973413337E0
8.428822750E0,9.154641292E-1,-9.208084112E-1,-3.696846548E-1,1.350047942E0
8.438776750E0,1.933514587E0,-2.091270127E0,-6.944885380E0,7.506218911E0
8.448730750E0,2.819644332E0,-5.107740508E0,-5.797496778E0,8.224984872E0
8.458684750E0,-1.668582509E0,-2.028977399E0,3.579379494E0,4.439918291E0
8.468638750E0,-1.593366704E0,3.681165485E0,8.524601905E0,9.421180097E0
8.478593750E0,4.732714422E-1,5.487341164E0,2.522178930E0,6.057745906E0
8.488547750E0,-1.155767078E0,-1.014524660E0,-2.292845285E0,2.760832723E0
8.498501750E0,1.040567574E0,-3.464878732E0,-6.633486063E0,7.555878695E0
8.508455750E0,1.683700777E0,-4.774076164E0,-3.496078305E0,6.152171571E0
8.518409750E0,-1.555286858E0,1.606892045E0,3.693134151E0,4.317436636E0
8.528363750E0,-1.346711413E0,5.632601203E0,7.652171018E0,9.596642602E0
8.538317750E0,1.010552208E0,9.105312865E0,1.590014934E0,9.298176468E0
8.548271750E0,-3.846025830E-1,9.572324717E-1,5.810451284E-1,1.183987581E0
8.558226750E0,1.291216074E0,-6.746332648E0,-5.228180287E0,8.632155713E0
8.568180750E0,9.625427668E-1,-1.147927599E1,-6.302751759E0,1.313106795E1
8.578134750E0,2.131418279E-1,-1.094093805E1,-3.997596331E0,1.165033610E1
8.588088750E0,8.098349825E-1,-5.459878546E0,-8.157180415E0,9.849147109E0
8.598042750E0,1.133839946E0,-1.853583149E0,-3.231143888E0,3.893796905E0
8.607996750E0,-2.183068781E0,8.088599008E0,8.342551185E0,1.182325604E1
8.617950750E0,-2.270380136E0,1.476676423E1,1.161913086E1,1.892659911E1
8.627904750E0,-1.044773549E0,8.468914193E0,6.476097729E0,1.071232473E1
8.637858750E0,-4.358735280E-1,-5.180799129E0,2.368108598E0,5.713020539E0
8.647812750E0,2.638077176E0,-8.449516055E0,-1.196093336E1,1.488011087E1
8.657767750E0,3.924438892E0,-4.561119400E0,-7.709023495E0,9.779267562E0
8.667721750E0,-4.999501676E-1,-2.605723947E-1,3.904665948E0,3.945157070E0
8.677675750E0,-4.718688414E-2,7.065949641E0,2.312465617E0,7.434875128E0
8.687629750E0,1.543405024E0,7.071867024E0,-2.287269965E0,7.591113631E0
8.697583750E0,-1.479205227E-1,-1.439686235E0,-1.971910329E0,2.446018659E0
8.707537750E0,-1.691000880E-1,-6.403160146E0,-1.542903625E0,6.588596686E0
8.717491750E0,2.807506243E-1,-2.220170826E0,-5.188071311E0,5.650138347E0
8.727445750E0,-7.455797104E-1,1.501518787E0,3.031276116E0,3.463969207E0
8.737399750E0,-2.193697119E0,5.552621233E0,8.629838338E0,1.049371333E1
8.747354750E0,-1.459375857E0,5.396400588E0,3.225635810E0,6.454118343E0
8.757308750E0,1.501930431E-1,-4.437984055E-1,-2.710063125E0,2.750264918E0
8.767262750E0,5.558897489E-1,-1.914997040E0,-2.048733679E0,2.858939797E0
8.777216750E0,4.308332281E-1,1.976492792E0,2.420624196E0,3.154609726E0
8.787170750E0,-1.042864214E0,2.643507485E0,4.039863221E0,4.939250190E0
8.797124750E0,5.991879422E-1,3.111113414E0,8.929780036E-1,3.291726383E0
8.807078750E0,1.259930839E0,-5.230252540E-1,-3.457051649E0,3.716475110E0
8.817032750E0,1.005437795E0,-6.484991929E0,-8.026147236E0,1.036750042E1
8.826986750E0,1.205521767E0,-9.402191792E0,-5.833576437E0,1.113036869E1
8.836941750E0,9.574654832E-1,-5.994721608E0,-7.677215227E0,9.787392960E0
8.846895750E0,-9.649944312E-1,-3.752447137E0,1.364468822E0,4.107779075E0
8.856849750E0,-3.089038421E0,6.365825674E0,1.170556206E1,1.367794130E1
8.866803750E0,-2.096350334E0,1.587291476E1,9.224137058E0,1.847779241E1
8.876757750E0,-1.834407206E0,5.720188401E0,5.973859912E0,8.471871539E0
8.886711750E0,2.616148802E-1,-3.663423863E0,-3.605382939E0,5.146639960E0
8.896665750E0,1.205782845E0,-4.584000140E0,-7.329660822E0,8.728739732E0
8.906619750E0,1.111185713E0,-2.723555868E0,1.216860541E0,3.183275016E0
8.916573750E0,-5.011816643E-1,1.144264435E0,1.897013344E0,2.271383672E0
8.926528750E0,2.101533160E-1,7.379197848E-1,-3.750483642E0,3.828161121E0
8.936482750E0,1.156514060E0,-1.939492781E0,-6.062535276E0,6.469427408E0
8.946436750E0,-1.379326013E0,-6.308586110E0,4.485557002E-1,6.473175510E0
8.956390750E0,-2.272170407E0,1.345152546E0,5.206084244E0,5.837422966E0
8.966344750E0,-1.636159259E0,5.791127990E0,6.755627382E0,9.047247197E0
8.976298750E0,-1.283533710E0,7.091621842E0,2.565759398E0,7.649946432E0
8.986252750E0,-7.764842916E-1,3.568194355E0,-4.797486076E0,6.029163413E0
8.996206750E0,-1.450595532E-1,-7.109651731E0,-6.407618648E0,9.572134911E0
9.006160750E0,9.327862132E-1,-1.203269975E1,-4.919463673E0,1.303292278E1
9.016115750E0,4.768228948E-1,-5.412390384E0,2.623110643E-1,5.439681685E0
9.026069750E0,6.371180993E-1,5.538813034E0,3.429599556E0,6.545725507E0
9.036023750E0,-5.847057047E-1,8.115088064E0,3.589167148E0,8.892618055E0
9.045977750E0,5.534323834E-2,3.372325494E0,-5.579530120E-1,3.418618680E0
9.055931750E0,1.207810367E0,-3.171441477E0,-1.007166641E1,1.062804362E1
9.065886083E0,2.303167229E0,-1.204506544E1,-9.927886884E0,1.577818490E1
9.075840083E0,1.939470561E0,-1.138799744E1,-5.408228921E0,1.275527232E1
9.085794083E0,-3.659556515E0,6.068635676E0,1.555167107E1,1.709020673E1
9.095748083E0,-5.167572142E0,1.949679917E1,2.098417178E1,2.910608948E1
9.105703083E0,-3.909495455E0,1.136127684E1,9.188939159E0,1.512611546E1
9.115657083E0,9.180182661E-1,-1.698373488E0,-1.566034040E1,1.577889387E1
9.125611083E0,3.536382286E0,-1.429851920E1,-1.103554015E1,1.840480365E1
9.135565083E0,3.712685924E-2,-1.368223203E1,-5.614681242E0,1.478950632E1
9.145519083E0,1.321881797E0,-4.627371277E0,3.107584035E0,5.728613703E0
9.155473083E0,-3.400982991E0,5.875721998E0,4.870849922E0,8.355595327E0
9.165427083E0,-2.467703345E0,1.432044158E1,3.649289973E0,1.498272086E1
9.175381083E0,-1.695810068E0,9.051600927E0,2.992148303E0,9.682985211E0
9.185335083E0,-1.544742574E0,-2.780046403E0,4.726572214E0,5.696961692E0
9.195290083E0,1.489842774E0,-3.797856613E0,-3.130905362E0,5.142559162E0
9.205244083E0,-1.129422594E-1,9.398726732E-1,2.199933028E-1,9.718609206E-1
9.215198083E0,-1.242607878E0,2.675557829E0,3.632051212E0,4.679153774E0
9.225152083E0,-7.905227986E-1,9.107167017E-1,-8.675277051E-1,1.485575823E0
9.235106083E0,7.523491050E-1,-5.605330374E0,-4.055714731E0,6.959495654E0
9.245060083E0,3.356083683E0,-8.987938782E0,-6.787993475E0,1.175258255E1
9.255014083E0,-7.664553666E-1,-2.075396690E0,1.072463551E0,2.458638509E0
9.264968083E0,-1.173981812E0,4.353180717E0,1.375131337E1,1.447159408E1
9.274922083E0,-1.992769467E-1,8.591229758E0,5.149065120E0,1.001807425E1
9.284877083E0,-1.083165636E-1,3.834103503E0,-4.348702919E0,5.798560100E0
9.294831083E0,3.264669776E0,-2.042744669E0,-5.224609392E0,6.490563753E0
9.304785083E0,1.812383960E0,-3.590728939E0,-7.439220686E0,8.456954200E0
9.314739083E0,7.719884406E-1,-7.937918599E0,-4.655875284E0,9.234917027E0
9.324693083E0,1.776158632E-1,-2.760031968E0,2.781597669E0,3.922576890E0
9.334647083E0,-2.855848829E0,3.281449238E0,1.016722161E1,1.105876019E1
9.344601083E0,-3.438377981E0,9.436506177E0,7.788918096E0,1.270973395E1
9.354555083E0,-5.833816392E-1,4.726224305E0,2.393961185E-1,4.768106628E0
9.364509083E0,8.555675179E-1,-7.003635280E0,-1.407842591E0,7.194784477E0
9.374464083E0,2.560959126E0,-1.035828406E1,-4.946836828E0,1.176111197E1
9.384418083E0,1.878455158E0,-5.886668571E0,-6.837566754E0,9.215952460E0
9.394372083E0,-1.210080914E-1,1.869281754E0,-4.022884369E-3,1.873198713E0
9.404326083E0,-2.048211231E0,8.256321126E0,1.024681508E1,1.331762843E1
9.414280083E0,-1.820387921E0,9.842257919E0,7.901040795E0,1.275187432E1
9.424234083E0,5.160051600E-1,3.181302806E0,-5.059198093E0,5.998536006E0
9.434188083E0,1.773427178E0,-6.443744500E0,-6.911879602E0,9.614622550E0
9.444142083E0,2.846984743E0,-9.473748847E0,-8.454206107E0,1.301271840E1
9.454096083E0,7.857223807E-1,-9.433711208E0,-5.405171996E0,1.090083259E1
9.464051083E0,-1.051304085E0,6.480743927E-1,4.908760929E0,5.061736318E0
9.474005083E0,-3.027486244E0,1.176250693E1,1.287001401E1,1.769631326E1
9.483959083E0,-3.349276940E0,1.004764488E1,1.066796078E1,1.503257167E1
9.493913083E0,-7.076554736E-1,-6.463114572E-1,-2.872327745E-1,1.000498594E0
9.503867083E0,3.522222961E0,-1.080467219E1,-1.598842884E1,1.961572973E1
9.513821083E0,3.349973635E0,-9.750534986E0,-1.012466089E1,1.445005239E1
9.523775083E0,-8.917762546E-1,-2.428945661E0,4.429859057E0,5.130174771E0
9.533729083E0,-3.365615668E-1,8.197113390E0,7.287347445E0,1.097321167E1
9.543683083E0,-2.784339136E0,1.095492459E1,-3.522191970E0,1.183928855E1
9.553638083E0,3.432212896E-1,2.667970482E0,-2.399862195E0,3.604886392E0
9.563592083E0,-5.237268833E-1,-8.970705283E0,-2.478292653E0,9.321468640E0
9.573546083E0,1.281311768E0,-1.212321465E1,-4.056082228E0,1.284779733E1
9.583500083E0,-1.191836358E0,-2.160315219E0,8.543469116E-1,2.611004480E0
9.593454083E0,-9.271666005E-1,1.019661790E1,1.092783444E1,1.497491970E1
9.603408083E0,-2.402574134E0,1.164208937E1,5.751226591E0,1.320557514E1
9.613362083E0,-3.857156370E-1,-1.398876178E-1,-1.392620827E0,1.451805037E0
9.623316083E0,2.580021049E0,-7.970120385E0,-8.131061488E0,1.167448022E1
9.633270083E0,3.728004606E0,-7.239447055E0,-5.951699549E0,1.008614592E1
9.643225083E0,1.925074789E-1,-2.898282951E0,5.384518461E0,6.118017837E0
9.653179083E0,-1.043130409E0,8.163517043E0,7.783910540E0,1.132785924E1
9.663133083E0,-2.513298179E0,1.411790222E1,7.477405343E0,1.617230415E1
9.673087083E0,-2.001347551E0,7.976216692E0,7.283678902E0,1.098532672E1
9.683041083E0,-5.410236051E-1,-5.768999788E0,1.623076553E0,6.017345144E0
9.692995083E0,3.232437876E0,-6.355957328E0,-1.066048102E1,1.282547090E1
9.702949083E0,2.632717326E0,-3.992794597E0,-1.045072854E1,1.149309950E1
9.712903083E0,9.507886939E-1,-3.932755387E0,-2.824322397E0,4.934304518E0
9.722857083E0,-3.019653460E-1,-8.712760627E-1,1.587980395E0,1.836297030E0
9.732812083E0,1.343453052E0,7.358522093E-1,-1.949841768E0,2.479561957E0
9.742766083E0,-3.805649344E-1,1.365794386E0,1.489672328E0,2.056537775E0
9.752720083E0,-1.614487870E0,2.032166471E0,9.159174492E0,9.519808245E0
9.762674083E0,-1.370493647E0,4.424034353E0,6.905468130E0,8.314795421E0
9.772628083E0,1.042786081E0,1.481625974E-1,-2.862501499E0,3.050126194E0
9.782582083E0,1.691227752E0,-3.987152034E0,-1.086697194E1,1.169823541E1
9.792536083E0,1.431380996E0,-9.782480664E0,-5.470975977E0,1.129944059E1
9.802490083E0,9.948304338E-1,-6.301291124E0,-3.776453465E-2,6.379450100E0
9.812444083E0,-1.324797803E0,4.382230854E0,6.443226437E0,7.904062462E0
9.822399083E0,-1.298879143E0,8.372862566E0,1.089642670E1,1.380304421E1
9.832353083E0,8.658127899E-1,9.963908072E0,3.056503344E-1,1.000612402E1
9.842307083E0,9.954158132E-1,-1.374255892E0,-1.650294465E0,2.367045356E0
9.852261083E0,2.639088745E0,-1.058068173E1,-9.974353538E0,1.477847569E1
9.862215083E0,3.065455431E0,-4.838114870E0,-8.033344574E0,9.866052784E0
9.872169083E0,-1.785104945E0,2.277011025E0,1.452062920E1,1.480608156E1
9.882123083E0,-2.332768173E0,9.974413179E0,1.674659754E1,1.963107880E1
9.892077083E0,-1.169359661E0,4.368577021E0,3.236784697E-2,4.522489898E0
9.902032083E0,3.021787547E0,-7.255663723E-1,-1.717198715E1,1.745092517E1
9.911986083E0,1.576007929E0,-9.221054406E0,-9.563979571E0,1.337839118E1
9.921940083E0,4.313974844E-1,-1.186850642E1,-5.394371604E0,1.304403287E1
9.931894083E0,-5.012562163E-2,-4.744461186E0,2.815223837E-1,4.753070521E0
9.941848083E0,-2.134282245E0,6.669823585E0,9.211922225E0,1.157156940E1
9.951802083E0,-3.036261745E0,1.559751792E1,9.689338612E0,1.861141406E1
9.961756083E0,-2.928159884E-1,7.025809675E0,2.226276781E0,7.375910188E0
9.971710083E0,-1.826817081E-1,-7.696916835E0,-4.413343304E0,8.874316903E0
9.981664083E0,4.586479944E0,-1.195653392E1,-1.160931573E1,1.728498519E1
9.991619083E0,2.044755819E0,-6.610949140E0,-5.522161918E0,8.853245006E0
1.000157308E1,-8.359630463E-1,4.016432551E0,6.842964903E0,7.978516987E0
1.001152708E1,-2.082372857E0,7.102338619E0,1.363157643E1,1.551126579E1
1.002148108E1,5.181795202E-2,5.787869922E0,-3.607802224E-1,5.799334936E0
1.003143508E1,2.560229686E0,1.264624107E-1,-7.778409480E0,8.189897608E0
1.004138908E1,5.819814869E-1,-7.909517503E0,-1.579025969E0,8.086562471E0
1.005134308E1,4.281155884E-2,-6.397912270E0,4.748001967E0,7.967348174E0
1.006129708E1,1.347375218E0,4.984862441E-1,8.349455577E-1,1.661638528E0
1.007125083E1,3.931693386E-1,8.390076769E0,4.516234419E-1,8.411416887E0
1.008120583E1,7.035220769E-1,4.344432698E0,3.153494910E0,5.414200673E0
1.009115983E1,-7.552366063E-1,-2.247614148E0,4.491895384E-1,2.413280533E0
1.010111383E1,2.497544318E0,-3.223336685E0,-7.049358167E0,8.143775388E0
1.011106783E1,1.666394334E0,-1.704394950E0,-1.274990636E0,2.703226469E0
1.012102183E1,-1.114020955E0,1.164591111E0,9.790953864E0,9.922705917E0
1.013097583E1,-1.418488032E0,5.355401666E0,9.614664406E0,1.109658537E1
1.014092983E1,-1.044560418E0,5.470462006E-1,1.432425455E0,1.855319028E0
1.015088383E1,1.876178252E0,-6.388033399E0,-1.007047475E1,1.207234348E1
1.016083783E1,1.778507824E0,-7.985461140E0,-8.627864903E0,1.188994249E1
1.017079283E1,7.438445491E-1,-8.543260955E0,-2.416871161E0,8.909650873E0
1.018074683E1,-1.243885495E0,-1.829395557E0,-3.843559036E-1,2.245366048E0
1.019070083E1,-2.008000952E0,4.452399196E0,8.574136008E0,9.867711726E0
1.020065483E1,-2.166035550E0,1.357617757E1,9.239581894E0,1.656424405E1
1.021060883E1,-2.745133555E0,1.019731723E1,4.740059402E0,1.157537040E1
1.022056283E1,-5.821449897E-1,-2.538571599E0,-6.225214756E-1,2.677829632E0
1.023051683E1,3.283306898E0,-1.092836536E1,-1.110283341E1,1.592112381E1
1.024047083E1,2.167939988E0,-8.792198560E0,-9.946574585E0,1.345128489E1
1.025042483E1,-3.440737771E-1,-3.296942605E0,6.035161536E0,6.885593080E0
1.026037983E1,-1.794360210E0,8.844165105E0,1.184233429E1,1.488891757E1
1.027033383E1,-7.150997101E-1,1.013991628E1,1.868093600E0,1.033532987E1
1.028028783E1,1.044420012E0,7.849582958E-1,-7.581367668E0,7.693120849E0
1.029024183E1,4.557854900E-1,-5.818698197E0,-4.448797896E0,7.338718678E0
1.030019583E1,1.441682182E-2,-7.269431577E0,5.079242349E-2,7.269623316E0
1.031014983E1,-1.322911784E0,-8.198503858E-1,-1.043515155E0,1.873812723E0
1.032010383E1,-1.609717712E0,2.757243431E0,6.034979687E0,6.827485795E0
1.033005783E1,-1.349586928E0,8.711680062E0,6.599526604E0,1.101219804E1
1.034001183E1,-1.708952855E0,5.197895218E0,3.589163347E0,6.543754892E0
1.034996683E1,-1.445670860E0,-4.556527582E0,-4.413996730E0,6.506556307E0
1.035992083E1,4.257115642E0,-4.335259586E0,-1.006963158E1,1.176073932E1
1.036987483E1,1.260966089E0,-3.921005407E0,2.311810729E-1,4.125259212E0
1.037982883E1,-1.225809997E0,4.293674773E-1,6.854353525E0,6.976326313E0
1.038978283E1,-1.253121464E0,5.201063824E0,4.981485674E0,7.310032683E0
1.039973683E1,3.823536707E-1,6.989807199E0,-2.383363399E0,7.394864441E0
1.040969083E1,7.997335520E-1,-1.969852694E0,-5.600641492E-1,2.198537068E0
1.041964483E1,9.083004130E-1,-6.392417057E0,-5.997331220E0,8.812263456E0
1.042959983E1,2.548531746E0,-8.577138553E0,-5.300881058E0,1.040007980E1
1.043955383E1,-3.032292947E-1,-2.626932968E0,2.529065781E0,3.659084386E0
1.044950783E1,-2.881369002E0,3.815186591E0,1.082178349E1,1.183084671E1
1.045946183E1,-8.318836632E-1,1.079642528E1,4.406010311E0,1.169049854E1
1.046941583E1,1.115365303E0,4.171579648E0,-3.756017447E-2,4.318278278E0
1.047936983E1,1.561740430E0,-5.782427918E0,-6.323497095E0,8.709886412E0
1.048932383E1,1.415056886E0,-1.020652659E1,-5.595178438E0,1.172525449E1
1.049927783E1,2.670825969E0,-4.331460650E0,-3.963885963E-2,5.088853895E0
1.050923183E1,-1.335516334E0,2.485524489E0,5.939313392E0,6.575475605E0
1.051918683E1,1.229985932E0,8.459756868E0,3.884000426E0,9.389665115E0
1.052914083E1,1.322239646E0,9.784824228E0,-5.792702061E-1,9.890735910E0
1.053909483E1,1.930494793E-2,-2.575963959E0,3.577704851E0,4.408620532E0
1.054904883E1,1.028925475E0,-9.459519648E0,-5.446922870E0,1.096403978E1
1.055900283E1,3.218092318E0,-7.087413601E0,-1.363253420E1,1.569820176E1
1.056895683E1,1.765541039E0,-5.723146507E0,-9.734500167E-1,6.067878215E0
1.057891083E1,-1.713811453E0,2.095543857E0,8.014949234E0,8.459779250E0
1.058886483E1,-2.519205913E0,9.220160367E0,9.985535753E0,1.382275949E1
1.059881883E1,2.908607525E-1,8.200977815E0,2.994525489E0,8.735434734E0
1.060877383E1,1.503622469E-1,-2.473690894E0,-4.372071609E0,5.025610968E0
1.061872783E1,2.953168717E0,-5.279905341E0,-6.017128138E0,8.532551606E0
1.062868183E1,-4.236445881E-1,-4.056425167E0,1.020977940E0,4.204337740E0
1.063863583E1,7.701714914E-1,2.886832933E0,3.938333046E0,4.943423479E0
1.064858983E1,3.056631982E-2,6.251171715E0,2.390730014E0,6.692807491E0
1.065854383E1,2.293422990E0,7.859718522E0,-3.356472816E0,8.848778109E0
1.066849783E1,1.465198953E0,-1.954840552E0,1.214416990E-1,2.446008512E0
1.067845183E1,-1.298855169E-1,-8.368156727E0,-5.985688244E0,1.028938195E1
1.068840583E1,3.457365352E0,-5.727415559E0,-8.347367536E0,1.069743936E1
1.069836083E1,-8.489337786E-1,-2.041357124E0,5.082268867E0,5.542317594E0
1.070831483E1,-2.367050837E0,7.529762481E0,1.220796068E1,1.453735040E1
1.071826883E1,-1.986787692E0,9.870356129E0,6.548134257E0,1.201038374E1
1.072822283E1,7.175746903E-2,1.329021832E0,-4.209571347E-1,1.395941644E0
1.073817683E1,1.844747422E0,-3.001053613E0,-6.349787346E0,7.261488496E0
1.074813083E1,9.222880492E-1,-6.513574873E0,-4.207348235E0,7.808908505E0
1.075808483E1,-1.398244679E-2,-3.247439493E0,-1.379561948E0,3.528349464E0
1.076803883E1,1.855991764E-1,-8.879897439E-1,1.775754370E0,1.994060286E0
1.077799383E1,1.544002901E0,4.536124892E0,1.967755590E0,5.180003481E0
1.078794783E1,-3.163524932E-1,8.872161573E0,6.038728337E0,1.073692553E1
1.079790183E1,-1.506064120E0,2.090587172E0,4.436954361E0,5.130823312E0
1.080785583E1,-1.730573373E-1,-3.859483343E0,-5.251431155E-1,3.898889048E0
1.081780983E1,3.239505991E0,-4.033129275E0,-1.151167541E1,1.262058642E1
1.082776383E1,2.143138730E0,-7.558210940E0,-6.622044232E0,1.027477815E1
1.083771783E1,-1.511910751E0,-2.999167301E0,5.123954837E0,6.126646048E0
1.084767183E1,-2.931558285E0,8.045381652E0,1.171459017E1,1.451047286E1
1.085762583E1,-1.392091362E0,8.455105408E0,1.125822551E1,1.414829910E1
1.086758083E1,4.168132860E-1,1.750348803E0,-1.014567930E0,2.065623957E0
1.087753483E1,3.107169467E0,-1.559958199E0,-1.182729174E1,1.232772491E1
1.088748883E1,1.613558455E0,-1.000734353E1,-6.788120944E0,1.219955251E1
1.089744283E1,3.247069218E-1,-1.076141098E1,-6.477890486E0,1.256489021E1
1.090739683E1,1.980672382E0,-2.248155600E0,-2.752346096E0,4.068497968E0
1.091735083E1,-1.952250528E0,8.974068602E0,1.080140828E1,1.417799740E1
1.092730483E1,-3.692242742E0,1.202525039E1,1.857016167E1,2.242967249E1
1.093725883E1,-1.778028937E0,5.408715994E0,4.662945153E0,7.359256287E0
1.094721283E1,2.414645126E0,-3.079765322E0,-1.059393854E1,1.129367076E1
1.095716783E1,9.886174748E-1,-1.199916713E1,-1.289325436E1,1.764067415E1
1.096712183E1,3.603740456E0,-1.450889734E1,-1.018498194E1,1.808946944E1
1.097707583E1,7.859263755E-1,-4.793347417E0,-3.502647652E0,5.988522381E0
1.098702983E1,-4.136863851E0,9.320335450E0,1.756293901E1,2.030859724E1
1.099698383E1,-5.045492805E0,1.249279727E1,1.680490012E1,2.153907262E1
1.100693783E1,1.284785599E0,6.633797135E0,-3.874532614E0,7.789091182E0
1.101689183E1,1.425665781E0,-4.520870091E0,-9.209662861E0,1.035802487E1
1.102684583E1,1.694180449E0,-7.973901780E0,-4.539829980E0,9.330777740E0
1.103680083E1,-1.621383345E0,-8.455924603E0,-1.935547079E0,8.824844891E0
1.104675483E1,2.003853376E0,6.491374165E-1,-3.874467125E0,4.410023043E0
1.105670883E1,1.601292166E-1,4.253019083E0,1.562891454E0,4.533921303E0
1.106666288E1,-2.799639253E0,3.797925611E0,1.052040396E1,1.153000947E1
1.107661688E1,-9.242103944E-1,4.360209070E0,4.737088139E0,6.504274904E0
1.108657088E1,5.022137710E-1,-7.053788602E-2,-2.419338101E0,2.471920531E0
1.109652488E1,1.025590223E0,-2.040301702E0,-1.465487951E0,2.713359777E0
1.110647888E1,7.190275772E-1,-4.096264586E0,-4.754173119E0,6.316529606E0
1.111643288E1,1.024336653E0,-5.551334846E0,-7.946432145E0,9.747428789E0
1.112638788E1,-7.193128482E-1,-3.433390306E0,4.502136489E0,5.707434883E0
1.113634188E1,-2.563003313E0,5.686599655E0,1.442363091E1,1.571456427E1
1.114629588E1,-1.024271311E0,1.172194012E1,1.005172039E1,1.547546751E1
1.115624987E1,5.824693640E-1,6.625567764E0,-1.249781535E0,6.767523376E0
1.116620387E1,-6.848443159E-1,-7.112213981E0,-9.342400503E0,1.176150699E1
1.117615787E1,3.396297909E0,-8.266370736E0,-1.259977909E1,1.544739971E1
1.118611187E1,3.515302196E-2,-9.694284187E0,-5.066267377E0,1.093834753E1
1.119606588E1,-1.521485859E0,-2.404394957E0,5.507267890E0,6.198873602E0
1.120602088E1,-3.005045215E0,2.439671794E0,1.157932068E1,1.220913439E1
1.121597488E1,-7.766191430E-1,8.453538355E0,4.963111968E0,9.833510483E0
1.122592888E1,-5.398045702E-1,7.517795570E0,2.663178688E0,7.993820109E0
1.123588288E1,1.448361018E0,-3.519029796E-1,-2.540164381E0,2.945168998E0
1.124583688E1,1.628329399E0,-8.598790793E0,-4.866291432E0,1.001356340E1
1.125579088E1,1.548005467E0,-8.820540599E0,-5.476531416E0,1.049717361E1
1.126574488E1,1.170026902E0,-3.730299053E0,-4.763665196E0,6.162515727E0
1.127569888E1,-2.665140429E0,6.131507277E-2,4.946973653E0,5.619544587E0
1.128565287E1,-2.098706908E0,4.170247652E0,6.256318434E0,7.806219092E0
1.129560787E1,-5.409787642E-1,4.698655268E0,1.528643435E-1,4.732165134E0
1.130556187E1,-9.229015683E-1,2.803791361E0,5.531811578E0,6.270082346E0
1.131551588E1,4.003158056E-1,5.521213499E0,-3.233359982E0,6.410824286E0
1.132546988E1,-8.157165505E-1,-1.681390834E0,-5.555538994E-1,1.949643240E0
1.133542388E1,1.264620599E0,-2.035124577E0,-6.065689849E0,6.521778181E0
1.134537788E1,1.315318151E0,-6.478660564E0,-5.956880767E0,8.898737720E0
1.135533188E1,-1.803936561E-1,-8.087962831E0,-4.691870159E-1,8.103568416E0
1.136528588E1,-9.537457770E-1,1.842136640E0,3.624338150E0,4.175993946E0
1.137523988E1,-1.308481148E0,8.511985953E0,9.253761976E0,1.264112885E1
1.138519488E1,-1.133303903E0,8.858317121E0,6.063201274E0,1.079428412E1
1.139514888E1,4.495587900E-2,-9.053659147E-1,-3.284243038E0,3.407045759E0
1.140510287E1,1.687606425E0,-3.816885792E0,-9.958836197E0,1.079791883E1
1.141505687E1,-6.743390621E-1,-9.556591029E0,-5.347752339E-1,9.595267053E0
1.142501087E1,-4.215843947E-1,-3.622233152E-2,3.432691272E0,3.458672408E0
1.143496487E1,-2.250459257E0,6.421909828E0,5.403129564E0,8.689033421E0
1.144491888E1,-4.476258833E-1,7.663985317E0,4.944276332E0,9.131424222E0
1.145487288E1,-1.261163725E0,3.175971900E0,2.001062500E0,3.959997800E0
1.146482788E1,-5.017212892E-1,-4.534309916E0,-1.818867645E0,4.911208627E0
1.147478188E1,3.861210026E0,-5.027371699E0,-8.939046704E0,1.095855670E1
1.148473588E1,-1.034053337E0,-6.844945355E0,3.281770835E0,7.661107167E0
1.149468988E1,-1.129383783E0,2.527218645E0,6.436010973E0,7.006038756E0
1.150464388E1,-1.719832184E0,3.707734063E0,9.703732703E0,1.052936575E1
1.151459788E1,-1.370459295E0,3.711230698E0,5.069990884E0,6.430878598E0
1.152455188E1,3.543576773E-1,-1.626048108E0,-2.135105533E0,2.707079136E0
1.153450588E1,-1.345279869E-1,-6.693849210E0,-2.516635185E0,7.152563713E0
1.154445987E1,-6.619170179E-1,-8.155206395E0,-2.535157410E0,8.565777757E0
1.155441487E1,6.252271284E-1,-4.287213600E0,-6.456209010E0,7.775200588E0
1.156436887E1,5.276665545E-1,-2.605599986E0,-6.156582477E0,6.706048843E0
1.157432288E1,-1.414352296E0,-1.439505556E0,2.437975224E0,3.164852581E0
1.158427688E1,-2.904457318E0,5.235357744E0,8.923127074E0,1.074555907E1
1.159423088E1,-2.184741816E0,7.749035992E0,6.611889957E0,1.041814496E1
1.160418488E1,-1.662706934E-1,4.417715267E0,5.414314703E0,6.989896839E0
1.161413888E1,2.374579566E0,-1.870373429E0,-3.448129383E0,4.585468473E0
1.162409288E1,4.509968835E0,-7.813481079E0,-1.318234654E1,1.597387135E1
1.163404788E1,1.414433792E-1,-6.365168447E0,-4.507848342E0,7.801030205E0
1.164400188E1,-6.457082438E-1,2.207675326E0,8.685609081E0,8.985019455E0
1.165395588E1,-1.942120519E0,1.025960878E1,1.076638930E1,1.499821800E1
1.166390987E1,-9.613864799E-1,6.166052043E0,9.245506293E0,1.115454384E1
1.167386387E1,1.207009079E0,-2.476851314E0,-1.979299163E0,3.392534234E0
1.168381787E1,2.123905776E0,-8.116148749E0,-7.528510593E0,1.127214789E1
1.169377187E1,1.181013162E0,-7.281821827E0,-4.594574829E0,8.690790474E0
1.170372588E1,9.400065013E-1,-3.491381237E0,-1.294931980E0,3.840599432E0
1.171367988E1,1.099430471E0,-1.029928565E0,3.205877484E0,3.542195739E0
1.172363488E1,-1.993645453E0,5.342658244E0,6.787323968E0,8.864896275E0
1.173358888E1,-9.117950745E-1,9.265220180E0,7.017337060E0,1.165841733E1
1.174354288E1,-9.727172144E-1,3.936313418E0,7.048576394E0,8.131615540E0
1.175349688E1,-2.096990312E0,-3.572233027E0,1.494027919E0,4.403445990E0
1.176345088E1,8.579757667E-1,-8.212236044E0,-2.834837152E0,8.730019756E0
1.177340488E1,-2.273089005E-1,-6.626774629E0,-8.995186990E-1,6.691408313E0
1.178335888E1,-2.036146671E-3,-1.446619279E0,-1.157245839E0,1.852546738E0
1.179331287E1,2.293375189E-1,4.967903177E0,2.723791510E0,5.670246720E0
1.180326787E1,-3.175908165E0,5.268324931E0,1.008480276E1,1.181291188E1
1.181322187E1,-1.653884363E0,2.810143776E0,4.865996148E0,5.857487519E0
1.182317588E1,1.064621192E0,-1.783773242E0,-4.184039479E0,4.671343664E0
1.183312988E1,1.933032484E0,-6.621440215E0,-7.429355848E0,1.013782094E1
1.184308388E1,1.147213771E0,-9.012412303E0,-3.496823241E0,9.734857356E0
1.185303788E1,-7.263360120E-2,-7.555042918E0,-3.323674321E-1,7.562699072E0
1.186299188E1,8.155035657E-1,-3.845437746E0,-5.197832653E-1,3.965174923E0
1.187294588E1,-9.988761954E-2,4.566697059E0,2.555559515E0,5.234079098E0
1.188289988E1,-1.929852184E0,9.873248162E0,1.063339321E1,1.463811497E1
1.189285488E1,-2.067728652E0,4.906619679E0,5.690247148E0,7.792902608E0
1.190280888E1,1.154430258E0,-3.234485571E0,-9.099077395E-1,3.552821164E0
1.191276287E1,9.168018991E-1,-1.411341273E0,-2.724334717E-1,1.704884133E0
1.192271687E1,-1.345494169E0,-4.684599146E0,3.314493023E0,5.894207981E0
1.193267087E1,2.156054791E-1,-2.332477713E0,-2.808253956E-1,2.359194970E0
1.194262487E1,1.903773017E-2,-4.553999246E0,2.072077811E-2,4.554086178E0
1.195257888E1,-8.811971066E-1,-4.017247653E-1,1.843047636E0,2.081998011E0
1.196253288E1,-2.556503840E0,3.458963689E0,5.807310160E0,7.226686168E0
1.197248788E1,-1.813603982E0,3.473970568E0,3.832625619E0,5.481482468E0
1.198244188E1,-7.438082233E-1,-1.493113414E0,4.100053582E0,4.426406863E0
1.199239588E1,-6.560564999E-2,-3.519865363E0,2.046807314E0,4.072244646E0
1.200234988E1,-1.176755805E0,-1.517169444E0,6.134711552E-1,2.015664705E0
1.201230388E1,-1.398238247E0,3.882568735E-1,-6.891604382E-1,1.606473064E0
1.202225788E1,-1.697103765E0,1.914704679E0,1.036548783E0,2.760559468E0
1.203221188E1,-1.365568830E0,-3.301215166E0,4.835116710E0,6.011751275E0
1.204216587E1,-3.322418632E-1,-6.052985603E0,6.958312342E-1,6.101901382E0
1.205211987E1,-4.184696926E-1,-3.940264381E0,-3.162094118E0,5.069481185E0
1.206207487E1,-2.784430572E-1,1.981600919E0,3.865161574E-1,2.038054827E0
1.207202883E1,-2.568661663E0,6.080485643E0,7.779849649E0,1.020276379E1
1.208198283E1,-3.041842547E-1,3.125339105E0,8.483241041E0,9.045753210E0
1.209193683E1,-7.167365650E-1,-4.411987919E0,1.568440170E0,4.737019450E0
1.210189083E1,-1.792141631E-1,-3.530076941E0,-1.226839692E0,3.741483202E0
1.211184483E1,2.210884132E-1,-2.459071101E0,2.857451259E0,3.776365775E0
1.212179883E1,-1.130654237E0,2.240337288E-1,6.026003042E0,6.135249202E0
1.213175283E1,-6.793568502E-1,8.038190746E-1,4.221058202E0,4.350285413E0
1.214170783E1,-8.631912638E-1,-9.598140174E-1,2.397658964E0,2.723070072E0
1.215166183E1,-3.632058667E-1,-3.105804727E0,2.781672513E-1,3.139318162E0
1.216161583E1,-7.310437515E-1,-4.788898855E0,2.633437995E0,5.513889089E0
1.217156983E1,-1.062871047E-1,-2.398580486E-1,1.775876869E0,1.795151104E0
1.218152383E1,-9.548567480E-1,-3.553083980E-1,5.273869261E0,5.371377146E0
1.219147783E1,-6.005527189E-1,2.319956485E0,6.579029775E-1,2.485095167E0
1.220143183E1,-8.384143453E-2,-9.701437086E-1,2.934732154E0,3.092064200E0
1.221138583E1,1.612410647E-1,-1.834245822E0,-9.400100827E-2,1.843717063E0
1.222134083E1,-1.332378901E-1,-2.319256573E0,1.276589557E0,2.650732783E0
1.223129483E1,-6.085005102E-1,-1.261543209E0,2.306946430E0,2.698845303E0
1.224124883E1,1.588923660E-1,-7.078387839E-1,2.820741270E0,2.912535637E0
1.225120283E1,-1.430123151E-1,-9.539024824E-1,2.200560142E0,2.402675052E0
1.226115683E1,3.292585406E-2,-3.209215075E-1,2.690002790E-1,4.200427073E-1
1.227111083E1,-3.624627953E-1,2.012961291E0,-9.111944193E-1,2.239122084E0
1.228106483E1,-3.347574084E-1,1.431227653E0,-1.475211579E-1,1.477239862E0
1.229101883E1,5.673942187E-1,-5.777136773E-1,2.552382722E-1,8.490205345E-1
1.230097283E1,1.769407656E-1,-1.724237477E0,2.319444269E-1,1.748742728E0
1.231092783E1,4.569557006E-1,-3.529455382E0,1.769286180E0,3.974448061E0
1.232088183E1,7.725407832E-1,-2.850936876E0,2.972981715E-1,2.968677573E0
1.233083583E1,1.215165433E0,-1.977731232E0,8.201842618E-1,2.461859070E0
1.234078983E1,1.679039523E0,-1.171458081E0,1.733617872E0,2.682707342E0
1.235074383E1,4.535352256E-1,1.930072331E-1,1.069983162E0,1.178053462E0
1.236069783E1,1.455899322E-1,2.613054017E0,-4.843687266E-2,2.617554938E0
1.237065183E1,-8.131773971E-2,1.233733267E0,3.992695194E-1,1.299279222E0
1.238060583E1,-1.938350527E-1,-1.168841452E0,2.132411136E0,2.439454779E0
1.239056083E1,-6.174685311E-1,-1.726326687E0,1.815656939E0,2.580325820E0
1.240051483E1,-8.827015221E-1,-1.156439508E0,1.101371015E0,1.824700640E0
1.241046883E1,-4.866207086E-1,-1.989343802E0,2.139641803E0,2.961816254E0
1.242042283E1,1.674161812E-1,-1.446200618E0,2.246554633E0,2.677037938E0
1.243037683E1,1.369716114E0,2.271597088E0,7.922076738E-1,2.768369296E0
1.244033083E1,1.215973445E0,2.419180811E0,9.644458893E-1,2.874227390E0
1.245028483E1,1.350027223E0,8.607493204E-1,1.917859544E0,2.498329067E0
1.246023883E1,1.080316507E0,-1.054681583E0,2.631797559E0,3.034105369E0
1.247019283E1,4.550956647E-1,-2.328554816E0,1.820454287E0,2.990540654E0
1.248014783E1,1.604408367E-2,-2.460790767E0,1.286665186E0,2.776914819E0
1.249010183E1,-1.321310231E0,-2.129934255E0,1.293943800E0,2.820774932E0
1.250005583E1,-1.488729172E0,-1.286408494E0,1.214789457E0,2.312331028E0
1.251000983E1,-1.128485212E0,1.029079549E0,8.832739645E-1,1.764272226E0
1.251996383E1,-9.584896231E-1,2.777398784E0,1.908621236E0,3.503638307E0
1.252991783E1,-2.023320803E-1,2.322278414E0,2.099951488E0,3.137468973E0
1.253987183E1,6.428953676E-1,-3.053328305E-1,9.656770205E-1,1.199614396E0
1.254982583E1,1.237648855E0,-1.373064814E0,-1.281019992E0,2.249020652E0
1.255978083E1,4.441957969E-1,-2.220908160E0,-1.943712131E0,2.984587042E0
1.256973483E1,2.921628178E-1,-2.669449242E0,-9.559016454E-1,2.850450197E0
1.257968883E1,2.763460995E-1,-2.932511382E0,7.290518975E-1,3.034387391E0
1.258964283E1,9.393509553E-1,-3.010674621E0,-3.931410527E-1,3.178223054E0
1.259959683E1,7.488866763E-1,1.344833288E0,-5.620431393E-1,1.638688596E0
1.260955083E1,2.304573520E-1,3.707882583E0,5.817854444E0,6.902820740E0
1.261950483E1,4.588485174E-1,4.912198507E0,5.614351459E0,7.474033612E0
1.262945883E1,3.079106487E-1,1.420927198E0,3.620515240E0,3.901534785E0
1.263941283E1,5.217597704E-1,-3.011399091E0,1.853403640E-1,3.061879945E0
1.264936783E1,-1.800197997E-1,-5.119560655E0,4.210790491E-1,5.140001556E0
1.265932183E1,-6.717184862E-1,-3.831713161E0,1.805181068E0,4.288579038E0
1.266927583E1,-8.021527644E-1,-2.902627432E0,4.329886580E0,5.274145699E0
1.267922983E1,-1.277901526E0,-1.556413032E0,3.269188212E0,3.839667355E0
1.268918383E1,-9.879942347E-1,8.076221037E-1,4.341393315E0,4.525050496E0
1.269913783E1,-2.130758128E0,3.181739008E-1,8.028532315E0,8.312562539E0
1.270909183E1,-1.705456805E0,-6.333242065E-1,4.135167282E0,4.517664320E0
1.271904583E1,5.030361819E-1,-1.027357544E0,3.726567945E0,3.898181316E0
1.272900083E1,-1.708072557E0,-3.360831038E0,6.325676937E0,7.363890672E0
1.273895483E1,-2.574405676E0,-2.937330072E0,3.393441544E0,5.174062045E0
1.274890883E1,-2.476998079E0,-4.786147740E0,2.099283736E0,5.783573453E0
1.275886283E1,-7.970566966E-1,-2.974790259E0,1.369055963E0,3.370310178E0
1.276881683E1,-1.435829558E0,-9.929501885E-1,3.341419451E0,3.769965589E0
1.277877083E1,-1.194211059E0,3.480660367E-1,3.523812234E0,3.736916199E0
1.278872483E1,-4.032089714E-1,1.514966213E0,1.022086864E0,1.871459767E0
1.279867883E1,9.401787383E-2,1.534125785E0,5.918335336E-1,1.647011905E0
1.280863383E1,-5.218274153E-1,-1.416914839E-1,6.858778113E-1,8.733892031E-1
1.281858783E1,-3.520490138E-1,-5.734364390E-2,-1.321802859E0,1.369083489E0
1.282854183E1,-1.394431710E0,-1.978177959E0,-1.260051584E0,2.728618300E0
1.283849583E1,-8.356820145E-1,-1.735288714E0,-1.721581087E0,2.583298819E0
1.284844983E1,-1.313813809E0,-9.416280073E-1,-4.247627950E-1,1.671284973E0
1.285840383E1,1.391659252E-2,-3.635798693E-3,4.190985972E-1,4.193453526E-1
1.286835783E1,-5.209990111E-1,1.769094391E0,-3.621537334E-1,1.879438816E0
1.287831183E1,2.169083667E-1,1.426578532E0,4.986464578E-1,1.526703585E0
1.288826583E1,5.841494152E-1,1.410564178E0,-6.697342336E-2,1.528203939E0
1.289822083E1,-8.052810978E-2,2.469793725E-1,-7.734451282E-1,8.159049903E-1
1.290817483E1,7.159121167E-2,-1.095063624E0,-9.117311937E-1,1.426724715E0
1.291812883E1,4.266295186E-1,-1.346500914E0,-7.473051506E-1,1.597980740E0
1.292808283E1,1.935846822E-1,-7.062231982E-1,-2.200663930E-1,7.646276559E-1
1.293803683E1,-3.596887757E-2,3.615216494E-2,3.159303242E-1,3.200198571E-1
1.294799083E1,3.761563165E-1,1.059126636E0,5.417679191E-1,1.247699998E0
1.295794483E1,3.608639107E-1,1.224549630E0,5.354292449E-1,1.384351485E0
1.296789883E1,3.652976716E-1,9.735526353E-1,-4.809887436E-1,1.145686386E0
1.297785383E1,9.291141618E-1,3.493161714E-1,-1.017875407E0,1.421740222E0
1.298780783E1,1.008096158E0,-1.549670023E-1,-5.114442587E-1,1.140985480E0
1.299776183E1,4.514383044E-1,-3.096691257E-1,-4.780841392E-1,7.268121864E-1
1.300771583E1,5.368009652E-1,-2.976747322E-1,-7.537844503E-1,9.720887408E-1
1.301766983E1,4.958661067E-1,-2.592386448E-1,-8.388269395E-1,1.008324603E0
1.302762383E1,1.877164531E-1,2.322028738E-1,-7.025485155E-1,7.633675773E-1
1.303757783E1,4.853204706E-1,9.660114813E-1,-9.896067506E-1,1.465617843E0
1.304753183E1,5.410856586E-1,8.333709025E-1,-7.911428958E-1,1.270113315E0
1.305748683E1,2.206305580E-1,7.977642828E-1,-1.088759741E0,1.367663506E0
1.306744121E1,1.177850513E-1,7.240080893E-2,-6.285631111E-1,6.435889838E-1
1.307739521E1,1.800922869E-1,-1.950063962E-1,-4.606345859E-1,5.316436289E-1
1.308734921E1,-3.116066737E-1,-4.087765074E-1,-3.113040072E-1,6.009219059E-1
1.309730321E1,-6.874636493E-1,-5.035551953E-1,7.389360309E-2,8.553562816E-1
1.310725721E1,-4.528068452E-1,-3.081149358E-1,2.256083840E-1,5.923411143E-1
1.311721121E1,-7.648565186E-1,1.038062042E-1,-1.309133112E-2,7.719796662E-1
1.312716521E1,-1.010416699E0,2.892494792E-1,3.638979578E-1,1.112218005E0
1.313711921E1,-1.223085852E0,4.227121764E-1,5.767307603E-1,1.416772020E0
1.314707421E1,-1.038568338E0,1.087248820E-1,8.126366758E-1,1.323186933E0
1.315702821E1,-1.156684944E0,-1.831114054E-1,4.681888962E-1,1.261210010E0
1.316698221E1,-1.002993512E0,-6.882283920E-1,4.202727181E-1,1.286966768E0
1.317693621E1,-6.955724949E-1,-7.251547283E-1,4.373182288E-1,1.095863910E0
1.318689021E1,-7.007043768E-1,-5.378397596E-1,3.823877308E-1,9.625375875E-1
1.319684421E1,-4.340408279E-1,4.438504457E-2,2.720648047E-1,5.141796674E-1
1.320679821E1,-8.720717409E-2,1.045230728E-1,3.777280846E-1,4.015079948E-1
1.321675221E1,-2.317792796E-1,2.247131753E-1,1.098054475E-1,3.409910291E-1
1.322670721E1,-5.291873605E-2,2.986868852E-1,-1.687178993E-1,3.471022581E-1
1.323666121E1,5.636540473E-2,1.360986221E-1,-1.469949085E-1,2.081042933E-1
1.324661521E1,-2.736396426E-2,3.330574036E-2,-2.283092129E-1,2.323427545E-1
1.325656921E1,-3.053092590E-2,-1.672876704E-1,-3.175488335E-1,3.602146079E-1
1.326652321E1,3.435971925E-2,-9.678369820E-2,-5.615867642E-1,5.709004889E-1
1.327647721E1,2.263159702E-1,-5.322720408E-3,-5.492137635E-1,5.940395675E-1
1.328643121E1,2.067890656E-1,1.080822730E-1,-3.836340648E-1,4.490195887E-1
1.329638521E1,3.411648239E-1,2.931659442E-1,-3.691446644E-1,5.818998979E-1
1.330634021E1,4.314405711E-1,2.508765417E-1,-3.338982332E-1,6.004731765E-1
1.331629421E1,4.868323047E-1,7.126995742E-2,3.335251808E-2,4.931505756E-1
1.332624821E1,4.211586443E-1,-7.570682466E-2,1.750738227E-1,4.623385885E-1
1.333620221E1,4.586639281E-1,-2.038567418E-1,4.149318713E-1,6.512285527E-1
1.334615621E1,4.054470297E-1,-2.073352504E-1,4.505209494E-1,6.405812406E-1
1.335611021E1,2.307492743E-1,-2.938173240E-1,5.995477653E-1,7.064215245E-1
1.336606421E1,3.053253936E-1,-1.349934983E-1,5.206410518E-1,6.184771180E-1
1.337601821E1,2.737197129E-1,-1.735669953E-1,5.197724479E-1,6.125450030E-1
1.338597321E1,2.038348147E-1,-2.814381838E-2,5.212208033E-1,5.603675865E-1
1.339592721E1,3.796355560E-1,-1.238030970E-1,6.514938444E-1,7.641299572E-1
1.340588121E1,3.198022042E-1,-1.138353485E-1,5.967112809E-1,6.865102251E-1
1.341583521E1,3.646706308E-1,-1.278745133E-1,4.614020330E-1,6.018541320E-1
1.342578921E1,3.970009460E-1,-2.444481128E-1,4.479546064E-1,6.465508181E-1
1.343574321E1,4.735168060E-1,-1.214694732E-1,2.406678879E-1,5.448798315E-1
1.344569721E1,4.751419299E-1,-5.841017604E-2,-9.410216510E-3,4.788111887E-1
1.345565121E1,4.130511875E-1,2.657208681E-2,-7.824071556E-2,4.212350518E-1
1.346560521E1,4.672480792E-1,1.005715245E-1,-1.006954855E-1,4.884413781E-1
1.347556021E1,4.427630829E-1,4.249990225E-2,-1.110801405E-1,4.584584898E-1
1.348551421E1,5.151296856E-1,6.731548548E-2,-2.504257214E-1,5.767174434E-1
1.349546821E1,5.280812683E-1,-2.254803300E-2,-3.437893832E-1,6.305310299E-1
1.350542221E1,4.360211702E-1,3.971428871E-3,-3.112969905E-1,5.357574539E-1
1.351537621E1,4.366141509E-1,-7.170440555E-3,-3.552972883E-1,5.629560330E-1
1.352533021E1,4.052831615E-1,3.893894792E-2,-3.262734640E-1,5.217519103E-1
1.353528421E1,3.685853051E-1,2.541316867E-2,-2.138964111E-1,4.269105655E-1
1.354523821E1,3.082021324E-1,-4.167953789E-2,-6.969764113E-2,3.187216645E-1
1.355519321E1,2.970850405E-1,2.441621840E-2,-2.364906371E-2,2.990233289E-1
1.356514721E1,3.167264592E-1,-6.671673059E-2,1.227821732E-1,3.461823712E-1
1.357510121E1,2.780031090E-1,3.780809641E-3,2.098308420E-1,3.483231336E-1
1.358505521E1,2.512066901E-1,-9.232695043E-2,2.479044020E-1,3.648090727E-1
1.359500921E1,1.848885387E-1,-1.053563011E-1,2.649844113E-1,3.398535863E-1
1.360496321E1,2.054362209E-1,-1.108158463E-1,3.464191684E-1,4.177205201E-1
1.361491721E1,1.347241244E-1,-1.500570953E-1,4.598145139E-1,5.020927292E-1
1.362487121E1,1.450044432E-1,-1.082424867E-1,4.575183123E-1,4.920017587E-1
1.363482621E1,9.323928053E-2,-1.408313584E-1,3.744048196E-1,4.107383643E-1
1.364478021E1,4.075893033E-2,-1.360804957E-1,3.700088829E-1,3.963404662E-1
1.365473421E1,2.365132950E-2,-8.356899083E-2,2.706711209E-1,2.842639923E-1
1.366468821E1,-3.118957819E-2,-4.118778706E-2,2.092993301E-1,2.155816160E-1
1.367464221E1,1.781716045E-2,1.464844465E-2,1.914249766E-1,1.928096206E-1
1.368459621E1,6.465472827E-2,-3.930498362E-2,1.237031096E-1,1.450088789E-1
1.369455021E1,1.083324242E-1,-2.246675670E-2,3.252162874E-2,1.153183664E-1
1.370450421E1,7.027757529E-2,-7.173890412E-2,-8.166396797E-2,1.294388335E-1
1.371445921E1,2.419627173E-2,-3.734675109E-2,-1.059886774E-1,1.149514642E-1
1.372441321E1,4.104317810E-2,-7.142958641E-3,-1.112067327E-1,1.187539546E-1
1.373436721E1,-2.584796397E-2,1.354975283E-2,-1.581747848E-1,1.608445696E-1