"Time (s)","Linear Acceleration x (m/s^2)","Linear Acceleration y (m/s^2)","Linear Acceleration z (m/s^2)","Absolute acceleration (m/s^2)"
8.381666848E-4,-3.618724823E-2,-3.026518822E-2,2.401509941E-2,5.293603264E-2
1.079216669E-2,3.012120053E-3,-5.153735876E-3,2.444954753E-2,2.516772209E-2
2.074616670E-2,3.865228817E-2,1.486713052E-2,3.733213305E-2,5.575588856E-2
3.069916670E-2,4.486122720E-2,1.162368000E-2,2.384494543E-2,5.211737776E-2
4.065316659E-2,6.602537043E-2,2.830578625E-2,2.708985776E-2,7.677517483E-2
5.060616659E-2,6.306514442E-2,7.731188536E-3,1.950280309E-2,6.646309536E-2
6.056016660E-2,4.910659812E-2,-1.029870093E-2,1.321996987E-2,5.188727034E-2
7.051416661E-2,5.771201849E-2,-1.877073169E-2,1.651370645E-2,6.289451444E-2
8.046716661E-2,5.726324469E-2,-3.530139506E-2,-1.142312050E-2,6.823309584E-2
9.042116662E-2,3.884824298E-2,-3.240059137E-2,-6.097476482E-3,5.095256150E-2
1.003751666E-1,5.829666696E-2,-1.631724000E-2,3.252806067E-3,6.062453668E-2
1.103281666E-1,6.509785585E-2,3.044937551E-2,-1.866402000E-2,7.425120166E-2
1.202821666E-1,3.859133095E-2,4.143103123E-2,-2.704044878E-2,6.274557389E-2
1.302351666E-1,-2.958077163E-2,2.566927671E-3,-6.890914410E-2,7.503386774E-2
1.401891666E-1,-1.026676051E-1,-2.624054968E-2,-1.094321027E-1,1.523305245E-1
1.501431667E-1,-1.899686544E-1,9.788239002E-3,-1.160774633E-1,2.228404738E-1
1.600961667E-1,-1.899055045E-1,9.323034525E-2,-1.084108865E-1,2.377160454E-1
1.700501667E-1,-1.961851948E-1,1.599271953E-1,-5.110495716E-2,2.582190061E-1
1.800031667E-1,-1.354935084E-1,1.914407641E-1,-9.172264069E-2,2.518354617E-1
1.899571667E-1,-7.167677745E-2,1.753047878E-1,-1.379530665E-1,2.343082961E-1
1.999111667E-1,-6.664195932E-2,1.063474041E-1,-1.473732233E-1,1.935711447E-1
2.098641667E-1,-8.766576938E-2,7.225579798E-2,-1.320397773E-1,1.741857924E-1
2.198181667E-1,-7.386107795E-2,3.033652425E-2,-1.240536502E-1,1.475299009E-1
2.297721667E-1,-7.254063047E-2,2.971730411E-2,-1.134792531E-1,1.379231747E-1
2.397251667E-1,-7.049695551E-2,4.634327710E-2,-1.236475611E-1,1.496871385E-1
2.496791666E-1,-6.775790043E-2,6.431820273E-2,-9.135923624E-2,1.306693320E-1
2.596321666E-1,-7.075496390E-2,1.056977785E-1,-6.234769106E-2,1.416528145E-1
2.695861666E-1,-8.815079592E-2,1.002183527E-1,-2.855078459E-2,1.364896638E-1
2.795401666E-1,-4.662423581E-2,7.091970921E-2,-2.101869375E-2,8.743689156E-2
2.894931666E-1,1.871642567E-2,-1.933089495E-3,-4.133922994E-2,4.541996650E-2
2.994471666E-1,8.506924018E-2,-4.949200273E-2,-3.993882179E-2,1.062136688E-1
3.094011666E-1,1.330262757E-1,-5.895162821E-2,-5.491704941E-3,1.456071541E-1
3.193541666E-1,1.761476639E-1,-2.237554014E-2,3.174394906E-2,1.803783318E-1
3.293081666E-1,2.137110543E-1,1.745159984E-2,6.478305638E-2,2.239951282E-1
3.392611666E-1,2.089536135E-1,2.187384903E-2,8.131839752E-2,2.252837314E-1
3.492151666E-1,2.061310894E-1,1.103661954E-2,8.995941281E-2,2.251766616E-1
3.591691667E-1,2.007482158E-1,-2.314269483E-2,8.864028096E-2,2.206638391E-1
3.691221667E-1,2.088107222E-1,-3.406061590E-2,8.953402787E-2,2.297354683E-1
3.790761667E-1,2.391772865E-1,-6.454332054E-2,8.188791633E-2,2.609161655E-1
3.890301667E-1,2.596342821E-1,-4.298346698E-2,1.027279776E-1,2.825076570E-1
3.989836667E-1,2.744715918E-1,-2.565816700E-2,9.409076303E-2,2.912834838E-1
4.089376667E-1,2.972441579E-1,3.939269185E-3,8.494542539E-2,3.091687768E-1
4.188906667E-1,2.881181160E-1,-2.154698968E-3,8.497466147E-2,3.003953805E-1
4.288446667E-1,2.802278101E-1,-3.303676844E-3,7.860295057E-2,2.910617867E-1
4.387986667E-1,2.707306163E-1,-2.977402210E-3,8.762228072E-2,2.845726544E-1
4.487516667E-1,2.297984987E-1,-1.133131921E-2,4.460022211E-2,2.343606807E-1
4.587056666E-1,1.841410270E-1,-1.473615289E-2,3.823494315E-3,1.847692916E-1
4.686596666E-1,1.611429045E-1,-2.332746685E-2,1.950865030E-2,1.639871758E-1
4.786126666E-1,1.364040660E-1,-2.161306322E-2,5.484132797E-2,1.485959790E-1
4.885666666E-1,1.111944535E-1,-2.341692924E-2,8.012644261E-2,1.390424607E-1
4.985196666E-1,9.705588609E-2,-2.075644612E-2,7.909119308E-2,1.269097786E-1
5.084736666E-1,5.911622733E-2,-4.683912098E-2,7.174709022E-2,1.040974377E-1
5.184276666E-1,3.338877082E-2,-5.410779476E-2,7.927128732E-2,1.016188982E-1
5.283806666E-1,4.484251611E-2,-3.440852523E-2,9.422261775E-2,1.098758370E-1
5.383346666E-1,1.231043547E-2,-3.161589503E-2,1.268436491E-1,1.313027912E-1
5.482876666E-1,-6.251338653E-2,-3.579606950E-2,1.500746369E-1,1.664682514E-1
5.582416666E-1,-1.226938071E-1,-5.238812864E-2,1.786435479E-1,2.229614396E-1
5.681956667E-1,-2.104381485E-1,-9.275672078E-2,1.799261346E-1,2.919956121E-1
5.781486667E-1,-3.437333961E-1,-1.277376884E-1,2.074486864E-1,4.213128554E-1
5.881026667E-1,-4.639748079E-1,-1.551634687E-1,2.591585380E-1,5.536347823E-1
5.980566667E-1,-5.670277445E-1,-1.740406197E-1,3.017438096E-1,6.654772175E-1
6.080096667E-1,-6.554318710E-1,-1.853543973E-1,3.406067437E-1,7.615511434E-1
6.179636667E-1,-8.087764172E-1,-2.521793014E-1,3.868447709E-1,9.313230212E-1
6.279166667E-1,-9.003168440E-1,-2.908323205E-1,3.834817448E-1,1.020887901E0
6.378706667E-1,-8.365422861E-1,-2.579013866E-1,3.243503147E-1,9.335519527E-1
6.478246667E-1,-7.761067808E-1,-1.770244539E-1,2.691040671E-1,8.402954191E-1
6.577776667E-1,-8.177562786E-1,-1.143580896E-1,3.238079855E-1,8.869355756E-1
6.677316666E-1,-7.101285535E-1,-1.055247009E-1,3.016689652E-1,7.787311408E-1
6.776856666E-1,-4.619010197E-1,-8.467586875E-2,2.102617818E-1,5.145216921E-1
6.876386666E-1,-2.893996064E-1,-1.308986932E-1,1.047850281E-1,3.344645007E-1
6.975926666E-1,-1.866850043E-1,-1.142282814E-1,2.508250862E-2,2.202919048E-1
7.075456666E-1,-9.151331037E-3,-2.802511990E-2,2.275327027E-2,3.724064330E-2
7.174996666E-1,9.697570615E-2,1.367546797E-2,3.288824916E-2,1.033099363E-1
7.274536666E-1,1.217211959E-1,8.912852347E-2,-8.664111793E-2,1.739730627E-1
7.374066666E-1,8.151625268E-2,8.927996635E-2,-1.313097525E-1,1.784882711E-1
7.473606666E-1,9.050430022E-2,6.532801688E-2,-9.877409041E-2,1.490473049E-1
7.573146666E-1,6.317719169E-2,1.342088020E-1,-1.499459982E-1,2.109198010E-1
7.672676666E-1,9.867066778E-2,1.209765530E-1,-1.102434039E-1,1.911147173E-1
7.772216666E-1,5.852295421E-2,8.853210747E-2,-8.606809080E-2,1.366403545E-1
7.871746666E-1,2.151241802E-2,1.171080351E-2,-7.284695148E-2,7.685444287E-2
7.971286667E-1,7.259464413E-2,2.206271410E-2,-2.381816518E-1,2.499744887E-1
8.070826667E-1,1.328486665E-1,5.479893565E-2,-2.577727479E-1,2.951245179E-1
8.170356667E-1,9.106336713E-2,1.087915403E-1,-1.687290090E-1,2.204486665E-1
8.269896667E-1,1.433338936E-1,1.622818691E-1,-5.895922959E-2,2.244018735E-1
8.369436667E-1,4.772226982E-2,9.460970342E-2,-2.572599471E-2,1.090423671E-1
8.468966667E-1,-1.367178422E-1,-7.315626919E-2,2.397709250E-2,1.569028651E-1
8.568506667E-1,-2.938693643E-1,-1.460236859E-1,-3.686610997E-2,3.302139158E-1
8.668036667E-1,-2.254983833E-1,-4.805300295E-2,-5.863470912E-2,2.379004856E-1
8.767576667E-1,-2.239715291E-1,-3.046399355E-3,2.405310631E-2,2.252799998E-1
8.867116666E-1,-3.718620117E-1,2.951966822E-2,8.670660675E-2,3.829762424E-1
8.966646666E-1,-3.560646623E-1,8.287843466E-3,6.480878413E-2,3.620095448E-1
9.066186666E-1,-2.497949530E-1,-6.816157758E-2,1.104825550E-1,2.815136128E-1
9.165716666E-1,-2.596375711E-1,-1.193212062E-1,1.150784665E-1,3.080458928E-1
9.265256666E-1,-9.168397598E-2,5.110408008E-2,2.118036926E-2,1.070802806E-1
9.364796666E-1,1.005420692E-1,1.351981509E-1,1.495466334E-1,2.252808097E-1
9.464326666E-1,-3.401581161E-2,7.305043459E-2,1.701405269E-1,1.882584402E-1
9.563866666E-1,-3.673038147E-2,3.194918633E-3,4.733964264E-2,6.000308487E-2
9.663406666E-1,-1.287404128E-1,-1.090219206E-1,-2.050033808E-2,1.699415691E-1
9.762936666E-1,-1.787859276E-1,-1.210373640E-1,-4.651927829E-2,2.208585399E-1
9.862476666E-1,-4.025194019E-1,-5.354003012E-2,4.653915882E-2,4.087227631E-1
9.962006666E-1,-4.449091572E-1,-2.304212272E-2,1.015506408E-1,4.569328509E-1
1.006154667E0,-4.784604076E-1,2.667499781E-2,6.330488026E-2,4.833667603E-1
1.016108667E0,-4.428701600E-1,-1.127401650E-2,4.140004098E-2,4.449438678E-1
1.026061667E0,-2.978199624E-1,-7.282414734E-2,-4.609477043E-2,3.100400205E-1
1.036015667E0,-7.696456075E-2,-1.515598297E-3,-1.870544752E-1,2.022751032E-1
1.045969667E0,1.402321650E-1,6.961110234E-2,-1.756094277E-1,2.352646101E-1
1.055922667E0,3.095179752E-1,1.367938560E-1,-1.478415853E-1,3.692845384E-1
1.065876667E0,4.618736109E-1,1.650347382E-1,-1.797685522E-1,5.223795838E-1
1.075829667E0,5.989927183E-1,1.613936770E-1,-1.976636633E-1,6.510845716E-1
1.085783667E0,5.389437870E-1,1.643085140E-1,-2.262653187E-1,6.071685826E-1
1.095737667E0,5.530232976E-1,1.811876714E-1,-2.317564389E-1,6.263982654E-1
1.105690667E0,4.846677386E-1,1.899918240E-1,-1.875453490E-1,5.533289871E-1
1.115644667E0,3.888566516E-1,1.344485378E-1,-1.829915375E-1,4.503019072E-1
1.125597667E0,3.544264186E-1,8.689371765E-2,-1.945006120E-1,4.135203652E-1
1.135551667E0,3.518237498E-1,4.429967523E-2,-2.005097955E-1,4.073654260E-1
1.145505667E0,3.580044030E-1,4.940663338E-2,-1.652502081E-1,3.973862092E-1
1.155458667E0,4.707029796E-1,1.209946793E-1,-9.273859441E-2,4.947741448E-1
1.165412667E0,5.624386304E-1,1.515843880E-1,-8.297783732E-2,5.883879342E-1
1.175366667E0,6.205973031E-1,1.514253438E-1,-1.182926810E-1,6.496643793E-1
1.185319667E0,6.470429438E-1,9.340517700E-2,-1.771487072E-1,6.773261864E-1
1.195273667E0,5.756727067E-1,7.251541436E-2,-1.942515206E-1,6.118751538E-1
1.205226667E0,4.369485386E-1,8.978399634E-2,-1.403910631E-1,4.676482032E-1
1.215180667E0,2.805613938E-1,9.589550614E-2,-1.683881164E-2,2.969750652E-1
1.225134667E0,1.242134985E-1,7.744403243E-2,6.631853521E-2,1.607007140E-1
1.235087667E0,-3.717367351E-2,2.083362937E-3,4.687128067E-2,5.985932972E-2
1.245041667E0,-1.563648523E-1,-6.332183719E-2,3.577677369E-2,1.724517313E-1
1.254995667E0,-2.221979955E-1,-5.936970413E-2,7.317585737E-2,2.413533034E-1
1.264948667E0,-2.769258875E-1,-7.650964737E-2,9.628960848E-2,3.030071979E-1
1.274902667E0,-2.703824877E-1,-7.774048626E-2,1.064684415E-1,3.008085801E-1
1.284855667E0,-2.763747143E-1,-9.079381049E-2,1.190674371E-1,3.143303251E-1
1.294809667E0,-2.685631996E-1,-8.376604199E-2,1.235654077E-1,3.072643031E-1
1.304763667E0,-2.279767256E-1,-7.707741201E-2,1.266936681E-1,2.719661751E-1
1.314716667E0,-2.078550678E-1,-4.536562264E-2,1.362740386E-1,2.526507125E-1
1.324670667E0,-2.335390357E-1,-3.159309089E-2,1.202517906E-1,2.645734260E-1
1.334624667E0,-2.143034504E-1,-3.380626202E-2,1.185704237E-1,2.472403235E-1
1.344577667E0,-2.210251171E-1,-5.558363199E-2,8.451857865E-2,2.430741300E-1
1.354531667E0,-2.158181716E-1,-5.863938689E-2,4.346235394E-2,2.278267699E-1
1.364484667E0,-1.991123841E-1,-3.127851069E-2,6.900591552E-2,2.130396750E-1
1.374438667E0,-1.996126865E-1,-1.510920525E-2,6.068240404E-2,2.091790306E-1
1.384392667E0,-1.607115993E-1,1.645348012E-2,4.671632946E-2,1.681705997E-1
1.394345583E0,-9.199431695E-2,1.825383782E-2,3.196672797E-3,9.384229144E-2
1.404299583E0,-3.236558117E-2,1.810122550E-2,-4.001658976E-2,5.455742539E-2
1.414253583E0,6.063606486E-2,4.035221994E-2,-6.314992905E-2,9.639993545E-2
1.424206583E0,1.020089163E-1,7.260253787E-2,-9.079497993E-2,1.546631045E-1
1.434160583E0,1.451843181E-1,8.581373692E-2,-8.717672288E-2,1.898480042E-1
1.444113583E0,1.820103016E-1,9.179017603E-2,-9.568792999E-2,2.251874025E-1
1.454067583E0,1.821918576E-1,1.013363403E-1,-1.171115434E-1,2.391193017E-1
1.464021583E0,1.420931145E-1,1.101434165E-1,-1.095540172E-1,2.105329145E-1
1.473974583E0,1.092525201E-1,7.582610786E-2,-1.150091770E-1,1.758204271E-1
1.483928583E0,4.828923047E-2,8.503021002E-2,-1.112587729E-1,1.481232627E-1
1.493881583E0,4.081319980E-2,5.865225077E-2,-1.191402349E-1,1.389251574E-1
1.503835583E0,3.043877743E-2,4.825473189E-2,-1.263720712E-1,1.386540252E-1
1.513789583E0,2.859544270E-2,4.143629372E-2,-1.033790651E-1,1.149865074E-1
1.523742583E0,3.835883103E-2,6.781659186E-2,-8.812455654E-2,1.176283449E-1
1.533696583E0,3.877332553E-2,8.309302747E-2,-7.313404977E-2,1.172877284E-1
1.543650583E0,9.096513391E-3,8.474486589E-2,-7.969170213E-2,1.166842159E-1
1.553603583E0,-2.049756065E-2,5.872124791E-2,-7.953090370E-2,1.009628624E-1
1.563557583E0,-6.283644520E-2,1.682770193E-2,-6.349082172E-2,9.089925654E-2
1.573510583E0,-8.312050939E-2,1.792639375E-2,-3.701141328E-2,9.273736780E-2
1.583464583E0,-1.075163356E-1,1.088576138E-2,-1.608422846E-2,1.092564169E-1
1.593418583E0,-1.082289650E-1,1.393157601E-2,-9.913369417E-3,1.095713127E-1
1.603371583E0,-1.116100444E-1,2.299709916E-3,-9.979442954E-3,1.120789006E-1
1.613325583E0,-7.468027286E-2,1.146638989E-2,-1.632834971E-2,7.729965237E-2
1.623279583E0,-7.013311252E-2,3.106859565E-2,6.317624152E-3,7.696637891E-2
1.633232583E0,-4.434382170E-2,2.627212465E-2,-5.053456128E-3,5.178934713E-2
1.643186583E0,-4.353807539E-2,1.611434162E-2,-2.427062273E-2,5.238605866E-2
1.653139583E0,-2.497762419E-2,3.093177080E-3,-4.571850210E-2,5.218841720E-2
1.663093583E0,-3.022111483E-2,3.002311349E-2,-2.821106136E-2,5.109370909E-2
1.673047583E0,-1.572710976E-2,3.718361378E-2,-1.411868691E-2,4.277032190E-2
1.683000583E0,-4.492737383E-2,5.811547637E-2,-1.664702296E-2,7.531932611E-2
1.692954583E0,-3.420708865E-2,5.958838999E-2,-8.466183543E-3,6.922844357E-2
1.702908583E0,-4.158232793E-2,5.218873858E-2,3.837819993E-3,6.683923469E-2
1.712861583E0,-6.430519268E-2,4.643157005E-2,2.556285739E-2,8.333371575E-2
1.722815583E0,-8.314440988E-2,2.283688545E-2,6.889540315E-2,1.103679881E-1
1.732768583E0,-7.080795430E-2,2.346604586E-2,7.934086919E-2,1.089008504E-1
1.742722583E0,-4.106638424E-2,1.130559146E-2,8.391339183E-2,9.410484388E-2
1.752676583E0,3.724164739E-3,4.885348678E-3,9.942985564E-2,9.961943700E-2
1.762629583E0,3.776533864E-2,1.206163645E-2,1.877426925E-1,1.918828353E-1
1.772583583E0,1.503816158E-2,-3.828113616E-2,2.825421381E-1,2.855199669E-1
1.782537583E0,-1.305924453E-2,-8.639495015E-2,3.155099094E-1,3.273852993E-1
1.792490583E0,3.077557705E-2,-1.537993133E-1,3.618894392E-1,3.944177115E-1
1.802444583E0,-1.780491784E-2,-2.328758883E-1,3.868310300E-1,4.518699373E-1
1.812397583E0,-1.232117973E-2,-2.566658700E-1,3.826189882E-1,4.608974619E-1
1.822351583E0,-1.997957043E-2,-2.812972659E-1,4.000243950E-1,4.894352374E-1
1.832305583E0,-3.443564169E-2,-2.847775286E-1,4.126029253E-1,5.025188834E-1
1.842258583E0,-1.000843053E-1,-2.973262382E-1,4.522628349E-1,5.504193237E-1
1.852212583E0,-1.436271315E-1,-2.864644504E-1,4.870993763E-1,5.830578330E-1
1.862165583E0,-1.930546687E-1,-2.931560040E-1,4.766316909E-1,5.919360747E-1
1.872119583E0,-2.671690772E-1,-2.748308301E-1,4.513810748E-1,5.921622883E-1
1.882073583E0,-2.816365506E-1,-2.440627813E-1,4.212120733E-1,5.624103471E-1
1.892026583E0,-3.182658483E-1,-1.950736392E-1,3.430342153E-1,5.069707563E-1
1.901980583E0,-3.048761630E-1,-1.700826395E-1,2.324651214E-1,4.194253351E-1
1.911934583E0,-2.713968334E-1,-1.132634908E-1,1.621143463E-1,3.358063740E-1
1.921887583E0,-2.240803604E-1,-2.345142782E-2,9.615921557E-2,2.449664714E-1
1.931841583E0,-1.972536273E-1,5.140813529E-2,5.258927286E-2,2.105170337E-1
1.941794583E0,-2.344782447E-1,8.448817313E-2,-6.433691382E-3,2.493184530E-1
1.951748583E0,-2.530321178E-1,6.825922608E-2,-4.712446511E-2,2.662804720E-1
1.961702583E0,-3.070468687E-1,7.344921470E-2,-1.521270096E-1,3.504499876E-1
1.971655583E0,-3.743468591E-1,5.261792421E-2,-2.727854741E-1,4.661717835E-1
1.981609583E0,-3.739849895E-1,1.030045509E-1,-3.530197978E-1,5.244975572E-1
1.991563583E0,-3.155291321E-1,1.822325689E-1,-3.500336248E-1,5.052631798E-1
2.001516583E0,-2.532355278E-1,2.695046014E-1,-4.027363336E-1,5.467700770E-1
2.011470583E0,-5.781076334E-2,3.172213894E-1,-5.034210017E-1,5.978329192E-1
2.021423583E0,5.916220106E-2,3.032880592E-1,-5.910371429E-1,6.669398152E-1
2.031377583E0,9.980992466E-2,2.973572284E-1,-6.387907684E-1,7.116438633E-1
2.041331583E0,9.038728282E-2,3.067905414E-1,-7.029967046E-1,7.723306700E-1
2.051284583E0,7.594429471E-2,3.296385366E-1,-7.772516656E-1,8.476728451E-1
2.061238583E0,3.167487882E-2,3.635354304E-1,-8.207245445E-1,8.981926771E-1
2.071192583E0,3.558929734E-2,4.378658205E-1,-8.379247141E-1,9.461030078E-1
2.081145583E0,-7.736524120E-3,4.762773496E-1,-8.343900722E-1,9.607844504E-1
2.091099583E0,-5.252217606E-2,5.225954837E-1,-8.113464877E-1,9.665131875E-1
2.101052583E0,-5.821020126E-2,5.055122584E-1,-7.031966794E-1,8.679957608E-1
2.111006583E0,2.274172202E-2,5.323679352E-1,-8.827734429E-1,1.031126450E0
2.120960583E0,-1.447960192E0,-2.951972669E-1,-1.029444416E0,1.800968058E0
2.130913583E0,-1.284402314E0,8.742791927E-1,-1.439890303E0,2.118333660E0
2.140867583E0,-1.375346252E-1,6.476399446E-1,6.608230770E-2,6.653721833E-1
2.150821583E0,3.989225603E-1,1.333771525E0,-9.591345710E-1,1.690569376E0
2.160774583E0,6.776667126E-2,4.229875803E-1,-9.798062325E-1,1.069360121E0
2.170728583E0,-4.696737966E-1,3.171594089E-1,-8.241106671E-1,1.000170964E0
2.180681583E0,-6.902040200E-1,3.115302944E-1,-8.833166492E-1,1.163477983E0
2.190635583E0,1.501680462E-1,-1.601768714E-1,-8.869974715E-1,9.137677969E-1
2.200589583E0,-5.079995178E-1,1.683091789E-1,-1.236038824E0,1.346916279E0
2.210542583E0,-2.409457768E-1,6.598524392E-1,-1.255674359E0,1.438811386E0
2.220496583E0,7.587785572E-3,6.583058506E-1,-1.121336333E0,1.300315092E0
2.230449583E0,3.618426615E-1,1.166285634E0,-1.302507925E0,1.785407289E0
2.240403583E0,5.620334914E-1,1.071629153E0,-4.584301856E-1,1.293997265E0
2.250357583E0,7.931069756E-1,1.106989605E0,-6.612850070E-1,1.513850230E0
2.260310583E0,7.196470897E-1,6.175261992E-1,-1.475264788E0,1.753749337E0
2.270264583E0,4.931525601E-1,-2.122129977E-1,-1.985303376E0,2.056614524E0
2.280218583E0,6.868097113E-1,-1.822062564E-1,-2.373942073E0,2.478004775E0
2.290171583E0,1.170891340E0,5.914569730E-1,-2.146129289E0,2.515289010E0
2.300125583E0,9.616852726E-1,1.248198693E0,-1.536046595E0,2.200517594E0
2.310078583E0,7.569796613E-1,1.321221061E0,-1.477646067E0,2.121810830E0
2.320032583E0,7.836010109E-1,1.154223998E0,-1.689010926E0,2.190666905E0
2.329986583E0,7.310168543E-1,1.525040381E0,-2.446519468E0,2.974153882E0
2.339939583E0,5.399181524E-1,1.565280919E0,-2.374765361E0,2.895017528E0
2.349893583E0,5.429262525E-1,1.134472688E0,-1.821088418E0,2.213178759E0
2.359847583E0,2.837792628E-1,6.150399631E-1,-1.846125610E0,1.966465000E0
2.369800583E0,6.046693414E-2,3.549347609E-1,-2.353427117E0,2.380809553E0
2.379754583E0,1.605990404E-1,4.063674545E-1,-2.598004453E0,2.634493063E0
2.389707583E0,3.651323050E-2,7.680212510E-1,-2.511702474E0,2.626754495E0
2.399661917E0,-2.203100757E-1,8.621316022E-1,-1.947778870E0,2.141413074E0
2.409615917E0,-3.310364597E-1,1.182684735E0,-1.979205023E0,2.329287625E0
2.419568917E0,-2.386839277E-1,1.167676102E0,-2.014101206E0,2.340307921E0
2.429522917E0,-3.509750265E-1,1.027010220E0,-2.331226993E0,2.571488432E0
2.439476917E0,-5.352510510E-1,6.709358364E-1,-2.376985549E0,2.527193875E0
2.449429917E0,-3.672289704E-1,1.984235090E-1,-2.042844656E0,2.085052348E0
2.459383917E0,-3.394260447E-1,-8.606750607E-2,-1.920044357E0,1.951714115E0
2.469336917E0,-5.166586594E-1,-1.479193532E-1,-1.974479595E0,2.046310333E0
2.479290917E0,-4.077683012E-1,1.157386172E-1,-1.550021440E0,1.606934000E0
2.489244917E0,-3.810192630E-1,1.166391469E0,-7.302131546E-1,1.427885145E0
2.499197917E0,-3.512742577E-1,1.687869549E0,-2.715330005E-2,1.724248973E0
2.509151917E0,-8.136948757E-2,1.919904608E0,-7.031653967E-1,2.046239544E0
2.519105917E0,-4.612231082E-1,1.372626273E0,-1.174689837E0,1.864598041E0
2.529058917E0,8.091552436E-2,1.276316199E0,-4.232091898E-1,1.347084400E0
2.539012917E0,2.708159856E-2,1.190766757E0,-5.423368531E-1,1.308735322E0
2.548965917E0,2.645851927E-1,5.163553351E-1,-5.564806831E-1,8.039271776E-1
2.558919917E0,7.006206885E-2,1.035191059E-2,-1.245227138E0,1.247239545E0
2.568873917E0,2.355616607E-2,-5.717185271E-1,-1.856399753E0,1.942585136E0
2.578826917E0,-8.360933661E-2,-4.812650245E-1,-2.054873548E0,2.112134428E0
2.588780917E0,-8.300203018E-2,-2.138975805E-1,-1.160835444E0,1.183292204E0
2.598733917E0,-4.963128340E-1,-4.322273505E-1,-3.214995047E-1,7.324676397E-1
2.608687917E0,-1.045889929E0,-3.367826647E-1,-5.897548485E-1,1.247044140E0
2.618641917E0,-1.017824390E0,-3.336310154E-1,-8.982159394E-1,1.397879829E0
2.628594917E0,-3.546043202E-1,7.892776340E-1,-1.185955083E0,1.468057514E0
2.638548917E0,1.569521320E-1,1.475531421E0,-4.964765561E-1,1.564709531E0
2.648502917E0,4.054400130E-1,1.350632556E0,2.378647327E-3,1.410175721E0
2.658455917E0,6.351770429E-1,4.883039027E-1,-9.434920996E-2,8.067170202E-1
2.668409917E0,9.159737141E-1,-6.807965809E-1,-2.536814511E-3,1.141270461E0
2.678362917E0,1.034714292E0,-2.610916275E-1,-1.824907234E-1,1.082638152E0
2.688316917E0,8.498471137E-1,1.547020649E0,1.655583563E-1,1.772828975E0
2.698270917E0,1.189913794E0,3.019253656E0,2.498339832E-1,3.254873960E0
2.708223917E0,1.304323631E0,2.323620935E0,6.602073652E-1,2.745241000E0
2.718177917E0,1.257092747E0,1.571643859E-1,4.754990852E-1,1.353174859E0
2.728131917E0,1.467457878E0,-1.631701781E0,-1.400834996E-1,2.198978561E0
2.738084917E0,1.314487115E0,-2.197924510E0,-2.474579671E-1,2.572932951E0
2.748038917E0,1.493860103E0,-1.070939181E0,-4.312239683E-1,1.887983806E0
2.757991917E0,9.298066183E-1,1.209508252E-1,-5.187828067E-1,1.071589964E0
2.767945917E0,2.864948559E-1,9.173638165E-1,2.717756599E-2,9.614438592E-1
2.777899917E0,-1.484684068E-1,1.428961272E0,1.028719946E0,1.766985544E0
2.787852917E0,-2.620071553E-2,1.567865973E0,8.508724961E-1,1.784061151E0
2.797806917E0,1.183051794E-1,4.798470747E-1,-1.364745981E-1,5.127130255E-1
2.807760917E0,3.981595717E-2,-8.464294893E-1,-8.220942548E-1,1.180621512E0
2.817713917E0,-2.087487417E-1,-1.767794555E0,-1.318238104E0,2.215045220E0
2.827667917E0,-6.129712182E-1,-1.243927302E0,-1.446636236E0,2.003957396E0
2.837620917E0,-9.866664051E-1,1.136821514E-1,-1.458925914E0,1.764907660E0
2.847574917E0,-1.583935876E0,1.411159424E0,-7.153401768E-1,2.238735212E0
2.857528917E0,-2.258824430E0,2.716724566E0,-7.362854880E-1,3.609016000E0
2.867481917E0,-2.369339876E0,2.602688658E0,-1.769604853E0,3.939449331E0
2.877435917E0,-1.141606218E0,1.981129049E0,-2.094782549E0,3.101008061E0
2.887389917E0,-1.617213257E0,5.418515342E-1,-1.870585683E0,2.531417113E0
2.897342917E0,-1.566974273E0,-8.998864889E-2,-2.216088885E0,2.715613425E0
2.907296917E0,-1.179888597E0,-2.607174057E-1,-2.192080218E0,2.503063392E0
2.917249917E0,-1.379126038E0,1.162995406E0,-1.345986943E0,2.250828246E0
2.927203917E0,-1.624019124E0,2.346370697E0,-5.907427356E-1,2.914081423E0
2.937157917E0,-9.802050857E-1,1.519860917E0,-1.047640366E0,2.090054917E0
2.947110917E0,-1.243748962E0,7.901669955E-1,-9.467624474E-1,1.751466384E0
2.957064917E0,-1.484326803E0,5.926743633E-1,-4.559857571E-1,1.662050532E0
2.967018917E0,-1.014624501E0,-2.708664179E-2,3.582343447E-1,1.076349576E0
2.976971917E0,-1.387393855E0,-4.859164846E-1,-3.333357310E-1,1.507345099E0
2.986925917E0,-1.698215759E0,-8.851620305E-1,-2.266684550E0,2.967373828E0
2.996878917E0,-1.403456887E0,-1.552786589E0,-2.693134559E0,3.410837313E0
3.006832917E0,-9.587822031E-1,-1.031118473E0,-2.457269574E0,2.832073865E0
3.016786917E0,-9.268954358E-1,-9.502123046E-1,-1.757645836E0,2.202579728E0
3.026739917E0,-2.376668776E-1,-1.200483660E0,-1.660593458E0,2.062817780E0
3.036693917E0,3.267886768E-1,-1.202381666E0,-2.717293500E0,2.989347165E0
3.046647917E0,7.017597261E-1,2.688906437E-1,-3.520558843E0,3.599875478E0
3.056600917E0,1.218643357E0,1.610001009E0,-2.107902532E0,2.918980638E0
3.066554917E0,1.606726715E0,1.751403641E0,9.719493288E-1,2.567814430E0
3.076507917E0,1.695950401E0,5.189067092E0,5.239910971E0,7.566989628E0
3.086461917E0,1.213128190E0,4.751928665E0,2.948354412E0,5.722350897E0
3.096415917E0,2.308657326E0,9.555712777E-1,9.356942528E-1,2.668059004E0
3.106368917E0,2.655465626E0,5.453493387E-1,1.374337168E0,3.039359512E0
3.116322917E0,1.281538348E0,-4.303416234E-1,8.629233152E-1,1.603798958E0
3.126276917E0,1.860717045E-1,-1.404990612E0,-2.215059190E0,2.629659391E0
3.136229917E0,-8.207310496E-1,-3.055506978E0,-4.239202112E0,5.289665102E0
3.146183917E0,-1.366499999E0,-4.348798229E0,-4.944889705E0,6.725422104E0
3.156136917E0,-9.149745711E-1,-1.920684042E0,-5.420158410E0,5.822741867E0
3.166090917E0,-1.108831770E0,9.785578519E-1,-2.852191104E0,3.212799006E0
3.176044917E0,-1.244866365E-1,2.822721137E0,-5.777867675E-2,2.826055540E0
3.185997917E0,7.266824596E-1,3.567571042E0,3.627173465E0,5.139262387E0
3.195951917E0,1.186410215E0,3.684078568E0,2.838087035E0,4.799452272E0
3.205904917E0,9.387429180E-1,1.016036750E0,-2.148693585E0,2.555475116E0
3.215858917E0,-2.960665286E-1,-1.167335209E0,-3.476866693E0,3.679528351E0
3.225812917E0,-1.514008147E0,-2.292209108E0,-8.985065460E-2,2.748548054E0
3.235765917E0,-1.690860400E0,-1.527454112E0,-1.190282607E-1,2.281730195E0
3.245719917E0,-2.207076572E0,-4.692092353E-1,-3.296744969E0,3.994980813E0
3.255673917E0,-2.167278083E0,1.679219179E0,-4.744382833E0,5.479602158E0
3.265626917E0,-2.053112074E0,1.646996343E0,-1.271274145E0,2.923012845E0
3.275580917E0,-1.226024955E0,1.737748053E0,-3.402303292E0,4.012302727E0
3.285533917E0,-9.730806919E-1,1.030496914E0,-4.425501712E0,4.646921058E0
3.295487917E0,-4.845831002E-1,6.969577003E-1,-2.815712372E0,2.940885407E0
3.305441917E0,5.353492843E-1,3.396378016E0,2.357356738E0,4.168826366E0
3.315394917E0,3.498630323E-2,5.173832756E-1,1.421000580E0,1.512663923E0
3.325348917E0,-7.415175766E-2,-7.782591408E-1,-4.459420825E0,4.527429720E0
3.335302917E0,-6.810836792E-2,7.493510914E-1,-5.418549256E0,5.470543104E0
3.345255917E0,-7.793580519E-1,5.694106895E0,-2.541792538E0,6.284183448E0
3.355209917E0,-5.675438344E-1,5.548688981E0,1.144483706E0,5.693847413E0
3.365162917E0,-8.128647903E-1,1.755637609E0,-9.545287192E-3,1.934710235E0
3.375116917E0,-6.467228088E-1,-3.238948166E-2,-6.456553996E-2,6.507443268E-1
3.385070917E0,-5.241276003E-1,-5.857173461E-1,9.203461888E-1,1.210294038E0
3.395022917E0,-2.274844632E-2,-1.738651448E0,-1.788766179E0,2.494616362E0
3.404976917E0,-7.442741002E-1,-1.736665733E0,-3.766716682E0,4.214036825E0
3.414930917E0,1.757057606E-1,-4.752114022E-1,-3.927275084E0,3.959821710E0
3.424883917E0,6.145818338E-1,9.652706391E-1,-3.356000361E0,3.545729355E0
3.434837917E0,-5.830465572E-1,2.937224822E0,-2.973938027E0,4.220372061E0
3.444790917E0,4.696622483E-2,1.658352805E0,-1.873938769E0,2.502795709E0
3.454744917E0,-1.558062239E0,2.563057399E0,-1.802522046E0,3.499415223E0
3.464698917E0,-1.012840808E0,1.917150570E0,9.335489094E-2,2.170259880E0
3.474651917E0,3.168647823E-1,3.382672727E-1,8.305007967E-1,9.510833883E-1
3.484605917E0,-6.785933501E-1,3.411031723E-1,3.135762352E-1,8.216875100E-1
3.494559917E0,-5.715100008E-1,7.483851314E-3,-2.701677341E0,2.761474270E0
3.504512917E0,-4.781176145E-1,-5.317159706E-1,-2.036858861E0,2.158729336E0
3.514466917E0,-3.198152508E-1,-1.680735362E-1,3.271762741E-1,4.874164775E-1
3.524419917E0,-1.637110455E0,1.843543480E0,-1.171791665E0,2.729812981E0
3.534373917E0,-1.631706166E0,6.625567764E-1,-3.029780399E0,3.504428021E0
3.544327917E0,-1.658952875E0,-3.312117299E0,-3.017110652E0,4.777572850E0
3.554280917E0,-7.238651249E-1,-4.813137318E0,-2.478925322E0,5.462173772E0
3.564234917E0,-1.240779161E-2,-1.700156304E0,1.121172611E0,2.036593586E0
3.574188917E0,-1.360448277E-1,3.510396382E0,2.022365953E0,4.053560781E0
3.584141917E0,-6.728001481E-1,3.970839472E0,2.646098971E0,4.818927880E0
3.594095917E0,-3.919063400E-1,4.722834089E0,3.455983948E0,5.865371042E0
3.604048917E0,9.946053160E-1,2.214626496E0,3.861492446E-1,2.458235443E0
3.614002917E0,6.103983703E-1,-1.857563349E0,-1.111630832E0,2.249188937E0
3.623956917E0,-7.788866933E-1,-3.251155983E0,-1.118383489E0,3.525260464E0
3.633909917E0,-1.140069350E0,-3.850941145E0,-2.008783455E0,4.490514091E0
3.643863917E0,-2.048913627E0,-3.982888244E0,-2.113261212E0,4.952506312E0
3.653817917E0,-1.434335448E0,-3.020358780E0,3.880086592E0,5.122007155E0
3.663770917E0,-1.055057998E0,3.401553386E-1,4.976244814E0,5.098221796E0
3.673724917E0,-1.258524292E0,3.329915054E0,4.788357988E0,5.966622988E0
3.683677917E0,-7.127444516E-1,-3.016110778E-2,1.735542191E0,1.876438393E0
3.693631917E0,1.369967690E0,-2.873938653E0,2.778100449E0,4.225420329E0
3.703585917E0,2.491328436E0,-4.186760774E0,4.993574792E0,6.976494274E0
3.713538917E0,1.063906443E0,-8.279283142E-1,4.490711322E-1,1.420924732E0
3.723492917E0,2.998116264E0,-7.028300589E-1,-3.114209222E0,4.379608465E0
3.733446917E0,3.019490176E0,-3.763420022E-1,-1.343318274E0,3.326177718E0
3.743399917E0,3.030228880E0,-1.353562596E0,5.880034320E0,6.751979145E0
3.753353917E0,5.903662845E-1,7.220785081E-1,5.404418875E0,5.484311543E0
3.763307917E0,7.344166448E-1,3.433093268E-1,2.044788563E0,2.199633917E0
3.773260917E0,-1.547398233E0,8.337462938E-1,2.221456044E0,2.832744452E0
3.783214917E0,9.551689893E-1,2.992801437E0,5.512470742E0,6.344804325E0
3.793167917E0,-1.148898025E-1,2.174774798E0,3.213544646E0,3.881972988E0
3.803121917E0,-5.616793694E-1,1.076443166E-1,-9.515203267E-1,1.110163026E0
3.813075917E0,5.760270845E-1,-4.018534625E0,4.844348001E-1,4.088411037E0
3.823028917E0,-3.054705325E-1,-4.396993904E0,2.901084352E-1,4.417129220E0
3.832982917E0,-7.650540083E-1,-3.141161671E0,-2.749980020E0,4.244360304E0
3.842936917E0,-2.203454806E0,-3.554773825E-1,-4.197786868E0,4.754260389E0
3.852889917E0,-1.182635838E0,3.094621342E-1,3.886270022E-1,1.282741316E0
3.862843917E0,-4.329581062E-1,7.891121578E-1,6.875592366E0,6.934257070E0
3.872796917E0,-1.036007842E-2,5.599293709E-1,4.051634836E0,4.090155630E0
3.882750917E0,-9.165445485E-1,-1.562906950E0,2.232197087E0,2.874967109E0
3.892704917E0,-6.835561012E-1,4.242739677E-1,3.510451931E-1,8.777756381E-1
3.902657917E0,-1.116935317E-1,6.344082803E-1,-2.313534488E0,2.401539327E0
3.912611917E0,-7.078428038E-1,5.256296039E-1,-4.496747988E0,4.582365152E0
3.922564917E0,1.060062282E-2,-1.157622399E0,-2.941631868E0,3.161233943E0
3.932518917E0,-2.519434393E-1,-2.147884623E0,-2.912370062E0,3.627503719E0
3.942472917E0,-1.477922933E0,-2.639979860E0,-2.122719084E0,3.695901266E0
3.952425917E0,1.188328906E-1,-9.820539021E-1,-2.294426664E0,2.498588570E0
3.962379917E0,1.568779016E0,-4.078286737E-1,1.608870450E0,2.283824852E0
3.972333917E0,1.236906258E0,2.210481990E0,1.827920597E0,3.123693555E0
3.982286917E0,-8.617676861E-1,1.629913702E0,-1.339871925E-1,1.848571013E0
3.992240917E0,-6.045878459E-1,3.450137901E-1,3.376508885E0,3.447516965E0
4.002193917E0,-1.083880385E0,1.142159438E0,7.472498360E0,7.636593259E0
4.012147917E0,4.218201471E-2,1.438630813E0,5.038212436E0,5.239754049E0
4.022101917E0,-1.009882629E0,1.227766183E0,6.103183365E-1,1.702868520E0
4.032054917E0,-1.449504295E0,-9.023224390E-1,-7.009998804E-1,1.845711060E0
4.042008917E0,-3.076829727E-1,-3.066010332E0,9.295546764E-1,3.218564907E0
4.051962917E0,-6.867339899E-1,-1.964618851E0,4.797342235E-1,2.135761159E0
4.061915917E0,-1.169747405E0,-1.019494209E0,-1.618731487E-1,1.560089853E0
4.071869917E0,-1.281649591E0,3.060035062E-1,-1.759322232E0,2.198062451E0
4.081823917E0,-1.224566002E0,1.551893719E0,-2.718462943E0,3.361246313E0
4.091776917E0,-9.553639939E-1,1.020910404E0,-2.017733204E0,2.454837204E0
4.101730917E0,-4.525427338E-1,5.562924027E-2,-8.110555887E-2,4.631065212E-1
4.111683917E0,-7.925573373E-1,-3.475678539E-1,-9.756547093E-2,8.709015829E-1
4.121637917E0,-1.061115348E0,-8.513154227E-1,-7.307265401E-2,1.362366816E0
4.131591917E0,-7.238485334E-1,-8.595272523E-1,-7.428846556E-1,1.347078843E0
4.141544917E0,-1.124310483E-1,2.031483516E0,-2.094987202E0,2.920365969E0
4.151498917E0,-8.818470977E-1,2.548165711E0,-8.363553214E-1,2.823170738E0
4.161452917E0,1.259209768E-1,1.512075934E0,-1.208492591E0,1.939763920E0
4.171405917E0,8.536209798E-1,-5.583015060E-1,-2.683942736E0,2.871222380E0
4.181359917E0,1.573217345E0,-2.528712609E0,-3.131022014E0,4.321191864E0
4.191312917E0,1.874118717E0,-2.804833919E0,-1.569186859E0,3.720451811E0
4.201266917E0,1.659614488E0,1.701843810E-1,2.287876906E0,2.831547935E0
4.211220917E0,6.896393251E-1,2.951900164E0,2.928811263E0,4.215121872E0
4.221173917E0,-2.412624219E-2,4.283106515E0,3.773026412E0,5.708004187E0
4.231127917E0,-1.370122587E-1,3.791754459E0,3.176673566E0,4.948477461E0
4.241081917E0,-1.228979773E0,6.665884316E-2,3.733806798E-1,1.286175655E0
4.251034917E0,-1.727656636E0,-3.965371740E0,-2.422112020E0,4.957378050E0
4.260988917E0,-1.928955659E0,-6.023988676E0,-3.037441713E0,7.016791408E0
4.270941917E0,-2.153321656E0,-3.994380362E0,-4.463723791E0,6.365272870E0
4.280895917E0,-1.852870520E0,-3.698773205E-1,-3.832773846E0,4.273183094E0
4.290849917E0,-2.704680178E0,3.477274244E0,8.365550038E-1,4.484033376E0
4.300802917E0,-1.652190570E0,4.490485620E0,4.153279617E0,6.335923481E0
4.310756917E0,-2.775681127E-1,2.520320100E0,3.514647308E0,4.333797776E0
4.320710917E0,-9.188886242E-1,2.300784634E0,-2.364698210E0,3.424874284E0
4.330663917E0,-1.719543186E0,-9.946289241E-2,-3.182437751E0,3.618650532E0
4.340617917E0,-1.481660180E0,-6.294667983E-1,-3.425120004E0,3.784572946E0
4.350570917E0,-2.938926435E-1,-2.815063038E0,-2.388999823E0,3.703818698E0
4.360524917E0,4.579463285E-1,-2.148513783E0,-4.271952074E0,4.803686172E0
4.370478917E0,1.839890176E-1,3.406950366E-1,-2.120344529E0,2.155408544E0
4.380431917E0,5.920743658E-1,2.648861196E0,6.794213158E-1,2.797969088E0
4.390385917E0,1.380968934E0,3.929967434E0,2.424293616E0,4.819638863E0
4.400340292E0,9.544293165E-1,2.438581288E0,2.908150712E0,3.913432583E0
4.410293292E0,-3.258252749E-1,-8.593758094E-1,-3.147700320E0,3.279131927E0
4.420247292E0,-5.419329567E-1,-1.262119160E0,-6.347370107E0,6.494285440E0
4.430201292E0,-9.150625717E-1,-3.004169594E0,-2.871723143E0,4.255486843E0
4.440154292E0,1.539130234E-1,-1.258849397E0,-8.599880129E-1,1.532308848E0
4.450108292E0,-6.996385024E-1,8.393420792E-1,-6.684472615E-1,1.280941412E0
4.460061292E0,3.494645080E-1,9.728351820E-1,-8.233107680E-1,1.321504580E0
4.470015292E0,8.524354568E-1,-4.302568388E-1,1.745933278E0,1.989987479E0
4.479969292E0,-6.452841014E-2,6.493058163E-1,1.844197199E0,1.956227304E0
4.489922292E0,8.231943353E-1,7.613180029E-1,-1.475837231E-1,1.130944283E0
4.499876292E0,-1.123603006E0,1.946077915E0,-1.681720325E0,2.806757242E0
4.509830292E0,-5.071535718E-1,4.214616324E0,-9.277379465E-1,4.345214978E0
4.519783292E0,4.557701776E-2,3.844876998E0,1.195300688E0,4.026648747E0
4.529737292E0,6.432940381E-2,1.166542912E-1,4.435614179E0,4.437614183E0
4.539690292E0,6.894940218E-1,-1.905405852E0,3.682564723E-1,2.059511179E0
4.549644292E0,7.698561072E-1,-3.783915097E0,-3.896996740E0,5.486098384E0
4.559598292E0,-9.451641110E-1,-7.041199547E-1,-7.745034742E0,7.834199593E0
4.569551292E0,3.484150789E-1,5.046614885E-1,-4.964066234E0,5.001802661E0
4.579505292E0,1.887851926E0,-7.019395280E-1,-1.560951641E0,2.548190342E0
4.589459292E0,2.381377831E0,-9.100606441E-3,4.988989406E0,5.528205720E0
4.599412292E0,1.940752417E0,1.661546554E0,2.986701914E0,3.930349249E0
4.609366292E0,2.525926118E0,3.937339604E-1,2.836933964E0,3.818837978E0
4.619320292E0,-6.259348608E-1,3.025191504E-1,-1.326891691E0,1.497983260E0
4.629273292E0,2.844467517E0,1.948581693E0,-5.889838346E0,6.824819544E0
4.639227292E0,-1.311089152E0,2.703085350E0,-4.074073818E0,5.061986038E0
4.649180292E0,1.179763905E0,5.938976008E-1,1.163417575E0,1.760141382E0
4.659134292E0,1.819400911E0,-3.111626215E0,-1.255573202E0,3.816923033E0
4.669088292E0,2.138739724E-2,-2.244422153E0,-4.633021442E0,5.148084683E0
4.679041292E0,1.512264069E0,-8.047762638E-1,-2.631540281E0,3.140001863E0
4.688995292E0,1.307861782E0,1.342690283E-1,3.481610540E0,3.721577967E0
4.698949292E0,1.460405990E0,2.567583144E0,2.333079099E0,3.764110378E0
4.708902292E0,1.563672642E0,2.154329424E0,2.041170598E0,3.354487265E0
4.718856292E0,-6.319000440E-1,9.796413410E-1,-2.643257225E0,2.888910448E0
4.728809292E0,1.630475619E0,2.067522245E0,-3.881255450E0,4.690121837E0
4.738763292E0,3.427637815E-1,-6.815450245E-1,-4.293823585E0,4.361067714E0
4.748717292E0,-1.277480234E0,3.427713829E-1,-4.153169689E0,4.358700086E0
4.758670292E0,1.651155759E0,1.018087953E-1,1.848950985E0,2.480987730E0
4.768624292E0,7.282782378E-1,9.807745314E-1,2.419883062E0,2.710745636E0
4.778578292E0,2.252359895E-1,3.053678554E0,7.601918292E-1,3.154928775E0
4.788531292E0,5.215766794E-1,4.533622869E0,-8.249859953E-1,4.637497217E0
4.798485292E0,-1.160371906E-1,-4.460314572E-1,1.961448491E-1,5.008807166E-1
4.808438292E0,-1.249893801E0,-2.946873897E0,-6.668068836E0,7.396583149E0
4.818392292E0,1.691708393E-1,-3.528398205E0,-5.711946166E0,6.715991488E0
4.828346292E0,-2.756579188E-1,-7.764792484E-1,9.484976086E-1,1.256405597E0
4.838299292E0,-1.469441839E-1,3.806885299E0,4.459983619E0,5.865613536E0
4.848253292E0,-1.188927661E0,4.144823374E0,5.293966725E0,6.827824944E0
4.858207292E0,-8.646271207E-1,1.505525883E0,1.656174717E0,2.399396369E0
4.868160292E0,-6.662384026E-1,1.301104885E-1,-2.845554514E0,2.925403022E0
4.878114292E0,-2.121023684E0,-3.389455497E-2,-2.472314460E0,3.257641646E0
4.888068292E0,-1.233404068E0,1.952011669E0,-5.665109968E-1,2.377513378E0
4.898021292E0,4.905266487E-1,1.151285772E0,3.775334308E0,3.977338867E0
4.907975292E0,-1.164603829E-1,1.956950228E0,2.477709101E0,3.159471412E0
4.917928292E0,1.060441017E0,-4.695372641E-1,-7.232593533E-1,1.366786189E0
4.927882292E0,-2.337167180E-1,-3.717300108E0,-4.020895146E0,5.480925230E0
4.937836292E0,-1.221092317E0,-3.857280697E0,-7.211275170E0,8.268746604E0
4.947789292E0,-1.566415133E0,-5.636989539E0,-1.795467381E0,6.119886481E0
4.957743292E0,-1.196293106E0,-1.462752331E0,2.294502971E0,2.972457815E0
4.967697292E0,8.599982455E-2,3.315332099E0,4.152040007E0,5.313968302E0
4.977650292E0,2.444369300E-1,4.914113470E0,6.089769852E0,7.829020211E0
4.987604292E0,-4.540449931E-1,2.660763788E0,8.179266518E-1,2.820429896E0
4.997557292E0,1.361831143E-2,1.038050348E0,1.645449462E0,1.945568789E0
5.007511292E0,-4.958701267E-1,-1.219226909E0,8.631402469E-1,1.573979836E0
5.017465292E0,9.563722001E-1,-2.014490923E0,-1.528422410E0,2.703497092E0
5.027418292E0,9.880857436E-1,-9.960252392E-1,-2.422085708E0,2.799085367E0
5.037372292E0,1.323359388E0,-1.133234248E0,-2.607909052E0,3.136349718E0
5.047326292E0,1.325349488E0,-1.189725367E0,-3.669700264E0,4.079055987E0
5.057279292E0,3.479487635E-1,-9.612237811E-1,-2.217727275E0,2.441993809E0
5.067233292E0,1.001622925E0,-3.610690749E-1,1.225493078E0,1.623407726E0
5.077187292E0,5.516993052E-1,6.083986956E-1,5.358428185E0,5.421003017E0
5.087140292E0,2.476539950E-1,1.830945654E0,3.995191371E0,4.401732452E0
5.097094292E0,8.331517781E-1,1.940729467E0,1.151113279E0,2.405334598E0
5.107047292E0,4.361109615E-1,1.471383407E0,-4.943230265E-1,1.612301819E0
5.117001292E0,5.955267081E-1,1.593221839E0,-9.040090683E-1,1.926198402E0
5.126955292E0,8.384256743E-2,-1.303661873E0,-3.610338162E0,3.839414733E0
5.136908292E0,6.378133332E-1,-3.067313091E0,-2.601740824E0,4.072379005E0
5.146862292E0,-4.480760823E-1,9.708249092E-2,-1.054093938E0,1.149483021E0
5.156816292E0,-1.365386799E-1,3.849723170E0,1.000051047E0,3.979838363E0
5.166769292E0,-4.953082458E-1,2.469665086E0,2.601457819E0,3.621071482E0
5.176723292E0,-1.272905372E0,-9.704366541E-1,7.790742427E-1,1.780166302E0
5.186676292E0,-1.632306821E0,-9.328770643E-1,-4.670289840E0,5.034510142E0
5.196630292E0,-1.143761282E0,-4.165901417E-1,-6.613931805E-1,1.385344057E0
5.206584292E0,-1.938559273E0,-1.146607414E0,2.842935254E0,3.626982420E0
5.216537292E0,-1.934480255E0,2.204070518E0,2.834397149E0,4.078473723E0
5.226491292E0,-2.172496577E0,3.108188637E0,4.960846172E0,6.244243166E0
5.236445292E0,-4.737464554E-1,2.213983303E0,2.079460505E0,3.074136263E0
5.246398292E0,-3.917719272E-1,1.146095198E0,4.222438145E-1,1.282696100E0
5.256352292E0,-1.252284143E0,-4.952860630E-1,-1.500125395E0,2.015911719E0
5.266306292E0,-9.553243791E-1,-4.234317933E0,-2.269890870E0,4.898417866E0
5.276259292E0,-1.162797989E0,-4.911965788E0,-4.906338428E0,7.039294271E0
5.286213292E0,-1.051603974E0,-3.791721715E0,-6.772094311E0,7.832259306E0
5.296166292E0,-2.403466017E-2,-1.408438715E0,4.200684164E0,4.430578373E0
5.306120292E0,-2.741762526E-1,8.071185415E0,1.056503692E1,1.329809053E1
5.316074292E0,1.698150562E-1,1.001571908E1,7.019492928E0,1.223179246E1
5.326027292E0,-2.128075572E0,1.366537567E0,-1.928194790E0,3.180261894E0
5.335981292E0,-4.264943383E-1,-4.925488644E0,-8.838547100E0,1.012730224E1
5.345935292E0,-7.247132635E-1,-9.409154071E0,-9.058852644E0,1.308129202E1
5.355888292E0,-1.673898358E0,-9.791310545E0,-7.559086268E0,1.248244700E1
5.365842292E0,4.770097864E-1,-1.225370813E1,-3.959760752E0,1.288645050E1
5.375796292E0,1.137328322E0,-2.456540426E0,3.739180097E0,4.616229454E0
5.385749292E0,-2.901224977E0,1.356658112E1,1.696199376E1,2.191297474E1
5.395703292E0,-3.559216832E0,1.756628946E1,1.270422440E1,2.196906615E1
5.405656083E0,-1.031382548E0,1.017223735E1,-1.601092191E0,1.034899313E1
5.415610083E0,-4.178788680E-1,-6.127413642E0,-9.382135842E0,1.121357631E1
5.425564083E0,1.599145361E0,-1.605860947E1,-8.477754014E0,1.822933123E1
5.435517083E0,9.160088705E-1,-1.038233482E1,-1.141106354E1,1.545458895E1
5.445471083E0,-1.935050943E0,-2.482859328E0,-7.331798564E0,7.978990085E0
5.455425083E0,-1.349032758E0,2.000138932E0,1.157674089E1,1.182545452E1
5.465378083E0,-3.118282685E0,1.219628730E1,1.532355248E1,1.983139862E1
5.475332083E0,-1.836899874E0,7.983520449E0,6.446759909E0,1.042456298E1
5.485286083E0,-8.356210573E-1,2.636718283E0,-6.828877206E0,7.367775089E0
5.495239083E0,-3.720711228E-1,-6.085213702E0,-7.376074850E0,9.569469312E0
5.505193083E0,1.978148723E0,-8.763022124E0,-3.995867017E0,9.832119930E0
5.515146083E0,7.062358428E-1,-4.598264422E0,-3.455569965E0,5.795150433E0
5.525100083E0,-1.598496174E0,1.608611126E0,-9.121773362E-2,2.269612400E0
5.535054083E0,6.474287504E-2,5.625752944E0,3.088019251E0,6.417877432E0
5.545007083E0,-5.836606611E-1,3.765265988E0,2.596454941E0,4.610798845E0
5.554961083E0,-9.420061029E-1,1.700455096E0,-2.234274310E0,2.961571327E0
5.564915083E0,7.361681052E-1,3.575572371E-3,-1.529916374E0,1.697822245E0
5.574868083E0,-1.053270102E-1,-7.098449636E-1,2.754343212E0,2.846292357E0
5.584822083E0,-2.456245726E0,2.022685795E0,9.362666953E-1,3.316774973E0
5.594775083E0,-4.229386099E-1,-1.285884583E-1,7.845443130E-2,4.489623115E-1
5.604729083E0,-2.159507864E0,-3.414562272E0,-3.597231628E0,5.409508768E0
5.614683083E0,-8.307704813E-2,-6.199826145E-1,-2.820279340E0,2.888815638E0
5.624636083E0,1.397382653E0,-1.291155263E0,2.623556786E0,3.240803974E0
5.634590083E0,-3.361857370E-1,2.599777329E0,2.581360939E0,3.679033474E0
5.644544083E0,8.494282338E-1,1.974222903E0,3.544304386E-1,2.178234452E0
5.654497083E0,1.581380387E-2,6.227384073E-1,-3.673094573E0,3.725543845E0
5.664451083E0,9.891663091E-1,-3.353780465E0,-4.395048828E0,5.616293047E0
5.674405083E0,1.689523581E0,-1.042357991E0,-9.157485232E-1,2.186228595E0
5.684358083E0,3.753145733E-1,4.507848342E0,3.295627567E0,5.596670328E0
5.694312083E0,-1.056178690E0,6.774991606E0,6.123681364E0,9.193231104E0
5.704265083E0,-8.746003510E-1,4.922861490E0,1.031276348E-1,5.001012530E0
5.714219083E0,-2.281921407E-1,-1.160638978E0,-4.704664744E0,4.851084914E0
5.724173083E0,6.188324672E-1,-4.603695316E0,-5.173275517E0,6.952678891E0
5.734126083E0,3.233359398E0,-4.452152444E0,3.325416791E-1,5.512427627E0
5.744080083E0,-8.393594746E-1,1.427947365E0,-1.696419640E0,2.370948671E0
5.754034083E0,-5.782305346E-1,1.076931408E0,2.713587242E0,2.976186743E0
5.763987083E0,5.402798758E-1,3.581808427E0,3.844875244E0,5.282453937E0
5.773941083E0,1.015483530E0,2.595961436E0,7.114991409E-1,2.876882619E0
5.783895083E0,1.182630977E-1,-1.282345848E0,-3.905736573E0,4.112563095E0
5.793848083E0,4.604779171E-1,-1.179462919E0,-6.435992262E0,6.559357368E0
5.803802083E0,-3.410189724E-1,-6.425797057E0,-3.749494877E0,7.447541446E0
5.813755083E0,5.176456694E-1,-2.981330954E0,-2.789402533E0,4.115465683E0
5.823709083E0,1.632456656E0,1.308620312E0,3.205337786E0,3.827739826E0
5.833663083E0,-2.160107642E0,4.368174732E0,4.662482053E0,6.744312746E0
5.843616083E0,1.170556879E0,5.396896432E0,1.995210314E0,5.871759421E0
5.853570083E0,-1.895554025E0,3.001258850E-1,-3.116099920E0,3.659682953E0
5.863524083E0,2.666869158E0,-5.149746321E0,-6.186771652E0,8.479871564E0
5.873477083E0,2.301649876E0,-6.621899806E0,-3.960423827E0,8.051838677E0
5.883431083E0,2.906582196E0,-1.845835004E0,-1.729512835E-1,3.447497508E0
5.893385083E0,1.597320153E0,2.394009132E0,3.383139920E0,4.441660400E0
5.903338083E0,1.355297319E0,7.430365663E0,3.467335732E0,8.310811138E0
5.913292083E0,1.670881780E0,1.485616699E0,3.271410154E0,3.962452182E0
5.923245083E0,6.109103305E-1,-3.272262093E0,-3.415348138E0,4.769225675E0
5.933199083E0,3.081049663E0,-4.092970850E0,-4.265232162E0,6.666144523E0
5.943153083E0,1.719963600E-1,-4.589888286E0,-1.019386620E0,4.704870488E0
5.953106083E0,2.615484412E0,2.112066334E0,5.011804072E0,6.034878869E0
5.963060083E0,1.053640925E0,6.146214194E0,4.200742051E0,7.518799233E0
5.973014083E0,-3.288866577E-1,2.671767079E0,6.099415419E0,6.667036389E0
5.982967083E0,2.586593904E0,6.808462822E-1,2.723509675E0,3.817266644E0
5.992921083E0,-6.041382681E-1,-8.028057522E-1,-2.991736659E0,3.155941755E0
6.002875083E0,3.063684601E0,-8.544372511E-1,-1.851424942E0,3.680217476E0
6.012828083E0,2.346155081E-2,-3.021209550E-1,2.040892271E0,2.063266531E0
6.022782083E0,1.364726685E0,-1.077792118E0,2.235341720E0,2.832113588E0
6.032735083E0,-1.323759922E-1,-1.526724379E0,-4.463998318E-1,1.596146467E0
6.042689083E0,-1.546433954E-1,-2.308796489E0,3.852777463E0,4.494257446E0
6.052643083E0,-8.000934481E-1,-9.566383946E-1,4.186445024E0,4.368252337E0
6.062596083E0,3.967306584E-2,-7.248419023E-1,-2.883393308E0,2.973369588E0
6.072550083E0,-6.968696997E-1,4.115913570E-1,-2.799089030E0,2.913749169E0
6.082504083E0,-1.223499104E0,-2.176828925E0,2.800243270E-1,2.512757022E0
6.092457083E0,-7.201592327E-1,-5.282304454E-1,-1.702145526E0,1.922226864E0
6.102411083E0,-1.116206425E0,1.028031728E0,4.538164401E-1,1.583892477E0
6.112365083E0,6.195744789E-1,2.726956024E0,3.085145637E0,4.163926667E0
6.122318083E0,1.268563084E0,4.480002147E0,3.127945794E0,5.609252751E0
6.132272083E0,2.375133151E-1,2.601202295E0,2.171448317E0,3.396741637E0
6.142225083E0,6.848054320E-1,-1.773901387E0,-1.622012944E0,2.499322029E0
6.152179083E0,8.764233667E-1,-3.269368891E0,-4.556513256E0,5.676152210E0
6.162133083E0,3.318873757E-1,-5.259312617E0,-3.582064535E0,6.371946702E0
6.172086083E0,9.317822463E-1,-6.746221551E0,1.601812276E0,6.996107913E0
6.182040083E0,1.755452545E-1,-1.703276378E-1,-1.470527959E-1,2.853982574E-1
6.191994083E0,1.182281789E0,6.015849352E0,5.446000764E0,8.200436450E0
6.201947083E0,4.284496106E-2,8.315568624E0,9.529604959E0,1.264768310E1
6.211901083E0,-1.329975513E-1,2.854342294E0,5.443036226E0,6.147487425E0
6.221855083E0,-9.052123522E-1,-2.607505009E0,-6.935831552E0,7.464867788E0
6.231808083E0,1.032375625E0,-5.212233760E0,-1.092452608E1,1.214818712E1
6.241762083E0,9.085067466E-2,-9.664152900E0,3.800573230E-2,9.664654653E0
6.251716083E0,9.938711250E-1,9.253698242E-1,6.164293785E0,6.312100046E0
6.261669083E0,1.167597969E0,7.584589484E0,7.527835239E0,1.074977144E1
6.271623083E0,4.567752774E-1,9.241130821E0,3.666993588E0,9.952586824E0
6.281576083E0,8.796573155E-2,6.570907992E-1,-1.768055341E0,1.888260040E0
6.291530083E0,1.577636378E0,-2.328600424E0,-1.150639771E1,1.184518910E1
6.301484083E0,-1.541187467E0,-9.188648552E0,-6.333713350E0,1.126598623E1
6.311437083E0,1.788537553E-1,-7.836667628E0,1.313056594E-1,7.839807992E0
6.321391083E0,1.510987475E0,7.639632833E-1,1.768054757E0,2.448007490E0
6.331345083E0,-4.289794414E-1,8.486372225E0,4.178655948E0,9.469091954E0
6.341298083E0,4.400634234E-1,8.190209582E0,2.100822138E0,8.466796471E0
6.351252083E0,6.326351121E-2,7.332630622E-1,-6.389574140E-1,9.746504847E-1
6.361206083E0,-2.672781278E-1,-4.787237077E0,-9.535018312E0,1.067265902E1
6.371159083E0,1.581961271E0,-9.570713224E0,-7.990046527E0,1.256749763E1
6.381113083E0,-1.327283455E0,-5.260084450E0,-2.151341204E0,5.835960826E0
6.391066083E0,1.581218967E0,-5.293572038E-1,3.425745949E0,3.810014144E0
6.401020542E0,6.008141260E-1,4.902590362E0,2.794179415E0,5.674839952E0
6.410974542E0,7.031523136E-1,8.881793692E0,3.586275115E0,9.604272568E0
6.420927542E0,6.845813374E-1,5.018896160E0,5.322141534E0,7.347323375E0
6.430881542E0,1.421200555E0,3.265226138E0,5.154591908E0,6.265088227E0
6.440835542E0,-1.170071268E0,1.548254412E0,-3.413546026E-2,1.940959486E0
6.450788542E0,1.221583118E0,-3.981334054E-1,-3.691729942E0,3.908918710E0
6.460742542E0,1.757089765E0,-4.999846516E0,-2.928755423E0,6.055034100E0
6.470696542E0,-1.785485306E0,-5.355233266E0,-7.877759521E0,9.691520840E0
6.480649542E0,7.959083035E-1,-7.379314207E0,-1.997443658E0,7.686190823E0
6.490603542E0,-6.312860864E-1,1.310539953E0,7.271068797E0,7.415151957E0
6.500557542E0,1.119027926E0,1.136908989E1,9.648405179E0,1.495326556E1
6.510510542E0,-8.212640233E-1,9.414999533E0,5.230887548E0,1.080179963E1
6.520464542E0,-5.409475547E-1,-4.911070579E-1,-8.965173233E-1,1.156526571E0
6.530417542E0,-1.233215203E0,-6.070035499E0,-1.191189978E1,1.342607564E1
6.540371542E0,-6.280110609E-1,-8.139743434E0,-8.997256320E0,1.214909224E1
6.550325542E0,-2.658734512E0,-4.947924995E0,2.088683318E0,5.992781405E0
6.560278542E0,3.414704505E-1,3.691961199E0,1.724510834E0,4.089146265E0
6.570232542E0,3.250767582E-1,3.958292516E0,2.481295198E-2,3.971696140E0
6.580186542E0,-7.696543783E-2,5.220953128E0,2.304561351E0,5.707475648E0
6.590139542E0,-8.535067398E-1,3.448318833E0,-9.468568799E-1,3.676399662E0
6.600093542E0,-7.188249712E-1,9.456731111E-1,-8.275344458E0,8.360163447E0
6.610047542E0,-1.215607410E0,-4.879968070E0,-4.712195373E0,6.891775894E0
6.620000542E0,-7.580239009E-1,-6.065758846E0,-2.724272152E0,6.692509945E0
6.629954542E0,-1.650437429E0,1.361758053E0,5.000216644E0,5.438795381E0
6.639907542E0,1.240340620E-2,1.058177282E1,9.897056855E0,1.448881653E1
6.649861542E0,-8.095448144E-2,8.122324578E0,5.756822961E0,9.955888749E0
6.659815542E0,-1.450633539E0,1.682322881E0,-4.955739799E0,5.430829116E0
6.669768542E0,-1.965918395E0,-5.325518301E0,-1.019880944E1,1.167226174E1
6.679722542E0,-1.483266703E0,-7.026944035E0,-6.510579345E0,9.693588912E0
6.689676542E0,7.406825211E-1,-4.027286738E0,8.000925272E0,8.987906000E0
6.699629542E0,-8.246277072E-1,7.226902438E0,8.206263113E0,1.096589641E1
6.709583542E0,-2.115940114E0,7.863308128E0,-9.701466322E-1,8.200609841E0
6.719537542E0,1.052152151E0,8.348251051E-1,-6.810138050E0,6.941321010E0
6.729490542E0,-1.725506907E0,-9.424212406E0,-6.474360521E0,1.156332555E1
6.739444542E0,4.903425710E-1,-9.970290892E0,-5.106444765E0,1.121262300E1
6.749398542E0,-8.364858605E-1,-1.779101901E0,-1.836668909E-1,1.974498847E0
6.759351542E0,-6.515192798E-1,3.800094928E0,9.073350815E0,9.858544205E0
6.769305542E0,-2.298388080E-1,3.913222178E0,9.585409032E0,1.035597412E1
6.779258542E0,-3.149651828E0,-7.721669269E-1,-3.505781760E0,4.775673161E0
6.789212542E0,1.863716666E0,-3.196578072E0,-6.968554909E0,7.890013226E0
6.799166542E0,5.171448920E-1,-2.180868766E0,-1.058363575E-1,2.243842408E0
6.809119542E0,-1.052821072E0,2.392909271E0,2.073272689E0,3.336601060E0
6.819073542E0,-3.511898386E-1,2.925065537E0,1.241382594E0,3.196931880E0
6.829027542E0,-8.057841776E-1,-1.717895586E0,-5.062376055E-1,1.963855876E0
6.838980542E0,-8.819275700E-1,-3.394936677E0,-2.970799827E0,4.596633865E0
6.848934542E0,-4.888321621E-1,-2.522560169E0,6.162170076E-1,2.642345565E0
6.858888542E0,3.307462916E-1,-3.316055399E-1,4.176306829E0,4.202486654E0
6.868841542E0,-1.518439678E-1,3.906671543E0,5.311793132E0,6.595474616E0
6.878795542E0,1.547430905E-1,2.310186957E0,2.421246048E0,3.350125613E0
6.888749542E0,-1.201592876E0,-1.700638114E0,-4.382630219E0,4.852158599E0
6.898702542E0,1.762485868E0,-3.542192956E0,-2.949671205E0,4.934982026E0
6.908656542E0,9.465700740E-1,3.923657119E-1,5.123223935E0,5.224688436E0
6.918609542E0,1.202484065E0,5.128848957E0,8.257861283E0,9.795066744E0
6.928563542E0,9.866186772E-1,5.915515809E0,4.313237218E0,7.387202380E0
6.938517542E0,6.222462179E-1,-1.049598598E-1,-1.644846614E0,1.761739853E0
6.948470542E0,3.566041045E-1,-9.160985375E0,-4.471970996E0,1.020045803E1
6.958424542E0,1.969870235E0,-1.019275991E1,-7.389294820E0,1.274262223E1
6.968378542E0,2.305322366E0,-9.172321957E0,-1.751604200E0,9.618425992E0
6.978331542E0,9.814959316E-1,4.097662656E0,9.580285701E0,1.046594705E1
6.988285542E0,1.005918290E0,1.558787469E1,1.304445517E1,2.035071300E1
6.998239542E0,-1.286847912E-2,1.089607821E1,4.439097950E0,1.176563966E1
7.008192542E0,-1.191320853E0,1.955741608E0,-8.473136467E0,8.777141460E0
7.018146542E0,2.202020192E0,-7.124920565E0,-1.019830891E1,1.263403699E1
7.028100542E0,6.096540197E-1,-1.475169596E1,-6.385207440E0,1.608586602E1
7.038053542E0,1.272934754E0,-1.141405030E1,-9.317834011E0,1.478928456E1
7.048007542E0,1.129245058E0,-2.449891557E0,5.106586853E-1,2.745530064E0
7.057960542E0,-1.516356096E0,1.187832156E1,1.253626898E1,1.733643270E1
7.067914542E0,-5.143307732E-1,1.759847722E1,8.688941994E0,1.963335553E1
7.077868542E0,-6.151864359E-1,6.996194113E0,-1.379330691E0,7.157355627E0
7.087821542E0,4.180678792E-1,-6.341091952E0,-5.774402030E0,8.586497930E0
7.097775542E0,1.528776459E0,-1.181675038E1,-2.613798952E0,1.219855286E1
7.107729542E0,1.298727115E0,-8.375403181E0,-2.544809116E0,8.849300764E0
7.117682542E0,-2.784830010E-1,3.610918790E0,1.921320804E0,4.099726933E0
7.127636542E0,7.324342925E-2,7.911626594E0,6.663945379E0,1.034443657E1
7.137590542E0,1.264586831E0,3.236697573E0,6.003835078E0,6.936960911E0
7.147543542E0,6.217986866E-1,-5.974030066E-1,1.746127113E0,1.947430064E0
7.157497542E0,9.728711423E-1,-8.817852634E-1,-5.336513405E0,5.495670918E0
7.167451542E0,1.336879320E0,-2.121628286E0,-7.202033061E-1,2.609069892E0
7.177404542E0,1.394268865E0,-2.873731077E-1,-2.211613426E0,2.630171652E0
7.187358542E0,1.164070197E0,-2.937243533E-1,-4.720411003E0,4.870689218E0
7.197312542E0,3.726156447E-1,-2.634529670E0,-2.276946706E-1,2.670474465E0
7.207265542E0,-3.145530125E-1,-1.426940475E0,2.242816508E0,2.676813143E0
7.217219542E0,-6.324181804E-1,4.186524546E0,1.864622692E0,4.626419600E0
7.227172542E0,1.397163310E-1,3.439201269E0,3.793849809E0,5.122589423E0
7.237126542E0,-4.795093250E-1,2.395806566E0,-1.061987387E0,2.664138793E0
7.247080542E0,-4.563902383E-1,1.943514495E0,-3.880160851E0,4.363621074E0
7.257033542E0,-3.804911498E-1,-2.712152628E0,-1.733771069E0,3.241374325E0
7.266987542E0,-6.561155567E-1,-1.715414613E0,-4.066280649E0,4.461812775E0
7.276941542E0,-9.270014897E-1,-3.920871506E0,-4.963862166E0,6.393159839E0
7.286894542E0,9.589554269E-2,-2.577419915E0,-2.633069621E0,3.685830300E0
7.296848542E0,3.884262235E-1,5.036323786E-1,-4.649319971E-1,7.878339074E-1
7.306802542E0,-1.150478052E-2,5.102164603E0,8.017095746E0,9.502949027E0
7.316755542E0,-1.573961549E0,5.821467438E0,4.386204329E0,7.456918031E0
7.326709542E0,-9.005549718E-1,1.065094889E0,-1.854421640E0,2.320410739E0
7.336663542E0,-3.238039655E-1,-3.265229062E0,-1.124432200E1,1.171329787E1
7.346616542E0,8.623815706E-1,-8.719180870E0,-7.805918875E0,1.173457228E1
7.356570542E0,1.191082287E0,-3.786359233E0,4.982070980E0,6.369946978E0
7.366523542E0,1.439018776E0,4.163037450E0,1.275558868E1,1.349469149E1
7.376477542E0,-1.373014090E0,8.772986948E0,5.771933920E0,1.059083041E1
7.386431542E0,1.123930450E0,5.728700193E0,-5.007135655E0,7.691074894E0
7.396384542E0,-1.813143660E0,-3.074717420E0,-7.380919268E0,8.198740537E0
7.406339042E0,2.865957496E0,2.039754987E0,-3.329741392E0,4.843706279E0
7.416293042E0,1.549110737E0,5.208689178E0,6.105706438E0,8.173728534E0
7.426246042E0,3.364599714E-1,3.940285431E0,6.932734866E0,7.981344957E0
7.436200042E0,1.359950094E0,-3.254314064E0,-2.358101381E0,4.242719224E0
7.446154042E0,-4.268900120E-1,-9.567473282E0,-1.041086222E1,1.414584152E1
7.456107042E0,-6.270642505E-1,-8.608215335E0,-1.001310771E1,1.321956531E1
7.466061042E0,1.201191904E0,-4.424477572E0,-3.893767907E0,6.015005593E0
7.476015042E0,1.198371426E0,2.096031514E0,2.155274334E0,3.236456340E0
7.485968042E0,7.021835396E-2,1.026435438E1,9.157964703E0,1.375609752E1
7.495922042E0,-6.287220092E-1,1.262596059E1,1.175640477E1,1.726334919E1
7.505876042E0,-3.149552425E0,4.094823248E0,6.177910781E0,8.053188159E0
7.515829042E0,4.386722977E-1,7.724639654E-2,-7.663132793E0,7.676067000E0
7.525783042E0,2.357671172E0,-4.871502471E0,-1.157404415E1,1.277687942E1
7.535736042E0,7.101566201E-1,-8.829061747E0,-1.181961551E1,1.477023915E1
7.545690042E0,1.341185648E0,-1.458268336E1,-8.791757095E0,1.708064477E1
7.555644042E0,1.102086641E0,-5.650750961E0,3.303775662E0,6.637809504E0
7.565597042E0,-1.394698197E0,9.212488235E0,1.273261731E1,1.577766352E1
7.575551042E0,2.838987652E-1,1.360853957E1,1.259153452E1,1.854237550E1
7.585505042E0,-1.714817027E0,1.188667372E1,-4.607105997E-1,1.201856330E1
7.595458042E0,-9.495159743E-1,-2.463916104E0,-4.994587530E0,5.649634302E0
7.605412042E0,8.366450509E-1,-1.189029432E1,-4.260479837E0,1.265822904E1
7.615366042E0,8.774874137E-1,-7.898512459E0,-1.133330727E1,1.384197734E1
7.625319042E0,-9.089400253E-1,-7.471568068E0,-9.906751539E0,1.244163283E1
7.635273042E0,2.536328461E-1,-3.776541173E-2,4.487545348E0,4.494865859E0
7.645227042E0,-1.160030941E-1,1.043268754E1,1.800788288E1,2.081197424E1
7.655180042E0,-1.329935752E0,7.302072489E0,1.309171704E1,1.504932048E1
7.665134042E0,-1.531570698E0,3.660161117E0,-4.157118022E0,5.746661504E0
7.675088042E0,2.511399588E0,-1.899661548E0,-3.976442274E0,5.072271192E0
7.685041042E0,4.708286582E-1,-4.127662965E0,-1.668868437E-1,4.157779744E0
7.694995042E0,4.255872889E-1,-2.815370017E0,1.895240175E0,3.420433919E0
7.704948042E0,-1.334518799E-1,-4.275337905E-1,-2.385735322E0,2.427411703E0
7.714902042E0,-9.831533249E-1,2.551926640E0,-4.000524616E-1,2.763867219E0
7.724856042E0,-6.285960017E-1,-1.178365982E0,7.948159997E0,8.059586011E0
7.734809042E0,-8.259328788E-1,2.431872777E0,9.113099602E0,9.468091396E0
7.744763042E0,-9.559511275E-1,2.029657431E0,-3.640855365E0,4.276585043E0
7.754717042E0,-1.439280585E0,-2.937780308E0,-6.841501930E0,7.583418121E0
7.764670042E0,-1.021977229E0,-3.172582269E0,-7.958866249E0,8.628630696E0
7.774624042E0,-1.372426298E0,-8.456700529E0,-8.283299010E0,1.191689474E1
7.784578042E0,-9.402330809E-1,-9.213834264E0,-1.916983339E-1,9.263667111E0
7.794531042E0,-4.362478960E-1,1.554821420E0,1.481393138E1,1.490168933E1
7.804485042E0,-5.047964496E-1,1.265874709E1,1.928703615E1,2.307571149E1
7.814439042E0,-2.976580384E0,9.601825089E0,1.031694658E1,1.440466808E1
7.824392042E0,-4.356451577E-1,2.796494036E0,-4.046030572E0,4.937664325E0
7.834346042E0,9.314166491E-1,-4.095079941E0,-5.692925173E-1,4.238078652E0
7.844300042E0,3.150145040E0,-5.307314749E0,-3.649909778E0,7.170275100E0
7.854253042E0,-2.351710484E-1,-8.927894309E0,-9.933911855E0,1.335833848E1
7.864207042E0,-1.129714443E0,-6.490319912E0,-1.086998676E1,1.271051216E1
7.874161042E0,-1.811822627E0,-5.709424261E0,-9.849478061E0,1.152789854E1
7.884114042E0,-9.886805516E-1,-1.712678701E-1,6.938614241E0,7.010790933E0
7.894068042E0,-7.414314032E-1,1.046548457E1,1.388560988E1,1.740362748E1
7.904021042E0,-3.514144447E0,1.133244656E1,8.578965808E0,1.464145520E1
7.913975042E0,-7.600943269E-1,4.177450252E0,-2.022052250E0,4.702927737E0
7.923929042E0,-3.310229745E-1,-1.038713188E1,-5.823068406E0,1.191260721E1
7.933882042E0,2.934937391E0,-1.361593396E1,-4.459622846E0,1.462517524E1
7.943836042E0,3.590278119E-2,-7.098091201E0,-1.161504658E0,7.192585125E0
7.953790042E0,-4.076012170E-1,4.229430830E0,4.126212563E0,5.922824834E0
7.963743042E0,-1.495424818E0,1.211000695E1,2.169049205E0,1.239327795E1
7.973697042E0,-1.128293277E0,6.608782747E0,-1.820111640E0,6.947075752E0
7.983651042E0,4.923295645E-1,-6.366794558E0,-5.197477727E0,8.233604075E0
7.993604042E0,1.735080407E0,-1.131151820E1,-3.939192002E0,1.210281710E1
8.003558042E0,-2.727421462E0,-1.658872622E-1,-5.935885754E-1,2.796192735E0
8.013512042E0,-7.658541267E-1,3.746369541E0,1.014337549E1,1.084019758E1
8.023465042E0,-1.771671698E0,8.058704533E0,6.957143483E0,1.079274686E1
8.033419042E0,-1.501789805E0,1.685934706E0,-2.723631881E0,3.537784487E0
8.043373042E0,1.838217690E-1,-2.047731759E0,-1.071225578E1,1.090776878E1
8.053326042E0,1.234272380E0,-6.098741235E0,-5.507257365E0,8.309510012E0
8.063280042E0,6.576424840E-1,-2.339965072E0,-4.810095012E-2,2.431099315E0
8.073233042E0,-2.847808616E0,7.444751567E0,6.219575116E0,1.011026481E1
8.083187042E0,-3.058219501E0,1.075817981E1,9.442749833E0,1.463750880E1
8.093141042E0,-1.507431930E0,5.373797591E0,2.434348488E0,6.089015038E0
8.103094042E0,-1.499869726E0,-6.621157209E0,-5.177982525E0,8.538198581E0
8.113048042E0,-7.358139101E-1,-1.095533740E1,-1.343498953E1,1.735107441E1
8.123002042E0,8.208649325E-2,-9.802415577E0,-9.659272814E0,1.376210887E1
8.132955042E0,-3.004748359E-1,-1.398199071E0,5.595274917E0,5.775149104E0
8.142909042E0,-2.527456919E0,8.857380397E0,1.189714258E1,1.504603694E1
8.152863042E0,-2.309368201E0,9.866893408E0,4.961043223E0,1.128276193E1
8.162816042E0,-3.047032024E0,1.409443851E0,-2.467592541E0,4.166527219E0
8.172770042E0,2.570191295E0,-6.885546666E0,-5.288401930E0,9.054492319E0
8.182724042E0,1.317308836E0,-3.800207779E0,-6.011025399E-2,4.022498598E0
8.192677042E0,-1.711716834E-1,7.283385372E-1,7.083603555E-1,1.030316050E0
8.202631042E0,-1.934452992E-1,3.397571433E0,1.800797702E0,3.850166891E0
8.212585042E0,-2.028611802E0,6.028950039E0,-1.118912955E0,6.458751475E0
8.222538042E0,-6.005850979E-1,7.132269931E-1,7.266212100E-1,1.182105573E0
8.232492042E0,-2.449989571E-1,7.899290138E-1,7.981548768E-1,1.149375284E0
8.242446042E0,5.936084560E-1,-1.756571994E0,-6.929134735E-1,1.979405277E0
8.252399042E0,-1.835926166E0,-1.912385674E0,-5.627348650E0,6.220522219E0
8.262353042E0,-2.123942029E0,-1.045695582E0,-3.944672597E0,4.600548977E0
8.272307042E0,-8.870930734E-1,-5.304557787E0,6.888619378E-1,5.422158077E0
8.282260042E0,-5.789118083E-1,-9.892757982E-1,5.606116825E0,5.722093266E0
8.292214042E0,1.071896298E0,2.298752727E0,5.008940105E0,5.614508594E0
8.302167042E0,-1.268136968E0,3.226804084E0,1.535338497E-1,3.470447898E0
8.312121042E0,-8.713177972E-1,4.728215282E0,-7.199539808E0,8.657285250E0
8.322075042E0,-1.175560414E0,1.912410232E0,-5.361592113E0,5.812566144E0
8.332028042E0,-1.013945932E0,3.779442562E0,1.391201123E0,4.153036599E0
8.341982042E0,8.361690876E-1,9.361579370E-1,3.565380675E0,3.779882244E0
8.351936042E0,-1.970962788E0,-9.771539354E-1,-1.142915483E0,2.479068358E0
8.361889042E0,-1.824534767E0,-3.190344940E0,-5.424881791E0,6.552600278E0
8.371843042E0,3.850693370E-1,-1.092664511E1,-3.138365532E0,1.137493692E1
8.381797042E0,-8.874117467E-1,-7.285044812E0,-2.252291628E0,7.676730756E0
8.391750042E0,-3.019906352E-1,-2.312475557E0,-5.155181308E0,5.658147741E0
8.401703792E0,-3.326486832E-1,3.247986792E0,7.707138938E-1,3.354709116E0
8.411657792E0,-1.620723341E0,7.796489071E0,2.937412518E0,8.487660353E0
8.421610792E0,-1.032532403E0,8.636273199E0,5.683084309E0,1.038984048E1
8.431564792E0,-5.978191090E-1,7.163187084E0,3.311068894E0,7.914026415E0
8.441518792E0,-4.131964177E-1,1.859986435E0,2.769620817E0,3.361707942E0
8.451471792E0,-2.028214923E0,-2.308380167E0,-1.106228882E-1,3.074819050E0
8.461425792E0,-9.506777430E-1,-6.277845544E0,-1.329465635E0,6.487111200E0
8.471379792E0,-6.152500609E-2,-3.467094242E0,1.157773842E0,3.655812916E0
8.481332792E0,-1.151743426E-2,-1.308250183E0,2.507686606E0,2.828452458E0
8.491286792E0,-7.441200261E-1,9.812610197E-1,8.194843501E-1,1.479237101E0
8.501240792E0,-2.192565390E0,3.430318179E0,-2.873616179E0,4.983181288E0
8.511193792E0,3.285672901E-1,-1.431914701E0,-1.350332594E-1,1.475320357E0
8.521147792E0,8.216349560E-1,-1.020299370E0,7.561813409E0,7.674445703E0
8.531101792E0,5.613683707E-1,2.750940717E0,3.377670726E0,4.392205461E0
8.541054792E0,-8.052457952E-1,1.293152087E0,-2.072842334E0,2.572418794E0
8.551008792E0,-9.907539012E-1,-2.410521669E0,-5.656594083E0,6.228102812E0
8.560962792E0,1.396738582E0,-6.492462332E0,-6.098492728E0,9.016349558E0
8.570915792E0,1.596132729E0,-1.066849054E1,-4.979130415E0,1.188091199E1
8.580869792E0,7.073005842E-2,-4.292749159E0,1.381463755E0,4.510115319E0
8.590822792E0,-1.599306305E-1,7.391290475E0,1.115886260E1,1.338570010E1
8.600776792E0,9.370528534E-2,1.112434883E1,5.982806736E0,1.263146444E1
8.610730792E0,1.545110949E0,1.992460368E0,-1.421670964E0,2.894549100E0
8.620683792E0,-2.099911581E0,-8.106221346E0,-8.992549312E0,1.228765219E1
8.630637792E0,2.941398857E0,-7.088781264E0,-4.115415095E0,8.708575570E0
8.640591792E0,1.209098764E-1,-7.853658468E-1,9.015717734E0,9.050667653E0
8.650544792E0,-3.398639280E-1,9.140011997E0,9.805863680E0,1.340933590E1
8.660498792E0,-1.460010718E0,9.670221140E0,3.751561283E0,1.047468473E1
8.670452792E0,-2.308031235E0,5.665823328E-1,1.932271469E0,3.062955558E0
8.680405792E0,1.942204865E0,-2.671796899E0,-2.185092210E0,3.960465424E0
8.690359792E0,6.971076082E-1,-6.107795649E0,-2.755691288E0,6.736836140E0
8.700313792E0,1.494143693E0,-5.008781646E0,-5.978747014E0,7.941396276E0
8.710266792E0,1.222327834E0,-1.213283799E0,-5.453498649E0,5.718985087E0
8.720220792E0,1.673371817E0,-4.337758686E0,-5.281623253E-1,4.679239158E0
8.730174792E0,1.247711036E0,-1.625112553E0,3.896033703E0,4.401914612E0
8.740127792E0,3.710808237E-1,6.613310831E0,2.942014861E0,7.247691533E0
8.750081792E0,-3.378653497E-1,6.911452171E0,7.574713537E0,1.025956185E1
8.760035792E0,1.177930072E0,5.969196757E0,2.245794787E0,6.485554980E0
8.769988792E0,-1.686797755E0,-1.729681819E0,-7.774017051E0,8.140787860E0
8.779942792E0,8.865199001E-1,-8.084343989E0,-6.290330518E0,1.028157543E1
8.789896792E0,1.790152262E0,-1.096460524E0,4.418278061E0,4.891630794E0
8.799849792E0,8.188453225E-1,6.875108217E0,1.082908315E1,1.285327439E1
8.809803792E0,1.736430456E-1,8.076819792E0,3.266328631E0,8.714015870E0
8.819756792E0,4.677550328E-1,2.416410985E0,-8.395555610E0,8.748896549E0
8.829710792E0,1.548612261E0,-5.062971886E0,-1.239962656E1,1.348267863E1
8.839664792E0,8.463910438E-1,-1.286204543E1,-8.132086505E0,1.524071590E1
8.849617792E0,1.664749366E0,-8.292755127E0,1.547541636E0,8.598608211E0
8.859571792E0,-9.277005974E-2,5.049136789E0,8.891446860E0,1.022546898E1
8.869525792E0,-1.646680885E0,1.078445369E1,8.933444486E0,1.410044076E1
8.879478792E0,2.594499120E-2,5.764250094E0,5.295071849E0,7.827198616E0
8.889432792E0,-3.056340718E-1,1.659077860E0,-2.297464585E-1,1.702567169E0
8.899386792E0,-2.416200339E-1,-2.512334558E0,7.195466638E-1,2.624490917E0
8.909339792E0,1.045468345E0,-1.776573565E0,-6.126773372E0,6.464253216E0
8.919293792E0,2.748315025E0,1.157628831E0,-5.156085287E0,5.956387788E0
8.929247792E0,3.536027287E-1,-1.592869252E0,7.831240243E-1,1.809848220E0
8.939200792E0,8.081130505E-1,-3.116624415E0,-9.274970412E-1,3.350618631E0
8.949154792E0,-5.408013378E-1,-4.820941597E-1,1.336077082E-1,7.367033904E-1
8.959108792E0,-5.566881862E-1,4.051491871E0,-5.461636804E0,6.823046585E0
8.969061792E0,-4.874065744E-1,9.601782990E-1,-8.153639342E0,8.224435667E0
8.979015792E0,3.586097360E-1,-1.704131826E0,-3.961419900E0,4.327298677E0
8.988969792E0,6.299123561E-1,-6.687261736E0,6.633939223E0,9.440625441E0
8.998922792E0,-1.292159522E0,2.520687890E0,7.541617711E0,8.056025160E0
9.008876792E0,1.265378544E0,5.167489112E0,6.267833941E0,8.221305790E0
9.018830792E0,-1.341782210E0,7.337273312E0,-7.307985193E0,1.044234680E1
9.028783792E0,1.465361359E0,3.142554477E0,-1.265056567E1,1.311715458E1
9.038737792E0,1.727507824E0,-6.616134451E0,-2.162317013E0,7.171689705E0
9.048691792E0,2.673807172E0,-2.792339589E0,4.274197113E0,5.763260027E0
9.058644792E0,1.429179666E0,-2.117275618E0,5.255413694E0,5.843353802E0
9.068598792E0,2.581911162E-3,4.037026445E0,-9.451717123E-1,4.146195696E0
9.078552792E0,1.593548991E0,2.522562507E0,-2.246424240E-1,2.992187195E0
9.088505792E0,3.683006919E-1,-2.597613274E0,7.432958318E0,7.882392370E0
9.098459792E0,-7.948013525E-1,3.103130211E0,1.534146835E0,3.551722512E0
9.108413792E0,4.909206048E-1,1.920605689E0,-7.982238155E0,8.224710038E0
9.118366792E0,1.842792844E0,-2.391994767E0,-9.072011218E0,9.561323756E0
9.128320792E0,-1.684188873E0,-7.178843004E0,-8.630893176E0,1.135185430E1
9.138274792E0,1.336311409E0,-4.007995019E0,1.120789268E1,1.197775482E1
9.148227792E0,4.280208635E-1,1.083192490E1,1.767671647E1,2.073596161E1
9.158181792E0,-1.621488888E0,7.119090307E0,5.389626589E0,9.075172052E0
9.168134792E0,-4.075102928E-1,2.159300727E0,-6.152993456E0,6.533603350E0
9.178088792E0,1.592241700E0,-4.877173101E0,-9.026409368E0,1.038258721E1
9.188042792E0,-1.398215151E0,-1.155200249E1,-2.210408900E0,1.184439423E1
9.197995792E0,8.994350108E-1,-8.600849597E0,-1.761667843E0,8.825365189E0
9.207949792E0,8.077288154E-1,-4.006883463E0,-2.401348265E0,4.740676578E0
9.217903792E0,1.495913646E-1,7.478528593E0,7.065133955E0,1.028916349E1
9.227856792E0,-1.048384717E0,1.095308739E1,6.985200763E0,1.303312179E1
9.237810792E0,-3.843034248E-1,2.295719776E0,4.662974973E0,5.211655592E0
9.247764792E0,-4.182326245E-1,2.063780612E-1,-3.180559040E0,3.214570926E0
9.257717792E0,1.639962142E0,-6.581280953E-1,-1.439851127E0,2.279425297E0
9.267671792E0,-4.338553615E-1,-1.485942389E0,2.858703732E0,3.250914070E0
9.277625792E0,-7.150619955E-1,-5.247430490E0,-4.973086149E-1,5.319225157E0
9.287578792E0,1.781758437E-1,-4.233424478E0,-6.294764462E0,7.587996381E0
9.297532792E0,3.776952306E-1,-7.074027570E0,-2.552090362E0,7.529786515E0
9.307486792E0,-2.227733980E-1,-4.290612586E0,4.784163195E0,6.430178989E0
9.317439792E0,-1.443519816E0,4.416506647E0,1.366344609E1,1.443187582E1
9.327393792E0,-1.691896673E0,1.355054571E1,8.319202083E0,1.599027601E1
9.337347792E0,-4.128083453E-1,5.223793706E0,1.222489948E0,5.380791121E0
9.347300792E0,-6.625754875E-1,-6.011362199E0,-4.989834328E0,7.840531129E0
9.357254792E0,-9.092341402E-1,-8.179736050E0,-1.088661858E1,1.364746323E1
9.367208792E0,4.144988850E-1,-1.018594439E1,-3.836397366E0,1.089234673E1
9.377161792E0,-7.533899094E-1,-4.628398633E-1,1.447183827E0,1.695923974E0
9.387115792E0,-1.981775239E-1,6.269106295E0,5.805972902E0,8.546946203E0
9.397069792E0,4.590022626E-1,5.589796661E0,1.076353703E1,1.213714296E1
9.407022833E0,-3.346190852E-1,5.386238712E0,5.305875165E0,7.568080910E0
9.416976833E0,-1.376701618E-1,-7.963597816E-1,1.011613039E0,1.294798407E0
9.426930833E0,-2.463836143E-1,-4.492318722E0,-1.244892561E1,1.323697024E1
9.436883833E0,-4.273050547E-1,-3.614075702E0,-1.117549325E1,1.175311798E1
9.446837833E0,-2.065651282E0,-7.382878670E0,-3.355874353E0,8.368733796E0
9.456791833E0,-7.882448696E-1,-7.198282072E0,3.435938523E0,8.015127466E0
9.466744833E0,-1.034240448E0,1.466996825E0,5.769807288E0,6.042549887E0
9.476698833E0,-1.520781561E0,7.309863904E0,6.530005549E0,9.919065446E0
9.486652833E0,-1.576808851E0,7.021233644E0,-5.122798258E-1,7.214324547E0
9.496605833E0,-2.807905316E-1,-3.664561146E0,-4.472879946E0,5.789171506E0
9.506559833E0,-1.686641196E0,-1.068160702E1,-2.486067696E0,1.109603621E1
9.516513833E0,7.221932597E-1,3.718937328E0,4.088129940E0,5.573586311E0
9.526466833E0,-1.220970622E0,8.138429564E0,9.740440353E0,1.275150906E1
9.536420833E0,-2.819612465E0,4.810310190E0,6.182130132E0,8.325144536E0
9.546374833E0,-1.784025257E0,2.783468193E0,-5.494427404E0,6.412423395E0
9.556327833E0,-4.878877272E-1,-7.016199192E0,-1.503748915E-1,7.034749330E0
9.566281833E0,3.829335318E-1,-5.436592010E0,1.053193759E0,5.550890727E0
9.576235833E0,-1.864279169E0,-1.735394549E0,-2.041612940E0,3.264247916E0
9.586188833E0,-3.314317607E0,3.157320451E0,-5.460563840E0,7.125386381E0
9.596142833E0,-7.424604401E-1,1.466288143E0,-1.738606424E0,2.392488395E0
9.606095833E0,-1.540857392E0,-4.244891453E-1,1.135184879E0,1.960376812E0
9.616049833E0,-7.981798737E-1,2.994990635E-1,-1.633755907E0,1.842810127E0
9.626003833E0,-7.232036586E-1,6.725637013E-1,1.030101058E-1,9.929635169E-1
9.635956833E0,-2.341008216E0,2.554588292E0,2.034948576E0,4.018364906E0
9.645910833E0,-1.177131781E0,4.879811364E-1,3.679901317E0,3.894282799E0
9.655864833E0,-7.859949341E-1,2.126246417E0,3.194881210E0,3.917394263E0
9.665817833E0,4.372623148E-1,6.544203758E-1,2.538778883E0,2.657980921E0
9.675771833E0,1.564099782E0,3.150017864E-1,2.605304702E0,3.055036308E0
9.685725833E0,-3.298328834E-1,-1.606785625E-1,-3.628629422E0,3.647130216E0
9.695678833E0,-1.150884214E0,-3.110097168E0,-1.050627358E1,1.101721486E1
9.705632833E0,-2.058603779E0,-3.540990184E0,-1.219177910E1,1.286141277E1
9.715586833E0,2.338648535E-1,-4.892930177E0,-5.618044560E0,7.453716064E0
9.725539833E0,1.205948321E0,-2.034546872E0,7.605195072E0,7.964463849E0
9.735493833E0,-3.510789315E0,7.265627378E0,1.196529889E1,1.443202551E1
9.745447833E0,-2.896137607E0,6.428782645E0,1.772957939E0,7.270504741E0
9.755400833E0,-3.598448872E-1,-1.979883007E0,-5.509732491E0,5.865711994E0
9.765354833E0,-2.343291992E0,-9.829181206E0,-8.279824594E0,1.306366395E1
9.775308833E0,2.158519246E0,-3.390440168E0,-4.476666895E0,6.016214454E0
9.785261833E0,-2.679915429E-1,3.611515206E0,4.385832739E0,5.687740357E0
9.795215833E0,-4.297959905E0,5.100113985E0,3.973809857E0,7.763683841E0
9.805169833E0,-3.977286319E-1,3.477085964E0,3.585754713E0,5.010583971E0
9.815122833E0,-2.889998908E0,2.977567102E0,2.384362981E0,4.785727359E0
9.825076833E0,1.839938379E0,7.593474913E-1,7.045490234E0,7.321264542E0
9.835030833E0,2.789259824E-1,-5.124599200E-1,3.389107588E0,3.438962797E0
9.844983833E0,-4.232725444E0,-2.241285122E0,-7.799029686E0,9.152277734E0
9.854937833E0,-1.874464433E0,-2.638084778E0,-1.031599699E1,1.081170209E1
9.864891833E0,1.232422394E-1,-6.601891803E0,-9.307097939E0,1.141149579E1
9.874844833E0,2.558922102E-1,-3.389322181E0,-7.060594761E0,7.836133233E0
9.884798833E0,4.716457701E-1,2.883380737E0,3.030543460E0,4.209575735E0
9.894752833E0,-3.609335364E0,7.110576761E0,7.296852679E0,1.080886963E1
9.904705833E0,-4.299341017E0,7.330285304E0,3.432804708E0,9.165236712E0
9.914659833E0,5.067849414E-2,-9.767189026E-1,3.360494238E0,3.499924235E0
9.924613833E0,1.791040161E0,-4.412032943E0,5.063283543E0,6.950589887E0
9.934566833E0,-3.504382155E-1,-1.094958959E0,-2.972829103E0,3.187389989E0
9.944520833E0,-1.941437711E0,-3.709530913E0,-3.544099149E0,5.485475253E0
9.954474833E0,-4.561328438E0,-5.320656926E0,-7.788097147E0,1.047709714E1
9.964427833E0,-5.338443206E-1,-3.016186207E0,-2.107566901E0,3.718091881E0
9.974381833E0,2.730353841E0,3.363844693E-2,6.476720458E0,7.028788767E0
9.984335833E0,6.931108171E-1,5.412316709E0,8.650400657E0,1.022756111E1
9.994288833E0,-6.693430549E-1,4.839407689E0,2.424739174E0,5.454103681E0
1.000424283E1,-2.542672507E-1,3.780934771E0,3.757958722E-1,3.808062777E0
1.001419683E1,1.779122512E0,4.244955772E-1,-1.679880499E0,2.483439530E0
1.002414983E1,1.741393646E0,-3.984686848E0,3.482944289E0,5.571452416E0
1.003410383E1,1.212031910E0,2.701259265E0,5.360937810E0,6.124171550E0
1.004405783E1,-1.751738101E0,2.642427505E0,3.059302990E0,4.405717227E0
1.005401083E1,-8.049738997E-1,-1.698758234E0,6.040325797E-1,1.974491802E0
1.006396483E1,4.542290708E-1,-2.836595410E0,-7.242025677E0,7.790990532E0
1.007391883E1,1.164955612E0,-6.741940804E0,-4.275125651E0,8.067687817E0
1.008387183E1,2.129028376E0,-4.443282802E0,5.942949191E0,7.719725965E0
1.009382583E1,-6.304863334E-1,3.516298562E0,4.855234932E0,6.027866525E0
1.010377983E1,4.222441434E-1,1.964344032E0,-1.150549900E0,2.315319128E0
1.011373283E1,-6.659131513E-1,-5.225832045E-2,-6.405879686E0,6.440610670E0
1.012368683E1,9.563466185E-1,-4.960241570E0,-7.533553816E0,9.070448081E0
1.013364083E1,3.281447192E0,-9.317894822E0,7.815797746E-2,9.879127910E0
1.014359383E1,-1.368456039E0,1.185953329E0,6.276184350E0,6.532200794E0
1.015354783E1,-4.332363606E-1,3.543729604E0,2.314697499E0,4.254825233E0
1.016350183E1,-5.153194095E-2,2.899675757E0,1.330309973E0,3.190689528E0
1.017345483E1,-1.666818842E0,3.104400226E0,1.067640767E0,3.681771669E0
1.018340883E1,9.558376184E-1,1.216702082E0,4.573786808E0,4.828407116E0
1.019336283E1,-1.315226934E0,3.180208207E0,-2.514027911E-1,3.450615814E0
1.020331583E1,-3.837056932E-1,-8.537174588E-1,-4.118688658E0,4.223702147E0
1.021326983E1,4.613589828E-1,-4.096770955E0,-2.419758516E0,4.780336353E0
1.022322383E1,3.219184577E-1,-5.601986352E0,6.143798125E-1,5.644762628E0
1.023317683E1,1.240500395E0,-2.146140983E0,7.065160267E0,7.487406223E0
1.024313083E1,-1.608598628E-1,5.094098369E0,3.892895502E0,6.413294745E0
1.025308483E1,-3.582931458E-1,5.532242517E0,1.172087826E0,5.666380778E0
1.026303783E1,-1.409737381E0,4.486182654E-1,-5.675747223E0,5.865383566E0
1.027299183E1,1.255540019E0,-3.182986804E0,-1.250833566E1,1.296789291E1
1.028294583E1,9.232353346E-2,-9.612077597E0,-6.842012976E0,1.179888558E1
1.029289883E1,9.338568384E-1,-3.721839886E0,3.902384364E0,5.472913708E0
1.030285283E1,-1.154043026E0,5.394445864E0,1.214285661E1,1.333719716E1
1.031280683E1,-3.017568489E0,1.070992742E1,6.485884214E0,1.287924528E1
1.032275983E1,1.409004579E0,5.820167018E0,-1.527729515E0,6.180096722E0
1.033271383E1,-8.287348645E-1,-5.445209636E0,-1.507583519E0,5.710509393E0
1.034266783E1,7.764793215E-1,-1.065018291E0,-5.333621957E0,5.494061092E0
1.035262083E1,1.454749540E0,1.233473065E0,4.941300684E0,5.296621988E0
1.036257483E1,-1.599227551E-1,5.283211942E0,6.315687554E0,8.235642840E0
1.037252783E1,-1.536189559E0,9.047344154E-1,-4.818433142E-1,1.846779820E0
1.038248183E1,1.557833028E0,-4.520242100E0,-7.856596693E0,9.197039958E0
1.039243583E1,-2.886761231E-1,-4.074994170E0,-7.590994524E0,8.620447161E0
1.040238908E1,4.237442465E-1,-2.025964914E0,6.919694406E0,7.222621663E0
1.041234208E1,8.216494279E-1,7.382080525E0,7.295319539E0,1.041114345E1
1.042229608E1,-1.487486492E0,8.373111073E0,5.918936430E0,1.036124575E1
1.043225008E1,-1.368722964E0,-8.420633733E-2,-3.588494718E-1,1.417485874E0
1.044220308E1,-5.115942032E-1,-5.665556111E0,-1.028984591E1,1.175760109E1
1.045215708E1,-4.090362608E-2,-7.491685998E0,-5.177164500E0,9.106594559E0
1.046211008E1,-7.368563955E-1,-2.959275257E0,-2.715939285E0,4.083698519E0
1.047206408E1,5.311902694E-1,-2.799280234E0,4.112819223E0,5.003340374E0
1.048201808E1,-9.395365313E-1,-4.072018522E-1,-4.911666995E-1,1.135687884E0
1.049197108E1,-2.588063346E-1,-8.873816335E-1,-7.738718580E0,7.793727744E0
1.050192508E1,-1.262140210E0,-2.277463015E0,-1.427629861E0,2.969505466E0
1.051187908E1,1.425014648E-2,3.931427484E0,5.352575122E0,6.641263853E0
1.052183208E1,1.299354229E0,6.895837766E0,5.168832802E0,8.715373339E0
1.053178608E1,-9.962095727E-1,1.228008842E0,-2.828812766E0,3.240774737E0
1.054174008E1,-9.750169974E-2,-1.411679826E0,-3.936142094E0,4.182769549E0
1.055169408E1,1.241874930E0,-1.591799796E0,6.430848466E0,6.740318385E0
1.056164708E1,3.795689708E-1,5.276089448E0,2.551899742E0,5.873106909E0
1.057160108E1,-3.880686662E-1,-6.714334345E-1,-7.623869324E0,7.663211052E0
1.058155408E1,1.139688623E0,-7.686369628E0,-9.145030662E0,1.200044808E1
1.059150808E1,-1.341922105E-1,-7.932733873E0,-1.409917826E1,1.617816745E1
1.060146208E1,-7.092350990E-1,-8.373153757E0,-3.175146273E-1,8.409133951E0
1.061141508E1,-5.959280464E-1,9.711642816E0,1.454591490E1,1.750013647E1
1.062136908E1,-2.734353044E0,1.602290052E1,1.334929040E1,2.103362978E1
1.063132308E1,1.172637026E0,6.769636726E0,5.279260978E0,8.664505495E0
1.064127608E1,2.717536159E0,-5.829754112E0,-5.913259953E0,8.737143644E0
1.065123008E1,-1.411504995E0,-8.482096741E0,-1.443148372E1,1.679898907E1
1.066118408E1,4.335955112E0,-6.671094185E0,-5.705500195E0,9.790645374E0
1.067113708E1,8.386420213E-1,1.684443081E0,2.415246220E0,3.061712468E0
1.068109108E1,2.348695696E0,7.095573390E0,2.198177109E0,7.790732688E0
1.069104508E1,1.405282534E0,7.915686901E0,5.533396758E0,9.759682259E0
1.070099908E1,-7.686548699E-2,6.535242316E0,4.981733596E0,8.217844611E0
1.071095208E1,1.430918043E0,-9.246354139E-1,2.332329193E0,2.888293018E0
1.072090608E1,-3.356472450E-1,-5.632615821E0,-7.379153409E0,9.289290882E0
1.073085908E1,-6.502087360E-2,-1.730926107E0,2.497785516E0,3.039615993E0
1.074081308E1,1.385909978E0,2.149603704E0,7.821201743E0,8.228775076E0
1.075076708E1,-2.455552247E0,1.039677043E0,9.784257048E-1,2.840419344E0
1.076072008E1,1.793740698E0,-4.986910720E0,-8.118689364E0,9.695354620E0
1.077067408E1,-2.846461125E-2,-4.837821924E0,-7.403874267E0,8.844358958E0
1.078062808E1,1.986840207E-1,-2.863721228E0,4.354257190E0,5.215355241E0
1.079058208E1,1.114189793E0,2.989750945E0,1.135290129E1,1.179272645E1
1.080053508E1,9.173973649E-1,4.286818913E0,5.515127133E0,7.045215511E0
1.081048908E1,-8.038677527E-1,8.044125670E-1,-3.518690658E0,3.697900335E0
1.082044208E1,3.300273764E-1,-6.910402595E0,-6.662446153E0,9.604726485E0
1.083039608E1,7.337492582E-1,-1.120634200E1,-4.935833538E0,1.226714888E1
1.084035008E1,-3.253485075E-1,-3.546360852E0,5.729177325E0,6.745813499E0
1.085030408E1,1.067011789E-1,8.802556903E0,1.205563370E1,1.492764874E1
1.086025708E1,-2.033016217E0,8.094354422E0,2.683218850E0,8.766492563E0
1.087021108E1,-8.557522899E-1,-5.351880473E-1,-4.467806609E0,4.580396721E0
1.088016408E1,-1.000946987E0,-3.418787470E0,-1.191870477E1,1.243967548E1
1.089011808E1,7.653681500E-1,-7.566122807E0,-9.955644786E-2,7.605387184E0
1.090007208E1,1.403376926E0,-3.180399411E0,5.325959766E0,6.360051465E0
1.091002508E1,-9.741130909E-1,2.061412489E-1,-2.781769285E0,2.954594876E0
1.091997908E1,-2.794637435E-1,1.499080498E0,-3.331482693E0,3.663894002E0
1.092993308E1,-1.140569872E0,1.950447539E0,3.266856927E0,3.972090056E0
1.093988708E1,1.194539965E0,1.441011799E0,9.757768577E0,9.935667483E0
1.094984008E1,4.016143991E-1,3.281262712E0,1.985660056E0,3.856270863E0
1.095979408E1,-1.110018097E0,4.669989878E-1,-9.099641066E0,9.178981194E0
1.096974808E1,1.062348379E0,3.133138706E0,-7.085942441E0,7.820212434E0
1.097970108E1,-4.699919582E-1,-3.685614631E0,-2.570599138E0,4.518033597E0
1.098965508E1,2.085818768E0,-4.646753628E0,5.737719523E0,7.672312854E0
1.099960908E1,-1.102753443E0,2.489149178E0,3.810484260E0,4.683131333E0
1.100956208E1,-1.215632114E0,9.305336757E0,5.444977502E0,1.084964670E1
1.101951608E1,5.352590179E-1,6.775041307E0,4.638250607E0,8.228065120E0
1.102947008E1,6.277800228E-1,-1.470030946E-1,5.014049987E0,5.055335295E0
1.103942308E1,-2.202130850E0,6.819894129E-1,-7.634780813E0,7.975234662E0
1.104937708E1,1.644165998E0,-1.747498870E0,-2.377698909E0,3.377941123E0
1.105933108E1,-1.306882227E0,-1.179175236E0,4.382044328E0,4.722362532E0
1.106928408E1,-1.275916834E0,3.375381249E-1,-3.148157864E0,3.413618856E0
1.107923808E1,6.145727706E-1,-5.957402923E0,-7.044134265E0,9.245981658E0
1.108919208E1,2.121928979E-1,-6.387762088E0,-4.972566916E0,8.097836257E0
1.109914508E1,8.726432879E-1,-4.490520703E0,1.617108300E0,4.851939998E0
1.110909908E1,-1.188372980E0,5.177511824E0,6.886162378E0,8.697016231E0
1.111905308E1,3.757532241E-1,6.856237498E0,9.169276142E0,1.145533972E1
1.112900608E1,7.745909632E-1,2.474084997E0,7.522016090E0,7.956243699E0
1.113896008E1,-1.443422021E0,-4.381915104E-1,-8.437119373E0,8.570907901E0
1.114891408E1,2.052996884E0,-5.099914010E0,-7.622454883E0,9.398177353E0
1.115886708E1,-1.331255322E0,-3.086453367E0,-4.153278740E0,5.343047764E0
1.116882108E1,9.350253314E-1,-2.785419994E0,4.663344517E-1,2.974946173E0
1.117877508E1,2.313281304E-1,-4.761062601E0,-6.726812303E-1,4.813910035E0
1.118872808E1,-1.634322064E0,3.743387461E-2,-3.575668851E0,3.931643121E0
1.119868208E1,-3.456330103E-1,4.366326427E-1,-2.746065894E-1,6.209017808E-1
1.120863608E1,-1.147808433E0,5.377909938E0,5.012824996E0,7.440953832E0
1.121858908E1,-4.701890825E-1,7.212502500E0,1.219633875E0,7.329991602E0
1.122854308E1,1.506519398E-1,9.164031190E-1,1.596703271E0,1.847146995E0
1.123849708E1,-1.495545710E0,-4.099075343E0,3.337532222E-1,4.376124638E0
1.124845008E1,1.151121246E-1,-4.332338902E0,1.114072922E-1,4.335299614E0
1.125840408E1,6.487756931E-1,-1.040721356E0,7.668430370E-1,1.446395203E0
1.126835808E1,-6.124046230E-1,1.710710528E0,-4.752140919E0,5.087672675E0
1.127831108E1,-3.581376464E-1,1.198169332E0,-1.713344406E0,2.121183956E0
1.128826508E1,-2.280929573E-1,-1.705243381E0,3.621052015E0,4.008977311E0
1.129821908E1,8.869402053E-2,2.997132470E0,1.841581447E0,3.518819674E0
1.130817208E1,-7.619823197E-1,5.428780130E0,-3.806636208E0,6.674035508E0
1.131812608E1,-1.517019719E-1,2.257803506E0,1.019945906E0,2.482132110E0
1.132808008E1,-1.170981752E0,-3.974415629E0,4.671449928E0,6.244167061E0
1.133803308E1,-1.245005821E0,-1.061769578E0,5.874375969E-1,1.738527268E0
1.134798708E1,1.736609162E0,2.070770373E0,-3.656030059E-2,2.702820374E0
1.135794108E1,-2.347093925E-1,3.908333906E0,-3.909988668E0,5.533369119E0
1.136789408E1,6.575879222E-2,4.788974869E-1,-3.443993062E0,3.477751463E0
1.137784808E1,5.983342487E-1,-4.630240506E0,2.870257831E-1,4.677554363E0
1.138780208E1,2.095426839E-1,-3.255475321E0,1.211274988E0,3.479829709E0
1.139775508E1,9.269254028E-1,1.504434208E0,4.419308048E0,4.759495416E0
1.140770942E1,-3.811485596E-2,6.226938515E0,6.792102313E0,9.214600905E0
1.141766342E1,-1.454676742E0,7.826584105E0,1.353776838E1,1.570486154E1
1.142761642E1,-1.759261129E0,-1.700699510E0,5.873287802E0,6.362616455E0
1.143757042E1,-1.224298930E0,-3.579557249E0,-8.452371250E0,9.260384318E0
1.144752442E1,7.697757080E-1,-6.323985922E0,-1.249925142E1,1.402913535E1
1.145747742E1,-2.003492895E0,-1.029823315E1,-1.304868270E1,1.674322878E1
1.146743142E1,-2.136426419E0,-1.122514898E1,-1.361608598E1,1.777543488E1
1.147738542E1,2.103137782E0,-6.784047773E0,-5.525282577E-1,7.124028369E0
1.148733842E1,-7.756378341E-1,9.232119092E0,1.374050304E1,1.657211697E1
1.149729242E1,-1.031939130E0,1.567070167E1,1.610688759E1,2.249594668E1
1.150724642E1,5.600315510E-1,1.308806838E1,9.109048651E0,1.595574933E1
1.151719942E1,1.438497935E0,1.269874907E0,6.302858763E0,6.588466223E0
1.152715342E1,1.638820035E0,-1.156241287E1,4.874477242E0,1.265447158E1
1.153710742E1,2.209900338E0,-8.735118626E0,-2.318043276E0,9.303724068E0
1.154706042E1,3.692132230E0,-1.160152606E1,-7.073013663E0,1.408029722E1
1.155701442E1,8.776255542E-1,-7.652798424E0,-8.537516066E0,1.149890129E1
1.156696842E1,5.764318945E-1,2.044660217E-1,1.139783129E-1,6.221504150E-1
1.157692142E1,6.901212819E-3,4.168507521E0,1.113357457E1,1.188835502E1
1.158687542E1,-1.627806950E0,9.152960656E0,5.203860548E0,1.065394804E1
1.159682942E1,5.756973746E-1,6.456386181E0,8.646383035E0,1.080630786E1
1.160678242E1,5.053463071E-1,1.296977921E0,4.423898697E0,4.637715634E0
1.161673642E1,1.823925048E0,-3.689796560E0,2.041929859E0,4.594646753E0
1.162669042E1,-1.967551157E-1,-5.755810223E0,1.215544333E0,5.886052321E0
1.163664342E1,1.402372082E0,-3.521378038E0,1.137748298E0,3.957426175E0
1.164659742E1,1.462158401E0,-1.652053015E0,1.656288153E-1,2.212378642E0
1.165655142E1,-4.522547219E-1,-3.339779307E0,-2.039142199E0,3.939132019E0
1.166650442E1,2.072472863E-1,-3.769856052E0,-2.829212716E0,4.717966795E0
1.167645842E1,-8.132165004E-1,1.754907292E-1,3.608717313E0,3.703371264E0
1.168641242E1,-1.257516670E0,3.699952589E0,3.317022529E0,5.125781481E0
1.169636542E1,-1.552375383E0,-6.934061015E-1,3.116092318E0,3.549748257E0
1.170631942E1,-9.329128785E-1,-3.187710770E0,3.939205450E0,5.152588279E0
1.171627342E1,-1.171623557E0,-2.936037837E0,4.021779245E-1,3.186654519E0
1.172622642E1,-8.982534347E-1,2.006597766E0,1.554693073E0,2.692650067E0
1.173618042E1,-3.788565972E-1,2.553768513E0,9.903326240E0,1.023431173E1
1.174613442E1,-2.845287662E-1,-2.709050095E-1,3.885204952E0,3.905017754E0
1.175608842E1,1.622862545E-1,-3.014435551E0,2.682196757E0,4.038234510E0
1.176604142E1,-1.164405900E0,-3.830802750E0,-1.736278648E0,4.364121258E0
1.177599542E1,2.239097386E0,-4.795013289E0,-3.362893935E0,6.270148736E0
1.178594942E1,-5.287752597E-1,-4.225372277E0,-2.194469975E0,4.790519035E0
1.179590242E1,-2.367320860E-2,8.806234217E-1,4.407738163E0,4.494909759E0
1.180585642E1,1.069486898E-1,5.671201597E0,3.409401519E0,6.618004556E0
1.181581042E1,-2.315236832E-1,4.751404755E0,4.286946674E0,6.403699099E0
1.182576342E1,4.006955457E-1,-2.518219780E0,7.390984665E0,7.818480805E0
1.183571742E1,2.783425765E-1,-3.287426847E0,2.232362271E0,3.983477271E0
1.184567142E1,-4.293039893E-2,-5.220902258E0,1.733647401E0,5.501381346E0
1.185562442E1,-7.817494901E-1,-2.417037807E0,4.742702928E0,5.380189131E0
1.186557842E1,4.247171501E-1,-8.447045606E-1,6.834748396E0,6.899833048E0
1.187553242E1,-4.004793449E-1,-1.661750622E0,4.594607574E0,4.902266577E0
1.188548542E1,-7.793908694E-1,-3.708204179E0,2.083397436E0,4.324207816E0
1.189543942E1,3.768983282E-1,-2.453429123E0,-1.737398390E0,3.029838275E0
1.190539342E1,6.828281138E-2,1.698119134E0,-3.960500425E0,4.309737202E0
1.191534642E1,-9.682523170E-3,6.883535224E-1,-1.085447878E0,1.285348754E0
1.192530042E1,3.490313389E-1,-2.777771836E0,8.776343250E-1,2.933953179E0
1.193525442E1,1.209184280E-1,-3.958742752E0,2.659365134E0,4.770585746E0
1.194520742E1,-2.041272778E0,1.225618501E0,2.706273252E0,3.604559638E0
1.195516142E1,-1.735053218E0,2.086027513E0,5.626356962E0,6.246424026E0
1.196511542E1,1.575396127E-1,-4.441471335E0,6.138290048E0,7.578264383E0
1.197506842E1,-1.073885374E0,-2.724871491E0,2.063721555E0,3.582890048E0
1.198502242E1,-1.399649198E-1,2.561347089E0,2.585223609E0,3.641904749E0
1.199497642E1,-2.125502176E-2,-5.844783211E-1,3.900902680E0,3.944503568E0
1.200492942E1,-7.224852551E-2,3.302378762E-1,3.085604644E0,3.104067158E0
1.201488342E1,1.430422930E0,-4.017485050E0,5.142309247E0,6.680541915E0
1.202483742E1,8.171412246E-1,-6.085523019E0,2.471803413E0,6.618997078E0
1.203479042E1,7.073346077E-1,-4.083436965E0,7.208921081E-1,4.206478946E0
1.204474442E1,-1.077491096E-1,-1.190355697E0,5.092983305E-1,1.299207969E0
1.205469842E1,2.791268343E-1,-1.148673820E-1,2.814838213E0,2.830975180E0
1.206465142E1,6.749453818E-2,3.354763967E-1,4.040347663E0,4.054813086E0
1.207460542E1,5.233964791E-1,4.494742978E-1,1.745364344E0,1.876770554E0
1.208455942E1,1.621819182E-1,8.150773036E-1,9.471854934E-1,1.260085054E0
1.209451242E1,9.939360291E-2,-2.454313222E0,2.183600585E0,3.286585461E0
1.210446642E1,7.926573247E-1,-5.193236157E0,3.344919595E0,6.227880419E0
1.211442042E1,6.013662859E-1,-2.942608938E0,2.284416816E0,3.773479689E0
1.212437342E1,3.858611961E-1,-1.024722789E0,4.097297205E0,4.241083593E0
1.213432742E1,-1.710512673E-1,-3.055871844E-2,3.934409856E0,3.938244951E0
1.214428142E1,4.053402449E-1,-3.624572039E-1,3.094914873E0,3.142319845E0
1.215423542E1,1.745751831E-1,-1.684027344E-1,2.459761365E0,2.471692122E0
1.216418842E1,5.980539478E-2,-2.671815026E-1,4.040285683E0,4.049551955E0
1.217414242E1,1.689008806E-1,9.419338167E-2,3.904125372E0,3.908912230E0
1.218409642E1,-4.778856263E-3,-2.145215369E0,3.340757254E0,3.970217985E0
1.219404942E1,6.515296586E-2,-4.361714728E0,2.933726725E0,5.256952804E0
1.220400342E1,-4.845361032E-1,-4.110493786E0,1.810000343E0,4.517414707E0
1.221395742E1,-1.280878635E-1,-2.454298604E0,2.907878231E0,3.807327664E0
1.222391042E1,4.263453439E-2,6.922974694E-1,4.334554996E0,4.389699364E0
1.223386442E1,4.864015477E-2,2.346103479E0,4.417384899E0,5.001985281E0
1.224381842E1,1.651813571E-1,1.493946642E0,1.379340046E0,2.040034415E0
1.225377142E1,8.495378691E-1,-5.486138391E-1,-2.495474696E-1,1.041616856E0
1.226372542E1,8.931260844E-1,-1.620174580E0,5.929041588E-1,1.942723658E0
1.227367942E1,1.081308341E0,-2.153458773E0,1.706172504E0,2.952564484E0
1.228363242E1,1.593042622E0,-1.788551586E0,1.407096194E0,2.777880716E0
1.229358642E1,1.463330475E0,-1.561550395E0,1.650474851E0,2.702562294E0
1.230354042E1,1.422125439E0,-1.487725790E0,6.416038638E-1,2.155788558E0
1.231349342E1,1.269550532E0,4.622025168E-1,-2.219591367E-1,1.369180623E0
1.232344742E1,-7.553367399E-2,2.500620246E0,1.431260690E0,2.882241161E0
1.233340142E1,5.472876906E-2,2.189519137E0,2.846535384E0,3.591622612E0
1.234335442E1,4.050165284E-2,1.659907579E-2,1.367603222E0,1.368303507E0
1.235330842E1,-9.622735756E-1,-1.738768977E0,-7.695578992E-2,1.988771023E0
1.236326242E1,-1.226653896E0,-3.766692123E0,-2.298254544E0,4.579806031E0
1.237321542E1,-1.705047061E0,-4.736937574E0,-4.415221429E0,6.696263385E0
1.238316942E1,-1.624903223E0,-1.391390573E0,-1.649034974E0,2.701035830E0
1.239312342E1,-3.909071971E-2,3.778828604E0,1.988076711E0,4.270072916E0
1.240307642E1,1.679132128E-1,5.727614949E0,2.044271961E0,6.083815884E0
1.241303046E1,-7.955057227E-1,2.111617852E0,1.526629069E0,2.724400049E0
1.242298446E1,-1.945350740E-1,-2.150199535E0,-1.425140117E0,2.586933762E0
1.243293746E1,1.079077117E0,-2.756856346E0,-1.993558475E0,3.569165131E0
1.244289146E1,4.781792661E-1,-1.605596886E0,-1.014530507E0,1.958537445E0
1.245284546E1,4.947852855E-1,2.606226808E-1,9.488610131E-1,1.101396333E0
1.246279846E1,4.708290968E-1,4.605079937E-1,2.208287822E0,2.304405077E0
1.247275246E1,5.244387819E-1,2.487908399E-1,2.913386893E0,2.970649105E0
1.248270646E1,1.488244145E0,-3.849099272E-1,3.021235278E0,3.389821366E0
1.249265946E1,-8.959830339E-1,-1.971127971E0,1.381963107E0,2.568648109E0
1.250261346E1,3.056830422E-1,-2.963953614E0,-5.327076584E-1,3.026919325E0
1.251256746E1,-8.925094955E-1,-2.026723883E0,3.053301993E0,3.771847817E0
1.252252146E1,4.827538718E-1,8.133535445E-1,5.964061732E0,6.038594840E0
1.253247446E1,-1.728380521E0,5.325018364E-1,5.772397020E0,6.049084624E0
1.254242846E1,-1.971686088E0,-3.361451427E0,2.230554897E0,4.490242407E0
1.255238246E1,-1.829508408E0,-4.584688357E0,1.699656367E0,5.220660889E0
1.256233546E1,-5.216601119E-1,-2.060662876E0,3.772459817E0,4.330117069E0
1.257228946E1,-1.520815768E0,7.130129850E-1,4.993783538E0,5.268694538E0
1.258224346E1,-9.823621966E-1,2.183064981E0,4.760705920E0,5.328708010E0
1.259219646E1,3.652177475E-1,-2.055477566E-1,3.052924263E0,3.081554873E0
1.260215046E1,-3.386698535E-1,-2.575159382E0,-4.926407826E-1,2.643641059E0
1.261210446E1,-5.170738117E-1,-2.942498426E0,-8.528815994E-1,3.106938901E0
1.262205746E1,4.569987141E-1,-9.801979959E-1,3.593137407E-1,1.139623754E0
1.263201146E1,2.690145316E-1,2.979437041E-1,1.654772555E0,1.702765831E0
1.264196546E1,7.129226455E-1,1.268134190E0,1.187307544E0,1.877797174E0
1.265191846E1,1.766265509E-1,1.937983614E-1,2.580124837E-1,3.678657161E-1
1.266187246E1,7.051219482E-1,-4.912304342E-2,-1.340463079E0,1.515404666E0
1.267182646E1,1.644529402E-1,1.084494781E-1,1.414710438E-1,2.425285862E-1
1.268177946E1,5.111358181E-1,1.159098821E0,8.861817849E-1,1.545990963E0
1.269173346E1,2.506212523E0,7.409112203E-1,1.485122609E0,3.005934100E0
1.270168746E1,1.216545595E0,-1.132434933E0,5.987999064E-1,1.766622029E0
1.271164046E1,5.117564269E-1,-3.113334187E0,-9.313374925E-1,3.289701191E0
1.272159446E1,4.683551764E-1,-2.484679567E0,-1.732319206E0,3.064950073E0
1.273154846E1,7.371255867E-2,-2.486236095E-3,-4.583377996E-1,4.642340587E-1
1.274150146E1,8.889939301E-1,2.206851454E0,2.453158396E0,3.417380527E0
1.275145546E1,1.466826964E0,1.755655151E0,4.038773300E0,4.641723400E0
1.276140946E1,-2.161051968E-1,2.856423318E-1,1.856751171E0,1.890983318E0
1.277136246E1,1.029386820E0,-1.607363915E0,-2.813826352E-1,1.929360559E0
1.278131646E1,9.969380627E-1,-2.358941626E0,-4.329062122E-1,2.597286831E0
1.279127046E1,6.608196417E-1,-2.367210174E0,8.889095110E-1,2.613527640E0
1.280122446E1,3.105306398E-1,-2.152004571E0,1.376082562E0,2.573160735E0
1.281117746E1,8.916521475E-2,-1.099533235E0,1.282839061E0,1.691921933E0
1.282113146E1,-2.098616861E-2,-1.335535630E0,2.202284194E0,2.575684668E0
1.283108546E1,-8.087411146E-1,-2.711634564E-1,3.736649714E0,3.832772221E0
1.284103846E1,3.783827535E-1,-5.287929475E-2,4.284342032E0,4.301343555E0
1.285099246E1,6.214609368E-1,2.512297136E-1,3.695880588E0,3.756176698E0
1.286094646E1,-9.186654067E-1,-8.883546102E-1,3.902943943E0,4.106834725E0
1.287089946E1,-4.705103139E-1,-1.908698419E0,3.822470468E0,4.298347367E0
1.288085346E1,-1.316223446E0,-4.042193044E0,3.018061994E0,5.213488944E0
1.289080746E1,-1.488117261E0,-3.281533438E0,1.803749084E0,4.029449770E0
1.290076046E1,-7.206585118E-1,-1.940441784E0,3.146207818E0,3.766070451E0
1.291071446E1,5.212672886E-1,-1.357242249E0,4.956946079E0,5.165766210E0
1.292066846E1,-5.801926775E-1,-7.143157446E-1,4.151358806E0,4.252134813E0
1.293062146E1,-9.527594979E-1,-6.449063712E-1,3.245461965E0,3.443352763E0
1.294057546E1,1.185196260E-1,-1.614529093E0,3.910754068E0,4.232581775E0
1.295052946E1,-1.050115785E0,-1.746961511E0,2.957087814E0,3.591515839E0
1.296048246E1,-3.137384223E-1,-2.209803128E0,2.335607142E0,3.230591647E0
1.297043646E1,-2.600074075E-1,-1.623956559E0,1.941814125E0,2.544696613E0
1.298039046E1,-5.815308858E-1,-6.255398083E-1,1.373325015E0,1.617250698E0
1.299034346E1,-2.116963231E-1,9.991137385E-3,1.143894891E0,1.163361800E0
1.300029746E1,-4.417807507E-1,5.685054821E-1,3.103058875E-1,7.840015680E-1
1.301025146E1,-3.159195799E-1,4.890470839E-1,-5.277632529E-1,7.858156796E-1
1.302020446E1,-5.629291387E-1,-2.123632711E-1,-1.183676423E0,1.327809191E0
1.303015846E1,-5.355757177E-1,-6.167859417E-1,-1.098975996E0,1.369311684E0
1.304011246E1,-6.680322553E-1,-2.015564471E-1,-9.884931484E-1,1.209963140E0
1.305006546E1,-4.283402677E-1,-1.457716709E-1,-1.196603447E-1,4.680206866E-1
1.306001946E1,-6.411641532E-1,7.843729895E-1,-3.215664554E-1,1.062891078E0
1.306997346E1,-5.108079354E-1,1.004728235E0,-1.310068667E-3,1.127122571E0
1.307992746E1,-6.605470884E-1,1.134154599E0,-2.842235050E-1,1.342911803E0
1.308988046E1,-7.108888377E-1,6.226834434E-1,-7.035703164E-1,1.178180292E0
1.309983446E1,-5.000433576E-1,1.330036908E-1,-1.128621964E0,1.241579993E0
1.310978846E1,-2.946525988E-1,-3.735183817E-1,-1.192478821E0,1.283877671E0
1.311974146E1,-2.359179023E-1,-1.351560509E-1,-9.838571835E-1,1.020734722E0
1.312969546E1,4.701896672E-1,1.830728137E-1,-2.727863511E-1,5.735907702E-1
1.313964946E1,2.797791825E-1,8.370394456E-1,-2.041338998E-1,9.058598532E-1
1.314960246E1,7.923912764E-2,6.241429085E-1,-3.050837392E-1,6.992204927E-1
1.315955646E1,3.783398496E-1,2.179192954E-1,-5.438267237E-1,6.974076043E-1
1.316951046E1,2.737254140E-1,-1.314220190E-2,-6.546612811E-1,7.097039613E-1
1.317946346E1,2.690333158E-1,-1.444028378E-1,-3.741785324E-1,4.829499753E-1
1.318941746E1,5.320308432E-1,-2.630171156E-1,3.872961760E-2,5.947560882E-1
1.319937146E1,5.270878994E-1,-4.376582444E-2,1.608086631E-1,5.528078574E-1
1.320932446E1,6.393969785E-1,-1.109830767E-1,3.812144870E-1,7.526421623E-1
1.321927846E1,9.876650365E-1,1.245316601E-1,4.560717112E-1,1.094984824E0
1.322923246E1,9.313689213E-1,1.874348366E-1,4.759630617E-1,1.062600923E0
1.323918546E1,7.418985227E-1,-1.643605542E-1,5.195979086E-1,9.205486388E-1
1.324913946E1,7.562351646E-1,-1.672596037E-1,1.893515539E-1,7.973213970E-1
1.325909346E1,9.099923779E-1,-2.590030020E-1,3.531308949E-1,1.009886188E0
1.326904646E1,7.144369282E-1,-9.573353827E-2,4.404163760E-1,8.447198464E-1
1.327900046E1,7.298474112E-1,1.413915217E-2,2.892018244E-1,7.851845990E-1
1.328895446E1,7.917122684E-1,-1.714988351E-3,1.226254678E-1,8.011543313E-1
1.329890846E1,5.733456610E-1,-3.666204214E-2,-4.887804508E-2,5.765920704E-1
1.330886146E1,6.080924477E-1,1.286118472E-1,-2.627434659E-1,6.747974222E-1
1.331881546E1,6.069873239E-1,1.023063934E-1,-1.790452516E-1,6.410596007E-1
1.332876946E1,1.938445544E-1,1.054451787E-1,-2.316029495E-1,3.198973636E-1
1.333872246E1,2.386511832E-1,1.421680319E-1,-2.453216869E-1,3.706060801E-1
1.334867646E1,2.324692145E-1,1.914735085E-1,-2.495299280E-1,3.911128035E-1
1.335863046E1,4.541576251E-2,1.595149666E-1,-1.668158001E-1,2.352341965E-1
1.336858346E1,4.022504300E-2,8.922207892E-2,-2.166890413E-1,2.377662172E-1
1.337853746E1,-4.260880664E-2,-1.228880078E-1,-2.696513665E-1,2.993807480E-1
1.338849146E1,-6.424555108E-2,-3.711227775E-3,-1.997929269E-1,2.099011141E-1
1.339844446E1,1.270784149E-1,-8.760298491E-3,1.572105789E-1,2.023384108E-1
1.340839804E1,9.924055204E-2,4.019434512E-2,3.276879054E-1,3.447370533E-1
1.341835204E1,2.792834848E-2,-4.264959097E-3,3.099915996E-1,3.112763633E-1
1.342830504E1,-4.632763579E-2,-1.720683539E-1,3.551467225E-1,3.973448914E-1
1.343825904E1,-1.309295373E-1,-1.915220404E-1,3.446375218E-1,4.154494640E-1
1.344821304E1,-2.445948780E-1,-2.371326613E-1,4.888915479E-1,5.958804402E-1
1.345816604E1,-3.209988369E-1,-1.752205878E-1,4.726427203E-1,5.976066004E-1
1.346812004E1,-3.983719718E-1,-7.505310595E-2,3.305261439E-1,5.230494513E-1
1.347807404E1,-3.527500950E-1,-2.275911748E-2,3.142281997E-1,4.729587386E-1
1.348802704E1,-2.315213808E-1,6.771075726E-2,2.623467323E-1,3.563884179E-1
1.349798104E1,-1.902672279E-1,6.453104138E-2,1.066865426E-1,2.274816293E-1
1.350793504E1,-8.478228807E-2,-4.869502723E-2,-4.580913395E-2,1.079709165E-1
1.351788804E1,-6.024459377E-2,-9.007284880E-2,-2.094200751E-1,2.357950318E-1
1.352784204E1,5.575407833E-2,-1.085944891E-2,-1.580709967E-1,1.679669160E-1
1.353779604E1,1.625575653E-1,1.182774782E-1,-8.716941386E-2,2.191187591E-1
1.354775004E1,1.739613900E-1,1.381410545E-1,-6.379195333E-2,2.311167009E-1
1.355770304E1,1.231251124E-1,9.106044352E-2,-1.004972649E-1,1.831706797E-1
1.356765704E1,1.050341195E-1,-6.461173296E-3,-1.495612514E-1,1.828728546E-1
1.357761104E1,1.499082837E-1,9.338529646E-2,-1.438707411E-1,2.277983697E-1
1.358756404E1,1.709785791E-1,8.844206035E-2,1.200257957E-2,1.928723268E-1
1.359751804E1,2.035958098E-1,1.527614325E-1,6.788325012E-2,2.634301514E-1
1.360747204E1,3.248237930E-1,9.623464465E-2,6.901907176E-2,3.457386811E-1
1.361742504E1,3.731391898E-1,4.534164906E-2,1.118648368E-1,3.921765697E-1
1.362737904E1,4.040244752E-1,4.034286439E-2,1.211016834E-1,4.237085567E-1
1.363733304E1,3.936854285E-1,-7.174241245E-2,1.629446509E-1,4.320719265E-1
1.364728604E1,2.912233530E-1,-1.110807252E-1,1.599780661E-1,3.503469002E-1
1.365724004E1,2.166858253E-1,-1.191779494E-1,1.024133974E-1,2.676651537E-1
1.366719404E1,2.110831694E-1,-7.118692696E-2,1.452746576E-1,2.659481324E-1
1.367714704E1,3.218117461E-2,5.006619930E-2,1.547260970E-1,1.657782175E-1
1.368710104E1,2.297955751E-2,5.414521694E-2,1.928446805E-1,2.016155634E-1
1.369705504E1,3.171310499E-2,5.260330617E-2,1.265922189E-1,1.407068539E-1
1.370700804E1,-9.895228431E-2,-4.213562071E-2,3.858636081E-2,1.142622962E-1
1.371696204E1,-1.071828251E-1,-5.613385499E-2,5.060648203E-2,1.311494708E-1
1.372691604E1,-1.325617875E-1,-4.500543416E-2,3.651820064E-2,1.446779029E-1
1.373687004E1,-2.293544027E-1,-9.648490548E-3,2.015038222E-2,2.304399560E-1
1.374682304E1,-2.461265561E-1,2.334091544E-2,1.803193599E-2,2.478875363E-1
1.375677704E1,-3.043695018E-1,1.416195631E-2,8.756790161E-3,3.048245987E-1
1.376673104E1,-4.166785808E-1,4.661575735E-2,4.843190253E-2,4.220660111E-1
1.377668404E1,-4.409733233E-1,2.261176765E-2,3.676495314E-2,4.430806085E-1
1.378663804E1,-4.190050417E-1,5.831428170E-3,5.835638165E-2,4.230894679E-1
1.379659204E1,-3.998584802E-1,-6.065375268E-2,1.185464501E-1,4.214486241E-1
1.380654504E1,-3.469479029E-1,-3.312798500E-2,1.268652838E-1,3.708977096E-1
1.381649904E1,-3.014108106E-1,4.981243014E-3,1.348151582E-1,3.302247968E-1
1.382645304E1,-3.352724750E-1,-1.301180899E-2,1.710006523E-1,3.765875234E-1
1.383640604E1,-2.876248303E-1,-3.047802687E-2,1.345985189E-1,3.190199279E-1
1.384636004E1,-2.886780600E-1,-6.885330319E-2,6.718392313E-2,3.042851939E-1
1.385631404E1,-3.214992124E-1,-5.356809676E-2,8.326376617E-2,3.363987802E-1
1.386626704E1,-3.210812826E-1,1.106819451E-2,8.932031214E-2,3.334573633E-1
1.387622104E1,-2.899258558E-1,-1.145118713E-2,9.684333980E-2,3.058868484E-1
1.388617504E1,-2.811331053E-1,1.140967190E-2,7.085948288E-2,2.901500816E-1
1.389612804E1,-2.243193653E-1,-3.310459614E-2,4.293522745E-2,2.307780876E-1
1.390608204E1,-2.142504600E-1,-2.351984024E-2,6.763971359E-2,2.259016895E-1
1.391603604E1,-2.591504981E-1,-1.462271690E-2,6.578643858E-2,2.677697892E-1
1.392599004E1,-2.329241279E-1,-9.172527194E-3,8.359588802E-2,2.476409843E-1
1.393594304E1,-1.954597016E-1,2.831221819E-3,1.179406786E-1,2.283035576E-1
1.394589704E1,-2.163462482E-1,-6.861122847E-3,1.048049086E-1,2.404929168E-1
1.395585104E1,-2.015412444E-1,3.517684937E-3,1.037939250E-1,2.267254423E-1