"Time (s)","Linear Acceleration x (m/s^2)","Linear Acceleration y (m/s^2)","Linear Acceleration z (m/s^2)","Absolute acceleration (m/s^2)"
-2.338291728E-3,2.042432976E-1,1.757029831E-2,-9.326075077E-2,2.252145813E-1
7.615708280E-3,2.087196700E-1,2.502783716E-2,-9.353790879E-2,2.300861440E-1
1.757070830E-2,2.177236878E-1,2.022727311E-2,-9.759529173E-2,2.394526838E-1
2.752570831E-2,2.015591880E-1,2.588679314E-2,-1.002768248E-1,2.266090773E-1
3.748070833E-2,1.890577496E-1,1.687857270E-2,-1.032606590E-1,2.160798061E-1
4.743570834E-2,1.785453695E-1,3.180768371E-2,-8.047493666E-2,1.984096599E-1
5.739070836E-2,1.797825855E-1,3.685090721E-2,-8.686623573E-2,2.030406617E-1
6.734570826E-2,1.537826487E-1,2.994066775E-2,-9.165510535E-2,1.815108949E-1
7.729970827E-2,1.288433512E-1,3.458452642E-2,-9.320841819E-2,1.627406152E-1
8.725470828E-2,1.182771402E-1,2.721878886E-2,-6.954298228E-2,1.398805588E-1
9.720970830E-2,1.082461686E-1,1.137868166E-2,-7.503819555E-2,1.322022625E-1
1.071647083E-1,7.618823323E-2,1.242767215E-2,-6.625801653E-2,1.017311097E-1
1.171197083E-1,5.835573298E-2,7.355797291E-4,-6.852001190E-2,9.000513697E-2
1.270747083E-1,4.880319159E-2,9.568968415E-3,-5.764302135E-2,7.613169232E-2
1.370297084E-1,4.618383997E-2,1.432450891E-2,-4.414589345E-2,6.547517498E-2
1.469837083E-1,2.854786098E-2,4.609944820E-3,-3.838463187E-2,4.805842196E-2
1.569387083E-1,1.488659992E-2,5.226241350E-3,-2.484540403E-2,2.943159114E-2
1.668937083E-1,4.435396297E-2,-1.148159266E-2,1.959811270E-2,4.983158659E-2
1.768487083E-1,2.341166675E-2,-1.801585615E-2,6.271138787E-3,3.019941050E-2
1.868005833E-1,2.449140080E-2,-5.217470527E-3,-1.218588978E-2,2.784863770E-2
1.967555833E-1,-8.353132197E-2,-5.005918264E-2,3.120746702E-2,1.022609873E-1
2.067105833E-1,-1.634526095E-2,-3.378988981E-2,-5.108419955E-3,3.788165999E-2
2.166645833E-1,-8.486374710E-2,-5.258868814E-2,1.779366195E-2,1.014102564E-1
2.266195833E-1,-1.020921477E-1,-7.005490601E-2,1.558312207E-2,1.247931496E-1
2.365745833E-1,-1.369559335E-1,-7.167049170E-2,3.137849808E-2,1.577282386E-1
2.465295834E-1,-8.119392492E-2,-3.754321754E-2,6.610218823E-2,1.112270017E-1
2.564845833E-1,-1.375050419E-1,-5.576781929E-2,5.360142589E-2,1.577681814E-1
2.664395833E-1,-9.757584061E-2,-5.436448753E-2,4.556530505E-2,1.206347346E-1
2.763945833E-1,-5.671678584E-2,-4.473997056E-2,4.190056264E-2,8.351117238E-2
2.863485833E-1,-4.630894298E-2,-2.940272391E-2,1.199556291E-2,5.615097419E-2
2.963035833E-1,-2.779965492E-2,-2.996347189E-2,1.838949323E-2,4.481968231E-2
3.062585833E-1,-2.710423825E-2,-3.113408446E-2,5.808039308E-3,4.168578016E-2
3.162135833E-1,-1.037498699E-1,-3.113642335E-3,-1.334977806E-2,1.046515497E-1
3.261685834E-1,-5.811310094E-2,-3.787300050E-2,-1.470516264E-2,7.090654748E-2
3.361235833E-1,-9.760302102E-2,-3.083178341E-2,-4.441369593E-2,1.115774393E-1
3.460785833E-1,-1.077828225E-1,-1.009697199E-2,-6.571276367E-2,1.266382761E-1
3.560325833E-1,-8.672180951E-2,4.178420305E-3,-7.392225444E-2,1.140290802E-1
3.659875833E-1,-3.473839955E-3,3.342853189E-2,-1.084734517E-1,1.135606624E-1
3.759425833E-1,3.750952296E-2,5.659286141E-2,-1.154307613E-1,1.339177991E-1
3.858975833E-1,9.428865474E-2,6.477194667E-2,-1.311799443E-1,1.740515248E-1
3.958525833E-1,1.157443913E-1,7.055601239E-2,-1.620368707E-1,2.112601772E-1
4.058075834E-1,1.256275014E-1,6.118000209E-2,-1.589752686E-1,2.116563200E-1
4.157625833E-1,1.337145295E-1,3.696726680E-2,-1.711327994E-1,2.203011331E-1
4.257165833E-1,1.095042428E-1,6.573264420E-2,-1.846047843E-1,2.244791439E-1
4.356715833E-1,9.893885398E-2,4.417863786E-2,-1.778155822E-1,2.082283125E-1
4.456265833E-1,1.187842856E-1,5.946033597E-2,-2.095168465E-1,2.480777037E-1
4.555815833E-1,1.031834940E-1,5.982403278E-2,-2.104880691E-1,2.419317580E-1
4.655365833E-1,1.077240214E-1,6.692547619E-2,-1.963454086E-1,2.337413177E-1
4.754915833E-1,1.253732389E-1,6.370073676E-2,-1.862490213E-1,2.333772286E-1
4.854465834E-1,1.385661471E-1,9.335021317E-2,-1.678051490E-1,2.367982420E-1
4.954005833E-1,1.325120862E-1,7.166639864E-2,-1.420469946E-1,2.070576595E-1
5.053555833E-1,1.238833866E-1,6.627175748E-2,-1.421253473E-1,1.998465753E-1
5.153105833E-1,8.044513414E-2,3.801041007E-2,-1.268623602E-1,1.549524744E-1
5.252655833E-1,5.125336681E-2,2.939278364E-2,-1.339830995E-1,1.464319442E-1
5.352205833E-1,3.309098309E-2,1.046125352E-2,-1.126919255E-1,1.179148890E-1
5.451755833E-1,2.114590723E-2,2.221474171E-2,-8.048049152E-2,8.612638189E-2
5.551305834E-1,1.199623900E-2,2.265035927E-2,-7.667629302E-2,8.084678371E-2
5.650845834E-1,-2.973199524E-2,2.098799586E-2,-9.410450399E-2,1.008967055E-1
5.750395833E-1,2.388752047E-3,1.797667980E-2,-9.460619509E-2,9.632860065E-2
5.849945833E-1,5.107575763E-2,4.019025207E-2,-8.401981115E-2,1.062229638E-1
5.949495833E-1,3.425035805E-2,4.192804456E-2,-7.886695236E-2,9.566108990E-2
6.049045833E-1,-7.815370169E-3,-4.869561195E-2,-2.608150542E-2,5.579056873E-2
6.148595833E-1,-3.147040900E-2,-1.162438166E-1,-5.361312032E-3,1.205477300E-1
6.248145833E-1,-7.373203721E-2,-8.144001961E-3,-1.262089339E-1,1.463947850E-1
6.347685833E-1,-3.121684084E-2,1.397016764E-2,3.524058402E-2,4.910759104E-2
6.447235834E-1,1.440579799E-1,6.730729938E-3,9.719534218E-2,1.739107209E-1
6.546785833E-1,5.691577390E-2,1.257297546E-1,-6.966898978E-2,1.545999503E-1
6.646335833E-1,1.736839761E-1,-5.938256800E-2,5.210804701E-2,1.908079178E-1
6.745885833E-1,4.066441740E-1,-1.517428476E-1,8.273225427E-3,4.341126839E-1
6.845435833E-1,3.173652309E-1,-1.817566055E-1,-2.337325054E-1,4.340357561E-1
6.944985833E-1,2.403372279E-1,-2.516910589E-1,-3.185054380E-1,4.717585042E-1
7.044525833E-1,2.922700594E-1,2.548865622E-1,-4.495020720E-1,5.936674658E-1
7.144075833E-1,3.071823779E-2,6.250445491E-1,-2.007536244E-1,6.572110135E-1
7.243625834E-1,-8.098576404E-3,5.201279587E-1,3.470907211E-3,5.202025831E-1
7.343175833E-1,4.706683349E-2,2.843524361E-1,-2.751565200E-1,3.984754763E-1
7.442725833E-1,-2.267597739E-2,-1.014562082E-1,-3.746574193E-1,3.888132508E-1
7.542275833E-1,9.393643308E-2,-3.486414027E-1,-2.743221223E-1,4.534616940E-1
7.641825833E-1,1.579456105E-1,-1.113719165E-1,-3.646458167E-1,4.126949131E-1
7.741365833E-1,2.275073769E-1,4.311561406E-2,-2.480663699E-1,3.393456742E-1
7.840915833E-1,3.417107711E-1,1.817735624E-1,-1.771981162E-1,4.256842157E-1
7.940465834E-1,2.002621294E-1,3.173003268E-1,-2.529005554E-1,4.524854791E-1
8.040015833E-1,2.042103522E-1,2.402732009E-1,-1.907817829E-1,3.685522591E-1
8.139565833E-1,1.790656438E-1,2.282542491E-1,-1.067628488E-1,3.091323550E-1
8.239115833E-1,-5.171032671E-2,1.081056619E-1,-5.299565434E-2,1.310317954E-1
8.338665833E-1,2.692533173E-2,-1.623327398E-1,-4.320770770E-2,1.701287686E-1
8.438205833E-1,2.893454466E-2,-2.254814994E-1,-2.843503895E-1,3.640525491E-1
8.537755833E-1,-4.170018587E-2,-2.065219027E-1,-3.733838958E-1,4.287257111E-1
8.637305833E-1,1.182595711E-1,3.701287508E-4,-2.314450747E-1,2.599082256E-1
8.736855834E-1,1.881055854E-1,2.520056391E-1,-3.948770911E-2,3.169382156E-1
8.836405833E-1,9.287593089E-2,3.166091859E-1,4.512881041E-2,3.330224087E-1
8.935955833E-1,1.632732645E-1,2.599941051E-1,-2.511963844E-2,3.080358580E-1
9.035505833E-1,9.055754643E-2,1.028244567E-1,-1.738880074E-1,2.213833264E-1
9.135045833E-1,3.234062087E-2,-1.314641190E-1,-1.714029408E-1,2.184209203E-1
9.234595833E-1,1.026118373E-1,-1.853701848E-1,-1.844849163E-1,2.809376780E-1
9.334145833E-1,6.013265613E-2,-1.581794626E-1,-1.558557791E-1,2.300602151E-1
9.433695833E-1,1.016748210E-1,-7.310072064E-2,-1.284896404E-1,1.794187066E-1
9.533245834E-1,1.235871520E-1,8.525591254E-2,-1.249295631E-1,1.953196112E-1
9.632795833E-1,-1.980978191E-2,2.065341818E-1,-9.811218560E-2,2.295099054E-1
9.732345833E-1,2.283955324E-2,2.645338833E-1,-4.114685655E-2,2.686873358E-1
9.831895833E-1,-2.050015535E-2,2.179964787E-1,-3.764320493E-2,2.221705020E-1
9.931435833E-1,-1.093547733E-1,2.218609035E-2,-6.473744810E-2,1.290024273E-1
1.003098583E0,-4.222084388E-2,-1.306145185E-1,-1.904040527E-1,2.347263415E-1
1.013053583E0,-7.582735039E-2,-2.257580727E-1,-2.580072212E-1,3.511185280E-1
1.023008583E0,-1.254168189E-1,-1.313886899E-1,-2.115087005E-1,2.787979496E-1
1.032963583E0,-8.058036927E-2,6.461290240E-2,-8.952496469E-2,1.366848286E-1
1.042918583E0,-1.697677669E-1,1.856292164E-1,4.115445793E-2,2.548979994E-1
1.052873583E0,-1.832661373E-1,1.924236810E-1,2.472904444E-2,2.668798901E-1
1.062827583E0,-1.530273712E-1,1.005995911E-1,-4.831203461E-2,1.893982755E-1
1.072782583E0,-1.693352922E-1,-1.793750346E-2,-1.277619544E-1,2.128833300E-1
1.082737583E0,-1.744385228E-1,-9.740174890E-2,-1.088058659E-1,2.274964074E-1
1.092692583E0,-1.378814747E-1,-1.562715161E-1,-4.188945293E-2,2.125719033E-1
1.102647583E0,-1.558699220E-1,-1.615918976E-1,-5.115553558E-2,2.302699780E-1
1.112602583E0,-1.641147884E-1,-1.104194051E-1,-1.176740456E-1,2.301592705E-1
1.122557583E0,-1.057581510E-1,-6.093383431E-3,-5.964043021E-2,1.215684858E-1
1.132511583E0,-1.131636496E-1,1.151334304E-1,6.980990767E-3,1.615872910E-1
1.142466583E0,-9.683179155E-2,1.743043292E-1,1.244112074E-2,1.997828233E-1
1.152421583E0,-7.806668781E-2,1.201830858E-1,-1.069981992E-2,1.437110573E-1
1.162376583E0,-4.975392144E-2,-1.493671238E-2,-6.551425070E-2,8.361025726E-2
1.172331583E0,-2.963770889E-3,-1.131810451E-1,-1.433047307E-1,1.826334546E-1
1.182286083E0,7.689782940E-3,-1.289416301E-1,-1.611799613E-1,2.065527939E-1
1.192241083E0,2.738682322E-2,-6.290610015E-2,-9.128088355E-2,1.141902589E-1
1.202195083E0,4.667737238E-2,2.604349852E-2,-3.586565137E-2,6.436913745E-2
1.212150083E0,4.561888017E-2,9.167323172E-2,-5.219136983E-2,1.149304256E-1
1.222105083E0,5.554569818E-2,1.181412381E-1,-7.969813406E-2,1.529525067E-1
1.232060083E0,1.484404133E-1,7.501743793E-2,-6.744324714E-2,1.794735743E-1
1.242015083E0,2.449196908E-1,2.668318391E-2,-3.882960498E-2,2.494100749E-1
1.251970083E0,2.997458160E-1,-2.496293306E-2,-6.528240860E-2,3.077864440E-1
1.261925083E0,3.816505431E-1,-7.110565066E-2,-5.486442447E-2,3.920755739E-1
1.271879083E0,4.902105336E-1,-1.278967327E-1,-9.411678314E-3,5.067075302E-1
1.281834083E0,4.932995445E-1,-3.751287049E-1,8.995736629E-2,6.262254495E-1
1.291789083E0,3.268567968E-1,-1.552983055E0,-7.620930514E-1,1.760504915E0
1.301744083E0,1.378201593E0,1.327031440E-1,-4.228741443E-1,1.447712782E0
1.311699083E0,1.691335194E0,7.452346516E-1,6.206667387E-1,1.949670902E0
1.321654083E0,1.356975908E0,1.864318637E0,1.273447555E-1,2.309390457E0
1.331609083E0,1.415246043E0,1.687953749E0,1.333109620E-1,2.206780695E0
1.341564083E0,5.209321701E-1,7.681966674E-1,-2.059760651E-1,9.507484342E-1
1.351518083E0,1.122446427E0,-4.917309558E-1,-1.439666355E-1,1.233860489E0
1.361473083E0,1.261592033E0,-1.596811445E0,-9.856008232E-2,2.037433517E0
1.371428083E0,1.241691181E0,-1.178654249E0,-8.537390935E-1,1.913084752E0
1.381383083E0,7.276971707E-1,-7.000070232E-1,-4.027854502E-1,1.087101248E0
1.391338083E0,1.237068957E0,4.226876181E-1,1.724694729E-1,1.318616755E0
1.401293083E0,7.116049755E-1,8.159315819E-1,5.220189482E-1,1.201927523E0
1.411248083E0,4.085891772E-1,1.112753790E0,1.488338578E-1,1.194703993E0
1.421202083E0,-7.361396000E-2,3.450149596E-1,5.576360929E-1,6.598578252E-1
1.431157083E0,-4.326376788E-2,-5.373942018E-1,4.017300278E-1,6.723476013E-1
1.441112083E0,-1.423081458E-1,-8.780605870E-1,-2.088452938E-1,9.137058387E-1
1.451067083E0,-2.418172313E-1,-9.135783291E-1,-7.308885080E-1,1.194696174E0
1.461022083E0,1.026026279E-1,-4.027819419E-1,-5.543177980E-1,6.928411168E-1
1.470977083E0,2.902629478E-1,2.563723397E-1,-4.438416749E-2,3.898067595E-1
1.480932083E0,1.787160534E-1,4.343551522E-1,4.320063257E-1,6.381483303E-1
1.490886083E0,2.380397838E-1,8.507897580E-1,3.003393084E-1,9.331183478E-1
1.500841083E0,2.146090405E-1,2.765803170E-1,7.000538009E-1,7.827062260E-1
1.510796083E0,-2.551472750E-1,-1.038389486E-1,2.421864098E-1,3.667927429E-1
1.520751083E0,-9.094050251E-2,-6.993147129E-1,-5.775815302E-1,9.115435627E-1
1.530706083E0,-2.212155171E-1,-5.638288790E-1,-6.839774662E-1,9.135997395E-1
1.540661083E0,-1.104941033E-2,-3.418241340E-1,-3.078407013E-1,4.601431576E-1
1.550616083E0,7.506618910E-2,2.538048273E-1,1.097200781E-1,2.865140811E-1
1.560570083E0,1.224560447E-2,5.680686951E-1,6.456489676E-1,8.600666175E-1
1.570525083E0,-6.018765651E-2,3.979772848E-1,1.001264344E0,1.079137971E0
1.580480083E0,-8.248915628E-2,-7.686749697E-2,9.988424277E-1,1.005186186E0
1.590435083E0,-3.570619780E-1,-1.013199681E-1,4.373153052E-1,5.735884136E-1
1.600390083E0,-1.801320297E-1,-4.039929003E-1,1.854932687E-1,4.796515030E-1
1.610345083E0,-2.080281454E-1,-8.054112715E-1,2.665570199E-2,8.322701196E-1
1.620300083E0,-3.682985723E-1,-1.426987837E0,-7.218320480E-1,1.641030052E0
1.630255083E0,-5.696516825E-1,-1.388862237E0,-1.549149621E0,2.157152266E0
1.640209083E0,-9.583795492E-1,1.157142343E0,-4.294206870E-1,1.562648997E0
1.650164083E0,-3.336256067E-1,2.343354118E0,2.787367702E-2,2.367148392E0
1.660119083E0,3.313782294E-1,1.105723683E0,-4.203732902E-1,1.228474703E0
1.670074083E0,7.706256739E-1,5.173762590E-1,-2.920269066E-1,9.730477053E-1
1.680029083E0,9.794907021E-1,-5.991600949E-1,-5.195520079E-1,1.260289310E0
1.689984083E0,8.486072116E-1,-8.805368829E-1,-2.851178366E-1,1.255695657E0
1.699939083E0,5.718325478E-1,-2.749881202E-1,2.260019016E-1,6.735635000E-1
1.709893083E0,-2.893337522E-1,3.673758817E-1,-5.321667910E-1,7.084352843E-1
1.719848083E0,-6.781055461E-1,4.036859214E-1,-7.892571688E-2,7.931070064E-1
1.729803083E0,-6.475979177E-1,5.051245880E-1,-1.618061981E-1,8.370873062E-1
1.739758083E0,-7.883954354E-1,8.198135483E-1,-8.391888821E-1,1.413470762E0
1.749713083E0,-5.941609447E-1,5.059250718E-1,-6.593419772E-1,1.021625787E0
1.759668083E0,-9.264569677E-2,2.020025897E-1,-3.911889598E-1,4.499078502E-1
1.769623083E0,1.558648422E-2,-3.026688391E-1,-7.482933301E-1,8.073377685E-1
1.779577083E0,1.645645490E-1,-3.624080873E-1,-1.053757723E0,1.126421969E0
1.789532083E0,4.649588943E-1,-2.637544495E-1,-6.928450611E-1,8.750928303E-1
1.799487083E0,2.204032657E-1,1.373265374E-1,-2.604987198E-1,3.678257202E-1
1.809442083E0,5.436105229E-2,3.057567537E-1,-1.462558204E-1,3.432682354E-1
1.819397083E0,-1.543491708E-1,4.253521943E-1,-6.329265958E-1,7.780387082E-1
1.829352083E0,5.320834681E-2,1.995602077E-1,-6.224252889E-1,6.557961916E-1
1.839307083E0,-4.361591645E-2,3.133429313E-1,-5.844315434E-1,6.645647971E-1
1.849261083E0,-2.228734951E-1,6.283417940E-1,-9.456526458E-1,1.157041456E0
1.859216083E0,2.149139728E-1,6.534889144E-1,-9.963076597E-1,1.210729008E0
1.869171083E0,6.533957975E-1,5.206618094E-1,-8.594591323E-1,1.198617866E0
1.879126083E0,7.355290776E-1,5.938169092E-1,-1.035274382E0,1.401932449E0
1.889081083E0,7.484395105E-1,3.762782675E-1,-1.036270163E0,1.332517499E0
1.899036083E0,7.997640306E-1,4.501835650E-1,-7.624435920E-1,1.193150442E0
1.908991083E0,6.490436418E-1,3.645762348E-1,-6.173776799E-1,9.671239215E-1
1.918946083E0,6.156894426E-1,3.529847145E-1,-8.099311692E-1,1.076875200E0
1.928900083E0,5.328892145E-1,4.156534177E-1,-9.920625812E-1,1.200386123E0
1.938855083E0,3.125212513E-1,3.131084579E-1,-7.047496998E-1,8.320928905E-1
1.948810083E0,2.945428904E-1,4.540047204E-1,-5.405204156E-1,7.648778466E-1
1.958765083E0,2.581265044E-1,4.619399768E-1,-5.723599666E-1,7.794958408E-1
1.968720083E0,1.937998963E-1,3.379269648E-1,-5.809384167E-1,6.994587031E-1
1.978675083E0,4.620235920E-1,4.365882039E-2,-5.396889415E-1,7.117837072E-1
1.988630083E0,3.654335828E-1,5.805466533E-2,-7.497311604E-1,8.360674976E-1
1.998584083E0,5.962156563E-1,5.240216196E-2,-6.601424611E-1,8.910707965E-1
2.008539083E0,1.619796411E-1,-3.329170704E-2,-4.489039019E-1,4.783936193E-1
2.018494083E0,3.043121991E-1,1.854970694E-2,-4.285190463E-1,5.259073865E-1
2.028449083E0,3.552557731E-1,2.015196097E-1,-3.937778145E-1,5.673427400E-1
2.038404083E0,2.379989263E-1,4.083420593E-1,-5.504533732E-1,7.255243913E-1
2.048359083E0,3.229725645E-1,4.424243098E-1,-4.409961274E-1,7.032269419E-1
2.058314083E0,1.148697940E-1,5.019290847E-1,-4.905694064E-1,7.111864862E-1
2.068269083E0,1.373197400E-1,5.470847923E-1,-6.817546472E-1,8.848434211E-1
2.078223083E0,3.154073638E-1,3.759695345E-1,-6.660920030E-1,8.273532816E-1
2.088178083E0,5.195252569E-1,1.463330036E-1,-7.492323929E-1,9.234007901E-1
2.098133083E0,3.452009010E-1,-1.655931473E-2,-1.071547292E0,1.125900294E0
2.108088083E0,3.110974543E-1,8.559563577E-2,-1.063559995E0,1.111426157E0
2.118043083E0,3.197910945E-1,2.513004649E-1,-9.385512024E-1,1.022886420E0
2.127998083E0,1.192706278E-1,5.170745426E-1,-9.283115584E-1,1.069277286E0
2.137953083E0,3.740860002E-1,5.990671241E-1,-1.123322632E0,1.326904477E0
2.147907083E0,-1.348820358E-1,6.116895086E-1,-1.335761333E0,1.475335743E0
2.157862083E0,-3.240651168E-2,4.832109779E-1,-1.303710405E0,1.390756575E0
2.167817083E0,6.162270210E-1,6.166602266E-1,-1.506683632E0,1.740718571E0
2.177772083E0,8.965613966E-1,5.341220999E-1,-1.492749133E0,1.821375504E0
2.187726375E0,1.056717803E0,5.013086951E-1,-1.379206437E0,1.808362054E0
2.197681375E0,9.304159713E-1,3.671899402E-1,-1.370121911E0,1.696389219E0
2.207636375E0,8.179059673E-1,3.925224173E-1,-1.569657852E0,1.812972640E0
2.217590375E0,9.149413151E-1,4.919894028E-1,-1.402302939E0,1.745171830E0
2.227545375E0,1.074585944E-1,4.625206053E-1,-1.187067808E0,1.278515796E0
2.237500375E0,-6.281021313E-1,3.586167526E-1,-1.585837390E0,1.742985511E0
2.247455375E0,4.053982785E-1,7.018050420E-1,-9.980951536E-1,1.285718483E0
2.257410375E0,4.316787355E-1,1.058060689E0,-9.313676056E-1,1.474206420E0
2.267365375E0,4.364215583E-1,4.665797424E-1,-1.139725826E0,1.306573914E0
2.277320375E0,1.071981009E-1,4.194190246E-1,-9.727240849E-1,1.064704605E0
2.287274375E0,-8.181990590E-1,3.949788326E-1,-7.265858343E-1,1.163350744E0
2.297229375E0,-4.746224414E-1,1.474416357E-1,-6.122227746E-1,7.885570516E-1
2.307184375E0,-2.798136080E-1,1.882686496E-1,-7.272456926E-1,8.016402167E-1
2.317139375E0,-4.052365299E-1,2.543059337E-1,-4.454066822E-1,6.536629603E-1
2.327094375E0,-1.311178176E-1,3.052468765E-1,-2.696607220E-1,4.278836789E-1
2.337049375E0,-5.133928433E-3,2.917649513E-1,-4.291218942E-1,5.189400198E-1
2.347004375E0,-3.147716253E-1,2.823643827E-1,-2.507601821E-1,4.916212869E-1
2.356959375E0,-7.865367517E-2,5.216546667E-1,1.307314628E-1,5.435077803E-1
2.366913375E0,-2.186390877E-2,6.388287753E-1,2.711137551E-1,6.943219015E-1
2.376868375E0,-1.472206841E-1,2.800430381E-1,2.605285406E-1,4.098452799E-1
2.386823375E0,-3.283692522E-1,-1.684115052E-1,6.472633839E-2,3.746709220E-1
2.396778375E0,-4.905261371E-1,-5.005544043E-1,-8.675864697E-2,7.061852913E-1
2.406733375E0,-5.956995665E-1,-5.337379378E-1,-1.893287498E-1,8.219364545E-1
2.416688375E0,-8.497751930E-1,-2.416221535E-1,-1.548383635E-1,8.969247808E-1
2.426643375E0,-1.008300299E0,-3.486285388E-2,7.287852645E-2,1.011531607E0
2.436597375E0,-7.472679477E-1,2.657746625E-1,9.989061624E-2,7.993895747E-1
2.446552375E0,-3.921917573E-1,4.085964131E-1,-1.306536949E-1,5.812364332E-1
2.456507375E0,-5.491524408E-1,1.465891117E-1,-1.088558596E-1,5.787109547E-1
2.466462375E0,-4.193585790E-1,-8.484719217E-2,-2.511712414E-1,4.961327003E-1
2.476417375E0,-5.688707869E-1,-6.422640145E-2,-4.464360845E-1,7.259780853E-1
2.486372375E0,-5.885518569E-1,-1.407687932E-1,-7.221568608E-1,9.421887672E-1
2.496327375E0,-1.660478414E-1,-2.153862816E-1,-8.159766054E-1,8.601052008E-1
2.506282375E0,3.243873715E-1,4.600881636E-2,-8.158023584E-1,8.791344982E-1
2.516236375E0,4.113840732E-1,5.838058913E-1,-8.222696713E-1,1.089125147E0
2.526191375E0,7.217735028E-1,8.730477691E-1,-9.713318628E-1,1.492198038E0
2.536146375E0,1.101363122E0,6.642325884E-1,-1.262127931E0,1.801991279E0
2.546101375E0,1.036566763E0,4.925343633E-1,-1.625637633E0,1.989914186E0
2.556056375E0,1.152348357E0,2.402696925E-1,-1.587564073E0,1.976359266E0
2.566011375E0,1.531567920E0,6.946843028E-2,-1.533644559E0,2.168546008E0
2.575966375E0,1.593397694E0,-7.923561931E-2,-1.563799819E0,2.233979492E0
2.585920375E0,2.037742668E0,1.683980566E-1,-1.321820693E0,2.434740855E0
2.595875375E0,2.124840161E0,6.829635590E-1,-1.212950216E0,2.540203370E0
2.605830375E0,1.843832625E0,1.022164632E0,-1.206870866E0,2.429213159E0
2.615785375E0,1.485102875E0,1.357615301E0,-1.105630420E0,2.295880763E0
2.625740375E0,1.182066319E0,1.461847183E0,-1.205238323E0,2.233131743E0
2.635695375E0,7.709709520E-1,1.063370546E0,-1.543702647E0,2.026862350E0
2.645650375E0,5.387869354E-1,3.674402010E-1,-1.573655009E0,1.703435866E0
2.655604375E0,1.308302808E-1,2.370063615E-1,-1.149678665E0,1.181122182E0
2.665559375E0,-1.760860489E-1,5.505568689E-1,-8.736897933E-1,1.047593918E0
2.675514375E0,-4.536476748E-1,6.263689435E-1,-1.007577583E0,1.270175914E0
2.685469375E0,-5.120086977E-1,4.962315577E-1,-1.302300056E0,1.484716842E0
2.695424375E0,-6.179271720E-1,1.929411596E-1,-1.494453888E0,1.628635228E0
2.705379375E0,-5.292004619E-1,2.497065139E-1,-1.606553198E0,1.709801056E0
2.715334375E0,-5.204012064E-1,2.878847390E-1,-1.493174225E0,1.607253653E0
2.725289375E0,-4.450505868E-1,2.872158176E-1,-1.432180749E0,1.526992026E0
2.735243375E0,-3.586928761E-1,-4.171403646E-2,-1.588551668E0,1.629078587E0
2.745198375E0,-4.728471171E-1,-4.096851647E-2,-1.871680282E0,1.930919442E0
2.755153375E0,-4.713006016E-1,2.116458178E-2,-2.159504210E0,2.210436751E0
2.765108375E0,-4.997305681E-1,4.861100274E-1,-2.359981846E0,2.460802290E0
2.775063375E0,-3.714386733E-1,6.378739250E-1,-2.322749992E0,2.437215083E0
2.785018375E0,-1.850492457E-1,5.957131612E-1,-2.384423207E0,2.464668624E0
2.794973375E0,2.995758447E-1,1.573134314E0,1.635717648E-1,1.609736929E0
2.804927375E0,4.989217886E-1,5.421797969E0,4.453331242E0,7.033987157E0
2.814882375E0,4.313659094E-2,5.500288069E0,4.383275167E0,7.033358429E0
2.824837375E0,6.843274221E-1,2.563619317E0,2.811442150E0,3.865831733E0
2.834792375E0,9.758510296E-1,5.840450424E-1,3.064789725E0,3.268995244E0
2.844747375E0,1.019282905E0,-2.974846977E-1,1.307994075E0,1.684720536E0
2.854702375E0,5.623922181E-1,-8.840680164E-1,-6.293510234E-1,1.222270009E0
2.864657375E0,3.386192385E-1,-1.681477958E0,-1.907234277E0,2.565067971E0
2.874611375E0,-8.732701094E-1,-3.082131105E0,-1.982859240E0,3.767474432E0
2.884566375E0,-2.223315751E0,-3.585454166E0,-1.662084498E0,4.534439258E0
2.894521375E0,-2.804060917E0,-1.714030577E0,-7.137012023E-1,3.363038485E0
2.904476375E0,-3.042643396E0,3.904893404E-1,8.958697441E-1,3.195738312E0
2.914431375E0,-2.870599308E0,6.915262216E-1,1.715587983E0,3.414936460E0
2.924386375E0,-2.679421669E0,2.208136672E-1,1.041790227E0,2.883294302E0
2.934341375E0,-2.082846628E0,-5.609707600E-1,-2.186098516E-1,2.168116357E0
2.944296375E0,-1.791678092E0,-1.529134601E-1,-1.741899576E0,2.503538905E0
2.954250375E0,-1.330162477E0,3.575671774E-1,-1.717984172E0,2.201966421E0
2.964205375E0,-9.438992851E-1,-9.704214513E-2,-1.550897061E0,1.818143210E0
2.974160375E0,-9.429278433E-1,-3.416183120E-1,-1.524137863E0,1.824503279E0
2.984115375E0,-7.536313994E-1,-1.094101757E-1,-1.750241799E0,1.908737076E0
2.994070375E0,4.737048671E-2,1.205401168E0,-2.202984690E0,2.511648360E0
3.004025375E0,3.403629148E-1,1.347244679E0,-1.550301522E0,2.081910168E0
3.013980375E0,6.329037186E-1,7.910563570E-1,-1.336339915E0,1.676944139E0
3.023934375E0,1.821648289E0,6.093137848E-1,-2.144534753E0,2.879009393E0
3.033889375E0,1.730410675E0,8.278575629E-1,-3.051056077E0,3.603971758E0
3.043844375E0,1.596197195E0,6.235605258E-1,-3.261130748E0,3.683971630E0
3.053799375E0,1.628722039E0,-1.470346695E-1,-2.354964935E0,2.867091648E0
3.063754375E0,1.555176200E0,-2.342476451E-1,-1.849584823E0,2.427840396E0
3.073709375E0,1.390823685E0,9.623025924E-1,-1.800919617E0,2.470572458E0
3.083664375E0,1.271027393E0,1.109664706E0,-1.548186876E0,2.289923361E0
3.093619375E0,1.523925609E0,1.305425393E0,-1.854573960E0,2.732385275E0
3.103573375E0,1.430080429E0,6.693670285E-1,-2.171575786E0,2.684943882E0
3.113528375E0,1.318810693E0,1.103116409E0,-1.560703134E0,2.322051190E0
3.123483375E0,1.502332719E0,2.048100718E0,-5.419143918E-1,2.597189126E0
3.133438375E0,1.218396020E0,1.823789247E0,-4.247057846E-1,2.234070518E0
3.143393375E0,5.481159487E-1,1.217552851E0,-1.229655126E0,1.815190835E0
3.153348375E0,2.640515611E-1,7.772779781E-1,-1.595983187E0,1.794727448E0
3.163303375E0,-3.531193101E-1,6.964507467E-1,-1.350884863E0,1.560329069E0
3.173257375E0,-9.568692134E-1,1.455837414E0,-9.975613028E-1,2.007533268E0
3.183212375E0,-8.127530354E-1,1.018970883E0,-1.119573690E0,1.718230021E0
3.193168958E0,-5.184118374E-1,1.976218557E-1,-1.520260867E0,1.618331961E0
3.203123958E0,-3.856817232E-1,-3.712145787E-1,-2.666871790E0,2.720065403E0
3.213078958E0,2.111427745E-1,1.707234943E-1,-2.081174032E0,2.098812315E0
3.223033958E0,2.262599466E-1,1.252435001E0,-1.036630644E0,1.641459743E0
3.232988958E0,2.091695219E-2,2.325682079E0,-4.717004415E-1,2.373127884E0
3.242943958E0,-3.984010617E-1,1.674330322E0,-1.074941016E0,2.029187921E0
3.252897958E0,-6.698386064E-1,5.878743839E-1,-1.050162562E0,1.377360322E0
3.262852958E0,-1.289423318E0,-6.056779861E-1,-8.550301588E-1,1.661485747E0
3.272807958E0,-1.073306719E0,-1.109317381E0,-7.663588876E-1,1.723333488E0
3.282762958E0,-1.219830196E0,-6.609388518E-1,-1.154421633E0,1.804858770E0
3.292717958E0,-1.586456026E0,-4.863240355E-1,-1.250402217E0,2.077705343E0
3.302672958E0,-1.321638260E0,4.189933473E-1,-8.468481499E-1,1.624633776E0
3.312627958E0,-8.573193437E-1,1.683762465E0,6.326558697E-1,1.992562658E0
3.322581958E0,-4.655604997E-1,2.229043976E0,1.428150263E0,2.687935416E0
3.332536958E0,-3.143797888E-1,1.875970969E0,4.139150405E-1,1.946645162E0
3.342491958E0,-1.701916900E-1,1.346627798E0,6.320413274E-1,1.497280160E0
3.352446958E0,1.999020871E-1,1.270577157E0,5.040744281E-1,1.381455097E0
3.362401958E0,4.720530286E-3,2.701998353E-1,-6.613563430E-1,7.144385536E-1
3.372356958E0,-5.837553860E-1,-2.628978324E-1,-1.832573519E0,1.941188121E0
3.382311958E0,-7.384235955E-1,-1.283479623E0,-2.738942816E0,3.113582679E0
3.392266958E0,-7.959048682E-1,-1.832459498E0,-3.465739442E0,4.000340267E0
3.402220958E0,-8.243679446E-1,-1.295006239E0,-4.143391683E0,4.418633081E0
3.412175958E0,-5.963967738E-1,-6.947082764E-1,-3.604885048E0,3.719342000E0
3.422130958E0,-4.412216838E-1,-7.969678921E-1,-3.117659664E0,3.248020348E0
3.432085958E0,-3.260398677E-1,-6.678695565E-1,-2.816179857E0,2.912596904E0
3.442040958E0,-1.566484605E-1,-6.818508339E-1,-2.274156999E0,2.379338008E0
3.451995958E0,-3.173518554E-1,3.694656765E-1,-1.566332248E0,1.640309056E0
3.461950958E0,-2.474284569E-1,1.984655505E0,-7.771899775E-1,2.145717264E0
3.471905958E0,1.656683571E-1,3.156821099E0,6.213938400E-1,3.221660404E0
3.481859958E0,1.751222633E-1,3.387370380E0,4.836115122E-1,3.426197016E0
3.491814958E0,2.572544105E-1,2.350614606E0,-1.136143237E-1,2.367377679E0
3.501769958E0,7.008900259E-1,1.066777133E0,-1.202388682E0,1.753567456E0
3.511724958E0,1.062641982E0,-2.975110102E-1,-1.100709988E0,1.558615816E0
3.521679958E0,1.502502581E0,-3.742188781E-1,-1.682314695E0,2.286424393E0
3.531634958E0,1.761035320E0,-8.988222957E-2,-1.850175392E0,2.555870340E0
3.541589958E0,1.724334687E0,1.086059496E0,-1.106068961E0,2.318672872E0
3.551543958E0,1.422776234E0,1.994468887E0,-1.084682477E0,2.679316037E0
3.561498958E0,1.623857156E0,1.758171793E0,-1.330948197E0,2.738522087E0
3.571453958E0,1.851316038E0,1.459346328E0,-1.920334963E0,3.040517908E0
3.581408958E0,1.813993114E0,1.025767686E0,-2.324255358E0,3.121687578E0
3.591363958E0,2.163264262E0,2.236641848E-1,-2.728694108E0,3.489342269E0
3.601318958E0,1.091618810E0,-2.885939478E0,-3.102068941E0,4.375283992E0
3.611273958E0,9.786070416E-1,-2.096896318E0,-2.695124366E0,3.552230462E0
3.621228958E0,4.504723078E-1,-2.419995328E0,-7.306192437E-1,2.567704650E0
3.631182958E0,-7.388701035E-1,-1.746712419E0,-1.340491145E0,2.322466322E0
3.641137958E0,1.624282687E-1,8.997531724E-1,-1.391492314E0,1.664989362E0
3.651092958E0,2.712040580E-1,6.234850967E0,-2.286746054E0,6.646512299E0
3.661047958E0,1.880720662E0,3.896668126E0,2.593942392E0,5.044766578E0
3.671002958E0,2.564228889E0,1.621964997E0,5.680109246E0,6.439695745E0
3.680957958E0,2.631943593E-1,2.707668398E0,6.617274073E0,7.154652723E0
3.690912958E0,2.179528146E0,-1.808611044E0,7.620056355E0,8.129371175E0
3.700867958E0,6.899164101E-1,-3.952030149E0,2.439755116E0,4.695416060E0
3.710821958E0,1.295685247E0,-2.465203661E0,1.925329070E0,3.385693633E0
3.720776958E0,3.217792940E0,1.059197388E0,3.191581042E0,4.654275460E0
3.730731958E0,1.755851617E0,7.403820473E-1,5.188227432E0,5.527104519E0
3.740686958E0,1.000156297E0,-7.454322875E-2,1.678352036E0,1.955181544E0
3.750641958E0,1.830622888E0,-2.060472842E0,7.548082978E-2,2.757249688E0
3.760596958E0,4.878294377E-1,-2.383834392E0,-5.455145225E-1,2.493637918E0
3.770551958E0,5.276766044E-1,-2.855589505E0,3.010643631E-1,2.919498891E0
3.780505958E0,-5.862710408E-1,-2.183789451E0,5.198700964E-1,2.320110992E0
3.790460958E0,-8.750619887E-1,-1.519608902E0,8.900046945E-2,1.755809154E0
3.800415958E0,-1.918939671E0,-2.094649233E0,9.946289241E-2,2.842494985E0
3.810370958E0,-1.394127070E0,-2.580723007E0,-6.586675009E-1,3.006254215E0
3.820325958E0,-6.680431458E-1,-2.268571739E0,-1.456022186E0,2.777174821E0
3.830280958E0,6.620479773E-2,-3.612532622E-1,-1.817629205E0,1.854363212E0
3.840235958E0,1.037721661E0,3.221973699E-1,3.035599548E-1,1.128195921E0
3.850190958E0,1.800102322E0,2.346857185E0,1.675282248E0,3.399217208E0
3.860144958E0,2.581225868E0,2.585339384E0,1.546566905E0,3.967187405E0
3.870099958E0,2.983372510E0,2.529418368E0,4.723556221E-1,3.939744744E0
3.880054958E0,2.697337537E0,1.292408906E0,3.608316779E-2,2.991195842E0
3.890009958E0,3.260941006E0,3.888638145E-1,-1.363195299E0,3.555735189E0
3.899964958E0,2.671446651E0,-7.731188536E-1,-2.595505353E0,3.804075185E0
3.909919958E0,1.952316455E0,-2.046265862E0,-3.190554855E0,4.263611592E0
3.919874958E0,1.673159270E0,-6.105919862E-1,-3.297223856E0,3.747528476E0
3.929828958E0,2.113254780E0,1.847910765E0,-6.096885914E-1,2.872688661E0
3.939783958E0,2.145038052E0,3.632071677E0,1.262882806E0,4.403181338E0
3.949738958E0,7.859021095E-1,1.631128169E0,1.070160332E0,2.103203358E0
3.959693958E0,-1.611493511E0,-1.857280344E-1,8.259428921E-1,1.820326317E0
3.969648958E0,-3.024689813E0,-6.543893856E-1,1.562848477E0,3.466910627E0
3.979603958E0,-4.263004373E0,4.165848792E-2,7.380770749E-1,4.326626802E0
3.989558958E0,-4.419776995E0,1.836347312E-1,-1.131928272E0,4.566115637E0
3.999513958E0,-3.419323952E0,6.106247306E-2,-1.514875581E0,3.740368022E0
4.009467958E0,-3.147995896E0,-8.057737988E-1,9.683644009E-1,3.390704822E0
4.019422958E0,-2.488796591E0,-9.407772374E-1,4.525257842E0,5.249488434E0
4.029377958E0,-1.191100633E0,2.404357535E-1,3.874539631E0,4.060614168E0
4.039332958E0,-7.671976706E-1,-2.495445460E-1,1.058064782E0,1.330550950E0
4.049287958E0,-7.481413025E-1,-1.816134072E0,6.500776488E-1,2.068975429E0
4.059242958E0,2.116249871E-2,-1.331053154E0,1.746273586E0,2.195819161E0
4.069197958E0,-6.615680122E-1,4.259608895E-1,1.537962728E0,1.727554418E0
4.079152958E0,-1.717045292E-1,-1.251117039E-1,1.301217444E0,1.318446897E0
4.089106958E0,5.170846291E-2,-2.548579109E-1,6.347310466E-1,6.859371847E-1
4.099061958E0,-1.595600998E-1,-1.847196236E0,-1.724390089E0,2.532017879E0
4.109016958E0,-8.411174400E-1,-2.960911893E0,-2.005691448E0,3.673863902E0
4.118971958E0,-8.136730948E-1,-1.154089512E0,-6.210912466E-1,1.542640866E0
4.128926958E0,-3.453027522E-1,5.435805559E-1,8.462090492E-3,6.440383672E-1
4.138881958E0,-1.504524840E0,2.496041876E-1,-1.156499734E0,1.913998140E0
4.148836958E0,-9.866252553E-1,-5.266055042E-1,-1.670727267E0,2.010490575E0
4.158790958E0,-1.538705178E0,-3.304343426E-1,-1.597979718E0,2.242841871E0
4.168745958E0,-2.334368995E0,-3.714584076E-1,2.020534605E-1,2.372358647E0
4.178700958E0,-2.544186680E0,6.392731637E-1,6.839049608E-2,2.624163353E0
4.188655583E0,-2.878093100E0,6.324313366E-1,-2.547918373E-1,2.957753906E0
4.198610583E0,-1.786890100E0,7.132036042E-1,2.314219782E-1,1.937831712E0
4.208565583E0,-1.822990663E0,-7.256277680E-2,8.231657571E-1,2.001539952E0
4.218520583E0,-1.897858851E0,-9.277513951E-1,2.869544470E-1,2.131885017E0
4.228475583E0,-6.041017230E-1,-4.964560908E-1,-2.482318461E-1,8.203819789E-1
4.238429583E0,-8.042227518E-1,2.240734899E-1,7.515578306E-1,1.123308656E0
4.248384583E0,-4.651767030E-1,1.172110630E0,1.320536937E0,1.825938251E0
4.258339583E0,-9.550618391E-1,1.019393637E0,1.172249209E0,1.823588416E0
4.268294583E0,1.442059693E-1,2.951089740E-3,5.427789026E-1,5.616164240E-1
4.278249583E0,-1.056396718E0,-8.514066392E-1,1.053236444E0,1.717607143E0
4.288204583E0,-2.663856234E-1,-1.047427527E0,5.200288484E-1,1.199373056E0
4.298159583E0,-1.138931628E0,1.313366497E-1,-9.415224651E-1,1.483536020E0
4.308114583E0,-4.012885265E-1,3.449787068E-1,1.829798430E-2,5.295069460E-1
4.318068583E0,-5.142724473E-1,6.931271893E-1,6.931388837E-1,1.106952105E0
4.328023583E0,1.151863842E-1,-4.479961216E-2,8.752843291E-1,8.839669479E-1
4.337978583E0,3.066226532E-1,-2.460566819E-1,-1.289960092E-1,4.137648034E-1
4.347933583E0,9.272641576E-2,-6.282868302E-1,-6.470262793E-1,9.066341794E-1
4.357888583E0,2.284178250E-1,4.141559458E-1,-2.610483581E-1,5.402278181E-1
4.367843583E0,8.445924403E-1,9.111552429E-1,-1.935717818E-1,1.257382321E0
4.377798583E0,1.218608073E-1,1.585676592E0,-1.488747883E-1,1.597305235E0
4.387753583E0,3.936294414E-2,1.066114059E0,-8.782482827E-1,1.381835256E0
4.397707583E0,1.700728819E-1,7.517005026E-2,-1.451399962E0,1.463262510E0
4.407662583E0,4.292905864E-1,-8.118297601E-1,-1.944699726E0,2.150631301E0
4.417617583E0,-3.759783419E-2,-9.445966387E-1,-1.504406142E0,1.776770735E0
4.427572583E0,-6.072678806E-2,1.239130247E-1,-5.214453363E-1,5.393954201E-1
4.437527583E0,7.101991586E-2,6.048330635E-1,-2.108236992E-1,6.444482099E-1
4.447482583E0,-6.317124215E-1,7.441248500E-1,6.238862157E-2,9.780974982E-1
4.457437583E0,6.896123914E-2,7.388489074E-1,-2.048788351E-1,7.698238094E-1
4.467392583E0,-8.513418082E-2,5.445389146E-1,-2.086520433E-1,5.893268477E-1
4.477346583E0,-4.387356669E-1,6.526439917E-1,4.452353588E-1,9.036966803E-1
4.487301583E0,8.301613659E-2,-1.542729378E-2,-8.552675557E-1,8.594255478E-1
4.497256583E0,-2.273684325E-2,-6.778086537E-1,-1.756300684E0,1.882693184E0
4.507211583E0,5.805623677E-1,-5.890444118E-1,-1.652210305E0,1.847653883E0
4.517166583E0,3.363555256E-1,4.190114737E-2,-1.032827030E0,1.087024572E0
4.527121583E0,7.606954207E-1,5.009718955E-1,-1.330849087E0,1.612696393E0
4.537076583E0,9.910324480E-1,3.639236856E-1,-9.748770297E-1,1.437000691E0
4.547030583E0,1.311613063E0,3.890368921E-1,2.247804183E-1,1.386435994E0
4.556985583E0,1.703137507E0,8.158333486E-1,-5.004339516E-2,1.889117720E0
4.566940583E0,1.572710245E0,1.410336721E0,-1.091693873E0,2.377869360E0
4.576895583E0,1.089197916E0,1.976324392E0,-1.401750085E0,2.656522822E0
4.586850583E0,1.079596277E0,1.323374006E0,-1.323571642E0,2.160714875E0
4.596805583E0,9.943111280E-1,4.750108427E-1,-1.045011458E0,1.518663513E0
4.606760583E0,1.554442959E0,-7.075148481E-1,-4.491667342E-1,1.765961757E0
4.616715583E0,-1.622075729E-1,-4.491503620E-1,-1.575972261E0,1.646734924E0
4.626669583E0,1.660190438E0,9.474243522E-3,-1.270718952E0,2.090705314E0
4.636624583E0,5.356438377E-1,4.118883955E-1,-5.890619534E-1,8.964152812E-1
4.646579583E0,2.422670649E-1,3.897765648E-1,3.107140231E-1,5.542222527E-1
4.656534583E0,6.027756476E-1,4.692981130E-1,3.428786793E-1,8.373440087E-1
4.666489583E0,6.149460422E-1,4.552297121E-1,-8.473001397E-1,1.141626144E0
4.676444583E0,4.544923417E-1,-1.400747287E-1,-1.824981786E0,1.885932856E0
4.686399583E0,9.074691582E-1,-1.931674469E-1,-1.253636896E0,1.559621558E0
4.696354583E0,9.966201934E-1,-1.626584297E-1,-1.311591867E-1,1.018288911E0
4.706308583E0,9.050489956E-1,2.890208530E-1,-1.127679393E-1,9.567462287E-1
4.716263583E0,5.409249333E-1,5.528021997E-1,-1.219974476E0,1.444481837E0
4.726218583E0,6.112856852E-1,5.322825658E-1,-7.978619313E-1,1.137355960E0
4.736173583E0,3.720347238E-1,-9.079965770E-2,-4.987873757E-1,6.288427941E-1
4.746128583E0,2.890583118E-1,-1.359325612E-1,-1.328838229E-1,3.459631182E-1
4.756083583E0,4.819649728E-1,-3.030348748E-1,-2.740230373E-1,6.318298784E-1
4.766038583E0,6.169252516E-1,-2.540118188E-1,-7.849998111E-1,1.030215256E0
4.775993583E0,2.961635559E-1,-3.106239760E-1,-1.803861351E0,1.854215705E0
4.785947583E0,3.839425054E-1,-2.992037791E-1,-1.845892599E0,1.908992990E0
4.795902583E0,4.227733895E-1,1.674683493E-1,-9.614415899E-1,1.063556730E0
4.805857583E0,1.187337072E-1,1.149402968E0,-6.232167095E-2,1.157198716E0
4.815812583E0,-1.261223220E-1,1.870333083E0,2.752459824E-1,1.894680193E0
4.825767583E0,1.074756975E-1,1.473714107E0,3.531338185E-1,1.519239213E0
4.835722583E0,-6.378622305E-1,9.927969915E-1,4.875642300E-2,1.181055155E0
4.845677583E0,-6.965534384E-1,7.957645351E-1,-3.475652227E-1,1.113206841E0
4.855632583E0,-6.072664919E-1,3.269815618E-1,-7.323777938E-1,1.006015292E0
4.865586583E0,-5.963196271E-1,-2.525476760E-1,-1.114479303E-2,6.476894570E-1
4.875541583E0,-5.115047774E-1,3.485817611E-2,4.502698115E-1,6.823453179E-1
4.885496583E0,-4.954472268E-1,-4.182454884E-1,-3.750933293E-1,7.490609113E-1
4.895451583E0,-4.139587119E-1,-5.441933441E-1,-1.391765672E0,1.550651442E0
4.905406583E0,-2.954223847E-1,2.590889561E-1,-6.029625392E-1,7.196980591E-1
4.915361583E0,-5.197670027E-1,7.168481737E-1,3.939850983E-1,9.691508133E-1
4.925316583E0,-4.290746414E-1,7.457152927E-1,-4.191161388E-1,9.570029694E-1
4.935271583E0,-1.389256412E-1,1.079436940E-1,-1.497446493E0,1.507746058E0
4.945225583E0,1.376656759E-1,-5.227597904E-1,-9.163811919E-1,1.063947426E0
4.955180583E0,-2.471739021E-1,-9.367859280E-1,-1.277196790E0,1.603089035E0
4.965135583E0,4.220439859E-2,-9.216281909E-1,-1.255871994E0,1.558330581E0
4.975090583E0,-8.950278182E-2,-2.544795960E-1,-5.968735412E-1,6.550027763E-1
4.985045583E0,-1.990120678E-1,2.091519803E-1,3.382114318E-1,4.446766540E-1
4.995000583E0,-4.626658355E-1,1.093697714E0,8.469706491E-1,1.458627316E0
5.004955583E0,-6.310708357E-1,1.308346662E0,8.589866772E-1,1.687566147E0
5.014910583E0,-7.858274844E-1,6.417208081E-1,1.228277814E-1,1.021967267E0
5.024864583E0,-9.638065694E-1,-5.127429253E-1,-7.479910290E-1,1.323374093E0
5.034819583E0,-8.107510950E-1,-4.742004186E-1,-5.088977963E-1,1.068251067E0
5.044774583E0,-9.752107595E-1,2.397796959E-1,2.097554129E-1,1.025927708E0
5.054729583E0,-1.029729833E0,6.815923870E-1,7.182281166E-2,1.236960075E0
5.064684583E0,-9.204505616E-1,6.499186045E-1,3.394279450E-2,1.127286806E0
5.074639583E0,-9.236387560E-1,2.107652271E-1,4.333503082E-1,1.041788377E0
5.084594583E0,-1.185281703E0,-3.315488219E-2,2.289828122E-1,1.207652719E0
5.094549583E0,-8.481077863E-1,-2.224456251E-1,-4.784276631E-1,9.988302670E-1
5.104503583E0,-7.008956538E-1,-1.612720549E-1,3.549552262E-2,7.200856375E-1
5.114458583E0,-8.139110034E-1,-2.293582034E-1,3.930732250E-1,9.325035481E-1
5.124413583E0,-1.006044809E0,-1.120821778E0,-1.352814737E-1,1.512173500E0
5.134368583E0,-5.761333211E-1,-1.216763477E0,-9.414251089E-2,1.349557622E0
5.144323583E0,7.155610554E-2,9.357416153E-2,9.289927590E-1,9.364314957E-1
5.154278583E0,-2.910975282E-1,1.178704535E0,6.441740075E-1,1.374424354E0
5.164233583E0,-3.341351550E-1,6.673690349E-1,2.207002312E-1,7.782906415E-1
5.174188583E0,5.566637009E-2,2.832613456E-1,8.792288607E-1,9.254075449E-1
5.184142583E0,-3.959590087E-2,-7.588194877E-1,8.519668025E-1,1.141587615E0
5.194096500E0,-4.284902488E-1,-1.223436320E0,-7.694468021E-2,1.298584154E0
5.204051500E0,-4.301211469E-1,-1.221379269E0,-7.571094695E-1,1.499995423E0
5.214006500E0,6.288739820E-2,-8.416277558E-1,-3.575367719E-2,8.447309806E-1
5.223961500E0,-7.554344980E-2,-4.203504860E-2,7.413719809E-1,7.463954530E-1
5.233916500E0,-6.073694760E-1,-2.274946958E-1,6.402408779E-2,6.517289320E-1
5.243871500E0,-1.849509760E-1,-8.903865176E-1,-2.041993886E-1,9.320366970E-1
5.253826500E0,-9.097129175E-2,-8.973160529E-1,1.080448508E-1,9.083642246E-1
5.263780500E0,-1.859103944E-1,1.790750724E-1,5.718892658E-1,6.274455264E-1
5.273735500E0,-2.262513219E-1,6.035648024E-1,4.849025774E-1,8.066043894E-1
5.283690500E0,6.662339441E-2,1.083945143E-1,2.398071778E-1,2.714692062E-1
5.293645500E0,9.916114868E-2,1.030314481E-1,9.326221257E-1,9.435212993E-1
5.303600500E0,-1.037657579E-1,9.416940808E-2,1.142361166E0,1.150923214E0
5.313555500E0,-2.256306400E-1,1.041032428E-1,-3.898332828E-1,4.622949916E-1
5.323510500E0,-2.682426809E-1,-1.384135348E-1,-6.545963770E-1,7.208389968E-1
5.333465500E0,-1.634057404E-2,8.265214741E-2,1.234098133E0,1.236970733E0
5.343419500E0,2.725190786E-2,3.425708234E-2,1.616690516E0,1.617283042E0
5.353374500E0,-4.934816122E-1,7.551626390E-1,1.037152215E0,1.374583366E0
5.363329500E0,-6.804792964E-1,1.196919782E0,1.082559353E0,1.751457618E0
5.373284500E0,-3.910345933E-1,1.091568158E0,8.474743867E-1,1.436190076E0
5.383239500E0,-1.237689913E-1,5.271913952E-1,8.730582941E-1,1.027365716E0
5.393194500E0,-1.036654599E-1,-1.692751390E-1,3.967376751E-1,4.436230191E-1
5.403149500E0,-4.248347523E-1,-7.210277635E-1,-9.604691979E-1,1.273917848E0
5.413104500E0,-2.873323051E-1,-9.940529734E-1,-1.777406793E0,2.056666253E0
5.423058500E0,3.872249130E-2,-1.666889155E0,-1.261462810E0,2.090767157E0
5.433013500E0,-1.459829564E-2,-1.151237240E0,-1.005826342E-1,1.155714999E0
5.442968500E0,1.910236383E-1,-2.190080470E-1,7.557420981E-1,8.096917153E-1
5.452923500E0,-1.561474820E-1,1.277663398E-1,5.386607087E-1,5.752057308E-1
5.462878500E0,-9.714146740E-1,-2.784198511E-1,-4.289534944E-1,1.097800156E0
5.472833500E0,4.796860570E-1,-3.196281034E-1,4.539819163E-1,7.337304806E-1
5.482788500E0,9.304604101E-1,-6.445730799E-1,6.620235103E-1,1.311299416E0
5.492743500E0,3.006893008E-1,-4.753318548E-1,-2.955662262E-1,6.353847826E-1
5.502697500E0,-1.614543784E-1,-9.182110780E-1,-1.332736275E0,1.626457832E0
5.512652500E0,3.069557618E-1,-6.840564036E-1,-8.909914121E-1,1.164483018E0
5.522607500E0,2.898401393E-1,-5.119985747E-1,-5.910426977E-1,8.339552251E-1
5.532562500E0,-5.102092171E-2,-8.855491161E-2,-5.215768987E-1,5.314955955E-1
5.542517500E0,-5.012371398E-1,4.437919736E-2,-5.524484432E-1,7.472666631E-1
5.552472500E0,-2.509359092E-1,4.119106150E-1,4.011581701E-1,6.273492350E-1
5.562427500E0,2.057795621E-1,4.986634147E-1,6.139325005E-1,8.172658958E-1
5.572382500E0,-4.102412897E-2,7.149162537E-1,-5.484998184E-1,9.020201105E-1
5.582336500E0,-1.699787783E-1,5.473759836E-1,-4.163995224E-1,7.084502910E-1
5.592291500E0,-9.624864142E-3,2.825234270E-1,-3.462153929E-1,4.469644540E-1
5.602246500E0,3.747545379E-2,3.560428083E-2,-1.171597829E0,1.172737630E0
5.612201500E0,-4.755324874E-1,-8.562013561E-1,-2.290648486E0,2.491241135E0
5.622156500E0,-9.658051659E-2,-1.138801966E0,-1.666057681E0,2.020382615E0
5.632111500E0,-1.782587280E-1,-3.511533666E-1,-4.836723232E-1,6.237177064E-1
5.642066500E0,-3.470111625E-1,4.667574978E-1,-7.688328445E-2,5.866773799E-1
5.652021500E0,-5.743520034E-1,1.197365339E0,-5.329690289E-1,1.430950721E0
5.661975500E0,-3.552218958E-1,1.268175121E0,8.263688618E-1,1.554778514E0
5.671930500E0,-1.439723365E-2,1.314172828E0,1.947547320E0,2.349510176E0
5.681885500E0,9.382760178E-2,1.042013006E0,1.700579057E0,1.996638138E0
5.691840500E0,-3.250653561E-1,9.309995234E-1,3.806262571E-1,1.057025991E0
5.701795500E0,1.001254002E-1,1.537659842E-1,-9.007922226E-1,9.192908691E-1
5.711750500E0,4.162510762E-1,-9.875116932E-1,-2.052707155E0,2.315610279E0
5.721705500E0,1.159042249E0,-1.261292363E0,-1.462164394E0,2.252146105E0
5.731660500E0,9.342314988E-1,-7.390787029E-1,-1.078971209E0,1.607235108E0
5.741614500E0,8.517041163E-1,-5.220885301E-1,-1.821717578E0,2.077650420E0
5.751569500E0,6.547503050E-1,-3.756993932E-1,-2.361982178E0,2.479678972E0
5.761524500E0,1.642515621E0,3.834194720E-2,-1.206198143E0,2.038195680E0
5.771479500E0,1.677792166E0,1.075484222E0,1.414099404E0,2.443630493E0
5.781434500E0,1.190430469E0,2.322110015E0,1.946512948E0,3.255492632E0
5.791389500E0,2.897749977E-1,2.230140329E0,4.272203797E-1,2.289107400E0
5.801344500E0,7.617744512E-1,1.202074102E0,-1.950596058E-1,1.436429849E0
5.811299500E0,1.203693781E0,-2.470249808E-1,-4.591765827E-1,1.311771014E0
5.821254500E0,1.599820130E0,-6.946989208E-1,-1.038684770E0,2.029999283E0
5.831208500E0,9.192670121E-1,-4.498029113E-1,-1.350220912E0,1.694246443E0
5.841163500E0,8.422187631E-1,-8.600225115E-1,-7.473162603E-1,1.416846060E0
5.851118500E0,1.603029959E0,-8.455401278E-1,-7.967439437E-1,1.979758588E0
5.861073500E0,1.813522413E0,-1.591138476E-1,-1.965868986E-1,1.831072682E0
5.871028500E0,1.059608082E0,1.119333662E0,8.210192442E-2,1.543508296E0
5.880983500E0,1.133801427E0,1.375846919E0,6.415032917E-1,1.894726074E0
5.890938500E0,8.505355503E-1,7.867837965E-1,1.229758622E0,1.689599282E0
5.900893500E0,8.448501563E-1,1.473615289E-1,9.135865152E-1,1.253047297E0
5.910847500E0,4.707340064E-1,-1.861671603E-1,-2.073013365E-1,5.470123952E-1
5.920802500E0,4.697672424E-1,9.996458352E-2,-4.506916881E-1,6.586328095E-1
5.930757500E0,2.941813863E-1,5.502563220E-1,-8.096294528E-1,1.022166600E0
5.940712500E0,3.270709511E-1,-3.724483413E-1,-5.571732858E-1,7.457447582E-1
5.950667500E0,5.429007075E-1,-5.927164632E-1,8.587717921E-2,8.083494751E-1
5.960622500E0,1.847243964E-1,3.593985254E-1,3.935936272E-1,5.640978160E-1
5.970577500E0,-1.615200134E-1,1.601796196E0,1.307116992E0,2.073739280E0
5.980532500E0,-3.957263260E-1,1.616835235E0,1.623090001E0,2.324903579E0
5.990486500E0,-8.137742516E-1,1.512809175E-1,2.632846257E-1,8.685811665E-1
6.000441500E0,-6.909588955E-1,-2.634071249E-1,2.630837739E-1,7.848697859E-1
6.010396500E0,-5.201569755E-1,6.234628773E-1,1.204267393E0,1.452421837E0
6.020351500E0,-8.693725748E-1,8.518913734E-1,-1.300444150E-1,1.224107485E0
6.030306500E0,-6.309452668E-1,-5.892636824E-1,-1.741663349E0,1.943891673E0
6.040261500E0,-2.598222335E-1,-6.779735452E-1,1.104784620E-1,7.344121537E-1
6.050216500E0,-3.617549167E-1,-3.682202196E-1,-9.564056754E-2,5.249760643E-1
6.060171500E0,2.232211120E-3,5.445628881E-1,-1.714628455E0,1.799028755E0
6.070125500E0,5.241236900E-1,-2.161107516E-1,-1.789852007E0,1.877492931E0
6.080080500E0,1.116809492E0,-1.016620302E0,-1.270382445E0,1.973487227E0
6.090035500E0,1.094741442E0,-1.583893776E0,-7.330063695E-1,2.060212770E0
6.099990500E0,9.874317326E-1,-7.042181879E-1,-1.610831898E-1,1.223475573E0
6.109945500E0,1.022193576E0,1.453939408E-1,5.107554567E-1,1.151907219E0
6.119900500E0,1.279855811E0,4.682976544E-1,1.805879810E0,2.262418060E0
6.129855500E0,1.045004368E0,9.696519578E-1,1.365054421E0,1.973735702E0
6.139810500E0,8.102777629E-1,4.241576082E-1,-2.333138448E-1,9.438723853E-1
6.149764500E0,1.441758342E0,-5.548715293E-2,-1.445358034E0,2.042255074E0
6.159719500E0,1.641326590E0,3.122670436E-1,-1.585408205E0,2.303254840E0
6.169674500E0,1.794890553E0,-3.383193129E-1,-6.420464981E-1,1.936056755E0
6.179629500E0,2.180597017E0,-2.687666827E-1,-6.262034672E-1,2.284593982E0
6.189585458E0,1.629771322E0,4.152610695E-1,-1.421774167E0,2.202280205E0
6.199540458E0,1.909039897E0,1.138768052E0,-1.298861309E0,2.574542038E0
6.209495458E0,1.622872777E0,1.225412679E0,-3.749015406E-1,2.067825778E0
6.219450458E0,8.207594816E-1,2.455316019E-1,-6.088191104E-1,1.050996005E0
6.229405458E0,7.448906891E-1,-6.734507239E-1,-1.480141951E0,1.788635852E0
6.239359458E0,7.747141202E-1,-7.310329342E-1,-2.332985836E0,2.564646960E0
6.249314458E0,1.666617259E-1,-5.340741527E-1,-1.759369595E0,1.846183280E0
6.259269458E0,4.814400025E-1,2.330682617E-1,-5.715469113E-1,7.827970123E-1
6.269224458E0,1.798296190E-1,4.520704615E-1,6.008423388E-2,4.902208780E-1
6.279179458E0,2.090717638E-1,1.786792159E-1,7.739316165E-1,8.213448799E-1
6.289134458E0,2.673196796E-1,6.360004771E-1,1.141275631E0,1.333591573E0
6.299089458E0,-8.848079816E-2,6.175840867E-1,4.266128540E-3,6.239047648E-1
6.309044458E0,-3.419634439E-3,1.222360432E-1,-9.254072464E-1,9.334516140E-1
6.318998458E0,1.554302479E-1,-3.527017093E-1,-1.352617978E0,1.406460967E0
6.328953458E0,1.451759493E-1,-9.424349231E-1,-7.164017388E-1,1.192682310E0
6.338908458E0,2.039283702E-1,-8.933346838E-1,-9.886098003E-1,1.347955109E0
6.348863458E0,1.615864889E-1,-5.713372886E-2,-7.066120380E-1,7.271004254E-1
6.358818458E0,5.198715582E-2,4.618142617E-1,1.004327701E0,1.106638698E0
6.368773458E0,7.546326620E-1,7.933589906E-1,1.414711608E0,1.788937639E0
6.378728458E0,6.120744746E-2,5.262792295E-1,7.863516873E-1,9.481904636E-1
6.388683458E0,-2.182093173E-2,8.066900575E-1,5.223288506E-1,9.612764588E-1
6.398638458E0,1.473108774E-1,5.186480284E-2,3.796871942E-1,4.105518455E-1
6.408592458E0,1.043714107E-1,-4.733128113E-1,-3.872148997E-1,6.203658495E-1
6.418547458E0,-1.070049235E-1,-8.395186651E-1,-1.695891345E-1,8.631350515E-1
6.428502458E0,4.119108342E-1,-6.616399330E-1,2.815343705E-1,8.286733603E-1
6.438457458E0,-1.528812274E-1,-1.656522042E-1,-1.111823790E0,1.134445002E0
6.448412458E0,2.366743858E-1,-8.758544326E-2,-1.071730310E0,1.101041249E0
6.458367458E0,2.103501479E-1,-8.696622312E-2,-3.434981918E-1,4.120695529E-1
6.468322458E0,-6.393879153E-2,-3.494266838E-1,4.952042019E-1,6.094377557E-1
6.478277458E0,-5.688180523E-1,-5.709987348E-1,-9.093414366E-2,8.110872643E-1
6.488231458E0,-4.978826652E-1,-2.136601835E-1,-1.420838320E-1,5.601121653E-1
6.498186458E0,-8.812547748E-1,1.406728989E-1,1.264760932E0,1.547907961E0
6.508141458E0,-9.053042266E-1,1.551590833E0,3.232862969E0,3.698433835E0
6.518096458E0,-1.222729026E0,1.655885280E0,1.774332327E0,2.717586712E0
6.528051458E0,-7.980848564E-1,7.142982030E-1,-1.165113267E-1,1.077374703E0
6.538006458E0,-4.738016750E-1,-3.784429067E-1,-8.596289939E-1,1.051983397E0
6.547961458E0,-2.963416036E-1,-1.024397684E0,-6.922603396E-1,1.271390317E0
6.557916458E0,1.589700792E-2,-5.099128729E-1,2.470021766E-1,5.668103105E-1
6.567870458E0,5.414403654E-1,8.213735855E-1,2.116732120E0,2.334173752E0
6.577825458E0,-7.283503778E-2,1.269252178E0,2.068406636E0,2.427882215E0
6.587780458E0,-5.544476062E-3,7.365427655E-1,1.339705279E0,1.528834923E0
6.597735458E0,-1.966969359E-1,8.204754531E-2,1.126404700E0,1.146389564E0
6.607690458E0,-3.252784506E-1,-3.346770823E-1,8.234557790E-1,9.465168988E-1
6.617645458E0,-2.574014131E-1,-8.316038740E-1,-4.497964793E-1,9.798659926E-1
6.627600458E0,-2.557660566E-1,-9.506052375E-1,-2.005278634E0,2.233877569E0
6.637555458E0,-2.302598075E-1,-7.985086334E-1,-1.561039349E0,1.768468113E0
6.647510458E0,1.983184053E-1,-1.999110407E-1,-1.976791584E-1,3.440518329E-1
6.657464458E0,5.657404069E-2,7.804717273E-1,2.222895044E-1,8.134797864E-1
6.667419458E0,-3.222538687E-1,9.294535196E-1,7.619518411E-1,1.244307843E0
6.677374458E0,-3.832146733E-1,5.629301620E-1,4.496988308E-1,8.160716215E-1
6.687329458E0,-4.575047541E-1,-2.609992415E-1,-9.314696395E-1,1.070077985E0
6.697284458E0,-3.539175647E-1,-6.787453777E-1,-1.154777729E0,1.385447413E0
6.707239458E0,-2.682724834E-1,4.344487077E-1,-3.119597724E-1,5.983600125E-1
6.717194458E0,6.620520886E-2,5.605509299E-1,1.718254021E0,1.808589880E0
6.727149458E0,1.078768530E-1,3.196778047E-1,2.662626126E0,2.683916765E0
6.737103458E0,-1.038162541E-1,-1.858631051E0,-9.609986633E-2,1.864007076E0
6.747058458E0,1.221493217E-1,-1.812168490E0,-1.619030864E0,2.433132967E0
6.757013458E0,2.999163354E-1,-5.148473382E-3,-5.147599223E-1,5.957802386E-1
6.766968458E0,2.996278850E-1,1.291876810E0,-9.808528841E-1,1.649483234E0
6.776923458E0,-2.963328693E-2,-4.326354861E-2,-1.826174911E0,1.826927659E0
6.786878458E0,6.492398158E-1,-1.492304159E0,6.579629114E-1,1.755391476E0
6.796833458E0,3.829029801E-1,-1.883616203E-1,1.587864620E0,1.644204623E0
6.806788458E0,-3.933344494E-1,5.614022845E-1,-2.607565820E-2,6.859770070E-1
6.816743458E0,3.377893725E-1,9.662939018E-1,-7.239583880E-1,1.253770837E0
6.826697458E0,6.269938646E-1,-3.225324154E-3,6.088115090E-1,8.739468877E-1
6.836652458E0,7.707828909E-1,-7.188859284E-1,5.599691319E-1,1.193511069E0
6.846607458E0,5.878761381E-1,-9.601654351E-1,-1.180073953E0,1.630978403E0
6.856562458E0,6.166928248E-1,-1.145536789E0,-1.900618737E0,2.303240361E0
6.866517458E0,6.978206031E-2,-1.011720920E0,-1.080618078E0,1.481952828E0
6.876472458E0,8.404852829E-1,-2.061143517E-1,7.842341182E-1,1.167870622E0
6.886427458E0,3.790128641E-3,8.325756812E-1,-1.539387694E-1,8.466957982E-1
6.896382458E0,-2.095483119E-1,1.114532513E0,-1.690782340E0,2.035887555E0
6.906336458E0,5.154284053E-2,-1.589659131E-1,-1.584506564E0,1.593294661E0
6.916291458E0,3.247942280E-1,-9.842694122E-1,-1.077806736E0,1.495307636E0
6.926246458E0,-5.184462994E-2,-8.520983648E-1,-5.954605615E-1,1.040832729E0
6.936201458E0,4.286802102E-2,6.335662812E-1,-2.589538854E-1,6.857849624E-1
6.946156458E0,-3.163880150E-1,2.101220918E0,1.093813489E0,2.389907670E0
6.956111458E0,-2.316575479E-2,1.861544133E0,2.130944070E0,2.829629983E0
6.966066458E0,-1.204121139E-1,4.318811953E-1,-3.129672477E-1,5.467805247E-1
6.976021458E0,5.918365303E-2,-8.400916922E-1,-1.738749096E0,1.931969248E0
6.985976458E0,5.641573098E-1,-1.678682989E-1,-1.610888032E0,1.715054952E0
6.995930458E0,5.401842738E-1,-4.173251367E-1,-1.495877685E0,1.644265602E0
7.005885458E0,6.207408522E-1,-1.429976349E0,-1.665550435E0,2.281273726E0
7.015840458E0,5.851890136E-1,-5.949050760E-1,-4.358292353E-1,9.414379180E-1
7.025795458E0,-2.950951234E-1,7.993839616E-1,6.595893145E-2,8.546615883E-1
7.035750458E0,-3.997732571E-1,1.600753638E0,-3.912757909E-1,1.695679100E0
7.045705458E0,-5.514038381E-1,5.603848690E-1,-1.029842611E0,1.295628495E0
7.055660458E0,-3.357456244E-1,2.563056815E-1,-1.230424912E0,1.300908602E0
7.065615458E0,3.160860794E-1,8.902034998E-2,-1.951602072E0,1.979036553E0
7.075569458E0,7.626456863E-1,-1.998712796E-1,-1.289801048E0,1.511675797E0
7.085524458E0,2.859858923E-1,-1.693704486E-1,6.111977577E-2,3.379495620E-1
7.095479458E0,3.726008805E-1,1.393315476E-1,9.438259757E-1,1.024232478E0
7.105434458E0,2.821124408E-1,5.996869290E-1,-4.146041349E-1,7.817342456E-1
7.115389458E0,7.507253332E-1,1.562060273E-1,-1.572978778E0,1.749928880E0
7.125344458E0,7.707045382E-1,-6.931353754E-1,-1.921544167E-1,1.054203706E0
7.135299458E0,3.198060049E-1,-1.185827029E-1,6.315346661E-1,7.177560677E-1
7.145254458E0,1.458868245E-1,4.990066463E-1,2.245827824E-1,5.663285484E-1
7.155209458E0,-2.429492522E-2,1.167065653E0,-2.876412025E-1,1.202235394E0
7.165163458E0,2.699935748E-1,1.471647701E0,-2.018610871E-1,1.509765341E0
7.175118458E0,3.402662530E-1,1.030889847E0,9.101775885E-1,1.416664478E0
7.185073458E0,2.039000843E-2,6.986621636E-1,7.974923873E-1,1.060442681E0
7.195027750E0,3.516107285E-1,2.817749834E-1,-8.226085174E-1,9.379296448E-1
7.204982750E0,6.574968883E-1,-1.049411488E-1,-1.729365485E0,1.853110839E0
7.214937750E0,2.376835056E-1,-7.044052988E-1,-1.647652985E0,1.807606327E0
7.224892750E0,4.528264334E-1,-8.379124349E-1,-6.423148853E-1,1.148789554E0
7.234847750E0,3.742575429E-1,2.748776078E-3,-6.921056807E-2,3.806131460E-1
7.244802750E0,4.304322553E-1,5.576624054E-1,1.116438121E-1,7.132486421E-1
7.254756750E0,4.354040696E-1,8.956788325E-1,-4.865321964E-2,9.970879654E-1
7.264711750E0,4.179541143E-1,5.935485220E-1,4.048898631E-1,8.312167533E-1
7.274666750E0,1.908742054E-1,3.193199551E-1,3.157139772E-1,4.879277728E-1
7.284621750E0,3.008643883E-1,-4.654091299E-2,-7.768441147E-1,8.343693518E-1
7.294576750E0,1.862475595E-1,-2.683591318E-1,-1.266444053E0,1.307893465E0
7.304531750E0,9.177117258E-2,-6.155147570E-1,-5.995653069E-1,8.641521402E-1
7.314486750E0,-3.754131719E-3,-4.422828072E-1,-1.653194976E-1,4.721850393E-1
7.324441750E0,1.217479834E-1,-5.453347206E-1,-6.572784948E-1,8.626862400E-1
7.334395750E0,1.063923180E-1,-1.924494088E-2,2.895289761E-1,3.090577957E-1
7.344350750E0,-3.932431597E-1,2.221636723E0,2.155698842E0,3.120472306E0
7.354305750E0,-2.968990260E-1,2.077770075E0,1.411942951E0,2.529596888E0
7.364260750E0,-1.540777870E-2,1.832557147E0,1.852914228E0,2.606107103E0
7.374215750E0,-6.163236462E-1,1.751249859E0,1.174934835E0,2.197089614E0
7.384170750E0,-6.615636268E-1,-5.695714295E-2,-1.635861197E0,1.765489282E0
7.394125750E0,-3.947767382E-1,-1.759119042E0,-2.459713125E0,3.049678202E0
7.404080750E0,-4.736718668E-1,-1.854146821E0,-7.023096567E-1,2.038495603E0
7.414035750E0,-4.324150461E-1,-5.476063639E-1,-1.198562264E-1,7.079696440E-1
7.423989750E0,-5.479570872E-1,2.558706486E-1,-8.122022277E-1,1.012619977E0
7.433944750E0,-1.658898569E-1,9.110868305E-1,-4.075357282E-1,1.011772715E0
7.443899750E0,1.516443220E-1,3.439016497E-1,9.590334141E-1,1.030053122E0
7.453854750E0,-1.916458917E-1,-1.362214136E-1,4.630486089E-1,5.193249807E-1
7.463809750E0,2.828465953E-1,1.685237718E-1,-3.738200980E-1,4.981404660E-1
7.473764750E0,4.657588664E-1,-1.569930625E-1,-7.020547181E-1,8.570058171E-1
7.483719750E0,1.213056781E-1,-9.288044786E-1,-1.053152536E0,1.409440702E0
7.493674750E0,-6.807244409E-2,-1.076943102E0,-2.692508322E-1,1.112176386E0
7.503629750E0,2.715684492E-2,-2.113113570E-1,8.758456618E-1,9.013853821E-1
7.513583750E0,-1.437742986E-1,6.171864760E-1,1.008309070E0,1.190914512E0
7.523538750E0,-4.282505860E-1,2.162709653E-2,3.963166755E-1,5.838948562E-1
7.533493750E0,-2.700705387E-1,-7.549948239E-1,-6.875989392E-1,1.056289535E0
7.543448750E0,-2.308257814E-1,-1.705372020E0,-1.674123622E0,2.400888205E0
7.553403750E0,-1.971914641E-1,-1.747287201E0,-1.910527428E0,2.596538482E0
7.563358750E0,6.256977562E-2,-5.480589384E-1,-4.348153281E-1,7.023873193E-1
7.573313750E0,-1.468830074E-1,1.624824286E-1,1.535900415E0,1.551439732E0
7.583268750E0,-2.899901752E-1,9.008530337E-1,1.720799899E0,1.963869339E0
7.593222750E0,-2.395872311E-1,1.384582660E0,1.122676223E0,1.798575293E0
7.603177750E0,-9.453175273E-3,1.136127450E0,3.877180526E-1,1.200499993E0
7.613132750E0,2.445233592E-1,-3.123377949E-1,-5.691065758E-1,6.937066138E-1
7.623087750E0,2.310359158E-1,-1.635610059E0,-1.473425839E0,2.213499845E0
7.633042750E0,5.340157536E-1,-1.559315005E0,-1.976269720E0,2.573378736E0
7.642997750E0,3.513082812E-1,-7.209663677E-1,-1.606342406E0,1.795423610E0
7.652952750E0,1.690722406E-1,-3.907688373E-1,-3.397205982E-1,5.446978902E-1
7.662907750E0,6.051404078E-1,3.429660952E-1,8.446455038E-1,1.094187682E0
7.672862750E0,6.437487687E-1,4.132864648E-1,5.268943566E-1,9.288895748E-1
7.682816750E0,3.332277037E-1,2.333039045E-2,-1.019194831E0,1.072540495E0
7.692771750E0,8.938479962E-1,-6.299322367E-1,-2.332676518E-1,1.118120146E0
7.702726750E0,1.122568634E0,2.102992040E-1,2.163645793E0,2.446579083E0
7.712681750E0,4.914987483E-1,1.040051265E0,2.160707567E0,2.447842896E0
7.722636750E0,4.841059674E-2,1.551523590E0,4.654693562E-1,1.620564950E0
7.732591750E0,1.827080754E-1,2.444506271E0,6.191061169E-1,2.528296964E0
7.742546750E0,3.024227079E-1,1.480553595E0,5.206050915E-1,1.598289117E0
7.752501750E0,2.564068566E-1,-4.217912400E-1,-6.984694979E-1,8.552847278E-1
7.762456750E0,3.010799131E-1,-2.066231765E0,-1.995779540E0,2.888442278E0
7.772410750E0,3.127483060E-1,-1.979150936E0,-2.347181413E0,3.086115766E0
7.782365750E0,2.584340680E-1,-8.365494490E-1,-1.414573906E0,1.663617289E0
7.792320750E0,1.536873939E-1,8.565492654E-1,3.222405809E0,3.337842964E0
7.802275750E0,5.132200581E-1,3.198649741E0,4.106402489E0,5.230420288E0
7.812230750E0,6.022787439E-2,2.630605019E0,1.835329311E0,3.208137130E0
7.822185750E0,3.977181070E-2,1.572445512E0,-2.182742214E-1,1.588020882E0
7.832140750E0,1.640259108E-2,-5.485273004E-1,-1.366325898E0,1.472412206E0
7.842095750E0,4.461674049E-1,-2.164370847E0,-1.706173089E0,2.791879855E0
7.852050750E0,2.270998260E-1,-8.207900333E-1,-2.768032129E0,2.896078810E0
7.862004750E0,5.666368581E-2,-3.845257652E-1,-2.122784573E0,2.158074415E0
7.871959750E0,1.150726193E0,6.986995858E-1,1.647134044E0,2.127299331E0
7.881914750E0,-2.980416633E-1,1.281901460E0,3.213097041E0,3.472188472E0
7.891869750E0,9.461666161E-1,1.775251510E0,-1.014653591E0,2.253058166E0
7.901824750E0,3.250671103E-1,3.304665023E-1,-5.116085654E-1,6.903767519E-1
7.911779750E0,6.637663461E-1,2.366362327E-1,1.402637692E0,1.569705375E0
7.921734750E0,5.210800315E-1,-2.022914422E-1,4.787565690E-1,7.359715207E-1
7.931689750E0,3.535567915E-1,-1.602806595E0,-1.764992570E0,2.410226163E0
7.941644750E0,3.992698118E-1,-1.572276528E0,-2.290243859E0,2.806543567E0
7.951598750E0,1.978383489E-2,-5.491055900E-1,-1.313005723E0,1.423338462E0
7.961553750E0,5.253061067E-1,1.189955163E0,4.893727738E-1,1.389757356E0
7.971508750E0,2.552419816E-1,1.680016154E0,1.718749280E0,2.416961281E0
7.981463750E0,2.642714713E-1,2.087980483E0,1.620053542E0,2.655950939E0
7.991418750E0,7.732279407E-2,1.323934169E0,-2.617090935E-1,1.351766307E0
8.001373750E0,2.653625434E-2,-2.553601867E-1,-2.200902789E0,2.215826276E0
8.011328750E0,1.703026775E-1,-1.055784368E0,-1.943797501E0,2.218565383E0
8.021283750E0,1.196296468E-1,-1.093456224E0,-9.044280213E-1,1.424060326E0
8.031237750E0,1.270609646E-1,-7.458357453E-2,3.830663002E-1,4.104229387E-1
8.041192750E0,-3.346756205E-2,1.702020981E0,1.921122291E0,2.566847552E0
8.051147750E0,-2.186542722E-1,1.069063395E0,-4.459878954E-1,1.178817813E0
8.061102750E0,2.980905058E-2,-7.554386276E-1,-2.331324349E0,2.450846654E0
8.071057750E0,2.057096879E-1,-1.259001424E0,-3.339389298E0,3.574761803E0
8.081012750E0,5.506767003E-2,-2.431433067E0,-4.898301430E0,5.468844129E0
8.090967750E0,1.094636412E-1,-3.324857213E0,-4.300804283E0,5.437239672E0
8.100922750E0,2.382877422E-2,-6.670532852E-1,4.845347875E-1,8.248041320E-1
8.110877750E0,-8.756329693E-2,4.722728255E0,6.407294712E0,7.960229584E0
8.120832750E0,-1.559620522E-1,5.792391574E0,7.842936428E0,9.751296125E0
8.130786750E0,-6.338864163E-1,4.154472449E0,-1.190985442E0,4.368054446E0
8.140741750E0,4.235621423E-1,-2.590667367E-1,-3.390503318E0,3.426665028E0
8.150696750E0,9.742468094E-2,-4.123911976E0,-2.120536318E0,4.638191009E0
8.160651750E0,2.973718647E-1,-4.883930143E0,-3.641433654E0,6.099282149E0
8.170606750E0,3.944663242E-2,-4.700938606E0,-6.039710670E0,7.653658261E0
8.180561750E0,-1.591390637E-1,-3.098906182E0,-4.840650222E0,5.749820810E0
8.190516458E0,2.197872798E-1,-1.110459927E0,5.750034928E-2,1.133461066E0
8.200471458E0,-4.507771305E-1,3.405196202E0,4.830224637E0,5.927025496E0
8.210425458E0,-2.895289030E-1,6.245898696E0,2.405562061E0,6.699388505E0
8.220380458E0,-2.445205087E-2,3.896134860E0,1.412813017E0,4.144454774E0
8.230335458E0,2.716370992E-1,9.541170752E-1,7.508187425E-1,1.244128165E0
8.240290458E0,-7.582737232E-1,-3.004754316E0,-1.016740170E0,3.261485568E0
8.250245458E0,-2.547273718E-2,-7.258979094E-1,-4.634333557E0,4.690908670E0
8.260200458E0,6.548738274E-1,-4.095003927E-1,4.380046334E0,4.447623657E0
8.270155458E0,-1.010452495E-1,1.970853737E0,2.433894160E0,3.133419119E0
8.280110458E0,1.169673730E-1,1.796527773E-1,-1.944067642E0,1.955851601E0
8.290065458E0,-4.017340478E-1,-9.718323845E-1,-4.467387656E0,4.589488087E0
8.300019458E0,-7.349563428E-1,-1.513816066E0,-3.570915064E0,3.947560551E0
8.309974458E0,-1.387499324E-1,-6.104265100E-1,-4.519362679E-1,7.720870793E-1
8.319929458E0,-4.434644199E-1,1.328029559E0,8.786999801E-1,1.653008426E0
8.329884458E0,6.677714878E-2,2.174222821E-1,6.689053908E-1,7.065168492E-1
8.339839458E0,-8.258239013E-1,2.689976478E-1,-1.022743506E0,1.341770893E0
8.349794458E0,-3.418175193E-1,-8.132097030E-1,-7.503421944E-1,1.158085768E0
8.359749458E0,-7.344128441E-1,-6.759451461E-1,-2.790074962E-1,1.036392420E0
8.369704458E0,-3.177490275E-1,-1.119127255E0,3.716431797E-1,1.221281667E0
8.379659458E0,-2.388129319E-1,1.116109507E0,2.022191121E0,2.322065670E0
8.389613458E0,-5.421665530E-1,2.322541539E0,2.056409612E0,3.149121189E0
8.399568458E0,4.208931442E-1,2.081967791E0,1.156643575E0,2.418587456E0
8.409523458E0,-6.381013817E-1,8.206368363E-1,-2.834671676E-2,1.039914288E0
8.419478458E0,-9.986677970E-2,-3.557188725E-1,-9.403550684E-2,3.812505299E-1
8.429433458E0,-4.606124761E-1,-9.891068137E-1,-1.231424493E0,1.645266673E0
8.439388458E0,-8.684579241E-1,-8.859250921E-1,-6.085115469E-1,1.381799094E0
8.449343458E0,-1.705462871E-1,6.854474562E-1,1.717645910E-1,7.269300696E-1
8.459298458E0,-4.828866402E-1,1.293798205E0,3.709137395E0,3.957877400E0
8.469253458E0,-1.191753109E0,3.127041814E0,2.443175738E0,4.143401219E0
8.479208458E0,-2.302560799E-1,2.152486382E0,1.802828148E-1,2.172260891E0
8.489162458E0,-3.388465125E-2,1.459400707E0,3.294385618E0,3.603328350E0
8.499117458E0,-4.736707339E-1,1.736058208E0,2.407613849E0,3.005805468E0
8.509072458E0,-1.026896638E0,-1.721494548E0,-2.837678314E0,3.474259403E0
8.519027458E0,-6.415656377E-1,-7.904032230E-1,-1.845450257E0,2.107612482E0
8.528982458E0,-1.008714282E0,3.272803545E-1,5.151347288E-1,1.178974436E0
8.538937458E0,-9.525484134E-1,-8.343707764E-1,2.664047877E0,2.949690520E0
8.548892458E0,-4.045813860E-1,1.096730665E0,2.789749857E0,3.024765861E0
8.558847458E0,-7.258064736E-1,1.767745439E0,-5.684780002E-2,1.911792522E0
8.568801458E0,-1.240816145E0,5.379917872E-1,-1.821933925E0,2.269031312E0
8.578756458E0,-8.052635562E-1,-8.075069135E-1,-2.254973454E0,2.526939273E0
8.588711458E0,-3.728015679E-2,-3.311353068E0,-2.363417670E0,4.068438525E0
8.598666458E0,-8.233324027E-1,-2.262785919E0,-3.632614884E0,4.358206885E0
8.608621458E0,-1.205782991E0,-2.043335822E0,-2.127652087E0,3.186853826E0
8.618576458E0,-3.622181989E-1,-1.931249961E0,5.505361113E-1,2.040592670E0
8.628531458E0,-6.223873550E-1,-1.578878619E0,1.412400203E0,2.207962420E0
8.638486458E0,-3.727750179E-1,-2.383716279E0,1.486609264E0,2.833914539E0
8.648441458E0,-2.821271868E-1,-9.868907189E-1,2.062287233E0,2.303601023E0
8.658396458E0,3.166971500E-1,-3.459370655E-1,8.989658448E-1,1.013957163E0
8.668350458E0,2.856319165E-4,-7.139859617E-2,-4.777350605E-2,8.590779359E-2
8.678305458E0,3.675045204E-1,9.601186574E-2,6.011902481E-2,3.845674818E-1
8.688260458E0,9.312023487E-1,-3.564345717E-2,4.174020275E-1,1.021093885E0
8.698215458E0,4.778879286E-1,4.635655028E-1,2.362351137E-1,7.064537328E-1
8.708170458E0,4.651036494E-1,-9.163054705E-1,-2.292630107E0,2.512387297E0
8.718125458E0,-1.368826560E-2,-1.839538137E0,-4.568174066E0,4.924662651E0
8.728080458E0,1.257050684E-1,-1.913859172E0,3.089505029E-1,1.942706645E0
8.738035458E0,4.273913742E-1,-1.454956824E-1,4.978597149E0,4.999026101E0
8.747990458E0,-3.536672856E-2,1.765917599E0,1.654359156E0,2.420045452E0
8.757944458E0,-6.955178965E-1,8.209426457E-1,-8.580818206E-1,1.376225411E0
8.767899458E0,3.803102151E-1,8.483432829E-1,2.912407485E0,3.057194718E0
8.777854458E0,9.631049035E-1,1.532941723E0,4.668893525E0,5.007599039E0
8.787809458E0,-1.788436140E-1,1.028681354E0,-2.885969299E-1,1.083262920E0
8.797764458E0,-7.733730613E-1,-5.322901672E-1,-1.417525288E0,1.700240176E0
8.807719458E0,8.981052078E-1,-3.497781014E-1,-3.461636451E-1,1.024093235E0
8.817674458E0,5.171591445E-1,-1.401178227E0,-2.557507222E0,2.961688234E0
8.827629458E0,-7.838531721E-1,-8.298105329E-1,-3.899718911E0,4.063350698E0
8.837584458E0,-4.817230808E-1,4.379272163E-1,-1.276240770E0,1.432699507E0
8.847538458E0,3.977330904E-3,-9.327010632E-2,1.230709087E0,1.234244703E0
8.857493458E0,-2.939902554E-1,1.760520619E-1,-6.701721901E-1,7.526987200E-1
8.867448458E0,-3.536593370E-1,1.862981379E0,-1.583360510E0,2.470385607E0
8.877403458E0,2.585539359E-1,2.489553806E0,2.251600195E0,3.366664778E0
8.887358458E0,6.282268962E-1,1.815618348E0,2.972389977E0,3.539243025E0
8.897313458E0,4.028948297E-1,-5.759565890E-2,-2.091537344E0,2.130767460E0
8.907268458E0,1.063373761E0,-2.449465880E0,-5.038301314E0,5.702203695E0
8.917223458E0,1.428171460E0,-3.619362754E0,-3.344509120E0,5.130809071E0
8.927178458E0,1.440597670E0,-2.137012895E0,-1.293119343E0,2.883453380E0
8.937132458E0,8.455653439E-1,1.475315659E0,2.268102792E0,2.834753485E0
8.947087458E0,8.519635134E-1,2.750166546E0,4.859244368E0,5.648142499E0
8.957042458E0,-1.584102083E-1,2.861805680E0,6.064913923E0,6.708070247E0
8.966997458E0,3.911568732E-1,3.497814928E0,2.152345464E0,4.125567109E0
8.976952458E0,1.078166632E0,8.037418914E-1,1.259456922E0,1.842464668E0
8.986907458E0,9.839361209E-1,-1.325049233E0,2.594046473E0,3.074567102E0
8.996862458E0,1.031937303E0,-8.854888898E-1,1.552712329E0,2.063952700E0
9.006817458E0,6.256979755E-1,1.091382802E-2,-5.536073613E-1,8.355226979E-1
9.016772458E0,1.133449133E0,1.043301147E-1,-1.033407658E0,1.537375393E0
9.026726458E0,9.269701340E-1,-1.333837599E-1,-9.526833379E-1,1.335915566E0
9.036681458E0,-2.659868068E-1,9.887606585E-1,3.412610471E-2,1.024480948E0
9.046636458E0,1.592617822E0,1.509842883E0,-1.371122369E-1,2.198830785E0
9.056591458E0,-2.917355325E-1,6.417249012E-1,8.319172847E-1,1.090415902E0
9.066546458E0,1.225176597E-1,8.435778022E-3,1.811417708E-1,2.188471622E-1
9.076501458E0,9.434801859E-1,-1.163859040E0,-1.364098401E0,2.026200181E0
9.086456458E0,1.468031929E-1,-1.727959814E0,-2.913995588E0,3.390983130E0
9.096411458E0,2.384741588E-1,-2.004432542E0,-1.595109320E0,2.572740462E0
9.106366458E0,4.918223186E-1,-1.249724232E0,1.262735456E-1,1.348942125E0
9.116321458E0,2.061733355E-1,3.152222264E-1,6.132635790E-1,7.196976543E-1
9.126275458E0,2.717373607E-1,1.078155815E0,-7.682592326E-1,1.351474529E0
9.136230458E0,7.804731160E-1,4.471207935E-1,2.243798840E-1,9.270391691E-1
9.146185458E0,3.418289579E-1,2.886571562E-1,3.179569691E-1,5.488776044E-1
9.156140458E0,2.306586242E-1,-6.148750716E-1,-2.298980768E0,2.390938587E0
9.166095458E0,6.830289748E-1,-5.451405931E-1,-3.526703097E0,3.633365049E0
9.176050458E0,7.224235670E-1,-5.107648122E-1,-5.515415400E-1,1.042580728E0
9.186005458E0,9.990456916E-1,1.050455800E0,1.491648687E0,2.080039780E0
9.195960750E0,1.179036950E-1,2.122885437E0,1.051653310E0,2.372028361E0
9.205915750E0,1.312229798E0,1.983708256E0,1.136806896E0,2.636166802E0
9.215869750E0,1.175684887E0,8.485362411E-1,6.845437691E-1,1.603386690E0
9.225824750E0,4.840605783E-1,-4.987014216E-1,-1.705711743E0,1.841865984E0
9.235779750E0,4.778187487E-1,-1.442181242E0,-3.012492813E0,3.373916188E0
9.245734750E0,2.772982089E-1,-1.938388242E0,-3.216654487E0,3.765781375E0
9.255689750E0,1.978448539E-1,-1.095539587E0,-3.085126634E0,3.279840837E0
9.265644750E0,2.621023187E-1,6.855193770E-1,-2.816404682E0,2.910458688E0
9.275599750E0,2.706746292E-1,2.186200258E0,-1.789812246E-1,2.210151714E0
9.285554750E0,5.607792637E-1,2.826240576E0,1.367482477E-1,2.884581297E0
9.295509750E0,1.037612099E0,1.949900240E0,-6.219607276E-1,2.294686244E0
9.305463750E0,8.443018337E-1,1.002092895E0,-1.059886190E0,1.685346994E0
9.315418750E0,5.621113325E-1,-5.344553912E-1,-1.349820085E0,1.556799916E0
9.325373750E0,7.198496957E-1,-2.420899308E0,-1.794250283E-1,2.532021008E0
9.335328750E0,9.223389930E-1,-1.387235541E0,-6.895086399E-1,1.802929236E0
9.345283750E0,4.103354482E-1,-7.553953582E-1,-3.910638294E-1,9.444195285E-1
9.355238750E0,3.859157945E-1,2.802184546E-1,1.242897023E0,1.331257448E0
9.365193750E0,1.302481174E-1,1.472375094E0,1.290914066E0,1.962476016E0
9.375148750E0,2.511253408E-1,4.839424646E-1,1.807149240E0,1.887604996E0
9.385103750E0,1.490974941E-1,5.330824649E-1,1.465987596E0,1.567012000E0
9.395057750E0,4.965667494E-2,-1.372522777E-1,5.960561004E-1,6.136667239E-1
9.405012750E0,-5.819134399E-2,-1.174433144E0,-2.061601354E0,2.373368827E0
9.414967750E0,-6.019761139E-1,-2.259416168E0,-2.641887807E0,3.528017552E0
9.424922750E0,1.370596851E-1,-2.486798598E0,-2.286770028E0,3.381163969E0
9.434877750E0,-2.135924289E-1,-2.098984943E0,-2.572150404E0,3.326757764E0
9.444832750E0,2.669034675E-3,-4.812457287E-1,-1.161925950E0,1.257647204E0
9.454787750E0,6.083285290E-1,1.225826077E0,1.792944015E0,2.255517991E0
9.464742750E0,4.688116977E-1,2.239368405E0,3.189960194E0,3.925608398E0
9.474697750E0,1.775594741E-2,2.015755675E0,2.051437140E0,2.876105101E0
9.484652750E0,3.246825828E-1,8.863677263E-1,1.301888412E-1,9.528985571E-1
9.494606750E0,8.643405341E-2,-1.928370792E-1,2.224304223E-1,3.068098392E-1
9.504561750E0,-9.382566489E-2,-6.266092640E-1,8.637580052E-1,1.071223747E0
9.514516750E0,-3.060359582E-2,-3.400155902E-2,4.986508432E-1,5.007447948E-1
9.524471750E0,-5.120429405E-1,4.418758410E-1,1.650610507E-2,6.765461428E-1
9.534426750E0,-3.230365916E-1,5.270738661E-1,-4.106028852E-1,7.421281757E-1
9.544381750E0,-3.676064081E-1,6.212292409E-1,-2.385032487E-1,7.602263089E-1
9.554336750E0,-2.671947319E-1,7.506082428E-1,1.817664873E0,1.984618691E0
9.564291750E0,-1.645148476E-1,1.759009699E0,1.946143988E0,2.628432361E0
9.574246750E0,9.622583728E-2,9.677200377E-1,-6.054493600E-1,1.145561177E0
9.584201750E0,4.679433862E-1,-4.234021479E-1,-1.450760277E0,1.582070091E0
9.594155750E0,4.720462678E-1,-1.455610542E0,-4.666981485E-1,1.599824019E0
9.604110750E0,4.310279404E-1,-1.309746485E0,-3.358330768E-1,1.419156368E0
9.614065750E0,5.504914166E-1,-6.548068768E-1,1.695812407E-1,8.721070134E-1
9.624020750E0,7.046291010E-1,7.138514757E-2,2.105083589E0,2.221030150E0
9.633975750E0,4.762932833E-1,5.473970336E-1,2.042008504E0,2.167094261E0
9.643930750E0,5.566296044E-1,7.705647898E-1,1.898538297E0,2.123217906E0
9.653885750E0,6.078591438E-1,8.398630661E-1,2.369165483E0,2.586079618E0
9.663840750E0,5.844244901E-1,9.626738906E-2,1.468855655E0,1.583779129E0
9.673795750E0,2.564808056E-1,-7.019582391E-1,-2.354521716E-1,7.835595052E-1
9.683749750E0,7.069444522E-2,-1.352164527E0,-6.122578579E-1,1.486003464E0
9.693704750E0,3.653146651E-2,-1.492408240E0,6.108896095E-1,1.613010545E0
9.703659750E0,-1.755856368E-1,-1.230441284E-1,1.354917980E0,1.371777280E0
9.713614750E0,-2.070060156E-1,1.524813509E-1,4.164451307E-1,4.894165912E-1
9.723569750E0,-2.810448854E-1,-3.779464781E-1,-2.438169059E-1,5.303550241E-1
9.733524750E0,-3.635458092E-1,-9.770451772E-1,7.406785011E-2,1.045116683E0
9.743479750E0,-5.349565341E-1,-9.299318218E-1,-5.933350986E-1,1.225968281E0
9.753434750E0,-2.012956248E-1,-1.722486820E0,-5.848794401E-1,1.830181612E0
9.763389750E0,-3.209646307E-2,-1.245123058E0,4.146558827E-1,1.312745639E0
9.773344750E0,-4.315021496E-1,-2.532540196E-1,2.445054156E-1,5.568793422E-1
9.783298750E0,-4.909764092E-1,-6.543361759E-1,-1.182203509E0,1.437643489E0
9.793253750E0,7.635060310E-2,-6.296182412E-1,-4.380687189E-1,7.708130427E-1
9.803208750E0,-9.484523658E-2,1.472913623E-1,1.662111395E0,1.671318238E0
9.813163750E0,-5.500176460E-1,7.484301549E-1,1.304041649E0,1.600997105E0
9.823118750E0,-4.917575607E-1,5.563707554E-1,4.359865254E-1,8.610796516E-1
9.833073750E0,-3.585644931E-1,2.921660703E-1,-3.445009893E-1,5.767238854E-1
9.843028750E0,-7.531714428E-1,-3.207431674E-1,-9.418788528E-1,1.247909923E0
9.852983750E0,-3.648926423E-1,-5.643089354E-1,-7.961130291E-1,1.041819164E0
9.862938750E0,-3.437424593E-1,-5.792345381E-1,-7.589340931E-1,1.014717934E0
9.872893750E0,-1.158279882E-1,-5.146754301E-1,-7.594714522E-2,5.329867635E-1
9.882847750E0,-5.249380975E-1,1.268752241E-1,2.669423515E-1,6.024247237E-1
9.892802750E0,-3.836940718E-1,2.899318492E-1,5.049936104E-1,6.973522528E-1
9.902757750E0,-4.367058060E-1,1.455997628E-1,-1.753825557E-1,4.926157659E-1
9.912712750E0,-5.695492832E-1,2.301142484E-1,-2.799939215E-2,6.149170019E-1
9.922667750E0,-1.439360107E-1,2.070048827E-1,-1.360702631E-1,2.865025534E-1
9.932622750E0,-4.058871789E-1,-7.820808810E-1,-1.491262770E0,1.732125733E0
9.942577750E0,-5.878184334E-1,-1.853134083E0,-1.936302540E0,2.743884831E0
9.952532750E0,-3.202216689E-1,-1.590288876E0,-1.533560944E0,2.232346253E0
9.962487750E0,-5.285717035E-1,-1.272640640E0,-1.582951205E0,2.098746473E0
9.972441750E0,-2.250361426E-1,-2.419601226E-1,-5.166593903E-1,6.132885879E-1
9.982396750E0,-1.362548341E-1,1.365509042E0,2.491405034E-1,1.394722666E0
9.992351750E0,-5.261363382E-1,1.279389496E0,7.479348958E-1,1.572597703E0
1.000230675E1,-1.789942529E-1,1.330646773E0,1.268973266E0,1.847417908E0
1.001226175E1,-2.033418944E-1,4.199938059E-1,5.303629249E-2,4.696334436E-1
1.002221675E1,6.682325955E-3,-9.065049523E-1,-1.559096904E0,1.803490792E0
1.003217175E1,-3.395099888E-2,-1.314054129E0,-1.799346131E0,2.228348587E0
1.004212675E1,-3.354204096E-2,-1.598253953E0,-2.120855284E0,2.655855399E0
1.005208175E1,-4.898722356E-2,-1.494689823E0,-1.336522055E0,2.005689064E0
1.006203675E1,-1.870313239E-1,-1.519059849E-1,6.329204562E-1,6.772329350E-1
1.007199075E1,-4.650422171E-2,2.074070542E0,2.656799961E0,3.370833322E0
1.008194575E1,-3.821066990E-1,3.706765180E0,2.810117463E0,4.667212635E0
1.009190075E1,4.207513127E-1,3.048810162E0,1.292680217E0,3.338157758E0
1.010185575E1,8.028963840E-1,1.585120522E0,1.434201839E0,2.283458909E0
1.011181075E1,4.517899413E-1,-3.381702089E-1,-6.921890035E-1,8.930839031E-1
1.012176575E1,3.262929060E-1,-1.597227182E0,-2.324525792E0,2.839193880E0
1.013172075E1,1.970234480E-1,-1.285068896E0,-1.717689764E0,2.154223395E0
1.014167575E1,-7.286368914E-2,-1.186791819E-1,-3.995203650E-1,4.230961917E-1
1.015163075E1,-2.339094933E-1,1.050825344E0,1.147978002E0,1.573785579E0
1.016158575E1,-2.088733056E-1,1.810269315E0,1.099418922E0,2.128244586E0
1.017154075E1,3.756223195E-1,1.260090176E0,-2.238600665E-1,1.333803849E0
1.018149475E1,1.119478015E0,3.366779995E-1,-3.719244307E-1,1.226748093E0
1.019145033E1,1.109047825E0,-6.643039244E-1,-9.969251257E-1,1.632527638E0
1.020140533E1,1.213091864E0,-1.685178076E0,-1.614884896E0,2.630450579E0
1.021136033E1,1.057730394E0,-8.865337873E-1,-1.289533246E-1,1.386133003E0
1.022131533E1,6.366495180E-1,5.898238456E-1,6.129297030E-1,1.062495929E0
1.023127033E1,3.207344331E-1,1.059372219E0,7.006528482E-1,1.309982629E0
1.024122533E1,7.203622773E-1,2.073448398E0,-7.978935063E-2,2.196469078E0
1.025118033E1,9.212519225E-1,1.211346032E0,1.238920332E0,1.962393412E0
1.026113533E1,7.856494367E-1,1.336919666E0,1.129199669E0,1.918252101E0
1.027109033E1,5.803118510E-1,1.893141317E-1,-1.216065320E0,1.360667684E0
1.028104433E1,9.474222326E-1,-5.936297983E-1,-1.720177755E0,2.051588831E0
1.029099933E1,6.349889819E-1,-4.888728368E-1,-1.899422396E0,2.061555989E0
1.030095433E1,9.270221011E-1,-1.059137161E0,-1.957858300E0,2.411296462E0
1.031090933E1,6.124569191E-1,5.813886523E-2,-1.070019414E0,1.234271102E0
1.032086433E1,5.061948112E-1,4.822222137E-1,3.373399043E-1,7.762536063E-1
1.033081933E1,2.845751053E-1,1.244455891E0,9.402591741E-1,1.585478088E0
1.034077433E1,1.499515165E-1,1.810651138E0,1.927262744E-1,1.827043080E0
1.035072933E1,1.914019532E-1,1.678992891E-1,-8.970119977E-1,9.324459250E-1
1.036068433E1,1.042513418E-1,-1.017301503E0,-1.181166213E0,1.562345773E0
1.037063933E1,1.463487546E-1,-1.296852205E0,-5.471993977E-1,1.415157511E0
1.038059333E1,2.468207302E-1,-6.065141380E-1,-1.857847524E-1,6.806583920E-1
1.039054833E1,-2.521714076E-2,-2.047478575E-1,3.315073067E-1,3.904544579E-1
1.040050333E1,-1.572433781E-1,6.523381823E-1,1.244482788E0,1.413862792E0
1.041045833E1,-2.767409510E-1,1.287970870E0,1.076372707E0,1.701185680E0
1.042041333E1,-3.964420983E-1,1.104111021E0,7.111208260E-1,1.371831007E0
1.043036833E1,-5.227345743E-1,9.233689070E-1,7.331624901E-1,1.289724316E0
1.044032333E1,-1.771749466E-1,8.265740991E-2,2.682559285E-1,3.319404348E-1
1.045027833E1,-3.784524450E-1,-9.640550029E-1,-1.658071846E0,1.954950268E0
1.046023333E1,-4.634821068E-1,-1.708582726E0,-3.378483197E0,3.814212803E0
1.047018833E1,-2.696788118E-1,-2.249601617E0,-3.102564200E0,3.841788478E0
1.048014233E1,-2.224428842E-2,-2.562687855E0,-1.296877933E0,2.872238887E0
1.049009733E1,1.596269225E-1,-1.100412072E0,-3.784715581E-1,1.174575754E0
1.050005233E1,2.623616244E-1,3.875709951E-1,3.942502695E-1,6.119462176E-1
1.051000733E1,3.495184120E-1,1.644090276E0,3.644543204E-1,1.719890377E0
1.051996233E1,2.605403812E-1,1.750299101E0,6.225855026E-1,1.875910697E0
1.052991733E1,5.119343650E-1,1.221600294E-2,2.722887531E-1,5.799717147E-1
1.053987233E1,7.739479887E-1,-8.589425308E-1,-1.159231261E0,1.637252234E0
1.054982733E1,4.365547651E-1,-1.264350457E0,-2.421408600E0,2.766293866E0
1.055978233E1,6.395716640E-1,-8.530584776E-1,-2.437042885E0,2.660063666E0
1.056973733E1,8.890407810E-1,-4.327348888E-2,1.276298073E-1,8.991971268E-1
1.057969133E1,7.109047714E-1,1.187092951E0,2.777237400E0,3.102841093E0
1.058964633E1,8.638343114E-1,1.312467195E0,2.647396761E0,3.078553145E0
1.059960133E1,5.298807489E-1,2.078925485E0,1.096074315E0,2.409166595E0
1.060955633E1,2.366138671E-1,2.183300039E0,8.602517223E-1,2.358562742E0
1.061951133E1,3.785062759E-1,8.404717612E-1,1.494763206E0,1.756125515E0
1.062946633E1,2.224864277E-1,-1.646049678E-1,1.577537853E0,1.601630632E0
1.063942133E1,4.103897176E-1,-3.610445166E-1,-2.919193178E-1,6.196690660E-1
1.064937633E1,-5.084369626E-2,-9.703507000E-1,-1.095023278E0,1.463981401E0
1.065933133E1,2.039522707E-1,-5.064209157E-1,2.320730656E-1,5.932255729E-1
1.066928633E1,2.822793971E-1,5.386928684E-1,2.251848117E0,2.332529015E0
1.067924033E1,1.571594158E-1,1.950205464E0,3.355138189E0,3.883935208E0
1.068919533E1,-4.206342587E-2,1.738778917E0,2.214895468E0,2.816182414E0
1.069915033E1,3.144011311E-3,9.106547213E-1,1.051141386E0,1.390755234E0
1.070910533E1,-5.968476307E-1,1.289351982E-1,-3.273970065E-1,6.928493194E-1
1.071906033E1,-5.452892951E-1,-1.101648758E0,-6.018717411E-1,1.368656273E0
1.072901533E1,-6.781974387E-2,-7.230029529E-1,3.853174782E-1,8.220719838E-1
1.073897033E1,-2.863591639E-1,-4.493316257E-1,8.851690471E-2,5.401256549E-1
1.074892533E1,-5.365545416E-1,-8.751089126E-1,-7.592726469E-2,1.029306239E0
1.075888033E1,-6.051471321E-1,-1.497146239E0,-4.042688888E-1,1.664657096E0
1.076883533E1,-4.993929645E-1,-1.776271264E0,-1.185774989E0,2.193306923E0
1.077878933E1,-4.833811319E-1,-1.041697256E0,-1.405332966E0,1.814869482E0
1.078874433E1,-4.516472327E-1,-1.068342433E0,-3.962891936E-1,1.225718525E0
1.079869933E1,-2.995030104E-1,-1.446200618E0,3.538501024E-2,1.477311876E0
1.080865433E1,-4.089078870E-1,-1.096726572E0,-2.147898656E-1,1.190020807E0
1.081860933E1,-5.676205791E-1,-4.000670797E-1,-5.499651307E-1,8.858377024E-1
1.082856433E1,3.231687569E-2,-4.665867591E-1,-3.431938443E-1,5.801117125E-1
1.083851933E1,-1.246112918E-1,8.150433898E-3,5.134510231E-1,5.284187324E-1
1.084847433E1,-2.858710128E-1,-3.967879611E-1,-3.430409396E-1,5.973608694E-1
1.085842933E1,-2.737565504E-1,-1.889079257E0,-1.814812309E0,2.633838796E0
1.086838433E1,-2.367055222E-1,-2.194426121E0,-2.883418159E0,3.631203076E0
1.087833933E1,-5.619513381E-1,-1.952867702E0,-1.898364050E0,2.780875336E0
1.088829333E1,-5.369729830E-1,-7.761816251E-1,6.921454418E-1,1.170411557E0
1.089824833E1,-7.893073086E-1,8.796744186E-1,3.445158997E0,3.642245684E0
1.090820333E1,-7.516442963E-1,2.345087818E0,4.035038976E0,4.727149835E0
1.091815833E1,-6.023690103E-1,2.145315356E0,2.429729773E0,3.296788312E0
1.092811333E1,-6.454997174E-1,1.212631835E0,7.158377749E-1,1.549054412E0
1.093806833E1,-4.859249631E-1,-3.204817969E-1,2.391987750E-1,6.293232125E-1
1.094802333E1,-7.980749527E-2,-1.593603662E0,-5.387121642E-1,1.684088081E0
1.095797833E1,-1.140600826E-1,-1.681387911E0,-9.214872730E-1,1.920732622E0
1.096793333E1,-3.280716290E-1,-3.340572774E-1,-8.678694749E-1,9.861149445E-1
1.097788833E1,-6.605880189E-1,4.341639483E-1,-1.184799673E0,1.424298118E0
1.098784333E1,-8.717224976E-1,4.798020512E-1,2.152851248E-1,1.018065718E0
1.099779733E1,-4.053912984E-1,1.208915929E0,1.293112619E0,1.816028654E0
1.100775233E1,-6.517940258E-1,7.865703732E-1,8.321049803E-1,1.317545863E0
1.101770733E1,-5.258697782E-1,-3.132715952E-1,-9.436143064E-1,1.124760452E0
1.102766233E1,-3.885306328E-1,-1.051418837E0,-5.028383267E-1,1.228529204E0
1.103761733E1,-2.901059866E-1,-8.041780937E-1,-1.376200676E-1,8.659117581E-1
1.104757233E1,-2.174392756E-1,-9.917608649E-1,-9.630855346E-1,1.399429598E0
1.105752733E1,-2.458666291E-1,1.157327700E-1,2.290354371E-2,2.727068860E-1
1.106748233E1,3.575106421E-3,9.510075259E-1,1.397223755E0,1.690166358E0
1.107743733E1,-5.511294575E-1,1.363786452E0,2.049602576E0,2.522801594E0
1.108739233E1,-4.195163076E-1,1.197569407E0,1.295973077E0,1.813756498E0
1.109734633E1,-5.325619897E-1,9.980787814E-2,-9.493995416E-1,1.093134655E0
1.110730133E1,-5.005690954E-1,-1.241855634E0,-2.110173005E0,2.499120835E0
1.111725633E1,1.562337467E-1,-2.123313453E0,-1.807254198E0,2.792675552E0
1.112721133E1,9.753287271E-2,-2.237414850E0,-4.085437882E-1,2.276498605E0
1.113716633E1,1.233139135E-1,-7.927140427E-1,1.272155905E0,1.503988870E0
1.114712133E1,-9.418106597E-2,2.003889336E0,4.144689472E0,4.604659962E0
1.115707633E1,-2.496476397E-1,3.330329037E0,2.599614776E0,4.232187664E0
1.116703133E1,3.805867153E-1,2.333836021E0,5.265885472E-1,2.422587938E0
1.117698633E1,7.401908433E-1,5.704245383E-1,6.020035958E-1,1.111609179E0
1.118694133E1,8.455081873E-1,7.771902698E-1,1.842629560E0,2.171219129E0
1.119689533E1,7.907610726E-1,1.236457484E0,4.281354690E-1,1.528865646E0
1.120685033E1,1.406396977E-1,9.431974000E-1,5.870788702E-1,1.119849302E0
1.121680533E1,-4.335515986E-1,1.270752574E0,2.203706821E0,2.580523754E0
1.122676033E1,2.387383433E-1,2.634474707E-1,2.257662588E-1,4.211543304E-1
1.123671533E1,3.194876606E-1,2.747922385E-1,-1.559698290E0,1.615624305E0
1.124667033E1,2.445185718E-1,3.521836460E-2,-6.587923390E-1,7.035886661E-1
1.125662533E1,1.340226504E-1,-1.042771389E0,-1.250286734E0,1.633570066E0
1.126658033E1,3.982979315E-1,-1.838729467E0,-2.148851168E0,2.856068738E0
1.127653533E1,2.859063702E-2,-1.673353837E0,-2.484065609E0,2.995248310E0
1.128649033E1,-3.455668271E-1,-1.257728485E0,-2.318390016E0,2.660118351E0
1.129644533E1,-1.562926026E-2,-1.804933730E0,-2.994612028E0,3.496531316E0
1.130640033E1,3.600939055E-1,-1.333100265E0,-2.939414020E0,3.247611232E0
1.131635433E1,-9.983492151E-1,-1.536753523E0,-7.465491056E-1,1.978799665E0
1.132630933E1,-9.794264558E-1,1.505523545E-1,2.234349740E-1,1.015807748E0
1.133626433E1,-1.004373894E0,1.230648860E0,6.493561023E-1,1.716078927E0
1.134621933E1,-1.043676904E0,-3.343934923E-1,1.952229186E0,2.238812024E0
1.135617433E1,-6.679782417E-1,-4.824007292E0,1.205426603E0,5.017000557E0
1.136612933E1,1.519646032E0,-6.123389003E0,1.450921952E0,6.473823558E0
1.137608433E1,5.946729416E-1,-2.777108177E0,3.257975298E0,4.322079219E0
1.138603933E1,2.135952064E0,-3.678535992E-1,6.119676606E0,6.492152898E0
1.139599433E1,1.798766672E0,-1.018799559E0,5.339707155E0,5.725904870E0
1.140594933E1,3.930962484E-1,-1.511587692E0,2.912032093E0,3.304444420E0
1.141590333E1,1.128671519E0,1.399027621E0,3.339952385E0,3.792948670E0
1.142585833E1,1.152556372E0,3.738797981E0,3.988624071E0,5.587138669E0
1.143581333E1,5.752169527E-1,1.537011970E0,4.002747728E0,4.326114852E0
1.144576833E1,3.253820194E-1,-1.037481998E0,4.383975956E0,4.516800586E0
1.145572333E1,1.214615503E0,-3.534161806E0,2.357791479E0,4.418684323E0
1.146567833E1,7.777613235E-1,-4.407856861E0,1.257151658E0,4.649144553E0
1.147563333E1,8.371233532E-1,-2.706280854E0,1.105054176E0,3.040703258E0
1.148558833E1,8.341137913E-1,-1.830203058E0,2.510268152E0,3.216649692E0
1.149554333E1,8.008779252E-1,-7.636451948E-1,3.240838571E0,3.424557501E0
1.150549833E1,6.000485793E-1,3.349928319E-1,3.884779567E0,3.945097056E0
1.151545333E1,1.960810779E-1,9.974121988E-1,2.625619683E0,2.815520841E0
1.152540733E1,8.225132809E-1,-2.100740862E-1,8.753179505E-1,1.219360789E0
1.153536233E1,-6.370207066E-2,-2.027819066E0,1.601995001E0,2.585052437E0
1.154531733E1,-2.389897919E-1,-2.859292547E0,2.910105436E0,4.086732636E0
1.155527233E1,4.490428829E-1,-2.502131166E0,2.107102633E0,3.301845149E0
1.156522733E1,1.049571098E-2,-1.114430187E0,2.690494541E0,2.912185721E0
1.157518233E1,-4.172070960E-1,-2.912188214E-1,4.028640368E0,4.060641991E0
1.158513733E1,4.384415885E-1,-8.107690752E-2,3.831036639E0,3.856895930E0
1.159509233E1,1.610958783E0,3.766156518E-1,3.582930215E0,3.946443523E0
1.160504733E1,1.509617034E0,3.091183180E-1,3.804285335E0,4.104520024E0
1.161500233E1,2.003256813E0,-1.511020512E0,4.068056449E0,4.779676152E0
1.162495633E1,2.620710069E0,-2.507308876E0,3.171380666E0,4.817922207E0
1.163491133E1,2.013524086E0,-2.913141895E0,1.892227982E0,4.015121627E0
1.164486633E1,1.675789494E0,-2.334319001E0,1.219304677E0,3.121541209E0
1.165482133E1,1.694481727E0,-1.815538241E0,2.282499806E0,3.373018350E0
1.166477633E1,6.772006895E-1,-8.348122412E-1,2.989273812E0,3.176675963E0
1.167473133E1,4.929866454E-1,-5.415977651E-1,2.632498932E0,2.732474081E0
1.168468633E1,-1.852467720E-1,-6.901608968E-1,1.191463745E0,1.389325118E0
1.169464133E1,-5.817954358E-1,-1.377399355E0,9.226669487E-1,1.756994369E0
1.170459633E1,-7.791753995E-1,-1.611120166E0,1.313012155E0,2.219644884E0
1.171455133E1,-3.914666660E-1,-4.476213151E-1,1.193298601E0,1.333256368E0
1.172450633E1,-2.304442872E-1,8.717596275E-1,4.853335172E-1,1.024020527E0
1.173446033E1,-4.609129499E-1,-7.833947504E-1,6.030283204E-1,1.090775521E0
1.174441533E1,-2.599278854E-1,-2.113194262E0,-1.031138939E0,2.365671153E0
1.175437033E1,1.514373031E-1,-4.105581540E-1,-1.021283457E-1,4.493567108E-1
1.176432533E1,6.320313140E-1,2.122608864E0,2.321608616E0,3.208550847E0
1.177428033E1,-6.938836911E-2,1.428505774E0,2.954332898E0,3.282305038E0
1.178423533E1,-7.507231405E-1,-1.216419661E0,5.578264198E-1,1.534415961E0
1.179419033E1,-4.601470743E-1,-2.023558785E0,-9.366356546E-1,2.276798593E0
1.180414533E1,2.664888085E-1,-5.050579298E-1,1.034308130E-1,5.803427699E-1
1.181410033E1,5.546746974E-1,7.294582790E-1,1.899057530E0,2.108599750E0
1.182405533E1,9.984766113E-1,-4.622124571E-1,2.261937488E0,2.515344330E0
1.183401033E1,1.774427125E-1,-1.831283623E0,9.992265898E-1,2.093690379E0
1.184396433E1,9.366392360E-1,-2.070746400E0,9.993189758E-1,2.482724738E0
1.185391933E1,1.298325558E0,-1.039189385E0,1.844381094E0,2.483406018E0
1.186387433E1,8.728923062E-1,-4.106867927E-1,2.501599070E0,2.681156938E0
1.187382933E1,7.944174097E-1,4.191751957E-2,3.432327867E0,3.523312459E0
1.188378433E1,6.467814271E-1,-4.110627687E-1,4.349243202E0,4.416244473E0
1.189373933E1,-9.400749503E-2,-1.188206261E0,2.987494504E0,3.216487982E0
1.190369433E1,-4.565452260E-1,-1.927435237E0,1.463540536E0,2.462801461E0
1.191364933E1,2.103060014E-1,-1.134714763E0,1.552106850E0,1.934125611E0
1.192360433E1,1.045960899E-1,4.574978471E-2,2.728090383E0,2.730478076E0
1.193355933E1,4.394708812E-1,-3.105426997E-1,2.778701543E0,2.830327488E0
1.194351433E1,6.198177413E-2,-1.069846337E0,9.218234879E-1,1.413566931E0
1.195346833E1,-8.528979716E-1,-1.720353171E0,5.362013698E-1,1.993630330E0
1.196342333E1,-1.719768815E-1,-1.050941119E0,6.985773790E-1,1.273602622E0
1.197337833E1,2.364662615E-1,-6.090950990E-1,1.238613645E0,1.400384552E0
1.198333333E1,-3.517492344E-1,-6.911841595E-1,6.032654250E-1,9.825437594E-1
1.199328833E1,-3.050784218E-1,-6.276699489E-1,6.830980450E-1,9.765579078E-1
1.200324333E1,-1.026782471E0,-1.936118352E-1,1.508799155E0,1.835277274E0
1.201319833E1,-6.858348343E-1,7.809827739E-1,1.596835418E0,1.905304927E0
1.202315333E1,4.797236620E-2,-5.900717676E-2,1.570574696E0,1.572414726E0
1.203310833E1,-6.715937213E-1,-8.409038705E-1,4.158928612E-1,1.153743610E0
1.204306333E1,-6.338880242E-1,-1.319487362E0,8.854853815E-1,1.710831753E0
1.205301833E1,1.264444122E-1,-8.492466778E-1,9.380079961E-1,1.271639536E0
1.206297233E1,2.182083306E-1,-4.270613354E-1,1.323325767E0,1.407546569E0
1.207292733E1,4.922995976E-1,-1.288980099E0,1.130154519E0,1.783557632E0
1.208288233E1,5.489393829E-1,-1.569082194E0,1.023418860E0,1.952111559E0
1.209283733E1,1.252911111E0,-7.902026635E-1,1.468371213E0,2.085742199E0
1.210279233E1,1.193357365E0,-1.671952844E-2,2.026599922E0,2.351911688E0
1.211274733E1,6.049537354E-1,7.706513286E-2,2.743929029E0,2.810881458E0
1.212270233E1,7.101738694E-1,-5.708683419E-1,2.955269914E0,3.092548764E0
1.213265733E1,7.574510200E-1,-5.437507099E-1,2.095561983E0,2.293638356E0
1.214261233E1,1.413454456E0,-6.520633632E-1,2.209365172E0,2.702653250E0
1.215256733E1,7.274548768E-1,-1.158994741E0,1.483788859E0,2.018437214E0
1.216252233E1,1.157814773E0,-2.021173705E0,1.743228356E0,2.909385381E0
1.217247633E1,1.753052628E-1,-1.391394666E0,1.433217753E0,2.005199286E0
1.218243133E1,-2.713991723E-1,-8.163607675E-1,1.485373455E0,1.716518777E0
1.219238533E1,-2.124221087E-1,-8.082758224E-1,1.300830359E0,1.546154125E0
1.220234033E1,-1.810116995E0,-7.548223311E-1,1.665865600E0,2.573205876E0
1.221229533E1,-1.389943533E0,-1.062999832E0,1.667146725E0,2.416876056E0
1.222225033E1,-7.200551523E-1,-1.058118576E0,1.529230788E0,1.994151736E0
1.223220533E1,-5.017436183E-1,-6.970910168E-1,1.103836201E0,1.398619642E0
1.224216033E1,-2.675180829E-1,-1.287317151E0,1.789968367E0,2.220976840E0
1.225211533E1,-5.869640821E-1,-1.258175213E0,1.758950934E0,2.240856999E0
1.226207033E1,-1.101642765E0,-1.385508274E0,2.056972699E0,2.713740341E0
1.227202533E1,-1.644719291E0,-1.347293211E0,1.889855475E0,2.844618473E0
1.228197933E1,-1.207791217E0,-1.380878448E0,1.732347565E0,2.523214814E0
1.229193433E1,-7.129358017E-1,-1.468755083E0,2.314606867E0,2.832476638E0
1.230188933E1,-4.888699498E-1,-1.004419502E0,2.707624252E0,2.929006905E0
1.231184433E1,-1.114592228E-1,-8.587893337E-1,2.675017546E0,2.811700757E0
1.232179933E1,-6.443787331E-1,-1.169453071E0,2.412687770E0,2.757518216E0
1.233175433E1,-2.410739771E0,-1.825021255E0,2.221697534E0,3.752107242E0
1.234170933E1,-2.132103572E0,-1.660908038E0,1.712779858E0,3.199702485E0
1.235166433E1,-6.130359031E-1,-1.259244668E0,1.567444097E0,2.101996943E0
1.236161933E1,7.190600292E-1,-4.763978022E-1,1.828337211E0,2.021588274E0
1.237157433E1,9.891709869E-1,-1.497325748E-1,7.811172599E-1,1.269260910E0
1.238152933E1,5.859101580E-1,-4.606225991E-1,1.566121164E-1,7.615715640E-1
1.239148433E1,1.745021112E-2,2.810698092E-2,-4.716668200E-1,4.728256564E-1
1.240143833E1,2.013916288E-1,1.783470941E-1,-3.563755149E-1,4.465084341E-1
1.241139333E1,4.789466035E-1,4.023960257E-1,-6.682016784E-1,9.153173731E-1
1.242134833E1,2.207759526E-1,7.943734825E-2,-1.170941772E0,1.194218132E0
1.243130333E1,2.208566442E-1,-5.563567221E-2,-1.611240034E0,1.627257642E0
1.244125833E1,7.326590449E-1,5.507872492E-1,-1.581501680E0,1.827923257E0
1.245121333E1,8.451673678E-1,1.146848904E0,-1.104119791E0,1.802401399E0
1.246116833E1,8.827313429E-1,1.171478546E0,-4.573159987E-1,1.536461692E0
1.247112333E1,5.851854687E-1,7.837590319E-1,-1.021065063E0,1.413963973E0
1.248107833E1,6.500844461E-1,2.001320654E-1,-1.067160418E0,1.265501477E0
1.249103333E1,4.449450445E-1,1.243094659E-1,-9.449138501E-1,1.051803746E0
1.250098833E1,4.815061491E-1,5.796929598E-2,-4.361332905E-1,6.522429440E-1
1.251094233E1,4.798244899E-1,-1.660398746E-1,7.492359012E-2,5.132390529E-1
1.252089733E1,7.227151237E-2,1.187616277E-1,8.321991205E-2,1.620279281E-1
1.253085233E1,4.730977799E-1,-1.615252393E-1,5.934508735E-1,7.759483562E-1
1.254080733E1,9.680036277E-1,6.614779651E-2,5.769576323E-1,1.128843064E0
1.255076233E1,1.399030545E0,8.849474376E-1,-7.523945671E-1,1.818382803E0
1.256071733E1,2.444022414E0,-1.556464487E0,2.226445473E0,3.654160192E0
1.257067233E1,2.787834748E-1,6.718304604E-1,-8.810759962E-1,1.142528470E0
1.258062733E1,4.448058077E-1,-1.798627508E0,1.196144148E0,2.205373878E0
1.259058233E1,-3.156468804E-1,-2.743782556E-1,8.798527586E-1,9.741956976E-1
1.260053733E1,-5.022115052E-2,-1.759140676E-1,4.129607749E-1,4.516686006E-1
1.261049233E1,1.054406910E0,-3.917137474E-1,9.467776501E-1,1.470238590E0
1.262044633E1,2.310791852E-1,1.135705866E0,-2.416975826E-1,1.183910100E0
1.263040133E1,1.436099261E0,3.354746425E-1,3.454166633E-1,1.514673890E0
1.264035633E1,1.741789649E0,1.378405076E-1,-1.395391238E-1,1.752798435E0
1.265031133E1,1.507695785E0,2.955878609E-1,-8.227997214E-1,1.742847712E0
1.266026633E1,2.061235611E0,-1.744282901E-1,-6.498221254E-1,2.168268034E0
1.267022133E1,1.918152198E0,-3.658252001E-1,-6.268530929E-1,2.050873163E0
1.268017633E1,9.834082635E-1,1.232008338E-2,-1.026338959E0,1.421483470E0
1.269013133E1,7.497383963E-1,-5.833299279E-2,-5.383613312E-1,9.248477301E-1
1.270008633E1,6.658790912E-1,1.517486948E-1,-1.799778825E-1,7.062681281E-1
1.271004133E1,2.401444159E-2,3.219307369E-1,-2.698963648E-1,4.207851477E-1
1.271999533E1,2.139276206E-1,6.191733599E-2,2.436955762E-1,3.301307577E-1
1.272995033E1,8.302593067E-2,1.363453746E-1,-1.427270257E-1,2.141363356E-1
1.273990533E1,4.988861936E-1,8.622947395E-2,1.402919528E-1,5.253615787E-1
1.274986033E1,7.553197099E-1,-1.968377441E-1,6.058007777E-2,7.828939311E-1
1.275981533E1,8.502350765E-1,7.985893250E-2,-3.393858451E-1,9.189449854E-1
1.276977033E1,1.122294180E0,-5.947846234E-2,7.861435264E-2,1.126615343E0
1.277972533E1,1.265058116E0,-2.555794573E-1,4.762881669E-1,1.375697392E0
1.278968033E1,8.343378858E-1,2.048151004E-1,-1.087678590E-1,8.659673090E-1
1.279963533E1,7.752922636E-1,-1.979013526E-1,2.958679426E-1,8.531007437E-1
1.280959033E1,4.010778440E-1,-1.616550475E-1,2.784742302E-1,5.143381069E-1
1.281954533E1,-1.094517640E-1,-1.938679433E-1,2.734181428E-1,3.525931776E-1
1.282950033E1,-3.248061783E-1,-3.813869798E-1,2.539331737E-1,5.616379070E-1
1.283945533E1,-5.164841931E-1,-1.529818726E-1,2.271619892E-1,5.846040920E-1
1.284940933E1,-7.844564585E-1,-2.231566465E-1,4.719778919E-1,9.423024752E-1
1.285936433E1,-5.870184246E-1,-3.041481847E-1,6.357198107E-1,9.171894171E-1
1.286931933E1,-4.321727521E-1,1.106176257E-2,2.450138310E-1,4.969179284E-1
1.287927433E1,-2.125159565E-1,-2.193641424E-1,5.722725508E-1,6.486752123E-1
1.288922933E1,-5.766231716E-2,-1.889592057E-1,4.351521277E-1,4.778994649E-1
1.289918433E1,-7.314179733E-2,-1.650423396E-1,9.445796818E-2,2.037424946E-1
1.290913933E1,-1.447552787E-1,-3.625718093E-1,1.671385664E-1,4.246736488E-1
1.291909433E1,-1.538449216E-1,-3.491302299E-1,2.621850568E-1,4.629267560E-1
1.292904933E1,-3.460521825E-1,-1.669298208E-1,1.633852386E-1,4.175073823E-1
1.293900433E1,-5.750454466E-1,-2.620593417E-1,2.468711990E-1,6.784524693E-1
1.294895933E1,-7.606932279E-1,-9.946640074E-2,9.327302992E-2,7.728179669E-1
1.295891333E1,-6.271203107E-1,-7.323286772E-2,2.529745227E-1,6.801757465E-1
1.296886833E1,-4.748419312E-1,-1.241200161E-1,1.820445809E-1,5.234700254E-1
1.297882333E1,-3.935904112E-1,3.063531697E-2,-7.504638165E-2,4.018505865E-1
1.298877833E1,-7.840750739E-2,-1.151474637E-1,1.229844868E-1,1.858274996E-1
1.299873333E1,1.219507722E-1,-4.951539159E-2,5.880310893E-2,1.441581439E-1
1.300868833E1,2.086797445E-1,2.164510596E-1,-1.912390351E-1,3.563294340E-1
1.301864333E1,5.099818701E-1,3.274060696E-1,-7.408480704E-2,6.105446756E-1
1.302859833E1,6.038877880E-1,4.839915812E-1,-1.956247392E-1,7.982464217E-1
1.303855333E1,3.895363174E-1,1.993280733E-1,-9.249675357E-1,1.023247363E0
1.304850833E1,3.729685242E-1,-7.686749697E-3,-1.165835106E0,1.224065399E0
1.305846333E1,3.578912593E-2,3.275803167E-1,-1.038392410E0,1.089425776E0
1.306841733E1,4.256863627E-1,5.626664525E-1,-5.361633629E-1,8.861566272E-1
1.307837233E1,1.596000436E-1,5.292466915E-1,-5.991405067E-1,8.151954251E-1
1.308832733E1,1.383931426E-1,3.809256345E-1,-8.617585498E-1,9.523049927E-1
1.309828233E1,2.066071989E-1,3.392659771E-1,-8.928297767E-1,9.772067069E-1
1.310823733E1,3.626241419E-1,4.839611757E-1,-7.620983139E-1,9.728866984E-1
1.311819233E1,3.402777647E-1,5.368685371E-1,-7.231549805E-1,9.627927654E-1
1.312814733E1,4.963626084E-1,2.922409147E-1,-7.091848129E-1,9.136321416E-1
1.313810233E1,3.793313181E-1,1.208590239E-1,-9.355907571E-1,1.016773926E0
1.314805733E1,1.585827743E-1,7.811236918E-2,-8.376598352E-1,8.561098283E-1
1.315801233E1,2.407870249E-1,1.353343910E-1,-4.078032383E-1,4.925416429E-1
1.316796733E1,2.379065403E-1,1.851854128E-1,4.386464238E-2,3.046592619E-1
1.317792233E1,3.430261753E-2,2.675042689E-2,2.081199467E-1,2.126174196E-1
1.318787633E1,-8.966295898E-2,-1.517750072E-1,1.014462680E-1,2.033874242E-1
1.319783221E1,-2.184698839E-1,-1.917541748E-1,1.948385811E-1,3.499440332E-1
1.320778721E1,-2.685860769E-1,-2.486867595E-1,5.295448995E-1,6.437401538E-1
1.321774221E1,-2.037413324E-1,-1.659340400E-1,6.534421366E-1,7.042948687E-1
1.322769721E1,-1.292173994E-1,-1.641412836E-1,5.237111324E-1,5.638376074E-1
1.323765221E1,-7.824524716E-2,-2.931723762E-1,4.743758351E-1,5.631205854E-1
1.324760721E1,-5.391344793E-2,-2.417917228E-1,3.961453521E-1,4.672269653E-1
1.325756221E1,-9.900651723E-3,-1.793943304E-1,2.568319309E-1,3.134373772E-1
1.326751721E1,4.673021659E-3,-8.189785659E-2,8.629788637E-2,1.190647775E-1
1.327747221E1,-1.074608602E-2,1.027823567E-2,-7.351470351E-2,7.500354742E-2
1.328742721E1,-1.235947169E-1,5.382128119E-2,-1.397005069E-1,1.941355608E-1
1.329738121E1,-1.923116338E-1,1.504400879E-1,-3.142860872E-1,3.979845840E-1
1.330733621E1,-2.412012271E-1,2.116692066E-1,-3.560618117E-1,4.793348504E-1
1.331729121E1,-1.187230361E-1,1.623087662E-1,-3.446802065E-1,3.990535548E-1
1.332724621E1,-1.402502183E-1,8.929926217E-2,-4.914561367E-1,5.188194448E-1
1.333720121E1,-1.065512527E-1,6.716111898E-2,-5.400725189E-1,5.545647942E-1
1.334715621E1,-8.498737916E-2,1.106053466E-1,-4.382461819E-1,4.599088097E-1
1.335711121E1,-2.773480564E-2,1.891966027E-1,-2.884720919E-1,3.460935158E-1
1.336706621E1,9.028897651E-2,1.599652022E-1,-1.780392382E-1,2.558103507E-1
1.337702121E1,1.571432628E-1,5.331725121E-2,-1.425831842E-1,2.187845944E-1
1.338697621E1,1.944970306E-1,2.646449804E-3,-4.349159002E-3,1.945636497E-1
1.339693121E1,1.888522748E-1,-6.479767442E-2,8.463026047E-2,2.168552542E-1
1.340688621E1,1.438091992E-1,-9.882437646E-2,1.382910356E-1,2.226471506E-1
1.341684021E1,1.658273283E-1,-1.123817307E-1,2.229797682E-1,2.997471155E-1
1.342679521E1,1.210885271E-1,-1.312641442E-1,3.326939991E-1,3.775950264E-1
1.343675021E1,2.102534495E-2,-8.787604988E-2,2.952881911E-1,3.088031430E-1
1.344670521E1,-1.791272588E-2,-1.083237630E-1,2.429298833E-1,2.665892563E-1
1.345666021E1,9.613845795E-3,-1.066204691E-1,2.113862014E-1,2.369482572E-1
1.346661521E1,5.491324872E-2,-9.240121007E-2,1.368534976E-1,1.740181839E-1
1.347657021E1,9.516884342E-2,-6.366156042E-2,4.584334016E-2,1.233349702E-1
1.348652521E1,9.345992155E-2,1.622602344E-3,-7.752764761E-2,1.214410389E-1
1.349648021E1,6.513074644E-2,2.707670152E-2,-1.445554501E-1,1.608460135E-1
1.350643521E1,1.480616599E-1,8.003025591E-2,-1.764748156E-1,2.438656547E-1
1.351639021E1,1.712921360E-1,1.119157076E-1,-2.650618869E-1,3.348491083E-1
1.352634421E1,1.515694045E-1,8.601429641E-2,-2.546883416E-1,3.086063754E-1
1.353629921E1,1.275457536E-1,3.888398409E-2,-2.986798686E-1,3.270925670E-1
1.354625421E1,8.483717881E-2,2.430278242E-2,-3.101813418E-1,3.224909874E-1
1.355620921E1,6.440598406E-2,4.712563455E-2,-2.220924532E-1,2.359957923E-1
1.356616421E1,1.118532155E-1,7.501159072E-2,-9.968859494E-2,1.675580392E-1
1.357611921E1,1.237799274E-1,8.448700368E-2,-4.062996268E-2,1.552749757E-1
1.358607421E1,1.081928585E-1,3.054117680E-2,-2.635544747E-2,1.154689037E-1
1.359602921E1,1.504429384E-1,-1.321938515E-2,2.961965561E-2,1.538998176E-1
1.360598421E1,2.431098314E-1,-1.600441396E-2,1.067485231E-1,2.659958243E-1
1.361593921E1,3.139019982E-1,-7.542966664E-2,1.524918759E-1,3.570404337E-1
1.362589421E1,3.347452755E-1,-9.043596089E-2,1.446779492E-1,3.757190060E-1
1.363584821E1,3.326882250E-1,-9.842501163E-2,9.928864539E-2,3.608700224E-1
1.364580321E1,2.743282619E-1,-7.611729920E-2,9.596508801E-2,3.004315840E-1
1.365575821E1,2.469050398E-1,-8.653879166E-5,5.967785239E-2,2.540148661E-1
1.366571321E1,2.417014564E-1,1.108632088E-3,2.634813845E-2,2.431358622E-1
1.367566821E1,2.490882439E-1,-4.711101651E-3,-5.017788112E-2,2.541357265E-1
1.368562321E1,2.130648639E-1,-8.253344893E-3,-1.318997365E-1,2.507235418E-1
1.369557821E1,2.171725329E-1,2.921795189E-2,-1.367198887E-1,2.582826470E-1
1.370553321E1,2.387418151E-1,5.827218175E-2,-1.446396500E-1,2.851559745E-1
1.371548821E1,2.790081540E-1,3.712455690E-2,-1.637047890E-1,3.256117945E-1
1.372544321E1,2.905748237E-1,4.565973759E-2,-2.189872894E-1,3.667069303E-1
1.373539821E1,2.568208212E-1,3.759701192E-2,-2.376825920E-1,3.519424442E-1
1.374535321E1,2.468106803E-1,6.380247831E-2,-1.826225781E-1,3.135877456E-1
1.375530721E1,2.228112953E-1,6.843581200E-2,-1.303923243E-1,2.670776889E-1
1.376526221E1,1.938837308E-1,3.744030654E-2,-9.152325064E-2,2.176446255E-1
1.377521721E1,1.884060591E-1,1.192831993E-3,-8.962436736E-2,2.086403441E-1
1.378517221E1,1.087107025E-1,-2.335027099E-2,-6.320489287E-2,1.278988291E-1
1.379512721E1,1.105853929E-1,-1.828716695E-2,1.193299770E-2,1.127206549E-1
1.380508221E1,1.006400100E-1,-3.089434862E-2,5.160664827E-2,1.172438422E-1
1.381503721E1,1.307225458E-1,-1.847486258E-2,5.322544992E-2,1.423469461E-1
1.382499221E1,1.269940688E-1,-3.450909734E-2,3.824926883E-2,1.370451673E-1
1.383494721E1,1.223556188E-1,-2.405193686E-2,4.719492406E-2,1.333294940E-1
1.384490221E1,9.914363444E-2,-8.398940563E-3,6.715965718E-2,1.200434172E-1
1.385485721E1,7.383805454E-2,-1.793925762E-2,5.642387688E-2,9.464422404E-2
1.386481221E1,8.526051722E-2,-4.572405696E-2,8.362687826E-3,9.710808272E-2
1.387476721E1,6.561321482E-2,-5.821721792E-2,-4.990306199E-2,1.009190469E-1
1.388472121E1,4.221638538E-2,-1.545360625E-2,-5.926328480E-2,7.438530813E-2
1.389467621E1,3.324763365E-2,3.063999474E-2,-6.444216371E-2,7.872107014E-2
1.390463121E1,4.110716857E-2,4.499490917E-2,-9.178637534E-2,1.101774925E-1
1.391458621E1,9.543036014E-2,4.230343580E-2,-1.209771377E-1,1.597873655E-1
1.392454121E1,1.309905676E-1,3.094638884E-2,-1.606674528E-1,2.095954154E-1
1.393449621E1,1.001829039E-1,4.836232066E-2,-1.379904887E-1,1.772481404E-1
1.394445121E1,8.475436762E-2,2.728018463E-2,-1.360524291E-1,1.625969703E-1
1.395440621E1,1.070625917E-1,1.066882968E-2,-9.785169214E-2,1.454344393E-1
1.396436121E1,1.291803427E-1,-1.976943612E-2,-8.156953543E-2,1.540518765E-1
1.397431621E1,1.584770127E-1,-1.638331354E-2,-6.800867289E-2,1.732297784E-1
1.398427121E1,1.733697248E-1,2.094121814E-2,-2.894605637E-2,1.770126275E-1
1.399422521E1,1.617279185E-1,1.741300821E-2,2.757663846E-2,1.649836460E-1
1.400418021E1,1.867643072E-1,3.689008355E-3,4.416343510E-2,1.919503171E-1
1.401413521E1,2.000347824E-1,-1.750013173E-2,3.161706448E-2,2.032727417E-1
1.402409021E1,2.032704122E-1,-3.104520679E-2,2.215626955E-2,2.068177111E-1
1.403404521E1,2.088398851E-1,-1.704287946E-2,2.089385569E-2,2.105732903E-1
1.404400021E1,1.818627325E-1,-2.333039045E-4,2.836864382E-2,1.840621847E-1
1.405395521E1,1.823573338E-1,1.641547322E-2,6.057423055E-3,1.831948616E-1
1.406391021E1,1.999996991E-1,9.272514582E-3,-2.800933242E-2,2.021642448E-1
1.407386521E1,1.869257634E-1,1.561206579E-2,-6.048096746E-2,1.970860854E-1
1.408382021E1,1.687192880E-1,2.195512533E-2,-5.960943997E-2,1.802817545E-1
1.409377521E1,1.670946392E-1,1.454144061E-2,-7.537090212E-2,1.838826931E-1
1.410373021E1,1.677662650E-1,1.714579046E-2,-9.935647309E-2,1.957324872E-1
1.411368521E1,1.597920515E-1,9.264328480E-3,-1.142057696E-1,1.966272751E-1
1.412363921E1,1.644723822E-1,2.231531382E-2,-1.098633349E-1,1.990454473E-1
1.413359421E1,1.228866921E-1,3.000557184E-2,-1.115639976E-1,1.686653462E-1
1.414354921E1,1.015261555E-1,2.882034123E-2,-9.895857006E-2,1.446753985E-1
1.415350421E1,1.336716621E-1,2.035942018E-2,-8.899637640E-2,1.618733278E-1
1.416345921E1,1.392241050E-1,1.204818785E-2,-7.904850841E-2,1.605527232E-1
1.417341421E1,1.436448924E-1,2.783274651E-4,-4.633099794E-2,1.509320839E-1
1.418336921E1,1.255321918E-1,-2.691824198E-2,-6.046313345E-2,1.419109348E-1
1.419332433E1,1.125544428E-1,-2.717961252E-2,-2.459572792E-2,1.183730703E-1
1.420327933E1,1.187360461E-1,-1.007065952E-2,-4.306474328E-3,1.192401465E-1
1.421323433E1,1.405404595E-1,-8.819355369E-3,-5.644901991E-3,1.409300064E-1
1.422318933E1,1.230257097E-1,3.653340340E-3,-2.116341233E-2,1.248861968E-1
1.423314433E1,1.128573286E-1,1.045189798E-2,-2.784561038E-2,1.167107399E-1
1.424309833E1,8.496026270E-2,5.701619983E-3,-2.802804351E-2,8.964555723E-2
1.425305333E1,7.270435251E-2,-1.976417363E-2,-4.153891236E-2,8.603503166E-2
1.426300833E1,7.179087125E-2,-2.534124792E-2,-5.679575980E-2,9.498350579E-2
1.427296333E1,7.009868704E-2,-2.862329006E-2,-5.280035734E-2,9.230924327E-2
1.428291833E1,4.824669197E-2,5.261324644E-3,-3.584606320E-2,6.033543793E-2
1.429287333E1,5.067409046E-2,2.719013751E-2,-1.605616182E-2,5.970734757E-2
1.430282833E1,4.601897590E-2,1.694523096E-2,-2.250681013E-2,5.395779367E-2
1.431278333E1,6.118628785E-2,-5.123915076E-3,-3.507598490E-2,7.071308962E-2
1.432273833E1,3.985155210E-2,-3.254560232E-3,-3.815775990E-2,5.526982005E-2